timestamp,response_ms,inference_ms,request_id
1254.079272,107.842291,106.590750,1
1254.107676,128.626167,123.646542,2
1254.128289,141.913333,139.256542,3
1254.158382,75.836250,73.109750,4
1254.269926,91.338625,88.736667,5
1254.302825,109.036959,107.616833,6
1254.339772,106.893500,105.986125,7
1254.375173,70.293709,69.134625,8
1254.484966,102.783625,101.705625,9
1254.502932,110.987042,110.400208,10
1254.538666,122.514292,120.816792,11
1254.612131,84.991084,84.254042,12
1254.672057,84.296625,83.468000,13
1254.724336,85.715292,84.970375,14
1254.802132,52.784667,51.940292,15
1254.905893,45.544334,44.935333,16
1254.907283,40.915000,40.194000,17
1255.006954,35.510708,35.047250,18
1255.138152,55.572416,54.924625,19
1255.218625,24.936625,24.479292,20
1255.339866,35.065917,34.633375,21
1255.445428,29.515500,29.010625,22
1255.490774,54.394958,53.645375,23
1255.563640,36.600958,36.135750,24
1255.695254,57.126417,56.587125,25
1255.705116,42.348541,41.843083,26
1255.813611,64.394459,63.960458,27
1255.904715,44.354333,43.887083,28
1255.946243,34.696375,34.185084,30
1255.955112,64.969917,64.253000,29
1256.010174,38.713792,38.310708,31
1256.125896,43.241917,42.683666,32
1256.142610,43.111542,42.599959,33
1256.209906,36.556041,36.082958,34
1256.261377,67.679500,67.031125,35
1256.362189,57.397666,56.970958,36
1256.436551,43.393875,43.041250,38
1256.452463,65.879625,65.045750,37
1256.500701,84.779042,84.060084,39
1256.511582,83.596334,82.998708,40
1256.522319,65.899459,65.369208,41
1256.570797,43.761667,43.088791,42
1256.663795,56.590042,56.019250,43
1256.673671,57.955334,57.355667,44
1256.694965,56.861584,56.199208,45
1256.725703,54.083167,53.474458,46
1256.785658,42.673167,42.223125,47
1256.797550,48.328000,47.771791,48
1256.880912,39.270000,38.641167,49
1256.903082,42.731208,42.072042,50
1256.942986,41.306708,40.520083,51
1257.019669,57.526000,57.085292,52
1257.027705,58.410916,57.801042,53
1257.043645,72.188084,71.581417,54
1257.090175,58.856875,58.184583,55
1257.125196,42.622125,42.135625,56
1257.178045,74.967375,74.281667,58
1257.187204,86.722125,86.103208,57
1257.194789,62.263542,61.807375,59
1257.254540,103.677291,103.160458,60
1257.272268,61.588917,61.036500,62
1257.275592,81.869375,81.302375,61
1257.336480,31.655459,31.069792,63
1257.367129,57.763125,56.950251,64
1257.381124,61.381250,60.571583,65
1257.453716,41.886833,41.246334,66
1257.470681,54.742334,54.093666,67
1257.508837,74.132625,73.577292,68
1257.569757,42.755417,42.256959,69
1257.583664,40.267209,39.510625,70
1257.668704,45.139792,44.620917,71
1257.686841,48.711250,48.134917,72
1257.797612,48.360375,47.927541,73
1257.841518,67.636333,67.129708,74
1257.896857,36.494209,36.136334,75
1258.012908,65.610125,64.372292,76
1258.021679,50.193500,49.590625,77
1258.051278,61.646084,61.001500,78
1258.084343,38.220875,37.677501,79
1258.136466,53.878709,53.253375,80
1258.231171,65.471292,65.056833,81
1258.249242,77.912916,77.446833,83
1258.252756,84.543667,84.149625,82
1258.282896,89.214416,88.633125,84
1258.330815,131.394667,130.984875,85
1258.339836,35.094500,34.703375,86
1258.444743,65.811667,65.378250,87
1258.463265,81.013333,80.106250,88
1258.469996,86.440375,85.613208,89
1258.494393,78.480791,77.861000,90
1258.546549,126.571375,125.559000,91
1258.574559,47.474000,46.759708,93
1258.581210,119.064750,118.361250,92
1258.625693,37.610417,37.244375,94
1258.676893,38.791375,38.081458,96
1258.685961,52.405500,51.886917,95
1258.791501,54.622751,54.043500,97
1258.799767,50.566542,50.014709,98
1258.847474,35.787208,35.296916,99
1258.881443,32.830583,32.315500,100
1258.930883,70.494084,69.794375,101
1258.960506,45.104792,44.472458,103
1258.963086,52.546958,51.934458,102
1259.097893,116.528125,115.089042,105
1259.113282,140.977667,139.145125,104
1259.146774,147.312666,145.443958,106
1259.217099,118.775125,118.253625,111
1259.246145,225.432667,224.667333,107
1259.301851,141.793458,140.205917,113
1259.378156,340.931208,340.389583,108
1259.401828,184.697625,143.215625,115
1259.459235,154.354667,113.400584,117
1259.512215,470.210125,468.448750,109
1259.553055,174.858542,131.511917,118
1259.637057,553.945876,552.916001,110
1259.647686,188.430083,146.021750,120
1259.669284,157.027500,115.028375,121
1259.803363,678.828500,637.010500,112
1259.830252,193.175792,151.215750,123
1259.830252,182.539292,141.393584,124
1259.853792,660.100000,658.482709,114
1259.922284,118.895292,77.826875,126
1259.938179,692.002500,651.177334,116
1259.939311,109.043666,67.728791,127
1259.983272,581.420292,540.084126,119
1260.021310,98.994292,58.001708,130
1260.044279,106.078292,64.875709,131
1260.069223,85.911875,43.637708,133
1260.077144,524.056459,482.924750,122
1260.131357,109.999750,68.812917,134
1260.141120,471.800583,430.518083,125
1260.153152,108.856416,67.704000,135
1260.178210,347.935584,307.271125,128
1260.245278,113.883000,72.419667,138
1260.255272,401.444750,360.052000,129
1260.258241,117.095709,76.456042,139
1260.289318,349.974917,308.659750,132
1260.333148,87.834833,46.999750,142
1260.351237,281.974875,240.410626,136
1260.375226,119.931292,78.509667,143
1260.399138,321.972292,280.824251,137
1260.457232,124.059250,82.742625,146
1260.465229,312.056209,270.316667,140
1260.469230,117.971292,76.619958,147
1260.497258,81.361583,39.704583,149
1260.536242,357.999833,317.249334,141
1260.562692,53.778375,53.008667,150
1260.595249,336.972417,296.014834,144
1260.603897,76.846000,74.435375,151
1260.638518,61.828083,61.159292,154
1260.669117,58.585625,57.904000,155
1260.676293,386.940750,344.730459,145
1260.739313,101.180042,59.661292,157
1260.745301,370.051209,329.303041,148
1260.761581,219.386709,218.764875,152
1260.769171,84.502542,42.141166,159
1260.801900,248.107125,247.333333,153
1260.816592,89.870959,88.844875,160
1260.849256,213.799542,213.175375,156
1260.904290,155.047959,112.190750,161
1260.936207,285.740000,243.660376,158
1260.946278,112.971834,71.240458,165
1260.997131,244.141334,202.518459,162
1261.006238,100.160667,58.678666,168
1261.021231,84.994875,43.388041,169
1261.064327,269.496792,228.348167,163
1261.088305,91.149333,50.341667,171
1261.130253,123.995667,80.170125,172
1261.136312,336.846126,295.122625,164
1261.186349,134.050292,93.290167,173
1261.199355,363.220667,321.689959,166
1261.214360,125.956833,84.827166,175
1261.247300,386.950666,345.825667,167
1261.265547,71.839833,71.158791,176
1261.284727,79.685375,79.066167,177
1261.294301,347.324250,306.426750,170
1261.343147,277.606292,236.548667,174
1261.351604,79.450583,78.900208,179
1261.352302,47.487708,46.939666,181
1261.386982,155.464167,154.858083,178
1261.436798,161.129500,160.041292,180
1261.479802,75.665625,74.890375,183
1261.490212,74.295667,73.705041,184
1261.498244,173.097458,172.426042,182
1261.556599,51.238542,50.526292,185
1261.593025,65.954000,65.134126,187
1261.602652,81.932084,81.467751,186
1261.607324,63.711667,62.878375,188
1261.650094,57.345750,55.075416,190
1261.660118,86.671084,85.962333,189
1261.690513,69.669833,68.938334,192
1261.701939,106.838958,106.068084,191
1261.753890,129.724875,128.995416,193
1261.790436,152.272750,151.617083,194
1261.832688,58.930084,58.177291,196
1261.839985,90.772500,90.288333,195
1261.867900,83.663125,83.017083,197
1261.909518,49.154875,48.570958,199
1261.917426,100.556458,99.985083,198
1262.045473,73.991458,73.457709,200
1262.149603,67.045709,66.696583,201
1262.150496,64.016458,63.583041,202
1262.151220,59.254708,58.488792,203
1262.248507,89.376000,88.767875,204
1262.251744,59.775333,59.100709,205
1262.262452,68.769458,67.808417,206
1262.290867,34.990084,34.555792,209
1262.314580,86.940583,86.233583,207
1262.362655,123.554667,123.113958,208
1262.366966,62.153583,61.489750,210
1262.391255,55.440000,54.441917,211
1262.434299,56.221667,55.579125,212
1262.450693,48.773958,47.977416,213
1262.467803,51.879333,51.149291,214
1262.495141,69.234667,68.798333,215
1262.521255,63.881709,63.254334,217
1262.562254,134.264666,133.640209,216
1262.593436,71.190583,70.647792,218
1262.603450,76.455458,75.572292,219
1262.634568,67.963583,67.447917,220
1262.702168,123.889208,123.201750,221
1262.716928,78.820291,78.206916,222
1262.718133,71.100166,70.388208,223
1262.782183,73.363500,72.564333,224
1262.799857,69.212208,68.684291,225
1262.820643,81.573333,80.914167,226
1262.828515,79.286375,78.716166,227
1262.891114,57.810083,57.197000,229
1262.891724,118.599542,117.527084,228
1262.909851,49.493500,48.767833,230
1263.006528,46.542708,46.092958,231
1263.025832,54.383291,54.046417,232
1263.068205,80.106542,79.505417,233
1263.081812,47.048167,46.495458,234
1263.126067,85.865500,85.171625,235
1263.139312,71.970792,71.070708,236
1263.155501,72.928625,72.390792,237
1263.199841,106.904875,106.281875,238
1263.213059,75.977709,75.059542,239
1263.230183,73.259083,72.606917,240
1263.241597,47.930167,47.254958,241
1263.312365,104.563375,103.907708,242
1263.354909,62.495125,61.935709,243
1263.399727,64.302583,59.035667,245
1263.406788,102.018291,101.271333,244
1263.434355,98.415333,97.085333,246
1263.441735,81.610667,80.721375,248
1263.489795,147.400458,146.718250,247
1263.518311,102.403875,60.760000,253
1263.544954,179.798208,173.894583,249
1263.551308,109.527542,68.196333,255
1263.587586,198.022708,197.220916,250
1263.599231,101.655166,60.879875,256
1263.632295,105.293708,64.213625,257
1263.638890,40.034750,39.542125,258
1263.639953,245.145833,244.569500,251
1263.670638,32.513542,31.817626,259
1263.746200,345.625876,304.295542,252
1263.792304,357.924875,316.963501,254
1263.811109,62.836083,62.198209,260
1263.812018,62.801084,62.241667,261
1263.816552,61.034750,60.552917,262
1263.893389,132.104584,131.224916,263
1263.926727,56.349708,55.919500,267
1263.928734,68.392917,67.970291,266
1263.956241,187.774708,186.970583,264
1264.008647,211.489834,210.597625,265
1264.100639,129.115583,128.327792,269
1264.127575,242.659667,242.031416,268
1264.129884,116.446167,115.822584,270
1264.236246,193.434791,192.239834,271
1264.246606,104.550542,103.681958,274
1264.311205,138.804750,136.790208,275
1264.392021,337.112709,336.523251,272
1264.432379,171.003292,129.532667,279
1264.483143,171.903084,130.843709,281
1264.502401,419.767542,418.645208,273
1264.561145,169.111833,127.993542,282
1264.614519,419.946333,418.964292,276
1264.639353,156.183709,114.271500,284
1264.729169,529.581209,528.942459,277
1264.744472,183.304333,142.325750,286
1264.774438,159.888167,117.036791,287
1264.854468,626.356792,625.569584,278
1264.891204,162.009750,120.606209,289
1264.911206,166.714333,125.363000,290
1264.942249,87.748500,46.721500,292
1264.960231,684.101250,642.310375,280
1264.997139,105.899208,64.555458,293
1265.016177,583.770542,542.708250,283
1265.042255,131.013458,89.739416,294
1265.058357,98.096542,57.372583,296
1265.081308,578.866167,535.754333,285
1265.108301,92.100167,51.458750,298
1265.136361,94.066584,53.155959,299
1265.167145,527.756250,485.351417,288
1265.189225,107.872042,67.102584,301
1265.216292,107.946417,66.500875,302
1265.223277,448.797709,407.637417,291
1265.258296,91.124250,50.477875,304
1265.287130,344.860542,303.824209,295
1265.326305,137.038708,96.166291,305
1265.341314,117.996083,76.674209,307
1265.364241,367.081167,324.944376,297
1265.392202,105.045791,63.939166,309
1265.431221,372.823209,331.457000,300
1265.436163,109.818625,67.739875,310
1265.454153,89.889042,49.342125,312
1265.492216,355.804459,314.386625,303
1265.544265,327.935709,286.441750,306
1265.558343,122.152917,81.330959,315
1265.559141,127.899333,87.144458,314
1265.595319,336.986708,295.988292,308
1265.649199,307.842500,266.331334,311
1265.653346,109.041333,67.975834,318
1265.678398,120.013541,78.965542,319
1265.696132,303.897708,261.356375,313
1265.758210,108.971042,68.125459,322
1265.761142,107.770834,66.504375,323
1265.771324,317.143167,276.273958,316
1265.826216,333.962709,293.190917,317
1265.869285,111.044792,70.212042,326
1265.882184,121.027666,80.436708,327
1265.883100,323.931417,280.606959,320
1265.923209,327.783167,286.129959,321
1265.986210,116.888917,75.417125,330
1265.991320,109.111333,68.331375,331
1265.992176,313.742917,272.368542,324
1266.075267,379.108917,338.284625,325
1266.102247,116.017416,75.521250,334
1266.102296,110.941250,69.347833,335
1266.135157,363.785334,322.954042,328
1266.175296,99.998500,58.419958,337
1266.208136,381.882666,340.587625,329
1266.238320,136.051708,94.529458,338
1266.240270,357.148167,315.105584,332
1266.272138,136.946834,95.512083,340
1266.293136,369.899541,328.675958,333
1266.329290,121.129166,79.673709,342
1266.346288,354.087708,312.112792,336
1266.361318,122.960542,81.795875,343
1266.382135,88.977875,47.402834,346
1266.431288,328.981042,288.190000,339
1266.447308,100.978209,59.677625,348
1266.452300,122.978625,81.794417,347
1266.505224,329.895709,288.981292,341
1266.545375,98.026542,56.950542,352
1266.553314,121.985209,81.162376,351
1266.598306,357.994000,316.588417,344
1266.619349,114.082500,68.833625,354
1266.656306,384.143667,343.069125,345
1266.656306,110.889042,69.611791,355
1266.726256,364.914667,323.336126,349
1266.730216,131.877666,90.329459,357
1266.735338,115.945375,74.402709,358
1266.766142,383.985876,342.925042,350
1266.810234,357.905917,315.846417,353
1266.848302,118.050042,77.064750,362
1266.857227,130.929459,89.654542,361
1266.870257,316.797541,270.928583,356
1266.901337,91.074084,50.393875,365
1266.933307,276.975708,235.668708,359
1266.947316,98.973000,58.067625,366
1266.971328,314.983375,273.896000,360
1266.986154,115.881500,74.729375,368
1267.017215,281.835750,240.620042,363
1267.060226,126.882875,85.467958,370
1267.065308,117.971000,76.840459,371
1267.076334,310.163291,269.310708,364
1267.155304,298.036083,257.028333,367
1267.167254,107.006959,66.369917,375
1267.184336,118.984542,77.875584,376
1267.232294,330.845959,289.022125,369
1267.276184,108.901916,67.605708,379
1267.286284,130.941417,89.317667,378
1267.297168,325.801584,284.271750,372
1267.360089,373.915792,332.832501,373
1267.389292,102.963584,62.194708,383
1267.399312,123.086833,82.399917,382
1267.417293,400.042417,358.808625,374
1267.455136,95.027917,54.166000,385
1267.486155,96.827792,56.053959,386
1267.488350,411.980334,371.051042,377
1267.530227,112.895708,70.843209,388
1267.545312,360.942458,318.649334,380
1267.577228,122.065709,79.964209,389
1267.599323,110.924042,69.979875,391
1267.622325,389.991292,348.912666,381
1267.650285,104.930292,63.439833,393
1267.678307,101.046750,59.422709,394
1267.712210,415.015416,374.087000,384
1267.726131,103.768292,62.993875,396
1267.766305,115.987084,74.747750,397
1267.773139,373.790084,330.755541,387
1267.817255,105.006125,63.698834,399
1267.831314,105.158083,64.315709,400
1267.852305,366.124208,324.935917,390
1267.919135,388.878584,345.555875,392
1267.919207,101.935459,61.248542,403
1267.945244,113.899333,73.065125,404
1267.953224,353.864875,312.456959,395
1268.030220,111.006583,69.808375,407
1268.034147,114.991917,73.674125,406
1268.040304,361.952792,320.984709,398
1268.083154,316.818542,275.885459,401
1268.133121,98.959291,58.195375,411
1268.139169,108.929334,67.604834,410
1268.151217,378.050750,336.665583,402
1268.227293,374.955875,330.037166,405
1268.239331,106.186791,65.442708,414
1268.262228,316.967000,272.962959,408
1268.270350,131.159291,89.931625,415
1268.331249,378.000000,336.561166,409
1268.340234,100.864750,59.635625,418
1268.348335,120.999375,80.147667,417
1268.370241,329.890750,288.391250,412
1268.439128,355.951750,314.657292,413
1268.439243,98.989042,57.971958,422
1268.462245,130.960083,90.108667,421
1268.464095,312.848083,271.759250,416
1268.527308,88.030834,46.632542,426
1268.539299,277.044833,235.118333,419
1268.552140,112.993126,71.364417,425
1268.591305,320.914125,279.122084,420
1268.637241,109.900584,68.681667,429
1268.653304,113.962333,72.441542,430
1268.654232,305.857125,265.161458,423
1268.726303,72.968583,31.835709,434
1268.741211,370.939334,329.589459,424
1268.749304,112.044625,70.650417,433
1268.775307,313.039709,272.289792,427
1268.824309,360.198125,319.181626,428
1268.842281,115.935458,75.201584,436
1268.842346,101.100125,59.712042,437
1268.878301,326.136417,284.732291,431
1268.923299,331.954291,290.820833,432
1268.944329,119.982042,78.811541,440
1268.960479,118.163500,76.327708,441
1268.970334,316.062834,274.894083,435
1269.049476,126.134750,85.136042,444
1269.067466,318.122583,276.289708,438
1269.083319,138.952917,97.938750,445
1269.175406,400.054083,357.856916,439
1269.216300,166.784334,124.904792,448
1269.226609,159.107959,115.450417,449
1269.314376,138.942126,97.847750,451
1269.338932,496.572126,451.700959,442
1269.393071,176.731917,133.944708,452
1269.456805,142.398958,100.162708,454
1269.463286,584.945667,543.886876,443
1269.548573,155.466500,112.488250,456
1269.567623,607.107375,565.017251,446
1269.615763,158.916625,115.766583,457
1269.689548,719.159584,677.611958,447
1269.700258,151.663458,110.644042,459
1269.788515,172.710708,130.786833,461
1269.798269,714.910583,671.236709,450
1269.855202,165.616208,124.277125,462
1269.885297,658.662083,616.910876,453
1269.930292,141.740958,100.329250,464
1269.954297,615.328292,573.617917,455
1269.960263,105.026250,64.192333,466
1270.027225,563.924084,522.767583,458
1270.039337,109.002834,67.589667,468
1270.055215,100.876125,59.354458,469
1270.075412,507.749376,466.690292,460
1270.126236,98.992834,57.738917,471
1270.142341,102.961541,62.184500,472
1270.151157,450.882250,409.461208,463
1270.203298,404.997542,363.672167,465
1270.225325,99.062250,58.219291,475
1270.272135,129.768042,86.442416,476
1270.280357,395.019042,353.912417,467
1270.300311,96.973333,55.581750,478
1270.329132,368.832916,327.927834,470
1270.380265,99.877459,58.781917,481
1270.395235,123.074875,82.166000,480
1270.404335,349.079792,308.094208,473
1270.475280,94.971916,53.806666,484
1270.486306,410.856250,369.183791,474
1270.500323,105.048417,63.736459,485
1270.545341,394.159500,353.262584,477
1270.574211,98.891625,58.223958,487
1270.590302,364.938291,324.177583,479
1270.601306,114.950792,72.939417,488
1270.635317,89.932792,49.000875,490
1270.661110,360.772125,318.927583,482
1270.685158,110.902459,69.383709,491
1270.690355,89.008208,47.434626,493
1270.725210,396.051833,355.274208,483
1270.766295,105.159542,64.132541,495
1270.791347,106.149458,64.838084,496
1270.800147,395.777375,355.006167,486
1270.822282,97.033708,55.810417,498
1270.869273,102.930917,61.987041,499
1270.885298,384.941959,336.914959,489
1270.899236,107.853667,66.488042,500
1270.921309,330.962625,290.041208,492
1270.976246,340.891834,299.489459,494
1270.992221,106.878625,64.353333,504
1270.996314,127.003625,86.205583,503
1271.027295,336.894542,295.271083,497
1271.083177,90.913958,49.808792,508
1271.097205,120.934334,80.201916,507
1271.102348,302.169875,261.410041,501
1271.158145,335.827041,294.611042,502
1271.200198,116.986917,75.405458,511
1271.200205,102.963875,61.897792,512
1271.211158,311.896666,269.731875,505
1271.255197,333.845167,292.680792,506
1271.303208,102.993625,61.494417,516
1271.319206,118.986000,76.837833,515
1271.332322,335.963542,294.774083,509
1271.387152,359.820709,318.721084,510
1271.403311,100.080750,58.904417,519
1271.420208,100.955458,59.333459,520
1271.462317,359.926001,318.369042,513
1271.483297,96.119333,54.550417,522
1271.494163,90.823834,49.536958,523
1271.512307,354.135251,313.509000,514
1271.546320,83.963542,42.763875,525
1271.597249,113.911875,72.520000,526
1271.606209,93.863583,53.260083,528
1271.618292,407.107167,365.734834,517
1271.673370,418.132167,376.987334,518
1271.706260,100.009875,58.664084,531
1271.718302,385.937709,344.807167,521
1271.739293,142.004917,100.807875,530
1271.774132,100.728541,59.243917,533
1271.785264,365.022292,323.604459,524
1271.822326,116.039583,74.494000,534
1271.848131,353.948584,313.014333,527
1271.871251,131.913250,90.404125,536
1271.881360,96.051958,54.789875,538
1271.903149,356.792625,315.342125,529
1271.957128,85.844500,44.687416,541
1271.966225,118.068417,76.696084,540
1271.980231,361.900000,320.723375,532
1272.028268,309.928500,268.949042,535
1272.060302,94.032459,52.609959,545
1272.072168,298.015375,257.174458,537
1272.087266,130.118626,89.117875,544
1272.134137,105.851667,64.386584,547
1272.146318,323.960875,282.190708,539
1272.160350,100.004916,58.913458,548
1272.195339,313.931626,272.378751,542
1272.242192,95.844291,55.055000,552
1272.245335,111.171958,70.127458,551
1272.251373,348.194000,306.828375,543
1272.327141,81.772250,40.431417,556
1272.327173,346.921167,305.504209,546
1272.354313,112.081375,71.167542,555
1272.361154,288.969333,248.042084,549
1272.405131,77.950833,37.187792,559
1272.437306,110.142083,68.973042,558
1272.443348,356.061417,315.159834,550
1272.492220,331.830917,287.624458,553
1272.519393,324.011041,282.210250,554
1272.527308,122.154667,80.778834,562
1272.552167,300.749750,259.347666,557
1272.577208,139.862334,98.861000,563
1272.592296,100.045750,59.312458,565
1272.621210,266.857209,224.987583,560
1272.643329,91.116959,49.907375,568
1272.679273,318.099834,276.628333,561
1272.686322,109.093250,67.755625,569
1272.710316,89.064500,47.653375,571
1272.727238,283.858167,241.478709,564
1272.781300,94.936334,53.891833,574
1272.791139,111.831125,70.381209,573
1272.797505,278.067125,237.052958,566
1272.864335,336.929834,291.059709,567
1272.885400,104.061708,62.837833,577
1272.891138,99.977791,58.882542,578
1272.918325,325.934292,285.040584,570
1272.975287,331.918417,290.631250,572
1272.979156,114.785125,73.071833,580
1273.011324,125.887125,84.182292,581
1273.027294,316.936959,275.573667,575
1273.088255,112.926042,71.711791,584
1273.103300,376.035626,334.989375,576
1273.107171,127.991208,87.019917,585
1273.137225,339.665083,295.589292,579
1273.177246,88.973792,48.018250,588
1273.225233,121.886917,81.004000,589
1273.228315,337.155000,296.016000,582
1273.239241,101.979208,60.598417,591
1273.266296,347.926833,306.821083,583
1273.317259,91.972708,51.012208,593
1273.332305,103.959333,61.019875,594
1273.338280,326.914292,286.001333,586
1273.388363,361.025583,319.833791,587
1273.422384,105.082250,64.057875,597
1273.435314,102.965042,61.476916,598
1273.460247,353.059583,312.406500,590
1273.484298,95.901750,54.168917,600
1273.517134,339.868376,298.644208,592
1273.521247,98.833875,57.872500,601
1273.549293,89.023667,47.590958,603
1273.594138,354.876084,313.759834,595
1273.598346,114.012792,72.247292,604
1273.617369,100.213750,59.058416,605
1273.660304,393.967000,347.823584,596
1273.698201,359.899459,318.680250,599
1273.713159,119.003500,78.147417,608
1273.718291,119.912917,79.387000,609
1273.752305,316.945125,276.117333,602
1273.801308,280.033833,239.045625,606
1273.828295,130.053875,88.499542,612
1273.842158,292.826042,251.493375,607
1273.843269,130.093833,88.720625,613
1273.905304,287.903875,241.905709,610
1273.934148,132.741292,91.912917,616
1273.957147,128.816625,86.301250,617
1273.978424,318.083209,272.781542,611
1274.036704,131.362291,89.586875,620
1274.060516,126.336291,85.068375,621
1274.063192,344.806291,303.060625,614
1274.154315,401.908501,360.921750,615
1274.219543,182.796250,139.057917,624
1274.249221,188.669251,146.886542,625
1274.278152,435.973417,395.019625,618
1274.394410,174.830542,133.320250,628
1274.408431,565.127209,523.162208,619
1274.416141,166.891083,124.481291,629
1274.511033,553.861000,512.401750,622
1274.566319,171.870708,130.624959,631
1274.584219,175.763000,133.967750,632
1274.628306,649.857834,608.797584,623
1274.724206,157.847667,117.166000,635
1274.745229,682.017875,639.922792,626
1274.755209,170.942625,127.699250,636
1274.863261,708.904583,667.675750,627
1274.879228,155.002167,114.025626,638
1274.894247,148.997917,108.294959,639
1274.916146,637.979126,595.482708,630
1274.967363,104.059667,62.699583,641
1274.984211,568.052334,527.069375,633
1275.008314,129.059584,87.924084,642
1275.024135,513.067917,470.573542,634
1275.075265,107.858625,67.051833,645
1275.095241,466.897667,425.966917,637
1275.109323,125.082125,83.574750,646
1275.148307,393.058167,352.124500,640
1275.184302,108.996125,67.916334,649
1275.210151,114.888375,73.728959,650
1275.219216,324.942625,282.624417,643
1275.244287,328.115667,286.833750,644
1275.279305,130.960375,89.225500,652
1275.294130,285.776750,244.298542,647
1275.328304,143.903083,102.340584,653
1275.372286,127.959417,87.175083,656
1275.372286,348.132750,306.927541,648
1275.386114,91.964542,51.152791,658
1275.425331,315.970083,274.908375,651
1275.477135,104.832583,63.692417,660
1275.487312,114.950792,73.935459,661
1275.488108,277.942291,237.489583,654
1275.526219,306.962250,264.291125,655
1275.590279,102.923042,61.441917,665
1275.592288,115.131625,73.915042,664
1275.600318,320.978292,279.867000,657
1275.645220,316.875709,275.511542,659
1275.697292,104.962667,63.488833,669
1275.705171,114.858042,73.632417,668
1275.706311,320.170375,279.131417,662
1275.751277,325.908042,284.081292,663
1275.790287,92.954750,51.653583,672
1275.817246,329.119584,287.465208,666
1275.825364,120.162292,79.094167,673
1275.861159,109.847500,68.629458,675
1275.878159,87.836583,46.560208,676
1275.911302,385.048709,343.415333,667
1275.914357,88.949875,47.382417,678
1275.972122,110.943584,70.061250,679
1275.981153,102.976416,61.000625,680
1275.983343,382.978166,341.568500,670
1276.051092,405.836083,363.579125,671
1276.069285,97.140750,56.087208,683
1276.087320,106.139833,65.368625,684
1276.145283,438.929459,388.956750,674
1276.155303,104.186542,63.177625,686
1276.165232,95.912250,53.169083,687
1276.214255,396.986625,355.676708,677
1276.249304,103.980333,62.963833,689
1276.264259,108.924667,68.206541,690
1276.305258,393.917709,352.308251,681
1276.332144,117.863667,76.698125,692
1276.341287,91.939750,50.497417,693
1276.365292,450.895084,409.297292,682
1276.400214,94.917083,53.319584,695
1276.423300,91.128042,49.729750,696
1276.439128,455.756584,414.395042,685
1276.465296,99.968750,59.224375,698
1276.525126,85.983334,44.916083,701
1276.525206,437.851459,396.618833,688
1276.532347,132.091167,91.109375,699
1276.564299,399.026542,357.583625,691
1276.634264,369.965750,329.019250,694
1276.640152,115.006208,73.586917,703
1276.653252,128.035542,87.245084,704
1276.673212,331.888958,290.355625,697
1276.715200,80.898709,39.323375,707
1276.747327,107.146667,65.829750,708
1276.749304,325.971917,284.744250,700
1276.803216,337.878917,296.722417,702
1276.816419,101.192000,59.063959,711
1276.846251,98.881417,57.710625,712
1276.854216,321.821500,280.770875,705
1276.903233,338.895958,297.774166,706
1276.912250,108.995250,68.201000,714
1276.926273,109.820958,68.883792,715
1276.984265,330.987709,289.885459,709
1277.012143,99.871917,58.837333,719
1277.021345,118.090292,76.737792,718
1277.041226,367.974542,326.590834,710
1277.091286,106.988584,66.088167,721
1277.101107,351.767209,310.137334,713
1277.102274,90.107500,48.615875,722
1277.141144,294.863042,253.635667,716
1277.196233,95.106666,54.286750,726
1277.197232,105.906500,65.130625,725
1277.205147,350.896876,309.629834,717
1277.251142,324.849292,282.618292,720
1277.302195,104.924458,63.616583,730
1277.308162,111.914250,70.661792,729
1277.313233,291.847792,250.303083,723
1277.362179,320.915291,279.344917,724
1277.402149,99.919458,59.161083,733
1277.408196,305.883667,257.456208,727
1277.446240,138.056917,95.711875,734
1277.455216,93.009583,52.028958,736
1277.475135,333.975542,293.398000,728
1277.497746,89.529125,88.886583,738
1277.540750,42.967167,42.095375,742
1277.541127,94.868958,54.183792,739
1277.554302,349.125875,307.685000,731
1277.609209,358.046500,317.195375,732
1277.655325,114.551500,73.084667,743
1277.671170,357.911458,316.371709,735
1277.674408,133.243251,91.568167,744
1277.707302,305.129125,263.812792,737
1277.768303,112.940625,71.833416,747
1277.777183,321.931167,280.674917,740
1277.784243,113.040958,70.758916,748
1277.817309,342.146584,301.451209,741
1277.875236,106.894375,65.768791,751
1277.887150,332.813834,287.099459,745
1277.902150,124.948542,84.174709,752
1277.913150,303.904125,262.946834,746
1277.974202,299.754000,258.824417,749
1277.979153,91.985542,50.289750,756
1277.990343,115.080875,74.158292,755
1278.029318,321.975500,280.828333,750
1278.070353,91.165375,49.600542,760
1278.106312,322.034709,281.190000,753
1278.107152,132.913666,92.260875,759
1278.114307,84.947916,43.781500,762
1278.162567,56.217583,55.479375,764
1278.164208,346.868667,305.816291,754
1278.167228,96.821666,55.465375,763
1278.219147,316.977500,273.986125,757
1278.243594,81.003125,80.353875,767
1278.266298,102.070208,60.638667,768
1278.284264,371.081958,329.583042,758
1278.338297,94.656917,53.331250,771
1278.349175,358.787917,316.351583,761
1278.373304,266.113167,225.062833,765
1278.388305,121.964792,80.968417,772
1278.395559,281.217417,280.206500,766
1278.453290,114.948459,73.945375,774
1278.473302,306.035042,265.227958,769
1278.473302,124.086083,82.931917,775
1278.520236,301.066209,259.741709,770
1278.567204,93.874375,52.829875,780
1278.574160,120.831667,79.542166,779
1278.594241,309.954459,268.682459,773
1278.661249,287.900084,246.260000,776
1278.680185,106.003625,65.159209,784
1278.687310,120.082084,79.334792,783
1278.742155,353.813250,312.592000,777
1278.757963,362.369292,361.152458,778
1278.767179,105.894833,65.291042,786
1278.816141,135.937083,95.462208,787
1278.842295,100.116334,58.813708,789
1278.859092,385.693291,344.305209,781
1278.898332,82.164250,40.982667,792
1278.947198,426.944291,385.698250,782
1278.958330,115.993500,74.883666,793
1278.966234,107.127125,66.073292,794
1278.975134,380.872042,339.961416,785
1279.043256,355.909750,312.290709,788
1279.128216,180.992584,139.020584,796
1279.135794,177.418792,135.836459,797
1279.158146,400.159667,358.194375,790
1279.279200,512.007417,471.116042,791
1279.318324,190.066333,148.378708,801
1279.324280,188.451958,140.920208,802
1279.402640,123.423708,123.027625,804
1279.413162,514.788167,473.766125,795
1279.488322,169.957958,127.966125,805
1279.521242,554.981292,514.255875,798
1279.539172,136.509625,134.020834,807
1279.645868,157.505250,114.977042,809
1279.655598,680.439667,639.009292,799
1279.698292,156.840250,115.065125,811
1279.763121,117.217917,114.761792,812
1279.766283,722.988292,680.488084,800
1279.852663,89.520667,88.046875,815
1279.863282,164.959667,123.130584,814
1279.868252,710.074459,668.900167,803
1279.934236,609.919625,568.476417,806
1279.958279,94.961416,53.536875,818
1279.964244,111.536250,69.401209,817
1279.995259,582.070709,540.644417,808
1280.035355,101.095458,59.675000,820
1280.062312,104.003084,63.378875,821
1280.087174,565.895751,522.360417,810
1280.115215,119.914667,78.689334,823
1280.135298,479.654875,438.543876,813
1280.152309,116.913709,115.996709,824
1280.178240,91.047833,50.220916,826
1280.206210,439.893708,398.485208,816
1280.222554,70.203000,69.241958,829
1280.241678,63.420000,62.501833,830
1280.263286,395.006792,353.850875,819
1280.308741,67.039292,66.070084,833
1280.336311,113.713834,72.508625,832
1280.337234,372.946000,330.952709,822
1280.376244,313.899542,272.261208,825
1280.417293,108.509333,66.851167,835
1280.440334,325.077667,284.006625,827
1280.450376,114.020959,72.501333,836
1280.490153,354.818625,313.210334,828
1280.502291,126.005542,84.984375,838
1280.527264,109.926834,69.029917,839
1280.550329,344.084417,300.744209,831
1280.569271,79.098542,38.317417,842
1280.605188,78.192042,36.919458,843
1280.612194,348.871250,307.686751,834
1280.662299,325.028667,283.649042,837
1280.694415,56.304792,55.778333,844
1280.710264,269.888500,228.606292,840
1280.752255,301.842333,260.279833,841
1280.802930,53.685333,53.004292,845
1280.891521,37.105833,36.514917,846
1280.909376,48.987750,48.491916,847
1280.966478,35.758625,35.235667,848
1281.007795,36.343708,35.933334,849
1281.065668,72.435125,71.876000,850
1281.122408,39.818917,39.293041,851
1281.149517,65.360750,64.712667,852
1281.191402,38.028375,37.570459,853
1281.251363,57.653458,57.289459,854
1281.262575,68.130708,67.516458,855
1281.273845,56.760083,56.280875,856
1281.357370,52.573500,52.219417,857
1281.446742,62.819458,62.401791,858
1281.473913,72.563458,71.980708,859
1281.488675,72.644250,71.991500,861
1281.490046,74.136708,73.438167,860
1281.518259,88.298583,87.507875,862
1281.543785,91.744916,91.117250,863
1281.592123,130.186000,129.599167,864
1281.603442,76.380500,75.642875,865
1281.636182,61.290250,60.488458,866
1281.681542,43.375792,42.696500,867
1281.792449,43.180375,42.582750,868
1281.858151,43.460959,43.003625,869
1281.907745,30.398375,29.939000,871
1281.916566,56.212625,55.601291,870
1281.968558,37.207333,36.624000,873
1281.985053,56.836208,56.264833,872
1282.010036,38.572917,38.007084,874
1282.054877,42.356417,41.744208,875
1282.145480,62.895292,62.356584,876
1282.183819,79.400708,78.867833,877
1282.188078,77.990208,77.404834,878
1282.216793,97.131417,94.685791,879
1282.235374,41.686750,40.779958,881
1282.288663,134.833417,134.009750,880
1282.335580,30.760625,30.136167,882
1282.462279,46.362167,45.720208,883
1282.487497,38.696875,38.113250,884
1282.525381,68.889625,68.468458,885
1282.568743,41.700750,41.332667,886
1282.603250,46.592291,45.789042,887
1282.672657,55.080084,52.826959,888
1282.705366,70.809375,70.074959,890
1282.706380,76.479084,75.915291,889
1282.718862,80.772709,80.253833,891
1282.784469,108.451000,107.882542,892
1282.796700,59.878875,59.065125,893
1282.812071,62.831709,62.089708,894
1282.843747,32.708375,32.341167,896
1282.855118,75.351208,74.269125,895
1282.891748,57.796375,57.122917,897
1282.899477,39.143709,38.683459,898
1283.039708,68.236875,67.888041,899
1283.077326,57.501209,56.821333,900
1283.116681,37.016000,36.673583,901
1283.140258,57.624875,56.875292,902
1283.157194,41.308750,40.404000,903
1283.222070,45.338417,44.708125,904
1283.255300,61.634709,60.979626,905
1283.354793,50.010625,49.494375,906
1283.400358,60.482333,59.815583,907
1283.466838,50.924125,50.208375,908
1283.467754,33.319416,32.906417,909
1283.546380,41.559000,41.067541,910
1283.588222,61.175917,60.668417,911
1283.599225,54.794250,54.099791,912
1283.619083,60.965625,60.172000,913
1283.682163,44.027666,43.491583,914
1283.712262,42.440417,41.728167,915
1283.745603,49.032083,48.353083,916
1283.787668,38.374291,37.914333,917
1283.868644,36.025792,35.428166,919
1283.893024,69.418709,68.729791,918
1283.907784,61.735625,61.142667,920
1283.936331,75.981792,75.497334,921
1284.060510,88.022084,87.511958,922
1284.135435,117.772375,117.172708,923
1284.151127,123.505084,122.012625,924
1284.175975,93.413250,92.982750,925
1284.293744,203.768833,202.027000,926
1284.308837,115.148834,114.714833,927
1284.325733,123.487875,122.744708,928
1284.380377,74.470666,73.325291,929
1284.457477,72.274708,71.563625,930
1284.498467,81.265625,80.896083,931
1284.593365,66.283000,65.398375,932
1284.735375,96.519792,96.132458,933
1284.745040,106.162583,105.448000,934
1284.755784,87.966083,87.120250,935
1284.792497,43.268166,42.652167,936
1284.833200,47.163375,46.420792,937
1284.866724,46.998584,46.253958,938
1284.902139,41.774542,41.231750,939
1285.012387,40.943583,40.657459,940
1285.062048,41.086792,40.558000,941
1285.149709,67.127958,66.482792,942
1285.237196,43.480500,42.844083,943
1285.341341,36.512292,36.019375,944
1285.444890,28.971834,28.411250,945
1285.556251,29.248333,28.791000,946
1285.653625,38.358833,38.003583,947
1285.680328,63.157791,62.698709,948
1285.689903,51.768208,51.183125,949
1285.803979,54.724541,54.157541,950
1285.819601,49.739666,49.245875,951
1285.897160,36.829625,36.219459,952
1286.012022,40.559459,39.949583,954
1286.012188,43.134875,42.655666,953
1286.113743,31.161375,30.655625,955
1286.226975,33.258167,32.782458,956
1286.346461,41.651167,40.958750,957
1286.440837,24.951500,24.440500,958
1286.554025,27.008333,26.695958,959
1286.621337,41.607709,40.877958,960
1286.678373,39.662000,39.131166,962
1286.681296,43.187959,42.689792,961
1286.736889,36.469417,35.949084,963
1286.768092,43.125542,42.387333,964
1286.838754,89.463792,88.718000,965
1286.854541,58.933000,58.429000,966
1286.859130,45.006500,44.330125,967
1286.900906,40.550709,39.758250,969
1286.901321,63.926917,63.412708,968
1286.990661,46.434500,45.883542,970
1287.013569,56.871208,56.248792,971
1287.023679,52.222334,51.744292,972
1287.118097,50.689625,50.136625,974
1287.118686,68.160750,67.640125,973
1287.152612,57.981000,56.953459,976
1287.165585,83.022917,82.212083,975
1287.190879,74.374125,73.656042,977
1287.235651,41.981042,41.693458,978
1287.333240,28.456750,28.080500,979
1287.450354,34.457792,33.986751,980
1287.566333,39.286042,38.832791,981
1287.685224,47.083167,46.529875,982
1287.756125,56.170625,55.391000,983
1287.781759,32.558459,32.118917,984
1287.816141,37.754208,37.116625,985
1287.855297,29.997333,29.206334,987
1287.857240,55.310500,54.756333,986
1287.885163,24.801291,24.297000,988
1287.988863,38.220000,37.642791,989
1288.014738,43.261459,42.739083,990
1288.081876,37.032042,36.314250,991
1288.110693,28.110542,27.435917,992
1288.187252,45.343959,44.895375,993
1288.235840,42.154292,41.463334,994
1288.280542,48.288333,47.719583,995
1288.340756,35.925166,35.278542,996
1288.476607,60.714792,60.251334,997
1288.542354,65.077542,64.645292,998
1288.578465,51.457584,50.979833,999
1288.640413,67.017417,66.177416,1000
1288.674665,36.519000,36.113583,1001
1288.786330,37.081625,36.386584,1002
1288.903234,42.851083,42.180250,1003
1288.938113,40.000917,39.485833,1004
1288.965179,49.685708,49.058625,1005
1289.050160,78.680583,77.798000,1006
1289.166887,109.435083,108.852042,1008
1289.175561,125.430958,124.527958,1007
1289.195652,113.080333,112.485334,1009
1289.268738,84.926042,82.501416,1010
1289.280889,87.145334,86.229791,1011
1289.377239,72.358708,69.672750,1012
1289.486375,70.486792,69.676833,1013
1289.592469,65.351125,64.634208,1014
1289.693937,54.716375,53.690583,1016
1289.700786,75.121667,74.566042,1015
1289.801137,51.910250,51.196834,1017
1289.816259,55.859417,55.283375,1018
1289.831574,66.875959,66.283875,1019
1289.909368,49.008167,48.557833,1020
1290.020265,48.806041,48.134625,1021
1290.032596,36.477000,35.971542,1022
1290.116336,33.794541,33.346250,1023
1290.229716,36.054959,35.386750,1024
1290.288942,35.831250,35.153709,1025
1290.345558,40.757209,40.344500,1026
1290.429561,46.240833,45.773583,1027
1290.474441,58.519417,57.890584,1028
1290.577937,60.500125,59.188500,1029
1290.588046,61.440167,60.856542,1030
1290.607454,80.411041,79.613625,1031
1290.634303,77.196000,76.632208,1032
1290.668823,60.942000,60.369459,1034
1290.700068,140.281458,139.691708,1033
1290.705862,67.746292,67.048916,1035
1290.742174,84.496708,84.073500,1036
1290.789171,39.958916,39.660833,1037
1290.936971,76.586126,75.915292,1038
1291.045874,74.404750,73.902208,1039
1291.114630,49.639041,48.862625,1041
1291.115818,63.469291,62.975500,1040
1291.146752,80.426500,78.202250,1042
1291.184759,109.623208,108.729250,1043
1291.189365,49.530250,48.875166,1045
1291.227370,33.694209,33.203916,1046
1291.271333,188.770750,188.125292,1044
1291.377074,72.269458,71.675042,1047
1291.452384,36.474375,35.971250,1048
1291.559425,32.391042,31.968708,1049
1291.601216,72.479167,71.862875,1050
1291.636610,28.725083,27.996209,1051
1291.675626,37.506000,37.004042,1052
1291.761805,46.113666,45.635042,1053
1291.794331,59.178583,58.696750,1054
1291.800139,50.944541,50.337875,1055
1291.848088,27.924166,27.576500,1057
1291.873819,76.339666,75.758666,1056
1291.903373,43.034250,42.562042,1058
1292.006374,34.881292,34.351917,1059
1292.046336,56.218167,55.626959,1060
1292.117976,35.395792,35.028875,1061
1292.166517,37.154542,36.685541,1062
1292.210392,53.086250,52.673250,1063
1292.259806,66.116167,65.333916,1064
1292.279110,34.454000,33.749625,1065
1292.340432,59.567376,59.028375,1066
1292.351274,46.454625,45.777375,1068
1292.377956,78.983042,78.168708,1067
1292.396446,60.891250,60.256875,1069
1292.425173,46.009541,45.474625,1070
1292.477703,61.774708,60.848084,1071
1292.485341,36.443750,35.883750,1072
1292.565549,38.519542,38.007083,1073
1292.591043,59.499708,58.874959,1074
1292.616305,48.489000,47.941833,1075
1292.675878,37.785709,37.433958,1076
1292.737721,48.108375,47.511917,1077
1292.741282,45.804792,45.420375,1078
1292.787619,38.348333,37.631416,1079
1292.814104,28.560875,28.071167,1081
1292.828472,72.182542,71.664542,1080
1292.876394,42.798875,42.320833,1082
1292.912402,52.015250,51.205583,1083
1293.013766,42.295459,41.783876,1084
1293.062945,50.484000,49.963959,1085
1293.097601,66.192875,65.534291,1086
1293.127119,92.239000,91.432834,1087
1293.134526,51.984042,51.289583,1089
1293.136400,59.091958,58.623541,1088
1293.170102,75.602917,75.042041,1090
1293.222138,28.460542,27.880416,1092
1293.227064,73.281250,72.467792,1091
1293.267110,48.703083,48.118000,1093
1293.339920,35.109375,34.569208,1095
1293.373176,72.687708,72.053042,1094
1293.452401,36.512000,35.999833,1097
1293.454344,71.098125,70.627375,1096
1293.568581,41.540334,41.089416,1098
1293.687676,49.525000,48.898208,1099
1293.726359,46.256584,45.737709,1100
1293.813207,56.723917,56.290792,1102
1293.824057,74.794709,74.340291,1101
1293.826765,55.186250,54.745250,1103
1293.902239,41.968500,41.678292,1105
1293.905312,45.040625,44.437750,1104
1294.049921,78.479625,77.936250,1106
1294.095025,78.999375,78.065750,1107
1294.149281,66.129584,65.491709,1108
1294.280433,100.686833,99.955625,1109
1294.315883,122.169542,121.437166,1110
1294.341083,119.798584,119.228375,1111
1294.376327,139.634541,138.685458,1112
1294.462841,200.328917,199.082333,1113
1294.507422,91.386167,90.831708,1115
1294.551638,245.955500,245.431084,1114
1294.601929,74.881042,73.520125,1116
1294.708439,70.249083,68.645209,1117
1294.786328,37.116916,36.590167,1118
1294.894044,33.709084,33.248834,1119
1295.007605,36.124667,35.443625,1120
1295.110391,27.811583,27.457208,1121
1295.162311,57.498292,56.676376,1122
1295.235401,41.691125,41.091458,1123
1295.279582,29.054667,28.301292,1125
1295.291026,50.873667,50.273125,1124
1295.335937,31.117333,30.563750,1126
1295.459733,44.392833,43.920625,1127
1295.465200,49.301583,48.660500,1128
1295.489676,27.396542,27.092042,1129
1295.520102,27.219791,26.698583,1130
1295.572110,41.281042,40.585708,1132
1295.587966,60.921000,60.390458,1131
1295.712539,74.400958,73.738583,1133
1295.809723,60.477959,59.954708,1134
1295.838341,61.579584,61.018417,1135
1295.855190,62.245750,61.681667,1137
1295.856510,67.196209,66.510209,1136
1295.903180,42.861000,42.158958,1138
1296.017619,46.128250,45.480458,1139
1296.112068,29.476709,29.036292,1141
1296.123506,55.669833,55.100791,1140
1296.229186,37.716292,37.315250,1142
1296.244145,50.448417,49.756583,1143
1296.339933,35.126875,34.651750,1144
1296.401250,27.434750,26.929000,1145
1296.463755,47.866291,47.406042,1146
1296.571404,44.410333,43.737166,1147
1296.614850,65.205875,64.585208,1148
1296.689998,50.939875,50.423917,1150
1296.708692,70.543667,70.001750,1149
1296.731351,88.234416,87.650500,1151
1296.778943,29.748250,29.363250,1152
1296.848728,42.645750,42.242083,1153
1296.903265,42.913791,42.216125,1154
1296.968906,43.801333,43.281292,1155
1297.006517,52.569708,51.958667,1156
1297.015739,44.265667,43.577625,1157
1297.046047,63.443333,62.868458,1158
1297.112220,40.121667,39.576833,1159
1297.143641,61.067416,60.438291,1160
1297.236076,42.382375,41.661375,1161
1297.326149,35.284375,34.754125,1162
1297.345861,41.024667,40.227250,1163
1297.420815,44.647750,44.288125,1164
1297.476178,37.937375,37.591750,1166
1297.488163,72.200334,71.544667,1165
1297.570037,43.001583,42.494375,1167
1297.679385,31.802167,31.270750,1169
1297.700375,62.270542,61.924042,1168
1297.743654,49.211167,48.548500,1170
1297.779370,30.149000,29.648208,1171
1297.902775,42.382083,41.844833,1172
1297.934541,42.448292,42.067667,1173
1298.012175,64.183583,63.579542,1174
1298.013297,41.834917,41.472375,1175
1298.133422,50.866375,50.509667,1176
1298.259508,65.803792,65.305333,1177
1298.336519,31.725459,31.158458,1178
1298.397169,24.868667,24.400250,1179
1298.465888,50.002166,49.600542,1180
1298.472474,46.266500,45.695416,1181
1298.497661,44.858625,44.220167,1182
1298.567916,40.849084,40.404292,1183
1298.615757,42.192208,41.638625,1184
1298.634139,45.530626,44.989292,1185
1298.689363,51.228334,50.729292,1186
1298.700413,47.336334,46.761458,1187
1298.738280,46.487875,45.964334,1188
1298.790109,40.858125,40.221125,1189
1298.819384,42.032375,41.487250,1190
1298.905845,45.463833,45.012333,1191
1298.955200,40.546333,40.080542,1192
1299.042025,86.543042,85.587250,1193
1299.100787,129.249459,128.505125,1194
1299.137591,132.042750,130.145167,1195
1299.179379,96.541958,95.765542,1196
1299.223526,94.440792,93.524667,1197
1299.279859,86.088333,85.477292,1198
1299.344363,93.379126,92.747667,1199
1299.396889,91.977083,91.076125,1200
1299.463112,108.421833,107.837625,1201
1299.517448,128.083667,125.797875,1202
1299.529905,114.842000,114.114292,1203
1299.631579,215.677292,213.182375,1204
1299.636248,109.183666,107.703167,1205
1299.754573,151.778083,149.697333,1207
1299.756184,161.620083,159.754000,1206
1299.778257,139.010958,136.998458,1208
1299.828893,149.081333,148.317750,1209
1299.867881,118.668958,117.992583,1210
1299.868621,49.625042,48.898208,1211
1299.901183,40.828375,40.192833,1212
1299.941957,41.703083,40.988208,1213
1299.998401,26.964000,26.515417,1214
1300.087792,35.067375,34.424834,1215
1300.120332,37.736708,37.137333,1216
1300.234728,41.043333,40.549542,1217
1300.289981,59.118792,58.510667,1218
1300.303376,50.852375,50.322125,1219
1300.338912,75.462916,74.732291,1220
1300.356153,51.351125,50.928209,1221
1300.380790,54.391459,53.812208,1222
1300.417911,63.841458,63.035000,1224
1300.418619,65.353750,64.849166,1223
1300.461869,45.938666,45.220000,1225
1300.553660,65.465458,64.852375,1226
1300.569450,42.409500,41.783875,1227
1300.623719,35.836208,35.165667,1228
1300.683372,45.217083,44.515917,1229
1300.822536,73.283291,72.606625,1230
1300.937685,77.345041,76.776291,1231
1301.002342,30.874375,30.180791,1232
1301.137994,55.433583,54.803000,1233
1301.143545,46.972042,46.457542,1234
1301.186871,89.388834,88.536000,1235
1301.232156,38.476667,37.884875,1236
1301.350639,45.859041,45.339875,1237
1301.457115,41.227667,40.654833,1238
1301.565810,38.728959,38.052583,1239
1301.597236,48.980750,48.366500,1240
1301.674823,36.692833,36.167250,1241
1301.780964,31.694250,31.225250,1242
1301.896808,36.446667,35.866833,1243
1301.999818,28.329583,27.723500,1244
1302.089045,60.881333,60.508000,1245
1302.116852,34.288334,33.881167,1246
1302.232556,38.888791,38.523333,1247
1302.354669,49.842917,49.316166,1248
1302.456540,40.604083,40.104750,1249
1302.567931,40.861916,40.395833,1250
1302.677536,39.428083,38.771833,1251
1302.695854,43.322416,42.815500,1252
1302.797954,48.752083,48.106916,1253
1302.864364,25.010708,24.526541,1254
1302.927755,67.367417,66.598291,1255
1302.928201,37.108750,36.701292,1256
1303.026553,41.646791,40.939791,1258
1303.033790,62.324500,61.817292,1257
1303.125673,47.047292,46.422250,1259
1303.126406,43.825834,43.333791,1260
1303.184275,25.212833,24.916792,1261
1303.229942,63.852250,63.237125,1262
1303.236807,47.068000,46.474458,1263
1303.263745,70.058625,69.542959,1264
1303.309790,64.948625,64.194666,1266
1303.314530,95.839042,95.174333,1265
1303.345979,77.794792,77.324333,1267
1303.363621,58.805833,58.207042,1268
1303.430941,62.952750,62.524584,1269
1303.460382,44.490833,43.684375,1270
1303.573287,46.224500,45.564750,1272
1303.581508,83.276376,82.598542,1271
1303.590108,46.439750,45.710583,1273
1303.679393,41.225042,40.702667,1274
1303.792800,43.534166,42.941500,1276
1303.794384,50.943375,50.559250,1275
1303.869187,49.413000,48.903458,1277
1303.903821,43.461541,42.898916,1278
1304.053955,81.739875,81.017708,1279
1304.152583,69.965000,69.320708,1280
1304.210878,57.325625,56.865083,1281
1304.263138,69.328001,68.292292,1282
1304.374265,69.422208,68.931042,1283
1304.502229,86.286083,85.420708,1284
1304.553873,87.953250,85.870458,1285
1304.609493,79.937083,78.459500,1286
1304.680676,42.433708,41.938458,1287
1304.735036,53.450542,52.844459,1288
1304.736148,40.611375,40.048167,1289
1304.797664,48.404708,47.846166,1290
1304.816776,38.078250,37.476250,1291
1304.895159,34.773375,34.308167,1292
1304.933847,34.051208,33.371625,1293
1305.014158,42.622125,41.540625,1295
1305.018126,50.529500,50.145959,1294
1305.063086,41.051208,40.471083,1296
1305.100123,67.060583,66.276292,1297
1305.147123,64.532125,63.877917,1298
1305.246179,52.493584,51.813416,1299
1305.303305,70.600833,70.127750,1300
1305.320085,82.457084,81.988958,1301
1305.320130,72.342375,71.846542,1302
1305.361377,56.565542,55.982208,1305
1305.362226,106.644708,105.290208,1303
1305.401327,104.368542,103.914417,1304
1305.468376,52.463542,51.983167,1306
1305.515831,47.794250,47.182625,1307
1305.548528,44.302125,43.688167,1308
1305.579808,51.836750,50.591333,1310
1305.608063,81.000500,80.423292,1309
1305.612975,44.720959,44.237376,1312
1305.675516,145.091625,143.295250,1311
1305.693454,55.319833,54.548375,1313
1305.733660,93.613917,93.020375,1314
1305.739778,88.054167,87.476083,1315
1305.767376,57.926459,57.368792,1316
1305.812228,62.992125,62.422500,1317
1305.825274,64.195833,63.406292,1318
1305.909369,49.023042,48.424250,1319
1305.958170,41.089708,40.614583,1320
1305.975433,44.029125,43.557792,1321
1306.028864,51.254292,49.298958,1323
1306.042513,71.048541,70.472500,1322
1306.058464,54.956125,54.371333,1324
1306.117855,35.321416,34.957709,1325
1306.229687,36.027542,35.520333,1326
1306.293624,36.066042,35.407750,1327
1306.345601,40.828375,40.369875,1328
1306.426748,57.137792,56.597333,1329
1306.456823,40.887000,40.394959,1330
1306.585698,58.671959,58.121000,1331
1306.592135,50.202250,49.595875,1332
1306.613332,39.878417,39.319000,1333
1306.683354,45.225542,44.698791,1334
1306.821764,72.544500,71.800750,1335
1306.885773,25.438292,25.061166,1336
1306.933280,37.312333,36.572084,1337
1306.951274,44.053916,43.367916,1338
1306.996399,24.940417,24.577583,1339
1307.036586,39.036375,38.632417,1340
1307.040767,42.671708,42.265125,1341
1307.119326,37.583584,37.031458,1342
1307.133924,51.400125,50.959417,1343
1307.212656,33.576375,33.092208,1344
1307.251400,57.754375,57.141292,1345
1307.369323,64.523084,63.861292,1346
1307.457944,42.039666,41.602167,1347
1307.483868,58.450583,57.826417,1348
1307.498342,52.228458,51.549166,1349
1307.574284,47.284125,46.778667,1350
1307.599904,42.835625,42.335709,1351
1307.639476,61.048750,60.286041,1352
1307.677945,39.862083,39.526667,1353
1307.789250,39.974375,39.349333,1354
1307.891360,35.252000,34.700458,1355
1307.923417,63.003500,62.125875,1356
1307.963711,69.089708,68.714042,1357
1307.972661,47.460875,46.980208,1358
1308.012420,40.919959,40.332250,1359
1308.118800,51.923959,51.463709,1360
1308.123914,41.334125,40.847625,1361
1308.247208,52.971625,52.621333,1363
1308.251224,57.537375,57.015875,1362
1308.276722,69.356875,68.800958,1364
1308.341987,37.212000,36.696333,1365
1308.459289,43.376958,42.835042,1366
1308.566214,39.161208,38.457709,1367
1308.665683,27.597792,27.304958,1368
1308.746539,43.000708,42.443333,1369
1308.784189,34.949833,34.446709,1371
1308.824851,77.935667,77.304208,1370
1308.874988,47.894292,47.307750,1372
1308.903150,42.758334,42.154000,1373
1308.998525,62.013875,61.446000,1374
1309.064155,91.734125,87.946833,1375
1309.133994,97.766084,97.193251,1376
1309.192538,109.810750,108.995542,1378
1309.192878,130.234126,129.217667,1377
1309.256671,61.322625,60.603667,1379
1309.411306,106.456292,105.332208,1380
1309.449760,119.215833,118.141042,1381
1309.535980,171.336375,170.767625,1382
1309.537627,164.570875,159.989958,1383
1309.571165,119.819291,118.354834,1387
1309.638462,243.991417,242.729958,1384
1309.705215,142.906166,141.306084,1389
1309.735632,123.057083,122.103917,1390
1309.768075,351.351583,349.469167,1385
1309.810414,91.714292,91.045500,1392
1309.815764,74.872292,74.089167,1393
1309.821648,401.621792,400.636834,1386
1309.865632,338.578625,337.584917,1388
1309.920369,59.963459,59.367875,1396
1309.926576,288.185334,285.971876,1391
1309.956825,69.615875,69.108083,1397
1310.008269,264.572583,222.782000,1394
1310.033364,61.915584,61.245916,1398
1310.038182,288.956208,247.800875,1395
1310.056449,41.957416,41.334417,1399
1310.115458,32.864416,32.448792,1400
1310.239995,46.319000,45.707375,1401
1310.350562,45.766000,45.230791,1402
1310.399687,51.906750,51.338292,1403
1310.420315,52.398792,51.662042,1404
1310.458465,42.536084,41.683833,1406
1310.462109,67.641292,66.833375,1405
1310.568689,41.647666,41.035167,1407
1310.679489,41.346084,40.868625,1408
1310.782559,33.307167,32.840500,1409
1310.820718,36.232583,35.485334,1410
1310.861146,46.919834,46.383458,1411
1310.901518,41.145125,40.546917,1412
1311.040963,69.496584,68.885833,1413
1311.114875,32.346125,32.030541,1415
1311.164485,85.220334,84.561166,1414
1311.248235,54.546917,54.114666,1416
1311.382279,77.473666,77.067083,1417
1311.455886,39.968833,39.541250,1419
1311.457874,51.568125,51.165625,1418
1311.559399,32.372667,31.961708,1421
1311.563736,77.107625,76.610333,1420
1311.648146,33.847333,33.316500,1423
1311.678203,72.169125,71.635666,1422
1311.688288,50.076542,49.323750,1424
1311.794224,44.947292,44.427542,1425
1311.819627,47.672625,47.186125,1426
1311.890067,67.831750,67.288667,1427
1311.909108,48.736625,48.178959,1428
1312.000351,28.886375,28.365166,1429
1312.066945,33.921417,33.359667,1430
1312.120050,37.415875,36.993542,1431
1312.142556,55.533042,55.042166,1432
1312.238604,44.896250,44.286375,1433
1312.242836,46.601042,46.098500,1434
1312.345764,40.964291,40.499666,1435
1312.465145,49.227791,48.606250,1436
1312.536695,39.626125,39.122125,1438
1312.540866,46.501875,45.991750,1437
1312.589580,43.996751,43.537667,1440
1312.592861,65.816917,65.193334,1439
1312.691177,53.046875,52.477542,1441
1312.797383,48.113917,47.597959,1442
1312.898393,38.012917,37.629667,1443
1313.029541,58.121000,57.647625,1444
1313.156649,74.078666,73.470542,1445
1313.244420,50.711208,50.164625,1446
1313.333132,28.350875,27.902875,1447
1313.386160,36.594833,36.137791,1448
1313.446776,61.499083,61.010833,1449
1313.466294,50.390666,49.720125,1450
1313.530214,42.929250,42.429333,1451
1313.568174,41.192375,40.581042,1452
1313.629364,27.977250,27.621416,1453
1313.686432,48.281333,47.600292,1454
1313.760434,27.458375,26.925208,1455
1313.802939,53.654417,53.005458,1456
1313.887415,27.051792,26.506666,1457
1313.950699,49.552417,49.005833,1458
1313.991907,76.403250,75.867167,1459
1314.033678,104.587000,104.161167,1460
1314.061282,101.862542,100.614208,1461
1314.143157,171.707667,171.105667,1462
1314.160624,78.017917,77.632334,1463
1314.280553,86.797666,86.021542,1464
1314.321286,94.183542,93.275875,1465
1314.373451,68.618959,68.115834,1466
1314.508046,91.929542,91.013125,1467
1314.519084,94.692792,93.909083,1468
1314.630225,103.044083,102.514709,1469
1314.654711,105.685708,105.212916,1470
1314.731287,147.345334,146.250417,1471
1314.731721,130.450833,128.798250,1472
1314.770152,75.401666,74.622625,1475
1314.791219,155.036584,154.286709,1473
1314.823365,43.694291,42.772625,1478
1314.841313,93.853667,93.420833,1476
1314.851922,213.489500,212.888959,1474
1314.898384,38.037125,37.571333,1479
1314.898598,149.412375,148.928792,1477
1315.007687,36.244250,35.838833,1480
1315.136667,54.082000,53.706625,1481
1315.167380,44.997750,44.596125,1482
1315.249687,56.028000,55.581166,1483
1315.255392,48.497167,47.802708,1484
1315.280953,48.041291,47.280334,1485
1315.362036,57.207208,56.735583,1486
1315.374712,66.277750,65.404209,1487
1315.390041,77.049875,76.417834,1488
1315.467667,51.856291,49.840875,1490
1315.486643,70.861291,70.351750,1489
1315.493870,63.710500,63.147875,1491
1315.579668,52.624250,51.929500,1492
1315.598207,59.416584,58.676042,1493
1315.601724,43.863167,43.287125,1494
1315.651063,36.992959,36.590750,1495
1315.690097,51.944667,51.275875,1496
1315.728462,46.774583,46.141375,1497
1315.747761,45.474042,44.861833,1498
1315.795319,46.063500,45.526250,1499
1315.835940,38.276291,37.826542,1500
1315.875412,72.331875,71.889709,1501
1315.900154,39.811042,39.273500,1502
1316.003516,32.074583,31.775916,1503
1316.060730,55.186250,48.960333,1505
1316.086693,67.846042,67.265042,1506
1316.095859,94.817042,94.028959,1504
1316.116044,88.675126,87.887917,1507
1316.155223,49.110542,48.372625,1509
1316.156438,73.862542,73.297584,1508
1316.240712,47.037375,46.610084,1511
1316.241351,50.348375,49.897166,1510
1316.359737,54.950291,54.231625,1513
1316.370611,45.322084,44.770834,1514
1316.380312,84.996333,84.385875,1512
1316.467161,51.255750,50.579667,1515
1316.526819,50.116209,49.503708,1516
1316.563514,36.477292,36.178625,1517
1316.647682,53.996542,52.164875,1518
1316.705628,76.964416,76.355417,1519
1316.705797,67.570417,59.763083,1521
1316.720537,84.806167,84.357584,1520
1316.758608,83.009500,77.234791,1522
1316.763180,55.456333,54.926666,1525
1316.802267,53.020334,52.426500,1528
1316.829377,141.018501,131.797167,1523
1316.880887,65.412667,64.744750,1530
1316.883362,185.029834,184.443292,1524
1316.884048,79.164458,78.502958,1529
1316.909755,200.253958,199.820250,1526
1316.997249,282.331001,240.149876,1527
1317.017159,87.290875,86.603417,1533
1317.027876,168.437208,167.817708,1531
1317.050764,79.347916,78.736875,1534
1317.087708,65.449417,64.661625,1535
1317.101427,241.093708,240.415875,1532
1317.118279,50.668042,49.878791,1537
1317.134676,100.450000,99.734834,1536
1317.172673,91.412125,90.617917,1538
1317.199432,116.882792,116.262125,1539
1317.249684,55.972583,55.323625,1540
1317.255885,41.554917,41.039542,1541
1317.296697,36.075083,35.520916,1542
1317.332236,47.534666,47.042625,1543
1317.342473,37.687416,37.177875,1544
1317.417403,46.233541,45.451583,1545
1317.458939,43.012666,42.413291,1546
1317.487793,50.575292,50.030459,1547
1317.526910,36.548459,36.095209,1548
1317.571845,44.795041,44.154250,1549
1317.605632,44.993375,44.504541,1551
1317.607277,58.364541,57.810083,1550
1317.687137,58.511542,57.663375,1552
1317.698609,65.968875,65.118084,1553
1317.699704,61.585708,61.177666,1554
1317.778362,29.111541,28.420875,1555
1317.902399,42.021875,41.482875,1556
1317.949991,51.051292,50.562167,1557
1317.987645,71.266708,70.534625,1558
1318.011227,78.766334,78.174250,1559
1318.013158,58.394583,57.666000,1560
1318.072527,101.037125,100.330709,1561
1318.105832,42.128917,41.430083,1562
1318.132165,49.588292,49.026833,1563
1318.150846,42.594125,42.117834,1564
1318.231598,37.940875,37.341792,1565
1318.263668,27.043625,26.761583,1566
1318.332089,27.295041,26.851417,1567
1318.382706,64.885042,64.145083,1568
1318.464667,48.728458,48.107792,1569
1318.494169,45.740334,44.922500,1570
1318.565562,38.505834,37.986375,1571
1318.601961,54.207417,53.501292,1572
1318.695506,57.356833,56.753375,1574
1318.701250,66.522750,65.994250,1573
1318.736642,79.902375,79.240000,1575
1318.738551,77.966583,77.171500,1576
1318.776242,84.029166,83.342584,1577
1318.800929,51.715708,51.095042,1578
1318.939804,79.443584,78.905751,1579
1318.947085,67.665209,66.983291,1580
1318.961585,62.044208,61.215000,1581
1319.017822,70.423208,69.720875,1583
1319.051062,125.892667,125.126750,1582
1319.107436,135.956042,135.395750,1584
1319.137573,119.900667,117.379792,1586
1319.162414,185.295250,183.090542,1585
1319.271392,105.611334,105.117250,1590
1319.288762,227.451291,226.482958,1587
1319.298511,128.207333,126.074083,1591
1319.412464,329.869459,327.928125,1588
1319.456244,134.541458,131.238334,1596
1319.480398,175.485334,132.953334,1595
1319.501592,415.676333,413.349417,1589
1319.568019,111.724375,108.449250,1599
1319.624265,449.534167,447.469459,1592
1319.635662,108.624542,107.894500,1600
1319.736590,542.240417,541.308542,1593
1319.741383,103.181750,102.182792,1601
1319.841856,153.369125,152.891375,1602
1319.845864,583.963042,582.160542,1594
1319.859913,110.446875,108.880916,1604
1319.908536,550.928292,544.243584,1597
1319.944339,53.439458,52.580500,1608
1319.948217,87.918542,46.678042,1607
1319.988249,573.853875,530.184084,1598
1320.000360,269.788167,269.227875,1603
1320.030134,61.630042,61.121667,1609
1320.060660,89.217042,88.240250,1610
1320.068360,277.198833,275.783084,1605
1320.099100,64.427417,64.006250,1612
1320.153340,361.763500,356.846583,1606
1320.164838,82.260500,81.705458,1613
1320.174640,66.560375,65.737584,1615
1320.238240,66.709417,66.069791,1618
1320.257295,284.572167,240.622959,1611
1320.260540,66.781750,65.689167,1619
1320.274157,166.352375,165.532208,1614
1320.327304,194.352667,193.036959,1616
1320.361246,56.401625,55.773083,1621
1320.373428,68.000916,67.453750,1622
1320.383176,233.051875,232.418958,1617
1320.435263,198.190708,194.069751,1620
1320.466261,132.978708,130.596667,1623
1320.499327,83.421916,82.840333,1625
1320.510808,67.199125,66.378958,1626
1320.519456,184.744292,183.887084,1624
1320.563840,40.977417,40.401084,1627
1320.575098,48.022334,47.394958,1628
1320.677277,39.169375,38.890834,1629
1320.793069,43.846250,43.372292,1630
1320.821815,42.200958,41.427167,1631
1320.907200,46.806083,46.198834,1632
1321.008219,36.729875,36.239292,1633
1321.081965,48.999709,48.464500,1634
1321.142563,80.526541,79.907625,1635
1321.151209,68.653083,68.293458,1636
1321.156429,69.481125,68.968666,1637
1321.240978,47.289375,46.792959,1638
1321.352146,47.343334,46.851292,1639
1321.397424,89.160750,88.338542,1640
1321.397707,77.841458,77.243250,1641
1321.416768,93.848416,93.335667,1642
1321.476253,149.613917,148.890875,1643
1321.479259,63.341833,62.704542,1645
1321.495522,61.682833,60.946667,1646
1321.539542,177.867666,177.011042,1644
1321.571995,105.468708,104.591666,1647
1321.589982,63.009625,62.351334,1649
1321.609218,136.003583,135.487041,1648
1321.651945,59.089917,58.674291,1650
1321.676861,59.258500,58.727959,1651
1321.699034,60.823584,60.228584,1652
1321.735063,70.493208,69.661959,1654
1321.753661,103.334875,102.663750,1653
1321.807786,72.748958,72.105250,1657
1321.808890,128.299208,127.632166,1655
1321.816197,90.811292,90.316917,1656
1321.853224,103.980916,101.656042,1658
1321.909595,54.770042,53.979333,1661
1321.913850,163.297750,162.866667,1659
1321.933718,73.367292,72.724167,1662
1321.950464,184.135000,183.453667,1660
1321.990905,124.814667,124.021917,1663
1322.022549,51.076375,50.635375,1665
1322.033864,153.560458,153.056167,1664
1322.057284,35.443625,34.547042,1666
1322.121300,38.695708,37.996583,1667
1322.218518,24.830167,24.533250,1668
1322.275980,24.983000,24.469959,1669
1322.331721,26.947667,26.596500,1670
1322.385174,37.617126,37.075792,1671
1322.430576,72.276459,71.691667,1672
1322.453386,60.595500,60.137583,1673
1322.458795,60.244625,59.668584,1674
1322.490680,74.773417,74.120959,1675
1322.543598,46.067875,45.490666,1677
1322.554934,132.793791,132.118583,1676
1322.571482,63.908250,63.278833,1678
1322.600650,89.208292,88.564584,1679
1322.652255,55.990959,55.250709,1681
1322.658839,131.801542,131.130417,1680
1322.704146,66.071250,64.864917,1683
1322.720342,84.900958,84.187542,1682
1322.806925,66.630083,65.887791,1685
1322.811385,66.242167,65.586500,1686
1322.825174,87.762208,87.076500,1684
1322.849338,33.162208,32.712459,1689
1322.896400,147.157791,146.274333,1687
1322.916265,55.920084,55.225625,1690
1322.942420,153.538583,152.824000,1688
1322.949939,75.339541,74.726750,1691
1322.988698,99.993834,99.323583,1692
1323.048876,159.273334,158.629625,1693
1323.062365,99.171625,98.394917,1694
1323.072210,100.699959,100.010459,1695
1323.113239,84.542500,83.738083,1696
1323.123625,41.105750,40.411000,1699
1323.166792,130.691458,130.072542,1697
1323.204803,159.526209,158.550292,1698
1323.221173,89.536708,88.877541,1700
1323.244478,50.730458,45.304000,1702
1323.257782,68.946500,68.492958,1701
1323.284686,81.743083,81.113083,1703
1323.307177,55.709792,55.060542,1704
1323.348416,43.620791,42.774375,1705
1323.382842,43.410792,42.854875,1706
1323.449160,46.864416,46.283416,1707
1323.458986,43.112125,42.663542,1708
1323.506163,31.285042,30.494916,1709
1323.559750,56.009041,55.429792,1710
1323.573676,46.643333,46.166750,1711
1323.676464,38.309250,37.705208,1712
1323.710514,60.411750,59.647292,1713
1323.729882,41.879542,41.349583,1714
1323.758063,45.292625,44.737875,1715
1323.807171,57.916834,57.463000,1717
1323.819321,74.001083,73.037417,1716
1323.852328,57.199042,56.319084,1718
1323.863623,66.320334,65.728833,1719
1323.907586,87.311000,86.729417,1720
1323.918323,85.615542,85.136041,1721
1323.952622,92.268750,91.852541,1723
1323.970162,48.940792,48.185375,1726
1323.997386,149.543625,148.756417,1722
1324.112228,139.612375,137.622333,1727
1324.119308,227.465583,225.677083,1724
1324.138304,152.961666,152.449792,1728
1324.194841,300.246334,299.258750,1725
1324.328291,133.819291,133.057167,1733
1324.329967,297.612583,296.955458,1729
1324.338194,128.331583,126.750458,1734
1324.440195,381.899584,380.723000,1730
1324.491924,163.592042,121.949625,1737
1324.505415,167.203750,124.355292,1739
1324.526114,442.005084,441.430209,1732
1324.653069,570.280959,566.372042,1731
1324.657320,165.352541,123.914291,1741
1324.668100,162.664834,117.927542,1742
1324.796468,555.103792,552.536834,1735
1324.825701,168.344458,125.377292,1745
1324.829301,176.190000,134.350125,1744
1324.874728,614.895458,614.223750,1736
1324.916139,119.637584,76.387500,1747
1324.951326,125.600417,84.818709,1748
1324.993145,118.372916,77.699125,1750
1325.004297,674.311167,622.744792,1738
1325.021311,105.149042,63.962209,1751
1325.052171,611.954875,571.274376,1740
1325.097199,92.870750,51.299500,1754
1325.105340,112.168292,71.422750,1753
1325.110139,584.005041,542.801000,1743
1325.151324,483.206209,441.728000,1746
1325.202194,372.857042,331.503667,1749
1325.212306,115.076792,73.411334,1757
1325.220225,114.842875,72.770542,1758
1325.232138,280.778167,239.729584,1752
1325.283223,261.883417,220.696292,1755
1325.317285,104.948083,63.863625,1762
1325.340141,137.928292,96.839167,1761
1325.371246,319.049208,277.988375,1756
1325.387225,103.980625,62.951000,1765
1325.401291,83.962958,42.347083,1766
1325.422314,312.146626,270.859167,1759
1325.464302,77.035875,36.045334,1769
1325.480153,108.872750,67.528125,1768
1325.486240,334.880292,293.691417,1760
1325.511332,291.065833,250.376000,1763
1325.576256,344.092000,303.334500,1764
1325.578126,113.782666,73.030417,1772
1325.598165,117.988208,77.173833,1773
1325.636134,295.968167,254.629375,1767
1325.688292,110.146459,68.871834,1777
1325.692157,115.864000,74.878417,1776
1325.708229,306.898666,266.168000,1770
1325.758133,335.780375,294.971833,1771
1325.796204,104.027875,62.953625,1781
1325.806332,118.001625,75.618083,1780
1325.829145,70.991958,30.109917,1783
1325.830159,343.905333,303.120125,1774
1325.892310,380.937667,339.997875,1775
1325.899348,103.116709,61.806791,1784
1325.917302,110.930167,69.435626,1785
1325.939315,341.121375,299.915292,1778
1325.985135,92.786458,51.632875,1788
1325.996310,360.148834,319.371501,1779
1326.003370,103.981500,62.645917,1789
1326.037295,329.025667,286.878375,1782
1326.071254,86.100292,44.736709,1792
1326.123281,294.109959,253.358000,1786
1326.124149,127.748833,86.195959,1793
1326.141210,103.889042,62.419875,1795
1326.179311,349.129084,308.558250,1787
1326.215149,90.983667,50.424500,1798
1326.250299,126.976209,85.819417,1797
1326.271147,353.819666,309.386000,1790
1326.285386,105.971250,65.031750,1800
1326.312348,97.166417,55.750625,1801
1326.352199,412.850375,371.902417,1791
1326.354302,103.957875,62.307000,1802
1326.380314,109.141958,67.732875,1803
1326.395371,391.957125,351.141583,1794
1326.452283,97.939042,56.652167,1807
1326.460140,107.907917,66.648167,1806
1326.468247,396.971750,356.161750,1796
1326.542207,400.972833,355.525625,1799
1326.553358,101.033917,59.809458,1810
1326.560184,100.018917,59.172458,1811
1326.590372,304.945667,263.257458,1804
1326.626226,313.829834,272.049167,1805
1326.672251,130.007500,88.738709,1813
1326.678167,124.764500,84.001167,1814
1326.699315,318.964626,277.431292,1808
1326.775133,96.941541,56.451208,1819
1326.782147,109.862959,69.000458,1818
1326.788442,393.024334,351.936959,1809
1326.869120,400.853542,359.701125,1812
1326.883136,100.967125,60.111916,1822
1326.884314,109.157708,68.016666,1821
1326.945104,384.901709,343.634667,1815
1326.981220,98.056583,57.047666,1825
1326.982118,112.981167,71.859667,1824
1327.017308,426.890916,385.522667,1816
1327.045291,100.163000,59.145334,1827
1327.091285,110.024542,69.194417,1828
1327.093131,466.870833,426.269959,1817
1327.128306,110.957000,69.589042,1830
1327.140242,440.891209,399.435458,1820
1327.203233,110.081417,68.872709,1833
1327.204277,112.957542,72.091541,1832
1327.209276,420.779917,378.985542,1823
1327.249255,364.906208,323.205750,1826
1327.303124,320.986459,279.874292,1829
1327.303222,98.913792,58.057125,1837
1327.326220,122.960834,82.065667,1836
1327.357325,311.994083,270.723250,1831
1327.412387,109.119500,68.098625,1841
1327.418118,114.975583,73.824625,1840
1327.422336,293.987750,253.039209,1834
1327.459299,319.020042,277.365667,1835
1327.503214,293.903167,252.671417,1838
1327.528188,115.770375,74.649458,1844
1327.531352,113.209250,71.724333,1845
1327.561234,311.956167,270.933834,1839
1327.608206,104.948959,63.529666,1848
1327.622148,93.945834,52.770083,1849
1327.635314,309.048250,268.045458,1842
1327.722209,113.961458,73.248291,1852
1327.723192,101.021375,59.633000,1853
1327.730262,372.899625,331.181959,1843
1327.774261,351.882416,310.503083,1846
1327.824211,101.963167,60.284875,1855
1327.837175,377.845708,337.095500,1847
1327.839334,116.099667,74.721792,1856
1327.875306,343.910875,302.741833,1850
1327.917288,93.037000,51.780167,1859
1327.938314,377.054708,335.792042,1851
1327.942366,105.153125,64.080625,1860
1327.993304,357.943833,308.920791,1854
1328.036268,97.908417,56.535500,1864
1328.040323,123.000792,81.658500,1863
1328.058305,328.022333,286.526333,1857
1328.112361,338.066750,296.590584,1858
1328.143147,106.844500,65.660583,1867
1328.166252,125.890042,84.235375,1868
1328.175168,335.794083,294.546583,1861
1328.208140,95.743959,54.314458,1870
1328.240111,364.779333,322.324334,1862
1328.260310,117.134500,76.227083,1871
1328.269316,94.122291,52.719625,1873
1328.319258,376.859875,335.427458,1865
1328.360188,366.844625,325.982708,1866
1328.369292,129.156417,87.703292,1875
1328.377262,116.915458,75.408375,1876
1328.410254,351.918000,311.180042,1869
1328.460216,90.882166,49.180250,1880
1328.468299,108.071834,67.298583,1879
1328.492293,326.014792,284.744542,1872
1328.537285,329.119000,287.642833,1874
1328.575255,106.929958,65.856292,1884
1328.588157,127.905459,86.734667,1883
1328.611217,341.864542,300.620250,1877
1328.640142,102.822708,61.106208,1886
1328.691219,115.944501,74.440625,1887
1328.692254,372.952125,331.539250,1878
1328.696158,84.921958,42.709917,1889
1328.765278,387.989584,346.889083,1881
1328.797198,105.958125,64.771291,1891
1328.804379,112.098000,71.054958,1892
1328.815297,405.017083,364.366917,1882
1328.854337,89.022792,47.556250,1894
1328.902301,409.964917,368.597250,1885
1328.910361,95.025000,53.599875,1897
1328.923342,126.104125,85.221500,1895
1328.945296,357.112875,315.654792,1888
1328.999683,359.522334,317.730583,1890
1329.024287,113.879208,72.282875,1900
1329.046317,143.975708,102.749500,1899
1329.105261,409.070084,366.576291,1893
1329.173251,173.548084,132.173125,1903
1329.184354,160.025250,118.458958,1904
1329.218302,413.878209,372.364417,1896
1329.325404,152.132167,110.661250,1907
1329.332600,148.200208,105.405709,1908
1329.343277,488.903917,446.787542,1898
1329.430359,506.978792,465.291167,1901
1329.483357,150.722251,108.996708,1911
1329.515728,190.298209,147.715750,1910
1329.529912,584.575542,542.386251,1902
1329.643831,160.432416,118.510875,1914
1329.659628,613.269417,569.488792,1905
1329.675347,159.569084,116.844584,1915
1329.771188,664.717375,622.088250,1906
1329.812841,168.985833,126.856916,1917
1329.844136,184.476834,143.724000,1918
1329.897313,678.973458,637.833584,1909
1329.914151,101.273375,60.578583,1921
1329.916188,144.978750,104.188291,1920
1329.952300,608.974917,564.600459,1912
1329.996194,98.839125,57.240750,1923
1330.013297,582.896708,541.186333,1913
1330.025289,111.107500,68.573459,1924
1330.075316,545.371167,503.479083,1916
1330.122183,125.956542,84.547750,1927
1330.125144,111.805167,70.756292,1928
1330.126317,450.926875,409.417459,1919
1330.162321,318.164584,276.649333,1922
1330.215229,299.021917,257.627709,1925
1330.235398,113.185917,72.451167,1931
1330.242195,117.030084,75.424125,1932
1330.271292,318.959376,277.538626,1926
1330.297220,81.966792,41.325375,1935
1330.335153,309.822334,267.491875,1929
1330.346325,110.878250,69.118292,1936
1330.374241,298.877833,257.162792,1930
1330.412217,140.884917,99.321542,1938
1330.423142,87.973083,46.908458,1940
1330.436194,309.840417,268.023292,1933
1330.470257,95.995084,54.448625,1942
1330.501158,88.905833,47.954375,1943
1330.504100,341.753417,300.389833,1934
1330.544285,302.066334,261.059458,1937
1330.553175,116.959792,76.162334,1945
1330.577300,107.020375,66.250917,1946
1330.620319,323.059916,281.235208,1939
1330.664114,119.792750,79.030292,1949
1330.669406,116.196792,74.997125,1950
1330.675325,328.957125,287.730042,1941
1330.704147,280.989625,239.940458,1944
1330.753127,88.993334,48.365334,1953
1330.768201,98.742292,57.265834,1954
1330.785210,284.025292,242.461333,1947
1330.842198,89.051667,47.934542,1957
1330.851170,347.050083,306.459125,1948
1330.864324,96.081708,55.400916,1958
1330.921142,343.807625,302.569750,1951
1330.963135,120.917708,78.656375,1960
1330.980210,129.017875,87.861375,1961
1330.986228,365.870459,324.997167,1952
1331.037180,361.816292,320.375125,1955
1331.044303,123.142542,81.938208,1963
1331.070247,366.084833,324.750125,1956
1331.078355,115.196084,74.392208,1964
1331.133212,347.959792,306.878250,1959
1331.140312,103.094833,60.687959,1967
1331.166298,121.951375,80.700667,1968
1331.176193,311.839209,270.676875,1962
1331.238208,97.841917,56.182875,1972
1331.241279,108.025750,66.768916,1971
1331.252253,272.000167,231.129208,1965
1331.310371,324.102625,283.107125,1966
1331.335140,93.832667,51.827125,1976
1331.364242,293.972000,252.933333,1969
1331.390301,152.048459,111.132584,1975
1331.429199,350.798000,303.893625,1970
1331.440297,129.882666,88.533084,1978
1331.457297,290.962292,249.730250,1973
1331.501278,137.017125,95.742500,1980
1331.514322,338.103501,297.224667,1974
1331.522241,93.006084,51.642208,1982
1331.547316,295.038626,253.444625,1977
1331.620244,285.085792,243.795125,1979
1331.622199,120.883875,79.485000,1985
1331.622238,107.875250,66.346000,1986
1331.656365,266.024500,225.147417,1981
1331.724208,103.920250,63.026542,1989
1331.729179,288.845084,247.782792,1983
1331.743163,120.915375,79.706083,1991
1331.763137,305.799667,264.585417,1984
1331.818304,296.036125,253.678250,1987
1331.830152,105.905625,62.842208,1993
1331.842189,112.988166,72.282000,1994
1331.866263,318.921166,277.327167,1988
1331.920292,101.949166,60.531917,1997
1331.931324,309.096958,265.248666,1990
1331.933160,102.992459,62.153000,1998
1331.964370,307.966458,266.703208,1992
1332.018315,275.125083,234.078541,1995
1332.025199,93.829459,52.960541,2002
1332.028318,107.979958,67.079542,2001
1332.065327,302.164041,261.461083,1996
1332.125220,106.869875,65.530208,2005
1332.127237,285.024542,243.999291,1999
1332.141335,116.093250,75.048166,2006
1332.174300,308.011083,264.628000,2000
1332.222197,94.921458,54.158417,2010
1332.241309,116.046584,74.394834,2009
1332.246304,313.117875,271.793375,2003
1332.296175,331.767334,287.705834,2004
1332.322288,100.052167,58.944083,2013
1332.333141,91.794500,50.787333,2014
1332.349137,320.782292,279.286000,2007
1332.409291,113.074500,71.749709,2016
1332.413285,347.917501,307.097584,2008
1332.419355,97.024666,56.083417,2017
1332.450313,308.936251,267.735708,2011
1332.486309,311.978042,269.190834,2012
1332.528299,114.992500,72.417334,2021
1332.550150,140.822500,100.005791,2020
1332.560209,313.873000,272.542958,2015
1332.614126,127.588708,86.174667,2024
1332.629365,101.025458,59.487750,2025
1332.636366,303.197708,262.398208,2018
1332.677149,327.991709,287.312375,2019
1332.731200,311.804792,270.696417,2022
1332.738168,124.019292,82.859000,2028
1332.751339,121.932125,80.345416,2029
1332.788151,337.801333,296.770250,2023
1332.824111,85.918583,44.096500,2033
1332.842394,111.159125,70.454125,2032
1332.859406,71.228500,30.148708,2035
1332.881230,331.058584,290.140375,2026
1332.912315,88.179584,47.390292,2036
1332.931203,370.960917,329.642251,2027
1332.953291,110.857542,70.033834,2037
1332.990320,353.911251,306.020750,2030
1332.998242,116.995375,75.690708,2039
1333.028368,97.125583,56.023334,2041
1333.031252,354.087417,312.871417,2031
1333.090206,338.818084,296.976750,2034
1333.096172,105.818125,65.201791,2043
1333.128302,130.039000,88.691458,2044
1333.143245,283.805958,242.922166,2038
1333.186113,89.916167,48.627250,2048
1333.200293,110.038834,68.710250,2047
1333.209148,296.794167,255.692209,2040
1333.270136,316.809792,274.386000,2042
1333.292200,106.064000,65.051875,2051
1333.328311,299.903333,258.587000,2045
1333.351293,150.957917,109.375875,2052
1333.379229,109.069042,68.037959,2054
1333.401313,370.030500,328.704542,2046
1333.419313,90.955375,49.781958,2056
1333.450140,98.812291,57.467666,2057
1333.471309,342.965000,302.043000,2049
1333.514201,134.930541,94.320625,2058
1333.530197,110.837709,69.585833,2060
1333.535230,391.958875,350.889292,2050
1333.575219,366.046625,325.159625,2053
1333.616254,102.015084,61.315625,2063
1333.642307,350.065334,309.078584,2055
1333.652205,121.969458,79.618875,2064
1333.687333,112.075541,69.703375,2066
1333.724251,322.902417,281.472334,2059
1333.741138,124.848500,84.101208,2067
1333.759307,107.061500,65.450583,2069
1333.810149,359.988709,318.559792,2061
1333.823293,99.003333,58.072000,2071
1333.869233,128.070833,87.173625,2072
1333.877254,405.899375,363.411709,2062
1333.899244,89.075000,48.474125,2074
1333.951333,416.063376,375.100542,2065
1333.989609,112.327833,68.526500,2077
1334.002285,133.015167,92.176291,2076
1334.021837,379.492166,337.985375,2068
1334.078156,126.781667,82.860459,2079
1334.153399,466.024417,423.344833,2070
1334.165310,175.654791,133.783708,2080
1334.245352,486.002709,445.433333,2073
1334.255345,177.146667,136.070083,2083
1334.343326,189.888417,148.666876,2084
1334.364528,541.201792,499.307084,2075
1334.400319,154.935375,113.857333,2086
1334.497232,591.029834,549.318292,2078
1334.532394,167.836084,126.793041,2089
1334.534595,191.231250,148.415166,2088
1334.602311,599.999750,559.122375,2081
1334.666215,168.958708,128.452625,2091
1334.694426,161.996916,120.166084,2092
1334.721678,699.808958,653.186042,2082
1334.834398,168.142916,126.598208,2095
1334.855217,661.465584,619.830459,2085
1334.857135,162.673000,121.141416,2096
1334.913155,657.778917,614.747584,2087
1334.947321,112.896000,72.111959,2098
1334.952232,96.985583,55.860291,2099
1334.991306,575.386876,533.119417,2090
1334.991429,78.242209,37.395750,2101
1335.044277,96.915292,56.051042,2102
1335.059149,106.897875,65.118959,2103
1335.065301,530.674667,489.375834,2093
1335.101302,498.951250,457.523501,2094
1335.145321,101.005333,59.686083,2106
1335.160145,100.975292,60.409416,2107
1335.175220,453.499959,411.686042,2097
1335.241112,95.757083,55.184208,2110
1335.242256,385.103542,338.783083,2100
1335.270363,278.907709,238.071167,2104
1335.281318,121.148125,79.787459,2111
1335.317212,325.496500,283.189666,2105
1335.351315,110.178250,68.931625,2113
1335.364360,122.078541,81.159750,2114
1335.399218,333.868208,292.250291,2108
1335.402286,85.031917,43.110666,2117
1335.437327,85.970208,44.984041,2118
1335.469318,367.974541,326.424000,2109
1335.502192,111.763750,70.304500,2119
1335.512322,96.380667,55.633375,2120
1335.526260,351.003333,309.812416,2112
1335.555270,54.480417,53.791208,2122
1335.599150,328.771334,288.178333,2115
1335.609340,107.040208,66.157583,2123
1335.612610,48.152417,47.461167,2125
1335.641703,199.552208,199.113542,2121
1335.647318,365.959125,324.456417,2116
1335.689397,51.251958,50.467959,2127
1335.732624,75.816416,75.138000,2128
1335.741209,214.175209,172.952500,2124
1335.781319,215.510459,174.273459,2126
1335.805112,55.888292,55.194708,2131
1335.806732,131.994333,131.450666,2129
1335.828316,52.274833,51.602542,2132
1335.848257,162.514333,161.798584,2130
1335.885031,89.832459,89.064791,2133
1335.923627,83.901125,83.248667,2134
1335.958621,107.419375,106.718792,2135
1335.960457,100.084834,96.478375,2136
1335.996674,131.669125,130.950458,2137
1336.006517,80.819083,80.343959,2139
1336.046274,74.835541,74.264750,2140
1336.054177,167.512334,165.942875,2138
1336.101208,78.323875,76.015334,2144
1336.117090,133.228375,132.450500,2141
1336.124453,69.259459,68.252333,2145
1336.157711,168.060958,167.507958,2142
1336.211492,67.568375,66.971041,2148
1336.220191,60.093542,59.546083,2149
1336.277203,286.448750,245.193084,2143
1336.284782,69.293583,68.320000,2152
1336.305419,222.867458,222.261083,2146
1336.327230,102.574500,59.747917,2153
1336.344253,257.198084,256.694375,2147
1336.413473,238.095667,237.300292,2150
1336.428225,92.376667,91.670834,2156
1336.435286,130.484375,88.910209,2155
1336.462145,268.447958,267.563917,2151
1336.467068,72.948459,70.981458,2158
1336.510963,57.458625,56.614834,2160
1336.549293,295.161125,253.579375,2154
1336.582143,202.110125,200.600459,2157
1336.597739,70.760375,70.055708,2162
1336.598655,86.025334,85.497708,2161
1336.646566,230.647375,229.863666,2159
1336.675349,37.226875,36.724042,2164
1336.716077,160.295041,159.419750,2163
1336.736873,62.229417,61.527958,2165
1336.772185,62.633667,62.260625,2166
1336.788675,42.906208,42.471042,2168
1336.811187,96.035625,95.401834,2167
1336.857426,108.211542,106.553417,2169
1336.924174,68.671750,68.077333,2170
1336.925101,61.280625,60.530167,2172
1336.926548,66.188209,65.731750,2171
1336.996435,121.512417,120.910417,2173
1337.036169,64.712375,64.226750,2174
1337.053989,79.632584,73.850875,2176
1337.088467,116.865875,116.356042,2175
1337.090830,110.261959,105.785459,2177
1337.138341,153.697250,153.031376,2178
1337.155531,99.613792,98.982042,2179
1337.163218,66.346583,65.729125,2182
1337.194092,129.607041,128.996292,2180
1337.241195,85.079167,84.569917,2185
1337.262590,68.947083,68.252625,2186
1337.277215,194.671458,185.630083,2181
1337.291765,40.299875,39.658500,2187
1337.329954,187.254666,186.466291,2183
1337.362274,57.475541,56.840583,2188
1337.393759,245.239750,244.651166,2184
1337.401595,57.801334,56.978542,2189
1337.454480,72.424917,71.764000,2190
1337.465264,59.783500,56.756000,2191
1337.493651,77.790708,73.122875,2193
1337.499370,89.062750,88.377625,2192
1337.515714,64.291208,63.790416,2194
1337.547148,28.738208,28.280000,2195
1337.602191,75.168917,74.554083,2196
1337.646830,67.325708,57.925583,2198
1337.664494,86.032916,85.326208,2197
1337.671946,62.454875,61.942125,2199
1337.693159,55.021750,54.487125,2200
1337.786130,66.903959,66.541709,2201
1337.811758,59.219708,58.599917,2203
1337.821593,72.368333,71.792584,2202
1337.849766,84.007000,83.102250,2204
1337.881790,53.572167,51.531083,2206
1337.910791,82.821083,82.213833,2205
1337.933964,73.573500,72.924250,2207
1337.941967,58.056834,57.519292,2208
1337.996473,91.771167,91.163625,2209
1338.032119,60.700500,59.932834,2210
1338.045770,65.641625,64.979250,2211
1338.062096,64.030167,63.455584,2212
1338.116360,49.364291,48.974042,2213
1338.125330,42.730917,41.943125,2214
1338.230108,48.308750,47.842375,2215
1338.263484,75.970125,75.352375,2216
1338.281774,39.038125,38.019042,2218
1338.283434,89.757208,89.154042,2217
1338.313158,63.919917,63.461708,2219
1338.363856,54.337792,53.640125,2221
1338.377042,72.242625,71.704208,2220
1338.406393,52.313625,51.701708,2222
1338.412949,46.628750,46.132042,2223
1338.461604,88.520542,87.725750,2224
1338.475454,59.598292,59.050834,2225
1338.522047,46.213125,45.609958,2227
1338.526293,72.878750,72.305042,2226
1338.567456,73.522750,72.499292,2228
1338.586350,59.294958,58.602250,2230
1338.604371,103.668250,102.896209,2229
1338.681563,43.399708,42.652459,2231
1338.702664,52.944792,52.308958,2232
1338.786155,36.913917,36.337875,2234
1338.788106,57.112125,56.502250,2233
1338.924561,64.228792,63.735583,2235
1338.944358,31.585750,31.054625,2236
1339.082970,111.502709,109.846625,2237
1339.143136,135.030583,134.098708,2238
1339.143394,125.477625,124.880292,2239
1339.177250,124.254083,122.572334,2240
1339.307766,132.094958,131.315042,2245
1339.310221,238.793042,238.354667,2241
1339.330646,136.880041,136.198416,2246
1339.462476,379.906042,378.317917,2242
1339.478158,170.361625,129.174208,2249
1339.498273,167.604500,125.153584,2251
1339.584546,456.917417,456.296167,2243
1339.643320,180.803292,138.808542,2252
1339.659218,181.033708,140.350875,2253
1339.702189,570.393542,569.637542,2244
1339.811282,597.450000,596.466791,2247
1339.821289,162.034250,120.729000,2257
1339.827233,183.866667,141.498000,2256
1339.882073,660.952833,660.181959,2248
1339.920171,98.864500,57.512000,2260
1339.934314,122.996417,81.093834,2259
1339.960271,650.026417,608.324792,2250
1339.996242,114.136750,73.048500,2262
1340.028131,529.825625,489.209876,2254
1340.053145,92.838958,51.737875,2265
1340.070367,150.176834,107.597000,2263
1340.110270,525.700875,478.395459,2255
1340.137289,109.134375,68.123709,2267
1340.141249,88.082750,47.152875,2268
1340.163313,461.093792,419.983084,2258
1340.209227,98.924000,58.126541,2270
1340.213171,385.898042,344.819709,2261
1340.231249,93.921916,52.988250,2271
1340.249309,314.950708,273.776708,2264
1340.317297,321.029625,279.357750,2266
1340.326144,116.883666,75.684584,2274
1340.339301,126.101208,84.790417,2275
1340.357278,52.480166,51.942625,2277
1340.377181,306.779667,265.943416,2269
1340.415222,273.952584,233.372709,2272
1340.452777,36.886209,36.413125,2278
1340.490289,326.942291,285.532916,2273
1340.533306,293.864375,252.259583,2276
1340.567026,39.971167,39.483500,2280
1340.578650,54.021333,53.405334,2279
1340.622970,58.329542,57.362084,2281
1340.643357,70.910875,70.154583,2283
1340.652649,87.148250,86.636375,2282
1340.680581,50.514917,49.868584,2284
1340.710483,47.776458,47.284125,2286
1340.711847,73.746459,73.096333,2285
1340.781523,32.276417,31.712042,2287
1340.809222,37.732042,37.089792,2288
1340.852218,24.871875,24.383042,2289
1340.896143,35.812000,35.151083,2290
1340.972039,38.956750,38.598875,2291
1341.007937,58.115750,57.443166,2292
1341.013800,42.315292,41.635125,2293
1341.131316,48.740125,48.056458,2294
1341.159293,60.493417,59.941000,2295
1341.183084,61.216166,60.488167,2296
1341.233664,39.979333,39.470667,2297
1341.319792,49.144958,48.710375,2298
1341.356618,75.850250,75.282375,2299
1341.357176,52.390917,51.962750,2300
1341.390078,51.594958,50.897000,2301
1341.448726,96.006750,95.407375,2302
1341.464048,62.045083,61.417125,2304
1341.469117,85.066333,84.452084,2303
1341.504726,88.825333,88.334167,2305
1341.519803,48.301458,47.772958,2307
1341.548888,130.857417,130.196500,2306
1341.598345,71.339334,70.618042,2308
1341.606100,58.991041,58.407417,2309
1341.628935,51.206458,50.636542,2310
1341.686289,48.182750,47.472541,2311
1341.776323,36.210125,35.765333,2313
1341.776869,69.053250,67.427500,2312
1341.794394,45.163708,44.641334,2314
1341.892929,73.738000,73.385083,2315
1341.907903,47.548666,47.070917,2317
1341.918857,74.166166,73.659542,2316
1342.003391,31.894042,31.309833,2319
1342.034134,65.819833,65.235041,2318
1342.041463,58.829458,58.097084,2320
1342.123108,40.540208,39.940250,2321
1342.231762,38.075333,37.605166,2322
1342.289067,36.362083,35.857792,2323
1342.362283,57.454834,56.776125,2324
1342.364855,48.549667,47.954084,2326
1342.380544,66.765709,66.338416,2325
1342.452156,36.239583,35.687750,2327
1342.562155,35.096250,34.587000,2328
1342.631198,62.038375,61.611375,2329
1342.634221,41.547041,41.017083,2330
1342.694349,76.222126,73.881792,2331
1342.705220,67.144001,66.549583,2332
1342.708334,58.174666,57.698667,2333
1342.754868,71.955042,70.422625,2334
1342.763467,65.503958,64.913917,2335
1342.809912,70.197458,69.778917,2336
1342.818417,69.171958,68.512208,2337
1342.829927,66.066000,65.438625,2338
1342.877351,48.808083,47.974791,2339
1342.902190,41.813042,41.153000,2340
1343.002337,30.892166,30.294833,2341
1343.041303,51.605750,50.796667,2342
1343.122303,39.734625,38.633875,2344
1343.138206,60.760875,60.311708,2343
1343.169041,36.535625,35.629417,2346
1343.182854,76.431833,75.804459,2345
1343.224341,55.024666,54.491208,2347
1343.241134,47.471959,46.567500,2349
1343.254577,67.492250,67.020333,2348
1343.370225,65.426667,64.902251,2350
1343.458752,42.846416,42.150500,2351
1343.510041,59.710291,58.902667,2352
1343.550268,37.041958,36.530959,2353
1343.584147,57.092292,56.341250,2354
1343.679688,41.568917,41.139000,2355
1343.795832,46.582083,46.092375,2356
1343.843312,57.945709,55.363875,2357
1343.866923,49.087500,48.594291,2359
1343.873438,63.837958,63.315000,2358
1343.912549,52.177125,51.385542,2360
1344.058237,123.003417,122.104209,2361
1344.110374,141.824667,140.538125,2362
1344.110586,138.188459,136.570292,2363
1344.160218,165.453459,164.620167,2364
1344.253585,129.173041,128.548875,2367
1344.273040,115.196375,114.492000,2368
1344.280731,197.658125,196.869458,2365
1344.364133,259.867708,257.787542,2366
1344.401247,96.372209,94.913292,2371
1344.456655,262.305750,261.219583,2369
1344.525348,109.102875,108.119667,2372
1344.594628,142.516208,141.568000,2373
1344.602464,369.063042,368.262125,2370
1344.624148,96.806500,94.811791,2374
1344.713734,75.577833,75.077333,2375
1344.763260,82.194875,81.353708,2376
1344.805409,55.364458,54.842958,2377
1344.911167,50.830209,50.451625,2378
1345.024217,52.752292,52.043541,2379
1345.090061,52.390917,51.472458,2380
1345.130265,47.680500,47.142083,2381
1345.234917,41.225333,40.711417,2382
1345.348079,53.397750,52.810042,2384
1345.354159,66.598292,66.117625,2383
1345.367289,62.450208,61.670000,2385
1345.443099,27.181001,26.633542,2386
1345.516842,60.203792,59.372250,2387
1345.563236,42.833875,42.239750,2388
1345.580548,53.490500,52.874791,2389
1345.680194,42.081958,41.517000,2390
1345.726275,52.167208,51.454667,2391
1345.780232,42.746375,42.039667,2392
1345.806523,57.266708,56.595875,2393
1345.853339,54.655125,53.869375,2394
1345.940217,79.847833,79.135875,2395
1346.041377,69.915417,69.225041,2396
1346.110183,27.573584,27.107792,2397
1346.234321,40.636167,40.192833,2398
1346.334278,29.475833,29.169000,2399
1346.380764,32.524041,31.989125,2401
1346.399113,70.315583,69.313125,2400
1346.450048,34.103709,33.591541,2402
1346.471084,46.088000,45.488916,2403
1346.590402,63.382667,62.847750,2404
1346.702155,64.028417,63.534333,2405
1346.783555,34.305250,33.751666,2407
1346.793085,59.652250,59.038875,2406
1346.904711,44.342375,43.831375,2408
1346.983655,31.752584,31.242167,2409
1347.047840,76.332667,75.649583,2410
1347.120736,38.150000,37.706375,2411
1347.232996,39.328625,38.810625,2412
1347.277414,70.942667,70.282625,2413
1347.345750,40.976542,40.432000,2414
1347.443158,27.247208,26.912666,2415
1347.508118,40.523292,39.953083,2416
1347.518189,50.017041,49.538125,2417
1347.562549,35.495251,34.954209,2418
1347.665361,27.251000,26.936875,2419
1347.719106,63.385292,62.550542,2420
1347.785833,36.596000,36.166667,2421
1347.820438,61.307459,60.232084,2422
1347.908422,48.031084,47.105042,2424
1347.914437,66.837459,66.346875,2423
1347.956968,72.266833,71.568875,2425
1347.966963,59.271333,58.602250,2426
1348.007705,83.413458,82.784917,2427
1348.013914,42.458500,41.945166,2428
1348.068778,77.314708,76.553458,2429
1348.125138,42.551833,41.870500,2430
1348.207412,59.074459,58.398667,2431
1348.224322,73.514000,72.911709,2432
1348.229983,67.930334,67.179583,2433
1348.258179,64.498001,63.869459,2434
1348.342802,38.032167,37.637542,2435
1348.413704,76.847750,76.072791,2436
1348.461464,45.528875,44.853959,2437
1348.474592,32.366833,31.953542,2438
1348.543270,41.712125,41.119166,2439
1348.569518,42.471041,41.758791,2440
1348.686458,48.319833,47.588625,2441
1348.715543,73.579042,72.634916,2442
1348.729271,70.615417,69.979583,2443
1348.743691,54.358792,53.804625,2444
1348.796908,47.694792,46.993334,2445
1348.934896,74.518500,73.946833,2446
1349.046181,74.699333,74.118042,2447
1349.163310,80.676750,79.947292,2448
1349.181346,80.362334,79.613916,2449
1349.270836,77.060375,76.115084,2450
1349.399343,94.396750,93.546250,2451
1349.406149,91.776417,90.403250,2452
1349.487430,96.035041,93.643959,2453
1349.498373,82.492375,82.019292,2454
1349.596810,93.651250,93.060041,2455
1349.634133,106.802500,105.842625,2456
1349.661646,103.787251,103.287625,2457
1349.734334,96.143250,95.283125,2458
1349.749636,87.735959,87.161083,2459
1349.757728,86.510375,86.005500,2460
1349.794115,73.969000,73.417750,2461
1349.812871,63.634959,62.717958,2463
1349.863031,56.667916,56.057750,2464
1349.870122,37.888084,37.303000,2465
1349.877464,151.738417,151.096750,2462
1349.922227,61.862209,61.205083,2466
1350.025229,74.769333,74.207875,2467
1350.037122,65.653875,65.062083,2468
1350.064476,81.715958,81.028500,2469
1350.109399,48.552583,47.810292,2470
1350.133041,50.449000,49.996334,2471
1350.247685,53.979625,53.309958,2472
1350.341054,36.253875,35.949375,2473
1350.420882,41.038084,40.435209,2474
1350.477526,29.549042,29.130208,2476
1350.497407,81.479125,80.777375,2475
1350.563117,39.382292,38.835125,2477
1350.587143,60.100833,59.427084,2478
1350.696304,58.167958,57.633333,2479
1350.799488,50.246584,49.640500,2480
1350.815277,52.967250,52.357666,2481
1350.901294,40.955250,40.663875,2482
1351.047219,75.718125,75.169500,2483
1351.070365,46.062917,45.522167,2484
1351.143597,60.998292,60.401250,2485
1351.233554,39.868208,39.499541,2486
1351.269200,32.903500,32.515292,2488
1351.289252,64.994416,64.402625,2487
1351.347701,42.879958,42.189292,2489
1351.449409,33.494417,33.136834,2490
1351.488361,32.745417,32.382292,2492
1351.498223,61.947375,61.010834,2491
1351.528326,35.511000,35.040541,2493
1351.560338,33.276833,32.721792,2494
1351.701071,62.906083,62.182166,2495
1351.717786,30.517083,29.913625,2496
1351.797874,49.552125,49.019834,2497
1351.799361,50.146250,49.724500,2498
1351.906852,69.364459,68.723958,2499
1351.911753,51.395166,50.466500,2501
1351.919643,63.830375,63.263958,2500
1352.019037,53.197958,52.746167,2502
1352.024136,54.745250,53.964750,2503
1352.035354,63.890750,63.093917,2504
1352.123959,41.409375,40.942417,2505
1352.267340,36.405250,34.432125,2507
1352.268549,74.865583,74.281958,2506
1352.298358,52.655458,51.974125,2508
1352.345465,40.639958,39.960958,2509
1352.375362,46.534542,45.967833,2510
1352.460544,44.621792,44.213750,2511
1352.588253,31.573208,30.961291,2513
1352.590418,63.379750,62.818583,2512
1352.648820,35.476583,35.047833,2514
1352.680500,39.099084,38.294375,2516
1352.728413,75.300167,74.657334,2517
1352.740905,60.762625,59.949750,2518
1352.749865,111.680334,111.039833,2515
1352.783357,34.141916,33.629459,2520
1352.792479,94.547250,94.133959,2519
1352.913422,53.051833,52.452458,2521
1352.999565,28.083417,27.528375,2522
1353.052755,53.448500,52.850584,2523
1353.137946,55.370876,54.309500,2524
1353.153373,55.300000,54.818167,2525
1353.166415,60.133792,59.589542,2526
1353.243091,40.840041,40.132167,2528
1353.252310,58.590875,57.946875,2527
1353.329698,44.568416,43.974000,2529
1353.348054,43.248333,42.557666,2530
1353.422845,39.657333,38.123458,2531
1353.476957,68.296667,67.641875,2532
1353.482513,66.629209,66.080583,2534
1353.495926,81.977584,81.046583,2533
1353.526237,57.614083,57.065458,2535
1353.568529,41.528959,40.824292,2536
1353.691333,53.216625,52.858167,2537
1353.798491,49.265125,48.885667,2538
1353.901177,40.868042,40.278875,2539
1353.929484,25.909625,25.251625,2540
1354.069242,96.930167,95.931500,2541
1354.084029,106.901959,104.623750,2542
1354.182937,121.555000,121.006959,2543
1354.197631,115.047333,114.444458,2544
1354.226193,129.488917,128.613041,2545
1354.270634,76.454875,75.765083,2546
1354.375704,70.810542,69.819458,2547
1354.486534,111.200250,110.387083,2548
1354.544967,128.928334,128.044584,2549
1354.551522,129.242459,128.426083,2550
1354.592976,168.895125,168.158375,2551
1354.677677,150.612000,149.117209,2552
1354.714863,106.682625,106.153542,2553
1354.736217,97.725834,96.909458,2554
1354.777067,27.807208,27.249833,2555
1354.885976,25.615625,25.062625,2556
1355.015383,43.917125,43.304625,2557
1355.059382,64.409917,63.586833,2558
1355.109795,27.219208,26.706458,2559
1355.239701,46.012167,45.310417,2560
1355.339858,35.047250,34.609750,2561
1355.366656,49.155750,48.641833,2562
1355.482441,66.551041,65.992792,2563
1355.517423,36.607083,36.178333,2564
1355.572695,46.881042,46.454333,2565
1355.573317,46.351958,45.984459,2566
1355.682909,42.161875,41.486083,2568
1355.691309,53.153041,52.534125,2567
1355.793787,44.538375,43.987708,2569
1355.866811,38.200458,37.836167,2570
1355.907838,47.472250,46.916917,2571
1355.926790,43.177750,42.638167,2572
1356.020630,49.157792,48.582625,2573
1356.031686,34.411416,33.937166,2574
1356.138660,56.113750,55.435333,2575
1356.237179,43.510250,42.981750,2576
1356.346153,41.331500,40.664750,2577
1356.389986,63.723916,63.081666,2578
1356.424569,69.938167,69.391000,2579
1356.439412,74.322792,73.523917,2580
1356.445622,29.727542,29.164917,2581
1356.543610,46.877250,46.296542,2582
1356.570929,43.878333,43.403208,2584
1356.588142,74.684167,74.000500,2583
1356.705884,67.746291,67.066125,2585
1356.713260,53.866167,53.448208,2586
1356.766911,72.650958,72.156875,2587
1356.784380,35.160125,34.825000,2588
1356.928717,68.361708,67.868500,2589
1357.007396,35.903875,35.211458,2590
1357.121149,42.839417,42.296333,2591
1357.128837,46.252209,45.611125,2592
1357.166263,40.827500,40.314166,2593
1357.252815,59.127834,58.592916,2594
1357.261120,55.701333,55.245458,2595
1357.298775,55.791750,55.004542,2596
1357.345162,40.377750,39.808125,2598
1357.362873,63.821334,63.245000,2597
1357.453213,37.295708,36.902833,2599
1357.519164,43.363542,42.874708,2600
1357.568834,67.347583,66.577000,2601
1357.570450,43.416042,42.908541,2602
1357.592792,60.473875,59.784083,2603
1357.629277,28.333666,27.854750,2605
1357.652264,70.780792,70.166833,2604
1357.708189,70.072916,69.502125,2606
1357.784672,35.425833,34.925333,2607
1357.897477,39.778667,39.165583,2608
1357.913191,52.810042,52.157875,2609
1357.941868,42.679583,42.007000,2610
1358.033594,62.139292,61.542542,2611
1358.071644,33.906250,33.452125,2612
1358.115982,33.393792,32.941125,2613
1358.272349,78.663959,77.942375,2614
1358.361758,56.961917,56.321708,2615
1358.395162,40.440167,39.979334,2616
1358.433939,64.897584,64.094334,2617
1358.461789,45.880917,45.269875,2618
1358.555157,28.160125,27.593709,2619
1358.637985,49.442166,48.841334,2620
1358.640041,43.951250,43.264375,2621
1358.674539,36.434125,35.767084,2622
1358.783206,38.680250,38.126375,2623
1358.805084,55.771042,55.130541,2624
1358.847775,36.675041,36.200791,2625
1358.913207,52.899584,52.354750,2626
1358.989458,49.600250,49.143500,2627
1359.098837,126.285250,123.447041,2628
1359.122366,133.277083,132.794375,2629
1359.156468,115.915625,115.208042,2630
1359.237472,193.004875,192.322375,2631
1359.249945,114.448250,113.881250,2633
1359.305499,130.319000,129.932250,2634
1359.354111,271.530583,268.142875,2632
1359.383337,112.023334,111.384000,2638
1359.438684,244.461875,243.073542,2635
1359.494429,78.471459,77.853709,2640
1359.531078,316.556625,315.446250,2636
1359.612376,85.244541,84.485625,2641
1359.624375,398.965583,398.058501,2637
1359.714814,409.973376,409.520125,2639
1359.727495,89.370458,88.773125,2642
1359.809839,60.267375,59.649916,2643
1359.845550,81.858583,81.029666,2644
1359.893379,33.023958,32.657625,2645
1359.928612,63.729167,63.085750,2646
1359.956458,45.679083,45.007667,2647
1360.003500,32.029666,31.581667,2648
1360.078052,38.907458,38.415417,2649
1360.138242,79.824501,79.177001,2650
1360.144430,61.898375,61.154042,2652
1360.149659,76.750917,76.071626,2651
1360.199016,50.100458,49.326375,2653
1360.240348,46.676875,46.257750,2654
1360.331690,29.456291,28.979125,2655
1360.381897,77.058916,76.238166,2656
1360.444140,28.234500,27.467416,2657
1360.562524,35.522375,34.894708,2658
1360.586876,39.465125,38.756375,2659
1360.673276,35.144375,34.747416,2660
1360.729913,35.206209,34.733708,2661
1360.784455,35.212625,34.757041,2662
1360.906435,46.094417,45.582833,2663
1361.012527,41.055000,40.473416,2665
1361.027246,57.337291,56.678417,2664
1361.144467,61.868917,61.347125,2666
1361.189058,55.243125,54.547209,2667
1361.239879,46.146917,45.706208,2668
1361.337574,50.761959,50.406416,2669
1361.365146,54.223458,53.327750,2671
1361.365871,61.052542,60.602791,2670
1361.443775,45.714958,45.133666,2672
1361.467408,65.342959,63.711375,2673
1361.499243,83.353667,82.665334,2674
1361.504200,70.982625,70.334542,2675
1361.555293,28.303041,27.887125,2677
1361.560872,64.389500,63.825709,2676
1361.679931,51.661750,51.336542,2678
1361.704095,59.254417,58.549459,2680
1361.722841,84.661792,83.899959,2679
1361.727474,63.305084,62.561625,2681
1361.794880,46.019750,45.535583,2682
1361.809438,60.232083,59.673542,2683
1361.836957,70.196292,69.462750,2684
1361.862317,48.869333,48.470625,2685
1361.906975,46.639541,46.069042,2686
1361.939710,65.161833,64.442584,2687
1362.030729,59.233125,58.629083,2688
1362.085068,51.825375,51.412666,2689
1362.123392,40.803875,40.386208,2690
1362.159348,68.110292,67.481459,2691
1362.235161,41.477334,40.968667,2692
1362.333812,49.547458,49.111417,2693
1362.360280,55.465084,54.796291,2694
1362.368491,45.038000,44.523791,2695
1362.454452,38.518958,37.806708,2696
1362.572838,45.808875,45.291750,2697
1362.665134,38.311000,37.615083,2698
1362.688373,50.231709,49.733542,2699
1362.748514,60.758250,59.904833,2700
1362.792309,43.052333,42.510416,2701
1362.910620,50.271959,49.815500,2702
1363.013781,42.316458,41.843084,2703
1363.104435,43.550791,43.083542,2704
1363.132074,49.462875,48.871667,2705
1363.146141,35.835333,35.291083,2706
1363.241768,48.101959,47.546917,2707
1363.331899,27.107208,26.703542,2708
1363.407270,41.824708,41.324209,2709
1363.446680,48.292417,47.794542,2710
1363.476986,61.055750,60.302375,2711
1363.523599,53.825333,53.144583,2712
1363.572213,77.923125,77.294584,2713
1363.578990,81.134083,80.340458,2714
1363.605482,90.046541,89.147625,2715
1363.608735,81.703125,81.105208,2716
1363.693922,55.759959,55.282209,2717
1363.707443,35.891042,35.488834,2718
1363.736806,52.124917,51.537500,2719
1363.796513,64.397667,63.645166,2720
1363.804508,55.269958,54.449500,2721
1363.854988,83.209292,82.618666,2722
1363.878069,49.573417,48.458084,2723
1363.915430,38.237208,37.786292,2725
1363.916233,55.888000,55.243417,2724
1364.046591,74.386958,73.632709,2726
1364.153427,70.565833,69.626375,2727
1364.261297,67.563125,66.551042,2728
1364.376956,71.585501,71.002459,2729
1364.489250,73.168375,72.290458,2730
1364.573981,46.862083,46.386375,2731
1364.666341,28.208250,27.745375,2732
1364.799240,49.971250,49.371583,2733
1364.899226,38.847375,38.156417,2734
1364.966788,39.988959,39.504791,2735
1364.999370,27.877500,27.413458,2736
1365.123502,40.926083,40.403416,2737
1365.154910,29.681167,29.085291,2738
1365.221804,28.140584,27.594292,2739
1365.352765,47.965750,47.404291,2740
1365.416225,49.501375,49.088083,2741
1365.458945,42.989625,42.277958,2742
1365.520196,40.793084,40.334000,2743
1365.578368,51.362209,50.601541,2744
1365.594898,55.104000,54.502583,2745
1365.691359,53.199708,52.527416,2746
1365.767380,56.390542,55.989209,2747
1365.780644,31.390333,30.998625,2748
1365.851478,35.579833,34.918625,2749
1365.866373,37.501625,36.864917,2750
1365.935833,75.479250,74.799958,2751
1366.017891,46.423125,45.978041,2752
1366.106392,48.895875,48.091167,2753
1366.133538,50.939000,50.352458,2756
1366.154751,84.893375,84.346209,2754
1366.173980,96.131583,95.630208,2755
1366.237674,44.014542,43.553125,2757
1366.279302,52.491542,51.830334,2759
1366.286852,74.787125,74.158292,2758
1366.330308,69.743333,69.132000,2760
1366.344760,39.965041,39.540667,2761
1366.460153,44.257500,43.676208,2762
1366.573105,46.071375,45.377500,2763
1366.684858,46.717125,46.209917,2764
1366.749352,37.208792,36.696916,2765
1366.807223,57.957375,57.395917,2766
1366.876364,28.308875,27.797875,2767
1366.927757,67.384042,66.588959,2768
1366.994435,51.931250,51.322541,2769
1367.014992,43.536500,42.927500,2770
1367.075355,36.495959,36.008584,2771
1367.128902,46.320751,45.727792,2773
1367.133335,53.986334,53.486709,2772
1367.195757,47.039708,46.356042,2774
1367.237418,43.727834,42.933333,2775
1367.316201,65.676917,65.325750,2776
1367.370708,65.956042,65.475084,2777
1367.434544,48.099333,47.635292,2778
1367.449124,33.185250,32.389583,2780
1367.473499,66.015541,65.446791,2779
1367.524054,43.197000,42.798583,2781
1367.562876,35.845833,35.378000,2782
1367.691960,53.850708,53.349916,2783
1367.781661,32.414375,31.958792,2784
1367.888553,28.167417,27.539750,2785
1368.035807,64.311625,63.780500,2786
1368.086205,66.683458,65.949042,2787
1368.110087,27.507375,26.948541,2788
1368.221096,27.449334,27.137542,2789
1368.290300,69.181583,27.921542,2790
1368.299030,28.267166,27.544708,2791
1368.345842,41.082417,40.572000,2792
1368.454428,38.513709,37.984042,2793
1368.475703,47.088125,46.613000,2794
1368.563571,36.527459,35.899791,2795
1368.636026,42.865375,42.371584,2796
1368.702728,64.568000,63.898333,2797
1368.788272,39.022083,38.551042,2798
1368.864742,45.553375,44.941167,2799
1368.908683,48.342291,47.725417,2800
1369.067485,96.035333,94.429125,2801
1369.102993,88.369458,87.701834,2802
1369.178171,95.471833,94.617250,2803
1369.230747,123.680084,122.718167,2804
1369.274313,121.706084,120.311333,2805
1369.286995,109.038126,108.146500,2806
1369.375747,182.057459,181.425417,2807
1369.394290,89.417125,88.545625,2809
1369.467138,253.791709,253.356542,2808
1369.499401,83.415208,82.674084,2810
1369.598542,71.423333,70.789833,2811
1369.695699,82.703541,81.867334,2812
1369.729236,91.003208,90.352500,2813
1369.806702,57.477583,56.729458,2814
1369.905029,44.655625,43.999958,2815
1370.029999,58.515917,57.927042,2816
1370.058581,40.332542,39.775750,2817
1370.127181,44.576583,43.977792,2818
1370.192608,48.662542,48.155916,2819
1370.248606,54.900416,54.436084,2820
1370.279410,39.063791,38.264041,2821
1370.298253,28.210291,27.667792,2822
1370.340710,35.956959,35.380333,2823
1370.411094,35.000875,34.486666,2824
1370.447957,32.070791,31.540542,2825
1370.547572,33.247666,32.718583,2826
1370.577638,50.560125,49.961625,2827
1370.687529,49.375667,48.685292,2828
1370.790498,41.276375,40.803000,2829
1370.901743,41.405584,40.752250,2830
1370.968947,35.556791,34.905500,2831
1371.013141,41.632500,40.953208,2832
1371.045579,36.146250,35.581583,2833
1371.123393,40.823125,40.377750,2834
1371.237905,48.576500,48.135791,2836
1371.244972,68.573750,68.142667,2835
1371.263827,70.111708,69.405000,2837
1371.347169,42.357876,41.647084,2838
1371.423142,47.962250,47.293750,2839
1371.457756,41.836959,41.234083,2840
1371.568122,41.055292,40.515708,2841
1371.654970,64.807458,64.177750,2842
1371.680529,42.387041,41.883041,2843
1371.722126,45.432333,44.634041,2844
1371.789079,39.833500,39.424583,2845
1371.812160,57.736292,57.052333,2846
1371.906555,46.224500,45.675875,2848
1371.908662,49.141459,48.586416,2847
1372.012708,41.238458,40.731250,2849
1372.145487,60.482333,60.028208,2851
1372.151775,69.191208,68.475750,2850
1372.163990,59.196083,58.616541,2852
1372.242647,48.954500,48.485500,2853
1372.273439,59.790791,59.136000,2854
1372.275177,53.087417,52.683458,2855
1372.336922,32.099083,31.637084,2856
1372.453887,37.975875,37.426666,2857
1372.532358,26.038542,25.610375,2858
1372.591996,64.919750,64.149750,2859
1372.677948,39.835542,39.475625,2860
1372.738044,52.956167,52.249750,2861
1372.744510,46.203209,45.669167,2862
1372.776808,27.539167,27.089417,2863
1372.884680,38.274542,37.677791,2864
1372.921191,60.858000,60.201167,2865
1372.968447,37.174084,36.663958,2866
1373.004669,33.173875,32.463084,2867
1373.119774,37.220167,36.706833,2868
1373.232413,38.772416,38.348333,2869
1373.283181,79.808459,79.066459,2870
1373.287919,37.371833,36.877166,2871
1373.342621,37.839667,37.279083,2872
1373.355648,39.240250,38.645542,2873
1373.456436,40.526792,39.816875,2874
1373.504433,37.342667,36.833709,2875
1373.564395,37.400125,36.883584,2876
1373.672930,38.623667,38.188791,2877
1373.702057,63.902125,63.072625,2878
1373.790113,40.863666,40.171542,2879
1373.904938,44.574250,43.880667,2880
1373.933375,35.157209,34.587000,2881
1373.970169,51.121291,50.485459,2882
1374.053859,81.477084,80.534416,2883
1374.116076,84.003500,82.128376,2884
1374.167128,84.443917,81.791501,2885
1374.277570,110.523875,109.778083,2886
1374.319784,151.725875,151.013625,2887
1374.348439,154.690666,153.462458,2888
1374.400133,194.375125,190.561000,2889
1374.426420,101.149416,99.820292,2891
1374.503368,198.613916,197.577042,2890
1374.526941,143.223500,142.589708,2892
1374.576464,126.066208,124.611959,2894
1374.625249,209.349584,207.617375,2893
1374.650161,123.123875,122.430000,2895
1374.704760,98.771458,98.064458,2896
1374.736173,98.052791,97.202292,2897
1374.793017,84.168875,83.349000,2898
1374.814954,65.613333,64.815042,2899
1374.842824,39.736083,39.078375,2900
1374.895417,35.060375,34.584666,2901
1375.000540,47.590958,47.147042,2902
1375.029730,58.271500,57.811542,2903
1375.121389,41.320417,40.782292,2904
1375.137928,55.353958,54.791333,2905
1375.181804,37.095333,36.420417,2906
1375.235070,41.374666,40.755166,2907
1375.309477,42.217875,41.735458,2908
1375.335925,45.041500,44.484125,2909
1375.362667,57.878625,57.292083,2910
1375.391136,33.406625,32.858875,2911
1375.471855,55.913375,55.195875,2912
1375.482131,28.206792,27.666917,2913
1375.522230,49.961626,49.390833,2914
1375.534682,53.231792,52.611417,2915
1375.573264,46.289833,45.950333,2916
1375.677820,39.692042,39.170833,2917
1375.778040,28.812584,28.205333,2919
1375.786644,72.410917,71.838375,2918
1375.903494,39.580625,39.053292,2921
1375.915865,55.517583,55.096417,2920
1375.963916,42.364583,41.843084,2922
1376.016641,45.176541,44.560250,2923
1376.050242,67.293625,66.668584,2924
1376.116633,34.021458,33.603209,2926
1376.154386,71.801042,71.427125,2925
1376.190861,53.534833,53.060875,2927
1376.209373,70.544542,69.927084,2928
1376.280524,86.853376,86.340333,2929
1376.323712,51.666417,51.117208,2930
1376.353988,57.149750,56.661500,2931
1376.384273,79.468083,78.640625,2932
1376.392738,56.029458,55.438833,2934
1376.422561,115.424458,113.161416,2933
1376.449339,104.213083,103.585417,2935
1376.475326,80.180042,79.687709,2936
1376.492527,76.653209,76.205792,2937
1376.526666,76.263542,75.648708,2938
1376.575781,42.794792,42.080500,2940
1376.582950,55.890334,55.493375,2939
1376.634941,73.428250,72.858333,2941
1376.681376,43.244541,42.646916,2942
1376.741123,61.047292,60.537750,2943
1376.743375,36.839834,36.406417,2944
1376.785060,35.811417,35.107041,2945
1376.887323,26.992000,26.700042,2946
1377.014182,42.693875,42.047250,2947
1377.086434,37.637542,36.906333,2948
1377.112950,52.220583,51.654166,2949
1377.151786,56.271834,55.648250,2951
1377.164860,82.275375,81.563125,2950
1377.177109,56.360208,55.832584,2952
1377.234498,40.850250,40.247083,2953
1377.343966,43.274000,42.587125,2954
1377.348198,43.286250,42.364291,2955
1377.462194,46.283709,45.719334,2956
1377.479274,60.281958,59.593042,2957
1377.487852,63.670250,62.966750,2958
1377.568722,41.662250,40.849083,2959
1377.600079,55.448751,54.811458,2960
1377.608061,50.363542,49.585667,2961
1377.702757,64.598917,64.080625,2962
1377.785404,36.175417,35.881125,2963
1377.880536,36.421000,36.002167,2964
1377.929070,68.704417,68.133917,2965
1377.957856,55.128500,54.576375,2966
1377.962425,59.220292,57.368500,2967
1378.007839,36.367625,35.873833,2968
1378.072274,33.695083,33.156959,2970
1378.095577,67.354000,66.749667,2969
1378.137130,54.579875,53.921292,2971
1378.234862,41.222417,40.796000,2972
1378.300605,41.040709,40.594750,2973
1378.354456,49.659750,49.237709,2974
1378.373729,57.010041,56.307125,2975
1378.383874,46.590250,45.876833,2976
1378.453345,37.433958,36.883875,2977
1378.489411,53.582375,52.980666,2978
1378.507618,52.336375,51.779292,2979
1378.596123,69.119458,68.653958,2980
1378.626507,52.653417,52.177708,2981
1378.663080,37.536916,36.945125,2982
1378.718416,83.004250,82.168917,2983
1378.721812,78.591041,78.071000,2985
1378.730047,91.920208,90.651459,2984
1378.764854,42.820750,42.107333,2986
1378.794919,45.714959,44.962167,2988
1378.820647,92.407000,91.171792,2987
1378.834044,53.828833,53.181625,2989
1378.886826,40.383583,39.813667,2990
1378.912267,51.866791,51.318750,2991
1379.086896,114.685958,113.420709,2992
1379.122036,144.687376,143.322084,2993
1379.132041,139.732250,139.206959,2994
1379.179212,175.621834,174.062583,2995
1379.280975,133.146417,130.374125,2999
1379.305228,276.907750,272.956834,2996
1379.315430,142.692958,142.282291,3000
1379.416770,371.909416,369.099500,2997
1379.443634,162.581125,120.684375,3004
1379.504319,165.142542,123.746583,3006
1379.534547,451.868083,448.986708,2998
1379.598160,181.353958,139.948375,3007
1379.641206,135.856000,94.742667,3009
1379.642311,448.675208,448.231292,3001
1379.744475,146.295917,105.193959,3011
1379.806340,164.017001,122.563001,3013
1379.806733,165.502750,121.657376,3012
1379.895214,150.705916,109.769042,3014
1379.901236,683.764958,641.612417,3003
1379.928284,121.904125,80.233709,3015
1379.946289,641.041917,599.985750,3005
1380.001287,100.010167,58.767334,3018
1380.001494,106.243083,64.360042,3017
1380.012351,568.681167,526.617292,3008
1380.054256,519.694292,478.914917,3010
1380.088913,889.946167,887.444834,3002
1380.109224,107.896250,66.283291,3021
1380.115378,113.847708,72.368042,3022
1380.173279,84.326667,42.762708,3025
1380.201223,91.978250,50.757584,3026
1380.218245,411.476333,367.020792,3016
1380.270258,341.938333,301.089833,3019
1380.292221,118.907541,77.351459,3028
1380.309285,362.963417,321.237000,3020
1380.322252,121.006375,79.993666,3029
1380.375216,104.933500,64.351292,3031
1380.385279,372.885917,327.995500,3023
1380.411208,356.926209,316.235209,3024
1380.411244,119.004667,78.029583,3032
1380.472226,89.466417,48.237875,3035
1380.474217,358.799875,317.062375,3027
1380.503215,87.292041,43.585208,3036
1380.513743,55.281333,54.687791,3037
1380.545318,327.046417,286.057917,3030
1380.556765,78.679417,78.128750,3038
1380.585102,62.545000,62.123542,3040
1380.604224,294.896584,253.374625,3033
1380.653237,330.965250,290.297584,3034
1380.662068,148.988000,148.249791,3039
1380.729193,118.334709,76.820917,3045
1380.739330,148.762542,107.662917,3044
1380.741320,215.320583,173.037958,3041
1380.786375,259.334250,217.783125,3042
1380.847098,301.736167,260.264083,3043
1380.849081,99.878042,58.381458,3050
1380.857261,124.370750,82.768583,3049
1380.887176,262.832792,221.974959,3046
1380.889453,29.093750,28.566708,3051
1380.960329,307.066375,265.955375,3047
1380.961886,52.281542,51.643375,3053
1380.997299,96.876209,95.454916,3052
1381.030305,66.511667,66.038000,3057
1381.034300,372.196417,330.481084,3048
1381.067883,123.939083,123.216333,3054
1381.105249,107.914625,66.410167,3060
1381.133162,102.837876,60.729084,3061
1381.157449,74.822417,74.012167,3062
1381.162587,215.911792,215.111751,3055
1381.180298,86.656792,45.376041,3063
1381.225360,274.458042,274.025792,3056
1381.265103,105.618333,63.781375,3066
1381.303304,131.490333,90.212209,3067
1381.305208,79.827125,38.751125,3069
1381.337282,72.156000,31.052000,3070
1381.346323,374.848542,333.014209,3058
1381.387300,82.474000,41.061125,3071
1381.419213,445.253667,404.247083,3059
1381.452290,116.568084,74.785959,3072
1381.456312,103.149959,61.724833,3073
1381.463297,358.021709,316.911000,3064
1381.517284,380.964792,340.001667,3065
1381.521251,102.016541,60.492542,3076
1381.539228,86.900041,46.248709,3077
1381.579238,392.113167,350.899500,3068
1381.584976,55.262667,54.604083,3079
1381.602630,197.510833,196.553291,3074
1381.606180,79.187792,78.429750,3078
1381.654913,41.165834,40.611375,3081
1381.673282,59.871584,59.309542,3080
1381.714290,306.817292,265.575917,3075
1381.719232,81.108416,79.937083,3082
1381.743931,62.485500,62.024958,3083
1381.754091,64.895250,64.231417,3084
1381.795800,46.585583,45.899292,3085
1381.845683,43.928500,43.313667,3087
1381.855979,57.915666,57.323000,3086
1381.886844,39.447625,38.602084,3088
1381.937360,76.986875,76.215125,3089
1382.034412,62.946625,62.415792,3090
1382.057617,44.319917,43.701875,3091
1382.101851,34.795250,34.506500,3092
1382.145863,63.308292,62.571250,3093
1382.193433,40.578417,40.114375,3094
1382.230767,37.093583,36.713250,3096
1382.246573,64.473208,63.814625,3095
1382.274986,40.466417,39.867041,3097
1382.313182,42.746375,41.807208,3098
1382.352386,47.598834,47.075583,3099
1382.379620,51.804083,51.106125,3100
1382.453987,38.083208,37.638709,3101
1382.501586,75.040875,74.361584,3102
1382.577996,50.948917,50.238125,3103
1382.675315,61.510458,60.803750,3104
1382.691373,57.711791,57.167250,3105
1382.708790,70.684542,70.019833,3106
1382.801159,51.911708,51.271791,3107
1382.820232,42.123958,41.670708,3108
1382.850517,47.308042,46.766417,3109
1382.901671,41.300000,40.742041,3111
1382.908546,50.250959,49.737625,3110
1383.005349,47.573458,47.058084,3112
1383.011870,40.411000,39.801417,3113
1383.119995,37.392250,36.923833,3114
1383.142278,50.049125,49.302750,3115
1383.181230,42.261917,41.807500,3116
1383.241421,47.763333,47.343042,3118
1383.253109,62.714459,62.269959,3117
1383.285649,64.150041,63.544542,3119
1383.307662,44.359875,43.663375,3120
1383.344310,39.526375,38.993792,3121
1383.382858,26.852875,26.342166,3122
1383.456708,40.846459,40.567625,3123
1383.522718,58.208208,57.528917,3124
1383.539680,68.457375,68.045542,3125
1383.568057,94.979791,94.437875,3126
1383.575035,48.057917,47.207125,3127
1383.610355,32.759416,32.350209,3130
1383.630799,83.187417,82.407208,3128
1383.650404,101.909500,101.402291,3129
1383.705138,67.026458,66.325000,3131
1383.743577,59.770666,59.146792,3132
1383.813455,64.487791,63.809666,3133
1383.820637,59.017583,58.343833,3135
1383.823682,74.471541,73.969583,3134
1383.895698,48.825875,48.275209,3136
1383.912697,52.306042,51.594667,3137
1383.932565,50.154417,49.491751,3138
1384.093690,122.213875,119.913500,3139
1384.115338,130.826208,130.249000,3140
1384.130575,133.287583,132.643584,3141
1384.204566,126.151959,124.831000,3142
1384.263551,132.228541,130.736375,3145
1384.292111,130.064084,127.741542,3146
1384.326873,244.307583,243.452417,3143
1384.419765,114.938833,113.700125,3149
1384.445062,354.173167,352.772292,3144
1384.496778,120.362375,118.759083,3150
1384.559550,364.175875,363.291542,3147
1384.570941,135.376791,134.569459,3153
1384.667729,426.353083,423.084084,3148
1384.678334,150.857001,108.038584,3156
1384.730859,92.493625,91.369250,3157
1384.757106,375.885417,373.328083,3151
1384.844282,87.628625,86.787167,3159
1384.857179,441.280875,440.688208,3152
1384.869695,120.435584,119.785167,3158
1384.911047,64.717625,64.298209,3162
1384.947270,501.063501,460.235709,3154
1384.997276,546.856626,504.389084,3155
1385.001063,61.868917,61.343333,3164
1385.013815,42.374500,41.580000,3165
1385.015620,230.300000,229.415375,3160
1385.074164,38.698333,38.101000,3166
1385.081468,255.196666,254.640459,3161
1385.159814,77.218458,76.472083,3167
1385.167987,76.889750,76.253041,3169
1385.210327,349.933209,308.629125,3163
1385.238753,75.953792,75.516583,3170
1385.249686,158.911375,158.169375,3168
1385.257921,77.245292,76.205500,3172
1385.302215,63.934792,63.066501,3175
1385.314655,55.807209,55.147459,3176
1385.339068,176.264084,175.878209,3171
1385.367937,63.169459,62.647958,3178
1385.392464,198.798542,198.082792,3173
1385.415036,54.149666,52.607333,3179
1385.461783,45.917375,45.193750,3182
1385.475950,76.542958,75.931917,3180
1385.484730,247.115750,246.150626,3174
1385.552100,257.281500,256.626417,3177
1385.577206,50.146250,49.410666,3185
1385.599946,186.809000,185.902792,3181
1385.643758,217.665584,217.147291,3183
1385.687186,49.008750,48.264125,3186
1385.696145,257.942125,257.210917,3184
1385.740973,49.596750,49.124250,3187
1385.783188,46.639250,45.607334,3188
1385.808790,59.600334,58.835000,3189
1385.830860,28.589167,27.827041,3190
1385.883448,61.334875,60.749208,3191
1385.909477,49.144375,48.798167,3192
1385.946659,61.355583,60.704292,3193
1385.975084,45.197542,44.454375,3194
1386.003402,31.935458,31.264625,3195
1386.123175,74.384334,73.716125,3196
1386.146109,47.825167,46.988083,3198
1386.153665,71.080042,70.299833,3197
1386.191414,75.938917,75.223166,3199
1386.206059,49.677541,48.874292,3201
1386.220962,67.455500,66.814417,3200
1386.253389,93.590000,92.911292,3202
1386.296372,115.341333,114.810208,3203
1386.312460,87.715834,86.932708,3206
1386.342329,152.852583,152.412166,3204
1386.371304,140.970667,99.489833,3207
1386.387693,194.000917,193.413500,3205
1386.433645,68.649000,67.982250,3210
1386.455361,58.363959,57.704791,3211
1386.455474,155.722291,154.879958,3208
1386.520338,215.542250,214.923625,3209
1386.547483,78.355375,75.988208,3214
1386.550368,67.937334,67.347875,3215
1386.570352,154.487375,153.946042,3212
1386.619520,61.110583,60.267084,3218
1386.644242,220.187041,219.528458,3213
1386.665059,82.927834,81.750958,3219
1386.701254,63.151959,62.254208,3223
1386.719284,192.308375,191.862125,3216
1386.757219,92.121459,51.472459,3225
1386.787356,254.428125,253.823501,3217
1386.821080,71.823209,70.954333,3226
1386.845294,250.966625,249.992167,3220
1386.856934,79.097667,78.332917,3227
1386.907362,291.669584,291.171126,3221
1386.945208,100.029416,58.649791,3230
1386.970683,352.830917,352.341792,3222
1386.980298,119.919042,78.494500,3231
1387.011134,103.736500,62.519333,3233
1387.047118,101.872750,60.961834,3234
1387.073190,423.812376,382.323375,3224
1387.083206,112.493791,72.001125,3235
1387.109315,323.792584,282.062667,3228
1387.154196,104.837250,64.151500,3237
1387.155131,95.042791,54.503458,3238
1387.191214,384.825584,343.593542,3229
1387.251139,383.797750,343.109958,3232
1387.280292,125.133458,83.955083,3243
1387.290331,310.010459,269.070083,3236
1387.301320,147.089250,105.699417,3242
1387.339237,266.025959,224.960167,3239
1387.370327,119.160417,78.277208,3245
1387.403187,122.858167,82.101250,3246
1387.404206,320.956417,280.145542,3240
1387.428254,88.996250,48.133167,3249
1387.471294,100.919876,59.142125,3250
1387.486146,376.800375,335.950709,3241
1387.493198,89.985292,48.783583,3251
1387.533332,342.075417,300.944000,3244
1387.581278,109.943167,68.563542,3254
1387.590301,299.935709,258.927667,3247
1387.605206,119.035875,77.899208,3255
1387.636306,334.951167,292.438417,3248
1387.657309,75.990250,34.343750,3258
1387.725290,134.964375,93.482375,3259
1387.726172,321.932334,280.993125,3252
1387.728164,91.817542,51.195666,3261
1387.797237,368.962125,327.495000,3253
1387.829299,103.970708,62.674500,3263
1387.845238,352.007834,310.481500,3256
1387.856242,130.048917,89.525041,3264
1387.905269,371.891625,328.149500,3257
1387.930201,132.943125,91.482125,3266
1387.941223,111.881875,70.629416,3267
1387.962362,357.121625,315.098875,3260
1388.018173,360.822000,319.528125,3262
1388.045151,115.920000,75.031833,3270
1388.056390,117.691292,76.311959,3271
1388.058301,330.108625,289.166792,3265
1388.102580,242.208167,197.660750,3268
1388.147100,273.498458,232.696333,3269
1388.173297,136.562125,95.498959,3274
1388.185140,128.111667,87.269001,3275
1388.196492,51.438041,50.579375,3277
1388.217299,245.816667,204.896709,3272
1388.261547,67.857125,66.970750,3278
1388.266199,285.637042,241.782042,3273
1388.290201,207.672209,165.662584,3276
1388.292775,37.853375,37.160958,3279
1388.354677,57.370541,56.666750,3280
1388.374198,69.165834,68.686625,3282
1388.381911,77.092750,76.287750,3281
1388.411622,99.919166,95.278167,3283
1388.446334,71.026667,70.452667,3285
1388.462307,135.250792,134.580250,3284
1388.500462,84.551250,83.353375,3287
1388.515658,106.378417,105.494959,3286
1388.543704,70.830667,70.100042,3288
1388.567644,40.590084,39.986917,3289
1388.617461,58.117791,57.556042,3290
1388.657162,82.225208,81.392792,3291
1388.673550,81.897959,81.363333,3292
1388.684027,64.967000,64.452208,3294
1388.708370,115.513416,114.813417,3293
1388.771092,57.157041,56.697375,3300
1388.782957,161.406875,160.794958,3295
1388.808352,89.756334,46.470959,3301
1388.839377,213.290876,212.643667,3296
1388.858225,87.113250,45.467042,3303
1388.873262,90.285417,49.409208,3304
1388.884727,246.616709,246.156459,3297
1388.923754,63.433125,62.929125,3305
1388.989507,342.772501,301.094500,3298
1389.016178,112.730042,111.704833,3306
1389.021782,92.443750,91.565834,3308
1389.096218,428.401459,386.077417,3299
1389.159734,410.515000,409.750542,3302
1389.203704,124.250000,122.402875,3312
1389.229633,147.042875,146.351041,3313
1389.293531,386.451042,385.774958,3307
1389.377313,173.561792,131.439292,3316
1389.399758,431.652375,430.827833,3309
1389.408054,175.268625,131.843541,3317
1389.535257,563.799251,563.246542,3310
1389.562166,184.817500,143.281542,3319
1389.571096,171.293792,127.743876,3320
1389.657104,647.759001,647.082625,3311
1389.696654,161.358750,120.123209,3322
1389.731313,169.127292,128.478000,3323
1389.785049,127.877167,127.038917,3325
1389.823411,713.277542,671.812750,3314
1389.869301,172.604541,131.205958,3326
1389.898142,738.376334,695.126542,3315
1389.916304,131.214417,90.146583,3328
1389.961232,667.674583,621.293750,3318
1389.971165,101.826375,61.273917,3330
1390.012305,114.144042,73.379250,3331
1390.016292,608.207834,566.860292,3321
1390.043246,81.998291,41.132000,3333
1390.080229,509.104166,466.249291,3324
1390.104332,91.985542,50.789375,3335
1390.132302,115.966083,74.531333,3336
1390.152322,420.977958,380.150166,3327
1390.198215,117.965459,76.556958,3338
1390.200280,95.906708,54.469625,3339
1390.221154,397.708792,355.717542,3329
1390.281197,364.857208,323.200209,3332
1390.299317,98.997500,57.449875,3343
1390.311137,112.889875,72.412083,3342
1390.363286,392.100334,350.667626,3334
1390.388176,88.819208,48.019708,3346
1390.397195,115.980375,75.022791,3345
1390.432211,388.944792,348.055750,3337
1390.452299,88.974958,47.700334,3348
1390.472159,83.967625,43.513750,3349
1390.505229,372.892042,331.550626,3340
1390.529325,76.978709,34.932042,3352
1390.535256,103.026000,61.552167,3351
1390.570263,417.899417,376.921709,3341
1390.605382,100.131500,59.418041,3354
1390.628317,98.949958,57.262042,3355
1390.637139,415.963916,374.683750,3344
1390.673333,103.030375,62.053834,3357
1390.707283,396.120667,355.190209,3347
1390.710147,104.740417,63.474250,3358
1390.743322,106.157041,63.644584,3360
1390.791324,394.102042,353.148833,3350
1390.792199,118.827042,77.417667,3361
1390.824158,116.839917,76.207250,3362
1390.855147,382.963875,342.283375,3353
1390.879385,87.146792,46.295958,3366
1390.922289,130.925958,90.042750,3365
1390.933148,397.875917,356.567167,3356
1390.965308,110.134209,69.295625,3368
1390.986335,357.969792,316.275167,3359
1391.025225,315.057750,273.956084,3363
1391.056202,133.868292,91.436333,3370
1391.057233,124.058375,82.914708,3371
1391.075141,331.670792,289.535167,3364
1391.123244,299.061001,257.622750,3367
1391.135283,110.039417,68.924042,3374
1391.144328,88.084500,46.977583,3375
1391.206119,326.701667,285.274792,3369
1391.223243,99.963208,58.687417,3378
1391.239175,103.869792,62.088542,3379
1391.271141,305.802291,263.291584,3372
1391.318282,112.137959,70.832709,3381
1391.328314,341.928417,300.202583,3373
1391.330354,107.086000,65.977625,3382
1391.389319,332.046459,290.993792,3376
1391.439303,364.137083,320.263125,3377
1391.452325,123.963584,82.424708,3386
1391.464236,319.865584,278.660375,3380
1391.466296,147.974750,106.443167,3385
1391.497247,258.052375,217.021584,3383
1391.556242,285.078209,243.754000,3384
1391.557209,104.853875,63.757458,3390
1391.567371,128.024167,86.322250,3389
1391.604315,273.914375,232.153542,3387
1391.659202,269.847084,227.502917,3388
1391.670278,113.032500,72.100583,3395
1391.673329,117.060709,76.098458,3394
1391.701311,237.032542,195.863209,3391
1391.755333,85.016166,44.209958,3399
1391.769233,109.991875,68.885834,3398
1391.776344,310.004625,269.094292,3392
1391.809315,312.042208,270.800251,3393
1391.859141,103.770625,62.616458,3402
1391.869298,100.026791,58.765000,3403
1391.889314,321.897042,280.833583,3396
1391.957245,352.887500,311.331709,3397
1391.962269,103.107958,62.199667,3406
1391.984301,114.973250,73.426792,3407
1391.995289,321.916583,278.111750,3400
1392.062218,360.871875,319.351083,3401
1392.068399,111.111000,70.350292,3409
1392.072357,110.066834,69.281042,3410
1392.120368,343.980583,302.796959,3404
1392.163223,100.977917,58.944667,3413
1392.178316,109.862959,68.764208,3414
1392.189325,379.964667,338.637250,3405
1392.250251,360.903375,319.424000,3408
1392.278292,115.047042,73.822000,3417
1392.286154,107.806125,66.342209,3418
1392.311225,326.888333,285.726292,3411
1392.332158,81.870250,41.281625,3420
1392.369179,373.851626,332.363792,3412
1392.386328,107.994833,67.167917,3421
1392.408234,96.974791,55.859125,3423
1392.421296,348.899250,307.167876,3415
1392.458143,88.945792,47.831292,3425
1392.508276,387.865334,341.003250,3416
1392.512159,125.791750,83.295041,3426
1392.526338,105.000291,63.185792,3428
1392.547298,357.929542,316.707417,3419
1392.609281,100.962750,60.115416,3430
1392.615151,328.980459,287.843792,3422
1392.636280,124.100667,83.087667,3431
1392.668205,336.015167,294.697375,3424
1392.718290,103.119916,61.754292,3435
1392.723153,314.898208,274.196125,3427
1392.730369,121.043417,80.024583,3434
1392.775294,317.125667,276.062500,3429
1392.826295,107.964208,67.083916,3438
1392.833358,306.965750,265.864667,3432
1392.843156,119.981459,79.472167,3439
1392.884349,337.008000,295.694875,3433
1392.929302,102.967375,61.942416,3442
1392.939303,302.978666,259.637584,3436
1392.950334,116.932375,75.660959,3443
1392.989297,321.050042,279.631916,3437
1393.012161,82.832167,41.276667,3446
1393.044206,313.801542,272.411417,3440
1393.067110,127.770417,86.394584,3447
1393.077239,87.907166,46.989542,3449
1393.104282,328.945458,287.461126,3441
1393.133239,89.013167,47.839750,3451
1393.179286,336.102667,295.057292,3444
1393.180244,113.111834,72.411208,3452
1393.193251,88.933542,48.209291,3454
1393.273193,388.800709,347.949876,3445
1393.280300,100.975875,57.239292,3456
1393.295304,115.026042,74.016834,3457
1393.313288,362.905376,321.742167,3448
1393.380328,368.141667,327.157250,3450
1393.390228,109.900291,67.845166,3460
1393.394237,121.019209,80.269292,3459
1393.435222,357.941208,316.567417,3453
1393.488284,98.018083,56.781375,3464
1393.496306,115.938667,74.551459,3463
1393.507156,373.893917,331.654458,3455
1393.546320,353.044709,310.659125,3458
1393.605192,116.869958,75.669125,3467
1393.611262,315.921083,274.374042,3461
1393.623201,126.854875,85.651417,3468
1393.687196,373.883417,332.654291,3462
1393.689166,77.884334,36.526875,3472
1393.718255,113.036583,72.396333,3471
1393.741305,347.027042,305.203209,3465
1393.786218,98.998375,58.403042,3474
1393.803289,114.104667,72.887500,3475
1393.815253,379.994417,339.202208,3466
1393.870140,362.968959,322.200667,3469
1393.902286,116.028792,74.619125,3478
1393.915165,111.840458,70.578375,3479
1393.927288,380.923959,339.255875,3470
1393.956299,86.132666,45.066875,3481
1394.009415,107.095042,66.215625,3482
1394.024778,401.543334,359.714250,3473
1394.049879,122.550166,80.609084,3484
1394.160928,442.654042,400.472333,3476
1394.177908,168.476875,127.209542,3486
1394.197741,172.931208,128.937375,3487
1394.286545,545.208125,499.825083,3477
1394.317295,156.341792,113.397958,3489
1394.351324,173.397583,132.160000,3490
1394.429251,613.979042,572.684000,3480
1394.462945,176.361792,134.254459,3492
1394.497141,179.811334,138.718417,3493
1394.577289,662.102583,618.111375,3483
1394.591405,162.126708,120.437041,3495
1394.641964,178.998166,134.566542,3496
1394.671376,715.033376,672.602583,3485
1394.747898,170.576584,128.893625,3498
1394.783797,733.886417,692.260625,3488
1394.804334,162.351875,121.397500,3500
1394.891196,693.431084,652.189709,3491
1394.895307,147.384416,106.021709,3502
1394.913359,129.535292,88.691458,3503
1394.938140,586.781126,544.996667,3494
1395.010271,114.914916,73.181500,3506
1395.010606,513.446500,471.499291,3497
1395.015370,124.128667,82.409833,3505
1395.071366,479.927584,438.323083,3499
1395.107229,96.597667,55.528083,3510
1395.130307,457.897125,416.459459,3501
1395.147245,136.936333,95.717709,3509
1395.187256,115.857876,75.035626,3512
1395.202150,397.788709,350.796834,3504
1395.221322,114.054791,72.491708,3513
1395.257138,109.869375,68.523583,3515
1395.269237,355.838583,314.407042,3507
1395.298150,110.872125,69.722333,3516
1395.325137,103.777333,62.570084,3518
1395.347323,90.159125,49.535500,3519
1395.374316,436.149584,393.830208,3508
1395.418244,93.086000,51.895375,3522
1395.423164,124.993166,84.415917,3521
1395.454291,438.868500,397.117001,3511
1395.523286,100.095917,56.928958,3526
1395.532143,401.804375,360.811208,3514
1395.534261,115.997291,75.091916,3525
1395.595309,393.138958,352.207042,3517
1395.643198,111.029625,68.586292,3529
1395.650324,126.999250,85.545542,3528
1395.666367,397.104166,355.658334,3520
1395.719239,371.876459,330.123791,3523
1395.753204,109.970875,69.351916,3532
1395.767282,116.914875,76.219209,3533
1395.791174,416.819667,375.655875,3524
1395.807269,88.008959,47.002667,3535
1395.870212,116.982251,76.380792,3536
1395.876357,422.021834,380.847250,3527
1395.882438,115.112959,73.464125,3537
1395.914314,380.026209,339.045292,3530
1395.976127,99.726958,58.822167,3541
1395.982335,386.984209,345.601959,3531
1395.984314,114.065875,72.801167,3540
1396.027215,360.807417,319.381709,3534
1396.080241,104.086500,63.333083,3544
1396.081211,98.831542,58.026500,3545
1396.088327,297.133666,254.849291,3538
1396.124315,317.027958,276.108875,3539
1396.187285,107.003458,66.080584,3548
1396.197248,116.006042,74.768750,3549
1396.198249,315.768834,275.021250,3542
1396.245315,330.961458,288.637125,3543
1396.290231,102.910500,61.597666,3552
1396.317195,119.929541,78.599500,3553
1396.317198,332.854667,291.028792,3546
1396.353328,326.070209,284.525208,3547
1396.405108,316.743000,275.783375,3550
1396.419138,128.886042,87.651959,3556
1396.436147,118.937000,78.143916,3557
1396.466289,341.934833,300.454291,3551
1396.523242,104.085334,63.053959,3561
1396.524214,119.087500,77.814334,3560
1396.542148,343.864209,301.633208,3554
1396.607282,361.920125,320.576667,3555
1396.621318,97.066958,56.268917,3565
1396.642307,119.024500,77.673750,3564
1396.656319,339.101583,297.559208,3558
1396.708275,86.916959,45.382167,3568
1396.727304,373.934750,332.319458,3559
1396.736371,129.045875,87.756375,3567
1396.771156,334.989084,293.717667,3562
1396.813312,346.981834,305.961542,3563
1396.826302,117.986458,76.991833,3571
1396.839377,112.030625,71.203708,3572
1396.882300,340.127084,299.362000,3566
1396.928100,285.767125,242.733750,3569
1396.933328,119.975917,78.304334,3575
1396.945170,118.824417,77.756000,3576
1396.991235,334.874458,293.818584,3570
1397.040126,106.768375,63.848166,3580
1397.045308,117.182625,76.059666,3579
1397.053408,317.000250,275.473625,3573
1397.113201,342.025542,301.458500,3574
1397.126299,86.145500,45.344541,3583
1397.150231,104.885667,63.798875,3584
1397.171154,331.737583,289.449416,3577
1397.220216,93.879917,52.380417,3587
1397.228144,114.924251,73.431459,3586
1397.235145,352.817792,310.856583,3578
1397.278305,333.102292,291.927709,3581
1397.333216,105.048709,64.008875,3591
1397.340291,120.054084,79.389042,3590
1397.342229,350.958417,309.627500,3582
1397.370219,316.532125,274.100458,3585
1397.422293,89.056333,48.219500,3594
1397.429253,279.001917,237.701042,3588
1397.440329,100.013083,59.037417,3595
1397.474234,303.058584,261.759167,3589
1397.524317,101.991458,60.841083,3598
1397.537112,301.944416,255.092833,3592
1397.559134,129.865459,88.550000,3599
1397.571209,292.862791,251.401792,3593
1397.625141,100.801166,58.620041,3602
1397.640248,103.116708,61.897791,3603
1397.647160,304.910375,262.544625,3596
1397.700306,330.044750,288.680292,3597
1397.748233,123.066416,81.811041,3606
1397.749162,108.896958,68.031542,3607
1397.755348,314.990666,273.819000,3600
1397.810281,336.019833,295.308709,3601
1397.850224,101.044416,60.023542,3611
1397.871146,311.990875,271.158417,3604
1397.876357,128.091250,86.500750,3610
1397.917164,106.846542,66.177125,3613
1397.934313,363.065209,321.434167,3605
1397.959297,109.046000,68.300167,3614
1397.980269,103.869500,61.670292,3616
1397.982133,334.945334,293.709500,3608
1398.034276,333.932667,292.418292,3609
1398.050314,90.977250,49.454125,3619
1398.059301,124.945333,83.639209,3618
1398.128217,372.826126,328.837834,3612
1398.144141,109.831166,68.620125,3622
1398.160340,109.983708,68.815834,3623
1398.181298,310.127708,268.850166,3615
1398.228268,100.011042,58.813708,3625
1398.243298,99.131958,58.232708,3626
1398.249321,332.129583,291.349917,3617
1398.320293,339.991458,298.472708,3620
1398.351257,122.954417,82.203625,3629
1398.357251,113.906917,72.464000,3630
1398.375255,393.104250,351.794625,3621
1398.417135,96.805334,56.083709,3632
1398.441303,381.955000,337.405541,3624
1398.448327,97.041583,55.470042,3633
1398.492293,331.909667,291.132041,3627
1398.520250,103.098625,62.508250,3636
1398.555130,373.796500,332.420083,3628
1398.581225,139.884792,99.124083,3637
1398.596300,103.969542,62.341709,3639
1398.618178,368.820083,327.560625,3631
1398.662203,107.048375,65.858042,3641
1398.671149,89.905083,49.303333,3642
1398.689300,332.008834,290.413084,3634
1398.736175,360.904834,319.617667,3635
1398.768140,96.970417,55.801958,3646
1398.774183,111.948667,70.537542,3645
1398.823139,374.775042,333.540959,3638
1398.826346,90.146292,49.224584,3648
1398.867304,99.139250,57.888541,3649
1398.868145,347.878417,306.964001,3640
1398.934241,111.080959,69.757625,3651
1398.944150,117.766250,77.147875,3652
1398.946397,350.053084,309.169291,3643
1398.987292,369.086083,328.297084,3644
1399.063501,374.161083,331.754791,3647
1399.101312,167.049167,125.794958,3655
1399.129348,185.176541,143.068042,3656
1399.187253,413.048417,371.790125,3650
1399.230322,166.777042,125.694625,3659
1399.254319,152.973333,111.197625,3660
1399.291225,423.879750,380.442416,3653
1399.409289,178.927292,137.954834,3663
1399.419818,551.644042,509.693042,3654
1399.437541,183.180667,141.405251,3664
1399.534633,588.188126,545.694917,3657
1399.583339,174.024375,132.918333,3666
1399.597321,177.460208,136.458292,3667
1399.636923,649.594459,607.940375,3658
1399.753961,170.581542,128.691208,3670
1399.760170,162.813583,121.900917,3671
1399.773424,644.028583,599.496334,3661
1399.864246,676.949292,635.606708,3662
1399.884335,130.346417,89.565292,3673
1399.900139,139.953625,98.618333,3674
1399.945318,654.053458,613.174625,3665
1399.991229,106.855001,66.192000,3677
1399.992193,127.912459,86.536625,3676
1400.016143,578.577417,537.142376,3668
1400.080328,545.664000,504.688625,3669
1400.105238,113.973125,72.578625,3680
1400.106295,114.066750,72.464000,3681
1400.128229,491.276626,448.430208,3672
1400.196279,422.814292,380.998625,3675
1400.201328,96.068583,54.739708,3684
1400.201330,120.966417,80.138333,3683
1400.255257,355.095709,314.386625,3678
1400.297232,95.891250,55.104875,3688
1400.308261,362.900709,321.813334,3679
1400.316238,119.921959,78.525417,3687
1400.346140,329.973875,288.494500,3682
1400.388351,91.094500,49.872958,3691
1400.410230,303.891292,261.174667,3685
1400.431313,123.032000,82.196625,3692
1400.449304,321.042459,280.094500,3686
1400.503270,92.992375,52.205417,3696
1400.516311,127.916833,86.758292,3695
1400.525332,323.976042,281.939583,3689
1400.572313,317.029416,276.264625,3690
1400.610315,93.963916,52.519541,3700
1400.626347,123.029958,81.849834,3699
1400.630257,314.001917,268.172916,3693
1400.658363,312.191834,270.881625,3694
1400.699289,126.931000,85.853250,3702
1400.714226,282.875250,241.232250,3697
1400.733169,122.818209,81.987500,3703
1400.780185,330.841292,288.754376,3698
1400.789306,130.882500,89.070042,3706
1400.790193,90.863500,49.868292,3707
1400.818252,292.883792,252.218751,3701
1400.874346,247.945251,206.299917,3704
1400.881183,100.957792,59.500583,3710
1400.915244,284.967083,244.085334,3705
1400.921305,131.951166,89.226375,3711
1400.966222,251.975792,210.650125,3708
1400.990288,109.065834,67.875500,3715
1401.004325,129.924958,88.657625,3714
1401.019197,286.006875,244.795250,3709
1401.055263,89.019875,48.142209,3718
1401.107273,317.056833,275.180792,3712
1401.108221,117.901875,76.404417,3719
1401.134247,103.743208,62.822667,3721
1401.146145,327.872708,286.662542,3713
1401.228306,120.990333,79.441542,3723
1401.229205,313.943292,272.938459,3716
1401.230171,121.921333,79.863000,3724
1401.274140,352.799417,311.488625,3717
1401.332139,327.774417,286.195875,3720
1401.342256,113.912750,72.963625,3727
1401.346239,117.003250,74.984291,3728
1401.394248,338.958959,297.515750,3722
1401.411332,106.499750,65.271208,3730
1401.425290,93.125667,51.847834,3731
1401.473226,338.962459,298.085083,3725
1401.495288,100.998042,59.542291,3734
1401.514299,98.331042,57.316875,3735
1401.560113,413.948500,372.764292,3726
1401.585210,111.962083,71.208958,3737
1401.596285,100.956333,59.926417,3738
1401.609251,379.063708,338.174083,3729
1401.672210,325.315375,283.316542,3732
1401.674315,89.064208,48.124708,3741
1401.679147,119.014875,78.557792,3740
1401.723259,358.375501,317.023584,3733
1401.726200,88.082750,43.733083,3743
1401.761317,75.518625,33.886416,3744
1401.781274,355.945625,312.953667,3736
1401.792957,43.690792,43.069250,3745
1401.824295,309.961459,269.011167,3739
1401.866289,269.967542,228.528125,3742
1401.890188,29.859958,29.314833,3746
1401.959052,73.633292,72.938834,3747
1402.012178,44.840250,44.218125,3748
1402.028089,56.595584,55.830833,3749
1402.057291,32.027625,31.705625,3750
1402.128448,45.877125,45.428542,3751
1402.171143,60.650916,60.057375,3752
1402.219785,54.333125,53.438875,3753
1402.249088,55.387209,53.955708,3754
1402.259370,62.248666,61.439292,3755
1402.286273,34.455458,33.819916,3757
1402.296224,72.941458,72.268875,3756
1402.332393,27.619083,27.069583,3759
1402.368721,84.196584,83.635417,3758
1402.397698,27.657000,27.183625,3760
1402.447425,31.516625,31.021375,3761
1402.566598,38.499708,38.068042,3763
1402.593342,66.311875,65.882541,3762
1402.629442,64.844500,64.169292,3764
1402.661569,40.565292,40.143250,3765
1402.679333,41.251583,40.606709,3766
1402.821735,72.494917,71.822917,3767
1402.935401,75.047583,74.645666,3768
1402.963436,69.802250,68.940083,3770
1402.970793,78.786750,78.136334,3769
1402.980702,67.339708,66.769500,3771
1403.011374,49.911750,49.477167,3772
1403.027330,55.854167,55.364750,3773
1403.051965,39.048625,38.385375,3774
1403.111965,41.532750,40.823125,3775
1403.130283,47.678167,46.991292,3776
1403.226663,32.972625,32.418750,3777
1403.363715,58.629958,58.145792,3779
1403.371719,62.359791,61.774417,3780
1403.377393,72.620917,71.979542,3778
1403.453312,37.395458,36.859084,3781
1403.526861,44.103792,43.388917,3782
1403.559619,47.520667,46.810458,3783
1403.572802,45.728958,45.224375,3784
1403.608400,62.596333,62.034875,3785
1403.626620,55.978708,55.419000,3786
1403.666815,28.682792,28.164208,3787
1403.728188,74.936458,74.211375,3788
1403.742079,38.947416,38.518375,3789
1403.796109,46.886875,46.593750,3790
1403.901358,41.030500,40.577250,3791
1404.047856,75.264583,74.316667,3792
1404.172723,89.489167,88.792376,3793
1404.187367,87.933417,87.015542,3794
1404.275642,81.667542,80.086416,3795
1404.356423,119.013125,118.021167,3796
1404.384593,104.076000,103.148500,3797
1404.417074,112.284083,111.819750,3798
1404.476810,161.488542,160.678584,3799
1404.504975,89.026292,87.717292,3800
1404.607937,87.364958,86.586209,3801
1404.617450,90.351625,87.660709,3802
1404.708485,70.265708,69.412875,3803
1404.728228,33.718708,32.914000,3804
1404.790366,41.123250,40.666500,3805
1404.896256,35.876458,35.321417,3806
1404.952543,38.631541,38.046167,3807
1404.978307,43.635084,42.968917,3808
1405.012346,40.853750,40.295500,3809
1405.049211,56.005542,55.402958,3810
1405.067792,54.342459,53.764958,3811
1405.118551,35.975916,35.305083,3812
1405.221989,28.276791,27.604791,3813
1405.341706,36.905750,36.329708,3814
1405.448408,40.594166,40.026000,3815
1405.455415,39.494583,38.877417,3816
1405.508799,40.051958,39.663458,3817
1405.570900,43.866376,43.444042,3818
1405.635957,66.596833,65.825666,3819
1405.678631,40.487709,39.971750,3820
1405.704359,58.953417,58.304459,3821
1405.747023,66.981250,66.490084,3822
1405.803739,54.518625,54.091333,3823
1405.902748,42.389375,42.030917,3824
1405.967063,68.930750,68.171250,3825
1406.015068,43.629250,43.055542,3826
1406.019090,41.541791,40.682250,3827
1406.123477,40.898958,40.294334,3828
1406.230026,36.334958,35.813750,3829
1406.302209,37.766167,37.335958,3830
1406.335312,30.504833,29.957959,3831
1406.415613,25.813959,25.102583,3832
1406.453258,37.350833,36.604458,3833
1406.491902,37.609250,37.062375,3834
1406.565570,38.568833,38.255875,3835
1406.605169,39.174334,38.615791,3836
1406.671659,70.838250,70.011084,3837
1406.683562,45.449833,44.949042,3838
1406.712444,54.822542,54.095125,3839
1406.802231,52.971042,52.318875,3841
1406.815394,77.177917,76.729041,3840
1406.826293,62.675958,61.945042,3842
1406.906821,46.447916,45.785542,3843
1407.008180,36.688458,36.016750,3844
1407.042347,44.238541,43.747375,3845
1407.111481,28.866250,28.193375,3846
1407.179112,36.681167,36.165792,3847
1407.217943,59.409000,58.795625,3848
1407.251897,58.209958,57.618750,3849
1407.346322,41.500375,41.009500,3850
1407.381112,46.550291,45.745292,3851
1407.447123,41.489875,40.914125,3852
1407.461381,45.453333,44.947583,3853
1407.500149,49.629125,49.021000,3854
1407.522874,52.556875,52.184125,3855
1407.570590,43.548750,43.115041,3856
1407.618469,69.253042,68.514833,3857
1407.618694,29.870750,29.618167,3858
1407.688987,50.824084,50.161708,3859
1407.744220,27.331500,26.764209,3860
1407.787163,37.881083,37.394000,3861
1407.822454,58.601084,57.948916,3863
1407.831803,75.203916,74.515583,3862
1407.903158,42.782541,42.207667,3864
1407.989283,44.152500,43.491583,3865
1408.007058,50.066042,49.462000,3866
1408.024865,53.432458,52.698042,3867
1408.161742,79.162417,78.501792,3868
1408.238695,35.674333,35.070000,3870
1408.246698,53.032584,52.682875,3869
1408.315855,41.523709,41.048292,3871
1408.333646,28.809666,28.260750,3872
1408.398110,37.276167,36.507041,3873
1408.444174,28.265417,27.499500,3874
1408.567691,40.646667,40.040875,3875
1408.596545,27.292708,26.901292,3876
1408.663399,42.035292,41.679458,3877
1408.683996,45.850292,45.440791,3878
1408.805484,56.233333,55.741292,3879
1408.929263,68.910042,68.454750,3880
1408.954070,60.403875,59.957917,3881
1408.961317,49.621250,49.046375,3882
1409.050342,78.876583,78.471750,3883
1409.116157,75.809417,75.176500,3884
1409.160990,77.871500,77.160417,3885
1409.281919,88.083917,87.290292,3886
1409.382805,116.835542,115.536459,3887
1409.412594,119.204167,117.305416,3888
1409.429472,124.169792,123.684167,3889
1409.514123,165.860334,165.264459,3890
1409.514204,98.078458,97.036333,3891
1409.589626,62.489291,61.827208,3892
1409.681393,81.210208,80.637959,3893
1409.735539,97.353375,96.964000,3894
1409.757095,82.193125,81.546792,3895
1409.771048,55.396542,53.888917,3896
1409.809154,59.959084,59.237209,3897
1409.818345,35.145542,34.548792,3898
1409.893374,33.008209,32.473584,3900
1409.899372,57.368500,56.806750,3899
1409.931724,50.506167,50.072458,3901
1410.015650,50.509667,50.039209,3902
1410.020060,48.576500,48.003083,3903
1410.075182,60.297709,59.684625,3904
1410.092916,48.976084,48.312250,3905
1410.112261,29.714417,29.178625,3906
1410.240627,46.933541,46.168792,3907
1410.320627,43.871333,43.134000,3908
1410.351563,50.028709,49.424958,3909
1410.389327,84.534041,83.911333,3910
1410.452929,37.060333,36.514917,3911
1410.517544,37.209375,36.716458,3912
1410.581919,54.848500,54.318250,3913
1410.671806,33.666500,32.991875,3915
1410.673364,51.093583,50.541167,3914
1410.720463,27.165834,26.700042,3916
1410.792965,43.692250,42.929833,3917
1410.899928,39.580042,38.873333,3920
1410.914645,65.002000,64.406416,3918
1410.926141,73.416292,72.781625,3919
1410.955398,85.361792,84.530542,3921
1411.011803,40.358208,39.672500,3922
1411.093222,36.028125,35.488833,3923
1411.140777,35.863333,35.277958,3925
1411.144625,62.064625,61.497042,3924
1411.206122,70.177917,69.459834,3926
1411.228519,34.878958,34.318375,3927
1411.281450,37.293375,36.619333,3928
1411.346277,41.479375,40.919375,3929
1411.453224,37.326042,36.768084,3930
1411.538119,38.637958,38.070375,3931
1411.590255,59.253250,58.678083,3934
1411.602848,84.537542,83.841042,3932
1411.603410,76.355125,75.747292,3933
1411.645126,39.788291,39.098792,3935
1411.670713,44.224833,43.462125,3936
1411.690712,43.393292,42.792750,3938
1411.715257,77.140875,76.651167,3937
1411.741026,61.126042,60.685916,3939
1411.771245,54.969833,54.418000,3940
1411.790598,41.363583,40.958750,3941
1411.934503,74.170833,73.608792,3942
1412.006691,40.798333,40.343333,3943
1412.035517,64.055250,63.546583,3944
1412.128447,45.869833,45.378084,3945
1412.164027,28.046084,27.498917,3946
1412.239434,45.740625,45.225250,3947
1412.249810,45.890542,45.292625,3948
1412.301877,73.129000,72.628209,3949
1412.379144,74.292750,73.476375,3950
1412.433529,44.005208,43.427125,3951
1412.460887,53.932958,53.223917,3952
1412.469514,53.645375,53.059416,3953
1412.518118,55.634250,54.859875,3954
1412.568232,41.236125,40.732417,3955
1412.683875,45.740916,45.256750,3956
1412.764449,47.298708,46.895625,3957
1412.793441,44.188083,43.387459,3958
1412.826383,68.036209,67.101708,3959
1412.915508,55.148333,54.480416,3960
1413.009166,37.687125,37.240292,3962
1413.022937,63.416792,62.816250,3961
1413.121383,38.782625,38.391792,3963
1413.245708,52.040917,51.564041,3965
1413.257800,68.270709,67.808417,3964
1413.265929,62.708917,61.968959,3966
1413.358103,53.302375,52.770083,3967
1413.454379,38.264625,37.844625,3969
1413.497185,81.302375,80.807416,3968
1413.533396,43.064000,42.635250,3970
1413.574859,47.796292,47.273333,3971
1413.662113,72.208209,71.428875,3972
1413.676176,38.048208,37.631416,3973
1413.796238,46.944625,46.446750,3974
1413.898745,38.391500,37.903542,3975
1413.922175,59.400250,58.664375,3976
1414.051905,79.346750,78.816208,3977
1414.150897,78.220625,77.316458,3978
1414.177332,94.698917,94.199875,3979
1414.231881,101.334917,100.581250,3980
1414.288083,94.319750,93.642208,3981
1414.314603,84.769125,83.582042,3982
1414.393889,88.774292,87.835417,3983
1414.490927,74.941417,73.927000,3984
1414.568283,89.798916,89.205084,3985
1414.628867,106.631583,105.835333,3986
1414.632523,105.077584,104.460417,3987
1414.713748,75.597084,74.919834,3988
1414.740925,52.086709,51.058875,3989
1414.784533,76.449042,75.708792,3990
1414.802667,52.079709,51.476250,3992
1414.807678,61.264875,60.781875,3991
1414.834509,42.231292,41.617917,3993
1414.872685,45.518083,44.968292,3994
1414.886561,48.070750,47.517166,3995
1414.938500,78.133417,77.339208,3996
1415.044474,73.002125,72.494916,3997
1415.117757,35.170917,34.702500,3998
1415.239446,45.777958,45.340458,3999
1415.262643,46.670459,45.880041,4001
1415.263967,66.937208,66.505833,4000
1415.358174,53.375292,52.956459,4002
1415.448936,27.891791,27.409084,4004
1415.498976,83.069584,82.406917,4003
1415.601331,74.337083,73.568250,4005
1415.659166,43.129334,42.715459,4006
1415.702282,64.123500,63.425541,4007
1415.793593,46.343792,45.840083,4008
1415.796780,47.555959,47.067416,4009
1415.899680,33.375708,32.612417,4011
1415.924425,64.071583,63.424083,4010
1416.012822,41.326542,40.873584,4012
1416.124976,42.392291,41.918917,4013
1416.273548,79.878750,79.285791,4014
1416.349642,44.843167,44.257791,4016
1416.350703,47.300459,46.883084,4015
1416.425948,47.757500,47.356458,4017
1416.436948,44.252541,43.529500,4018
1416.469811,53.895625,53.311416,4019
1416.495851,54.693041,54.055750,4020
1416.552448,47.766833,47.508708,4022
1416.564263,60.515000,60.177542,4021
1416.591829,64.759042,64.046208,4023
1416.606302,33.588334,33.217625,4024
1416.679333,41.187416,40.613125,4025
1416.797084,47.815833,47.090458,4026
1416.939749,79.386125,78.810958,4027
1417.022290,50.822333,50.299667,4028
1417.038763,46.521125,46.173750,4029
1417.107263,24.729834,24.370792,4030
1417.198699,40.541958,40.123125,4031
1417.255967,62.257708,61.497625,4032
1417.338665,33.840917,33.550125,4033
1417.451651,35.718959,35.074959,4034
1417.563892,36.844792,36.395042,4035
1417.616916,33.149666,32.464542,4037
1417.618329,74.546208,73.955584,4036
1417.673364,35.263958,34.798458,4038
1417.795634,46.412625,45.736541,4039
1417.887639,27.279000,26.803875,4040
1417.998395,49.249375,48.727291,4041
1418.017741,46.249000,45.676459,4042
1418.104189,53.774292,53.418750,4043
1418.142201,59.614334,58.809917,4044
1418.232363,38.649916,38.271625,4045
1418.299598,36.910125,36.091125,4046
1418.332884,28.066208,27.423375,4047
1418.469897,53.988667,53.280208,4048
1418.520206,34.372333,33.766542,4049
1418.565146,38.120250,37.756833,4050
1418.595169,51.231833,50.583750,4051
1418.679963,41.830542,41.222125,4052
1418.800957,49.773500,47.968083,4055
1418.801254,60.127375,59.565333,4053
1418.817209,67.935875,66.990583,4054
1418.860229,29.161708,28.543959,4056
1418.902455,42.114333,41.625209,4057
1418.997208,52.508750,51.767333,4058
1419.068075,95.270000,94.379250,4059
1419.125804,139.784167,139.074250,4060
1419.171606,134.720833,133.770583,4061
1419.215688,133.101500,132.624041,4062
1419.259945,128.400125,127.757875,4063
1419.302578,108.637375,105.923708,4064
1419.333166,105.847000,105.158375,4065
1419.420394,187.314750,185.767458,4066
1419.449355,144.065250,141.507042,4067
1419.471620,120.572083,118.166125,4070
1419.517060,207.211958,206.226417,4068
1419.658291,130.563417,129.767167,4076
1419.658326,327.420334,319.942876,4069
1419.694940,168.231001,166.697709,4075
1419.739511,347.545042,347.119208,4072
1419.808241,149.923958,106.806000,4078
1419.827852,436.648042,435.318334,4071
1419.841932,92.651709,92.082375,4080
1419.895137,34.778334,33.864834,4081
1419.896969,488.048167,487.053292,4073
1420.004875,33.382417,32.763792,4082
1420.007168,586.741459,545.479375,4074
1420.022506,453.958166,453.498500,4077
1420.111296,452.957167,411.531167,4079
1420.136585,53.971167,53.345250,4083
1420.241312,47.596792,46.873751,4084
1420.251629,44.390501,43.753208,4085
1420.299764,53.758250,52.961416,4086
1420.352246,47.471083,47.001792,4087
1420.442489,43.011500,42.444208,4088
1420.461698,45.776792,45.190250,4089
1420.565477,32.389291,31.649041,4091
1420.589143,62.140750,61.710833,4090
1420.670157,32.024417,31.455083,4093
1420.688355,55.452250,54.887292,4092
1420.816825,67.552334,66.877125,4094
1420.904695,38.295834,37.849000,4096
1420.917422,57.064875,56.417375,4095
1421.012597,41.148333,40.578417,4097
1421.117843,35.242666,34.600416,4098
1421.228520,34.815083,34.263833,4099
1421.262173,52.403167,51.688875,4100
1421.340900,36.102500,35.461417,4101
1421.477101,65.385834,64.595417,4102
1421.482784,56.828041,56.291667,4104
1421.487605,71.707709,71.106584,4103
1421.568063,41.022917,40.557125,4105
1421.598281,52.987959,52.214167,4106
1421.608142,35.877625,35.386167,4107
1421.663127,25.018875,24.480459,4108
1421.712123,56.590917,55.732541,4109
1421.777548,28.268917,27.661084,4110
1421.913701,53.341167,52.670917,4111
1422.008419,56.757166,56.135916,4112
1422.015734,45.427666,44.738750,4113
1422.042820,71.364125,70.333958,4114
1422.128342,45.760458,45.336958,4115
1422.148634,44.993375,44.371542,4116
1422.207953,44.401875,43.938708,4117
1422.245538,56.113459,55.491041,4118
1422.254931,61.227542,60.641875,4119
1422.286617,67.235292,66.622209,4120
1422.377813,72.992500,72.385251,4121
1422.471340,55.433583,54.858708,4122
1422.490664,48.217167,47.723084,4123
1422.520080,76.100208,75.335167,4124
1422.579574,52.551625,52.156125,4125
1422.590302,58.190125,57.435875,4126
1422.624118,60.650334,59.675000,4127
1422.638296,38.177417,37.731459,4128
1422.679520,41.354542,40.663000,4129
1422.796780,47.557708,47.240083,4130
1422.827095,52.772125,52.015542,4131
1422.849364,34.711250,34.080958,4132
1422.892319,31.963167,31.631834,4134
1422.904220,62.282209,61.708791,4133
1422.962452,45.212125,44.594959,4135
1423.021964,50.484875,49.794208,4136
1423.029505,57.268166,56.709333,4137
1423.034852,54.467000,53.788583,4138
1423.148429,65.871167,65.076958,4139
1423.148431,58.603417,58.052459,4141
1423.158411,71.829333,71.466791,4140
1423.234945,41.255084,40.765667,4142
1423.307545,41.203750,40.690709,4143
1423.349670,44.834708,44.120125,4144
1423.452380,36.488083,36.096375,4145
1423.568103,40.548083,40.015208,4147
1423.581545,54.544000,53.979042,4146
1423.695444,57.330000,56.760083,4148
1423.821169,71.898458,71.195833,4149
1423.919046,58.690042,58.202667,4150
1423.950865,50.571500,50.025791,4151
1424.046792,75.296959,73.833958,4152
1424.144877,61.743500,61.115542,4153
1424.252420,109.671333,108.901916,4154
1424.265734,116.853334,114.333917,4155
1424.305662,111.687917,111.047417,4156
1424.374893,69.702209,68.952625,4157
1424.491154,75.038250,72.284626,4158
1424.599345,113.626334,112.945292,4159
1424.632184,115.521000,114.996583,4160
1424.649580,132.242541,129.834250,4161
1424.716546,189.503708,188.481708,4162
1424.720977,82.837125,82.250583,4163
1424.752640,45.333750,44.662042,4164
1424.813402,64.200792,63.712834,4165
1424.868062,44.589417,43.941333,4166
1424.907937,47.562666,46.978750,4167
1424.932819,53.688542,52.947417,4168
1424.989121,73.490084,72.900041,4169
1425.008649,37.186333,36.755542,4170
1425.104217,40.943000,40.457959,4171
1425.126239,43.647333,43.007125,4172
1425.164969,46.762042,46.232667,4173
1425.238917,45.207459,44.734958,4174
1425.266704,57.813583,57.355375,4175
1425.311407,77.236250,76.671583,4176
1425.354752,49.965125,49.396375,4177
1425.472681,56.747541,56.073500,4178
1425.530990,49.110542,48.710666,4179
1425.570550,43.491292,42.720416,4180
1425.670455,39.334458,38.544625,4181
1425.682671,44.513000,43.730750,4182
1425.819832,70.555625,69.891500,4183
1425.906445,45.821125,45.294667,4185
1425.910734,50.360042,49.777875,4184
1426.017785,46.289833,45.616959,4186
1426.022091,43.656958,43.095791,4187
1426.103854,42.730041,42.129792,4188
1426.143405,60.793833,60.064084,4189
1426.236288,42.614542,42.086042,4190
1426.286141,59.899875,59.202208,4191
1426.350924,52.754042,46.669291,4192
1426.362884,58.096792,57.639750,4193
1426.371826,61.105916,60.263875,4194
1426.453962,38.012917,37.493166,4196
1426.464319,51.195375,50.518708,4195
1426.554458,28.407167,28.021000,4197
1426.596918,69.877209,69.220958,4198
1426.667170,41.072792,40.529708,4199
1426.683690,45.532958,44.765000,4200
1426.792625,43.371125,42.935083,4201
1426.929887,69.535084,69.071625,4202
1426.968904,48.221250,47.598542,4203
1427.017416,45.940417,45.478417,4204
1427.033477,54.504334,53.916333,4205
1427.054209,52.320917,51.686833,4206
1427.100092,49.787792,49.123667,4207
1427.138071,62.697834,61.959333,4208
1427.139352,56.802667,56.215250,4209
1427.202662,60.547667,60.023833,4210
1427.255442,61.773834,61.424125,4211
1427.302288,64.007416,63.264541,4212
1427.370705,65.897416,65.472750,4213
1427.384248,44.724167,44.116042,4214
1427.460272,44.368041,43.663083,4215
1427.477010,46.426625,45.730708,4216
1427.568257,41.201708,40.739708,4217
1427.678775,40.647250,40.242125,4218
1427.723813,60.692917,60.089167,4219
1427.799742,50.495084,49.700292,4221
1427.818692,82.217916,81.695541,4220
1427.824884,60.958625,60.382000,4222
1427.865262,36.211292,35.632625,4223
1427.892380,56.954042,56.341542,4224
1427.906846,46.478250,45.925833,4225
1428.013597,42.150209,41.771333,4226
1428.019756,44.557625,43.990333,4227
1428.106439,63.982333,63.499041,4228
1428.116799,34.236125,33.683417,4229
1428.261883,68.164833,67.489916,4230
1428.293370,47.864833,47.386792,4231
1428.339937,40.863084,40.315917,4232
1428.362143,57.313667,56.568750,4233
1428.469192,34.226792,33.514541,4235
1428.474983,59.046167,58.496375,4234
1428.569439,42.437792,42.055709,4236
1428.621661,48.328000,47.670584,4237
1428.665658,27.530417,27.028167,4238
1428.743222,47.007916,46.457542,4239
1428.797867,48.602459,48.024083,4240
1428.812299,45.019334,44.293083,4241
1428.848594,46.335334,45.708833,4242
1428.887888,27.539458,27.037500,4243
1428.935578,31.634458,31.188208,4244
1429.046619,74.089167,73.439625,4245
1429.155260,109.028792,108.562125,4246
1429.155885,102.015666,100.828000,4247
1429.185817,102.917500,100.278500,4248
1429.265321,71.608250,71.097833,4249
1429.380126,75.296084,74.345542,4250
1429.489570,73.119083,72.442125,4251
1429.575843,77.030917,75.676417,4252
1429.608377,81.334750,80.620750,4253
1429.696188,57.949500,57.035125,4254
1429.700375,54.693916,54.006458,4255
1429.734930,58.553542,57.864042,4256
1429.794893,45.654292,45.151750,4257
1429.894871,34.519625,34.146000,4259
1429.907174,48.456042,47.877667,4258
1429.955161,35.045792,34.470917,4260
1430.007249,35.799750,35.244416,4261
1430.108860,38.286500,37.769667,4262
1430.139697,57.114750,56.424666,4263
1430.210252,39.140208,38.560959,4264
1430.233352,39.653834,39.084208,4265
1430.293234,68.600875,68.049916,4266
1430.366451,61.652791,61.163958,4267
1430.381883,46.308208,45.653416,4268
1430.463176,47.245041,46.552916,4269
1430.563505,52.450709,51.824500,4270
1430.565329,38.300500,37.847833,4271
1430.675759,37.644542,37.226584,4272
1430.728231,59.694251,58.956917,4273
1430.802585,53.317542,52.639416,4274
1430.864939,53.227709,52.594208,4275
1430.908081,47.738541,47.142958,4276
1430.943295,56.253459,55.693458,4277
1430.951179,50.732500,49.926333,4278
1431.008022,105.795083,104.903167,4279
1431.009354,37.893042,37.188083,4280
1431.130355,47.779667,47.197500,4281
1431.219469,40.166875,39.634000,4282
1431.249755,56.060375,55.514667,4283
1431.331248,35.329875,34.973166,4284
1431.366925,62.109542,61.465541,4285
1431.398240,46.308500,45.754333,4286
1431.456491,40.576667,39.904959,4287
1431.475126,46.102875,45.625417,4288
1431.570256,43.165500,42.520333,4290
1431.572367,55.767250,55.274042,4289
1431.697634,59.471708,58.952542,4291
1431.744750,67.770500,67.050666,4292
1431.791763,42.522375,42.124833,4293
1431.823167,64.726375,64.071875,4294
1431.857946,37.218708,36.672416,4295
1431.907633,47.244750,46.577125,4296
1431.970508,48.363000,47.763917,4297
1431.999532,28.080500,27.652041,4298
1432.123346,40.775583,40.105334,4299
1432.140884,50.591334,49.989625,4300
1432.184946,25.041042,24.518667,4301
1432.236844,33.597083,33.103584,4303
1432.236859,43.153250,42.705250,4302
1432.309726,47.428500,46.801125,4304
1432.352421,47.656583,47.069750,4305
1432.372688,56.718959,55.994167,4306
1432.390787,70.692125,70.153709,4307
1432.419283,43.592208,42.949375,4308
1432.490353,74.431875,73.813542,4309
1432.530402,32.158000,31.671792,4310
1432.607683,80.642333,79.878458,4311
1432.682338,44.194500,43.552542,4312
1432.730055,44.150166,43.526583,4313
1432.776984,27.712708,27.253041,4314
1432.819876,65.065583,64.282750,4315
1432.908725,48.361250,47.752541,4316
1433.009390,37.900625,37.371542,4317
1433.119197,36.623417,36.132250,4318
1433.160411,58.325458,57.703917,4319
1433.230066,36.362375,35.697083,4320
1433.341503,36.731917,36.363834,4321
1433.388279,60.802584,60.333583,4322
1433.457092,41.176625,40.870375,4323
1433.566100,39.059709,38.342791,4325
1433.571567,55.419292,55.037500,4324
1433.678741,40.630917,40.322917,4326
1433.728126,63.031791,62.424834,4327
1433.760431,41.540625,41.067250,4328
1433.804213,37.597000,36.916541,4330
1433.827333,78.092291,77.297500,4329
1433.892058,31.723125,30.893625,4331
1433.921967,37.318167,36.781792,4333
1433.966469,82.518625,81.815417,4332
1434.054927,82.547792,80.768625,4334
1434.145902,81.414375,80.894625,4335
1434.169578,86.925709,86.128584,4336
1434.292273,93.191584,91.273292,4337
1434.294977,92.951542,92.238417,4338
1434.373627,68.674959,67.998583,4339
1434.488033,72.032625,71.309875,4340
1434.604393,77.282042,76.380500,4341
1434.685307,45.952375,45.163709,4343
1434.688160,50.010333,49.388500,4342
1434.791937,42.663541,42.122500,4344
1434.934311,73.951500,73.383042,4345
1435.014770,43.315708,40.108542,4347
1435.018336,47.749042,47.107084,4346
1435.056190,44.887500,44.175834,4348
1435.145353,62.744500,62.043625,4349
1435.238686,45.019916,44.671084,4350
1435.349320,44.550333,43.941916,4351
1435.382370,44.179041,43.628084,4352
1435.432484,42.114042,41.435917,4353
1435.452219,36.290333,35.716333,4354
1435.577181,51.391375,50.798125,4355
1435.587093,60.039000,59.183542,4356
1435.612689,47.660084,47.095125,4357
1435.644925,64.316875,63.576042,4358
1435.663417,31.327917,30.769375,4359
1435.721962,83.834334,83.231167,4360
1435.792783,43.537084,43.016458,4361
1435.833223,70.072916,69.447875,4362
1435.893631,43.547292,42.865667,4363
1435.917135,56.738792,56.099750,4364
1435.926651,46.625250,45.956167,4365
1436.011818,42.579542,42.116666,4366
1436.027108,55.605083,54.826333,4367
1436.130177,47.583375,46.892125,4368
1436.216190,39.026167,38.639125,4369
1436.250918,57.230541,56.444792,4370
1436.373730,68.923751,68.501126,4371
1436.447584,50.584334,50.031333,4372
1436.477373,53.453458,53.012750,4374
1436.480516,64.578791,63.906208,4373
1436.551941,37.864458,37.310875,4375
1436.585385,58.348791,57.554000,4376
1436.673294,41.118875,40.558291,4377
1436.727806,89.641417,88.723542,4378
1436.736262,68.593583,67.988375,4380
1436.739439,83.446416,82.759834,4379
1436.783203,83.046541,82.230750,4381
1436.794344,45.098083,44.573083,4383
1436.838540,40.464959,39.880166,4384
1436.846082,141.888833,141.462125,4382
1436.898793,38.463250,37.947584,4385
1436.969928,73.240708,72.568416,4386
1437.004953,33.464667,32.781000,4387
1437.051127,32.350792,31.830167,4388
1437.086350,45.343375,44.704333,4389
1437.120466,37.875250,37.336833,4390
1437.190955,58.410042,57.984791,4391
1437.210495,51.429583,50.997625,4392
1437.249948,56.219916,55.678292,4393
1437.262662,45.414250,44.838208,4394
1437.322974,66.386833,65.625000,4395
1437.345206,49.534625,48.873417,4396
1437.382208,77.395791,76.716500,4397
1437.394923,38.889375,38.251500,4398
1437.459307,43.371708,42.687750,4400
1437.470101,64.991791,64.128458,4399
1437.508923,49.001750,48.492500,4402
1437.523315,68.559167,67.969708,4401
1437.541064,58.600500,56.752209,4403
1437.593021,73.207750,72.613625,4404
1437.600827,71.301416,70.501959,4406
1437.608694,81.611833,81.051250,4405
1437.637797,79.235917,78.492167,4407
1437.680351,88.713042,88.068750,4408
1437.696785,58.635500,58.039625,4409
1437.762707,58.137626,57.315708,4411
1437.774082,74.038417,73.431750,4410
1437.790608,81.624084,80.932542,4412
1437.814674,50.722875,50.222375,4414
1437.832509,83.266167,82.651041,4413
1437.904518,44.143750,43.590458,4415
1437.934152,41.826166,41.350458,4416
1438.029872,58.396334,57.742416,4419
1438.035379,72.288417,71.657250,4417
1438.046574,77.196292,76.632792,4418
1438.086668,98.927208,98.158375,4420
1438.138425,55.829666,55.222125,4422
1438.146579,155.891458,155.089958,4421
1438.183333,44.788334,44.240000,4424
1438.184665,80.252375,79.793292,4423
1438.221123,27.449334,26.976542,4425
1438.282737,43.353625,42.993708,4426
1438.323356,70.044917,69.345209,4427
1438.330964,26.150833,25.565167,4428
1438.442734,27.301458,26.829250,4429
1438.469404,53.480000,52.916500,4430
1438.494491,37.040792,36.505584,4431
1438.519361,42.123083,41.671875,4432
1438.563111,36.067208,35.495542,4434
1438.573117,48.444959,47.924334,4433
1438.682190,44.029708,43.323583,4435
1438.714937,35.312083,34.485792,4437
1438.722932,53.636625,53.066708,4436
1438.793174,43.929375,43.299083,4440
1438.812964,65.682750,65.198583,4439
1438.816105,80.098375,79.527000,4438
1438.883368,128.372125,127.997625,4442
1438.901755,58.449709,57.712667,4443
1438.920281,59.964917,59.597125,4444
1438.940674,185.896375,185.079417,4441
1438.998997,67.744541,67.130875,4446
1439.022330,134.556042,133.359917,4445
1439.138123,140.886376,139.178084,4448
1439.141203,169.732500,168.945584,4447
1439.147372,130.178126,128.724167,4449
1439.241893,200.616209,199.969876,4450
1439.330953,137.224791,136.681708,4454
1439.346508,137.004292,135.034666,4455
1439.381462,324.276459,323.577625,4451
1439.491504,160.512041,119.232750,4459
1439.498684,416.082042,415.290751,4452
1439.527317,175.375959,132.879542,4460
1439.629807,494.051542,493.392958,4453
1439.644133,152.601750,109.434792,4462
1439.678824,180.119333,137.732875,4463
1439.776220,535.620167,534.922792,4456
1439.811352,181.508833,135.860958,4465
1439.814477,170.301250,127.869583,4466
1439.857081,598.388292,595.900376,4457
1439.908188,131.941833,89.420333,4468
1439.910601,605.819959,605.151459,4458
1439.934146,122.759876,82.046709,4469
1440.010325,99.679125,58.657375,4473
1440.011210,102.981667,60.548250,4472
1440.043147,515.733167,474.292292,4464
1440.051247,117.082000,76.517584,4474
1440.094223,83.853292,42.125708,4475
1440.097184,418.333709,376.963417,4467
1440.144859,62.301750,61.883500,4476
1440.156296,341.776750,299.966916,4470
1440.169714,50.776250,49.732083,4477
1440.210188,353.073584,312.396000,4471
1440.231857,38.183250,37.856291,4478
1440.272194,890.716167,848.586084,4461
1440.353045,36.217125,35.465500,4480
1440.367136,62.344333,61.726583,4479
1440.469116,53.228000,52.685792,4481
1440.573926,46.861209,46.455792,4482
1440.619773,34.661958,34.120333,4484
1440.627994,64.903708,64.360333,4483
1440.679536,41.447875,40.989375,4485
1440.704216,46.689417,46.016250,4486
1440.810414,48.932625,48.188875,4488
1440.813866,64.642667,64.046792,4487
1440.824060,52.248000,51.498708,4489
1440.867939,44.035833,43.697208,4490
1440.929820,69.448458,69.004542,4491
1440.970239,65.837917,63.834459,4492
1440.995542,54.458250,53.952500,4495
1441.010531,96.281791,95.132333,4493
1441.019835,101.227000,100.641333,4494
1441.049206,45.758125,45.309541,4497
1441.075271,103.803583,103.079959,4496
1441.103099,49.594416,49.077000,4499
1441.121999,115.452458,114.764125,4498
1441.145275,62.692000,61.967792,4500
1441.171244,80.852042,80.212417,4501
1441.234584,40.885250,40.437251,4502
1441.288764,42.383250,41.807208,4503
1441.303298,45.130167,44.453208,4504
1441.356959,48.339958,47.663875,4506
1441.381527,76.734291,76.250125,4505
1441.409482,76.601583,75.888750,4507
1441.421665,61.485375,60.739584,4508
1441.462434,101.684333,101.257917,4509
1441.486948,71.076833,70.572250,4510
1441.494937,66.007375,65.359000,4511
1441.537750,63.837375,63.151958,4512
1441.586478,59.445167,58.553834,4514
1441.601734,72.883416,72.333625,4515
1441.611314,90.220375,89.501417,4513
1441.633124,101.831333,101.294959,4516
1441.696234,163.960125,163.296875,4517
1441.725784,87.590417,86.819541,4520
1441.725828,66.139791,65.578625,4521
1441.747996,181.476750,180.821667,4518
1441.810502,241.887042,241.155833,4519
1441.824343,75.110000,74.531625,4523
1441.837622,94.364959,93.910833,4522
1441.857348,104.146292,103.378625,4524
1441.900755,40.402833,39.948417,4525
1441.985200,44.207042,43.560417,4527
1441.993748,65.117500,64.613208,4526
1442.010871,39.390459,38.831625,4528
1442.121804,39.244917,38.816166,4529
1442.142258,54.599708,54.134792,4530
1442.186750,41.474417,41.013875,4531
1442.259751,49.342125,48.643000,4533
1442.261843,68.133625,67.612708,4532
1442.293801,55.892958,55.276958,4534
1442.344239,86.877292,83.932333,4535
1442.346504,66.215625,65.630833,4536
1442.349832,45.059875,44.223375,4537
1442.462320,46.391334,45.702709,4538
1442.466472,41.822667,41.267334,4539
1442.532762,43.724041,43.145958,4540
1442.591745,64.687583,63.980583,4542
1442.591930,72.936500,72.256333,4541
1442.598607,54.750792,54.182916,4543
1442.644483,81.771959,81.049209,4544
1442.678855,40.681958,40.068584,4545
1442.708231,57.743875,57.074209,4546
1442.739168,43.587250,42.800042,4547
1442.812329,77.864792,75.271000,4548
1442.822081,72.836167,72.305042,4549
1442.826931,73.509041,72.843167,4550
1442.856497,77.124250,76.403542,4551
1442.896383,96.421792,94.538500,4552
1442.923346,62.987166,62.173417,4553
1442.990024,46.137291,45.442834,4554
1443.009021,37.574250,36.977208,4555
1443.042189,47.586291,47.020459,4556
1443.109953,27.391875,27.027000,4557
1443.186658,35.085750,34.562208,4558
1443.229833,65.655042,64.969041,4559
1443.233738,40.030958,39.412334,4560
1443.277473,53.248708,52.476083,4561
1443.299578,59.075334,58.441542,4562
1443.344579,37.471876,36.706250,4565
1443.346035,88.923042,88.189500,4563
1443.375760,70.973292,70.565250,4564
1443.390418,41.194417,40.711125,4566
1443.452411,36.504125,35.902708,4568
1443.458256,63.536375,63.125708,4567
1443.586389,59.319750,58.769375,4569
1443.601339,39.590834,39.098500,4570
1443.651470,61.903333,61.190208,4571
1443.683093,78.428584,77.911166,4572
1443.683455,77.984958,72.743708,4573
1443.723568,110.582208,103.940375,4574
1443.763061,62.349291,61.684292,4577
1443.768614,130.460167,129.792833,4575
1443.808783,72.417917,71.901084,4578
1443.835686,56.563500,56.002041,4580
1443.842668,198.953125,198.312042,4576
1443.885470,136.219708,135.628209,4579
1443.932166,88.552333,87.899000,4582
1443.932166,121.232709,120.433542,4581
1443.933104,72.750125,72.204125,4583
1444.059202,86.830625,76.920375,4584
1444.124634,100.989000,100.321375,4585
1444.169389,97.839291,96.744667,4586
1444.190352,104.513209,104.111875,4587
1444.252579,96.837125,96.122833,4588
1444.327309,133.570791,132.991833,4589
1444.336922,115.006792,114.184583,4590
1444.414970,110.174750,107.773459,4591
1444.469802,122.513416,121.728250,4592
1444.482810,120.379875,119.318792,4593
1444.566453,150.114417,149.118083,4596
1444.618667,232.396209,231.662959,4594
1444.628337,138.544000,137.747750,4597
1444.680159,114.842583,113.519875,4601
1444.764638,362.243875,361.647417,4595
1444.827198,200.549709,157.176250,4603
1444.833787,338.349376,337.745334,4598
1444.843310,163.104958,121.953709,4605
1444.886640,359.510084,358.253001,4599
1444.945223,117.990250,76.514375,4607
1444.953330,119.501958,77.779333,4608
1444.971274,406.111125,403.442667,4600
1445.041255,96.009375,54.732709,4611
1445.065303,487.276417,444.831042,4602
1445.066208,112.847875,71.417208,4612
1445.134217,495.964292,454.537417,4604
1445.147111,105.821917,65.245250,4614
1445.166145,100.804667,59.031584,4615
1445.185316,420.651584,379.980417,4606
1445.231230,387.872625,346.344542,4609
1445.255229,120.988292,78.875125,4617
1445.269321,122.189666,80.474625,4618
1445.289354,402.692209,361.504500,4610
1445.320244,88.996541,47.791625,4621
1445.371203,115.939834,74.807250,4622
1445.379355,407.902541,364.061833,4613
1445.388261,98.874416,57.612917,4624
1445.445292,379.043000,337.152375,4616
1445.469201,97.975792,57.068667,4626
1445.489296,109.901167,68.076459,4627
1445.528204,362.038542,320.770917,4619
1445.539294,93.961292,52.794583,4629
1445.564232,94.983292,53.366542,4630
1445.603220,417.861792,375.275542,4620
1445.627150,98.911166,57.822042,4632
1445.651281,111.946625,67.135250,4633
1445.658321,388.961125,347.908459,4623
1445.692325,89.072375,47.410416,4635
1445.733136,81.818333,40.551583,4637
1445.742375,422.102917,381.031001,4625
1445.758202,131.033000,90.455166,4636
1445.788240,95.881042,55.013292,4639
1445.816167,427.886667,386.718209,4628
1445.832215,99.057000,57.854417,4640
1445.857148,98.912625,57.197875,4642
1445.868262,378.936250,337.577334,4631
1445.906226,90.024666,48.684417,4644
1445.945233,112.989334,71.558958,4645
1445.956183,391.912208,350.945875,4634
1445.974288,105.986417,64.385125,4647
1446.025208,118.955958,78.359458,4648
1446.046242,387.884292,346.721667,4638
1446.054337,109.075459,68.193125,4649
1446.089194,346.771541,306.078792,4641
1446.131123,105.891334,64.593375,4652
1446.144208,355.942417,314.674791,4643
1446.161297,115.028667,73.838917,4653
1446.204276,347.103167,305.745708,4646
1446.237296,106.147709,64.867250,4656
1446.241199,96.950000,54.618083,4657
1446.259293,303.091251,261.593792,4650
1446.293303,88.994208,47.214417,4659
1446.341267,366.937959,325.290000,4651
1446.360331,122.995541,81.810458,4660
1446.375144,115.814417,74.675417,4662
1446.414133,359.760042,314.899375,4654
1446.449329,108.018166,66.772125,4664
1446.479354,118.982500,77.683083,4665
1446.484327,395.102458,353.784084,4655
1446.511334,97.180125,55.678291,4667
1446.552304,390.967792,349.974333,4658
1446.578325,98.931000,57.807458,4669
1446.586415,137.040750,95.430417,4668
1446.604300,363.053250,321.722625,4661
1446.660196,107.791250,67.033750,4672
1446.667299,373.951083,332.494167,4663
1446.676169,97.807792,56.438667,4673
1446.715252,340.077208,298.778667,4666
1446.749204,264.828666,223.342292,4670
1446.793220,281.842750,240.597000,4671
1446.798529,131.185250,88.223333,4677
1446.820152,159.938042,117.517750,4676
1446.829146,242.702833,202.039833,4674
1446.879106,274.767209,233.445625,4675
1446.919177,120.605917,79.801750,4682
1446.919200,125.938167,84.735583,4681
1446.935246,259.046959,211.243375,4678
1446.986241,270.950751,229.488000,4679
1447.001161,122.035375,81.495458,4685
1447.028307,109.106375,68.354416,4686
1447.055226,305.984292,264.950875,4680
1447.087138,85.956500,42.933625,4690
1447.090362,104.094083,63.346791,4689
1447.140303,85.052041,43.962625,4692
1447.157223,337.050875,295.828458,4683
1447.192549,105.382667,63.555333,4693
1447.219153,389.986333,349.491333,4684
1447.244213,103.871833,62.870500,4695
1447.244462,325.255000,324.697041,4687
1447.269330,112.065625,70.495250,4696
1447.325288,106.107750,65.442125,4698
1447.340204,95.951333,54.082875,4699
1447.351286,415.999209,374.407542,4688
1447.411247,382.896500,341.330209,4691
1447.437125,111.803416,70.543084,4702
1447.451265,111.025542,69.475583,4703
1447.467313,376.919667,334.684291,4694
1447.504083,259.588876,254.989001,4700
1447.514277,321.690250,280.127166,4697
1447.521499,110.207709,68.751959,4705
1447.555297,118.145708,76.781834,4706
1447.584267,80.148250,38.499416,4709
1447.623149,108.838333,67.949875,4710
1447.645228,375.859167,334.644626,4701
1447.655334,99.990625,58.787750,4712
1447.685350,101.040916,59.335500,4713
1447.711114,359.789209,319.004584,4704
1447.735128,111.965000,70.635250,4714
1447.748141,102.879292,61.780834,4715
1447.790303,339.010001,297.828417,4707
1447.840199,90.940209,49.887833,4719
1447.852350,114.429292,73.672084,4718
1447.857147,389.799083,348.207709,4708
1447.884293,362.745250,320.979167,4711
1447.935288,279.914250,238.405416,4716
1447.940247,100.015708,59.165458,4722
1447.980292,294.902125,254.151333,4717
1447.995459,135.092708,93.935334,4723
1448.032306,269.999042,227.411916,4720
1448.049273,113.942208,72.419375,4726
1448.075165,281.695459,240.824500,4721
1448.076228,104.755875,63.722167,4727
1448.112241,233.611000,192.419500,4724
1448.144468,81.494583,80.907458,4728
1448.160191,275.857750,233.681875,4725
1448.165393,89.428792,88.704875,4729
1448.178672,99.868125,99.143333,4730
1448.233095,77.106167,76.398584,4732
1448.239701,55.576792,54.869501,4733
1448.284196,95.867333,95.323959,4734
1448.290209,207.601042,166.226667,4731
1448.342284,148.581126,147.919625,4735
1448.371430,82.966625,82.210042,4737
1448.381955,77.089833,75.214417,4738
1448.409995,185.011458,184.598750,4736
1448.440279,55.109542,54.636458,4743
1448.449695,76.486667,75.904792,4742
1448.458073,150.813834,149.651541,4739
1448.483391,153.190334,152.607000,4740
1448.547785,198.094750,197.157333,4741
1448.566809,48.348125,47.722792,4748
1448.579196,100.802625,59.385667,4747
1448.635320,246.044166,204.396500,4744
1448.684315,268.397792,227.416584,4745
1448.697808,90.881875,89.930167,4750
1448.699148,90.666625,90.107792,4751
1448.739294,310.679542,269.331417,4746
1448.741643,214.667541,214.223625,4749
1448.783742,65.841417,65.247000,4754
1448.805120,166.881750,166.236875,4752
1448.815436,66.194917,65.509208,4755
1448.840250,201.588042,200.921875,4753
1448.869353,106.622541,106.060209,4756
1448.919299,58.990167,58.375333,4757
1449.036659,83.905500,83.050917,4758
1449.095211,123.688250,121.702000,4759
1449.130615,149.902375,149.102334,4760
1449.155331,168.417959,166.286459,4761
1449.282917,261.181375,259.628542,4762
1449.293481,117.564416,116.886583,4766
1449.325540,136.627750,135.720375,4767
1449.388184,345.572208,344.810958,4763
1449.483381,188.685875,146.389250,4771
1449.497292,444.892875,443.263625,4764
1449.507550,181.972875,139.959750,4772
1449.629562,546.443334,543.976417,4765
1449.643171,159.753709,117.386792,4774
1449.654358,157.041208,114.875834,4775
1449.755553,561.862876,560.856042,4768
1449.782306,152.699750,111.701333,4777
1449.840274,197.080333,155.547875,4778
1449.852275,630.709334,630.211750,4769
1449.874306,118.723208,76.958292,4780
1449.947128,94.834250,53.487875,4783
1449.949131,666.201083,625.267417,4770
1449.968215,127.901959,85.984500,4782
1449.989290,601.063750,555.405667,4773
1450.053327,104.177792,63.109958,4786
1450.056319,548.746042,507.954125,4776
1450.064368,117.213833,76.044500,4785
1450.094144,439.746417,398.183917,4779
1450.148228,365.886500,324.064417,4781
1450.174168,117.824875,76.740416,4790
1450.189302,135.934750,94.297291,4789
1450.206335,331.989000,290.577875,4784
1450.276326,308.068250,260.316000,4787
1450.279329,105.139417,64.464167,4794
1450.298151,149.903833,108.778250,4793
1450.312323,322.987000,281.297041,4788
1450.368228,91.865083,50.431792,4797
1450.384339,104.968208,60.077209,4798
1450.386232,321.819458,280.715167,4791
1450.428110,333.946667,292.045251,4792
1450.468294,100.043125,58.908792,4801
1450.490211,300.868459,260.203125,4795
1450.501384,295.019958,294.189292,4796
1450.531148,146.776292,106.083250,4802
1450.547342,119.207083,78.281000,4804
1450.562927,61.510167,60.467750,4807
1450.608321,310.144917,269.572917,4799
1450.652225,89.274208,47.986167,4810
1450.655354,124.179709,83.563375,4808
1450.671157,358.791708,317.907333,4800
1450.729119,342.850083,301.696500,4803
1450.756142,100.745750,59.626000,4813
1450.767311,115.045000,73.642041,4812
1450.791214,322.878792,281.429167,4805
1450.819132,89.994333,48.979292,4815
1450.845289,89.121667,48.323625,4816
1450.881182,390.925500,349.855917,4806
1450.912287,93.129750,50.899333,4819
1450.920315,129.063375,87.860500,4818
1450.933245,385.861875,345.193625,4809
1450.974312,93.087167,50.936375,4821
1451.001196,392.840876,351.266416,4811
1451.040141,127.828167,86.541875,4822
1451.055308,122.029251,80.449833,4824
1451.068321,397.137417,355.406042,4814
1451.109222,107.991917,67.365083,4826
1451.113121,345.780167,305.017709,4817
1451.135351,95.182500,54.089584,4827
1451.174115,328.788250,287.201542,4820
1451.204143,91.004666,48.954500,4831
1451.215312,106.064584,64.488375,4830
1451.219196,298.834667,297.843875,4823
1451.271302,97.161750,55.805750,4833
1451.289136,84.973000,44.091541,4834
1451.327145,352.806417,311.432334,4825
1451.393253,121.916667,80.817042,4837
1451.399311,343.959292,303.078708,4828
1451.406150,116.996834,75.938625,4838
1451.443214,374.848542,333.612125,4829
1451.489229,95.953958,55.068417,4840
1451.495228,359.846958,318.403750,4832
1451.514379,115.018458,74.041042,4841
1451.555384,340.041333,298.943458,4835
1451.581863,86.612167,83.096417,4845
1451.596181,106.931708,65.946417,4844
1451.603594,384.370291,380.578333,4836
1451.639844,57.946292,56.970375,4848
1451.671302,115.876542,74.833208,4847
1451.703299,376.128084,334.690708,4839
1451.748283,108.416583,67.339417,4851
1451.757320,351.142167,309.711792,4842
1451.779299,107.955167,66.460334,4852
1451.812294,369.046125,327.485959,4843
1451.842325,94.010000,52.924667,4854
1451.867112,352.688876,311.831626,4846
1451.896143,138.786667,93.321666,4855
1451.907148,94.822000,53.894458,4857
1451.953162,356.959167,315.754250,4849
1451.961253,94.115875,53.023833,4859
1451.991345,95.173750,53.522584,4860
1452.048280,444.656333,402.677334,4850
1452.064258,111.074542,70.186958,4862
1452.078149,116.868792,75.973333,4863
1452.111225,407.893792,366.335375,4853
1452.149219,84.923708,43.883583,4866
1452.163214,383.869500,342.077458,4856
1452.189298,140.977958,100.040500,4865
1452.212371,370.009500,327.806792,4858
1452.223342,112.091583,70.560584,4868
1452.255197,105.940625,65.066167,4869
1452.262353,355.176792,314.407625,4861
1452.296242,106.908375,64.614375,4871
1452.319274,327.891666,286.598958,4864
1452.346249,122.869250,81.354291,4873
1452.356320,101.081458,59.615208,4874
1452.383310,305.135541,264.148500,4867
1452.419244,99.936667,58.355792,4877
1452.441243,277.994208,277.471542,4870
1452.470290,86.941167,46.171125,4880
1452.475191,128.923667,87.496500,4878
1452.514162,72.893042,64.375500,4882
1452.543311,330.895834,289.895959,4872
1452.599194,128.867375,87.578459,4883
1452.599221,336.830959,295.519583,4875
1452.628207,114.002291,69.723792,4885
1452.633138,336.875292,295.178917,4876
1452.684197,84.961041,43.758458,4888
1452.698137,341.778208,301.191334,4879
1452.723306,124.086959,82.513667,4887
1452.727218,307.950417,266.964833,4881
1452.767251,83.021167,42.185500,4891
1452.781321,306.093083,300.393917,4884
1452.818292,120.131375,78.835458,4892
1452.838252,110.999000,70.224000,4894
1452.868864,87.508167,84.548917,4896
1452.890271,346.925833,305.181042,4886
1452.931239,112.909708,71.287125,4897
1452.947237,318.994083,277.642458,4889
1452.982287,349.124709,308.179958,4890
1453.014243,145.358500,104.118292,4899
1453.043307,152.992875,111.373500,4900
1453.045137,321.797000,281.139833,4893
1453.108228,125.907542,85.022583,4903
1453.110259,342.990375,302.247750,4895
1453.118432,104.153292,63.022750,4904
1453.152137,313.863667,272.652042,4898
1453.216187,105.905917,64.909834,4908
1453.228211,296.947292,256.145750,4901
1453.229108,120.861125,80.097792,4907
1453.280314,333.053000,291.431584,4902
1453.331197,114.977917,74.376458,4911
1453.338311,110.058958,68.571125,4912
1453.345184,301.839417,260.374334,4905
1453.403142,357.985250,316.949500,4906
1453.460272,121.928333,80.338416,4916
1453.462140,343.641959,302.310167,4909
1453.464374,133.151375,91.822500,4915
1453.503315,351.152666,309.992959,4910
1453.553145,90.983667,49.216709,4920
1453.563171,334.050209,293.031959,4913
1453.589312,308.955500,267.992667,4914
1453.601303,140.997208,99.325625,4919
1453.637265,292.055750,250.678458,4917
1453.662291,109.118917,68.231042,4923
1453.674316,111.124708,70.480667,4924
1453.691322,288.152375,247.218709,4918
1453.751211,113.916541,72.861833,4927
1453.751211,88.885125,48.185958,4928
1453.775329,310.921041,267.966417,4921
1453.832296,81.049792,40.133625,4932
1453.851146,347.796750,306.869792,4922
1453.886322,135.093001,91.867126,4931
1453.923121,333.774000,292.581625,4925
1453.944309,93.142292,51.879333,4935
1453.951308,118.976959,76.528375,4934
1453.981309,379.974000,338.773167,4926
1454.052729,129.588083,87.922625,4937
1454.101398,427.041709,384.836667,4929
1454.115327,170.975000,129.269875,4938
1454.201319,148.551375,105.503125,4941
1454.232353,540.984792,499.742834,4930
1454.251296,149.860375,107.474792,4942
1454.359239,583.874376,542.775334,4933
1454.368308,166.956417,125.466833,4944
1454.385857,152.527666,110.375417,4945
1454.473252,586.899833,545.519917,4936
1454.537350,169.000417,128.261000,4948
1454.544578,185.315375,144.176084,4947
1454.580068,628.724833,586.458542,4939
1454.699420,718.071959,673.772167,4940
1454.721152,183.766333,143.063959,4951
1454.736377,191.761209,144.925084,4952
1454.809355,693.497875,652.045334,4943
1454.867133,167.678000,125.808084,4954
1454.886350,635.007625,593.953209,4946
1454.899345,178.167792,137.394250,4955
1454.940194,554.314542,513.213459,4949
1454.977174,110.021916,69.454292,4958
1454.993144,519.873667,479.383917,4950
1455.003328,116.931500,76.043333,4959
1455.047193,106.975458,66.232250,4961
1455.071145,93.957500,52.801875,4962
1455.074153,494.067000,452.715084,4953
1455.108352,371.948500,330.215958,4956
1455.157128,109.900291,67.707500,4965
1455.161185,351.792000,311.173042,4957
1455.210263,139.092625,97.722042,4966
1455.212299,312.850126,271.163667,4960
1455.245305,88.153042,47.519792,4969
1455.272223,279.055876,237.627834,4963
1455.310156,97.830541,55.261500,4972
1455.312291,101.989708,60.560500,4971
1455.355203,351.831084,310.085417,4964
1455.360156,87.896667,46.664042,4974
1455.408090,97.917458,56.783125,4975
1455.409164,334.985875,294.242667,4967
1455.448305,93.061208,52.146208,4977
1455.464311,355.922001,312.823292,4968
1455.512216,103.039708,59.020500,4980
1455.513152,105.045500,63.892792,4979
1455.531334,370.121208,329.159542,4970
1455.586290,340.943167,300.077458,4973
1455.603201,90.959458,50.169875,4983
1455.619290,106.119709,64.616708,4984
1455.649304,336.974750,295.423917,4976
1455.693243,106.915083,66.223791,4986
1455.710297,107.054791,65.422875,4987
1455.711114,350.943541,308.460833,4978
1455.756307,307.960625,267.091125,4981
1455.801292,90.961500,49.646042,4991
1455.804349,111.080958,70.225459,4990
1455.815240,350.895708,310.175541,4982
1455.852322,320.947375,280.075542,4985
1455.897131,277.815125,236.515125,4988
1455.914340,113.008292,71.273125,4994
1455.929336,124.938917,83.946916,4995
1455.959304,309.958542,269.006792,4989
1456.005275,108.117042,66.752875,4998
1456.010165,95.783041,55.097583,4999
1456.027162,316.029292,275.299500,4992
1456.083288,326.949584,285.547208,4993
1456.118317,113.000417,71.836917,5002
1456.140318,130.134375,88.541250,5003
1456.157307,342.024959,299.794833,4996
1456.188292,104.961208,63.645750,5005
1456.218143,99.725500,58.737875,5006
1456.239356,386.995000,346.044417,4997
1456.261259,103.915875,62.555500,5008
1456.300311,370.928541,329.341250,5000
1456.306307,117.978000,76.955666,5009
1456.351296,111.907834,70.378584,5011
1456.365333,405.924459,364.240042,5001
1456.408331,381.143584,339.367875,5004
1456.422203,121.857167,80.664792,5013
1456.436357,85.030458,44.050416,5015
1456.458293,317.933583,276.380417,5007
1456.514273,296.105250,255.337541,5010
1456.523303,114.927750,73.663042,5017
1456.537360,115.131042,74.327750,5018
1456.575327,314.044208,273.128041,5012
1456.623293,108.989417,67.852750,5021
1456.632332,325.999917,284.328626,5014
1456.644314,120.969042,80.038000,5022
1456.665152,299.783459,258.836084,5016
1456.697152,260.765459,218.559834,5019
1456.737234,113.914209,72.898584,5025
1456.758306,125.935542,84.938875,5026
1456.763167,304.832792,263.655583,5020
1456.795296,98.114333,56.787208,5029
1456.831277,293.878959,251.398876,5023
1456.865146,106.809500,65.362792,5031
1456.867347,130.092666,89.351500,5030
1456.890248,314.878959,273.816375,5024
1456.918283,86.974708,45.352709,5034
1456.977219,112.052792,70.893667,5035
1456.983255,338.903542,297.341333,5027
1456.991248,100.979375,60.183375,5037
1457.031147,365.980708,325.315375,5028
1457.068222,84.942959,43.586667,5040
1457.089279,112.035000,71.312792,5039
1457.117305,354.103750,312.711875,5032
1457.126308,95.135542,53.726166,5042
1457.168278,100.023000,59.085250,5043
1457.178217,382.880167,340.270292,5033
1457.203345,114.019500,72.998916,5044
1457.229302,361.910791,320.822542,5036
1457.284131,115.814125,74.694375,5047
1457.285302,366.988708,325.855541,5038
1457.295337,117.075292,75.474000,5048
1457.336316,345.026792,304.198125,5041
1457.399310,281.961750,240.197126,5045
1457.401142,115.814417,73.449834,5052
1457.414183,130.030833,88.862667,5051
1457.449323,322.971834,282.132375,5046
1457.495252,94.086417,52.986500,5056
1457.500315,100.963042,59.572041,5055
1457.529251,325.870125,285.014625,5049
1457.574219,344.875125,303.953709,5050
1457.610306,115.011750,74.011291,5059
1457.622353,121.981125,80.475500,5060
1457.655302,359.927167,318.401125,5053
1457.671142,96.887875,55.854166,5062
1457.706171,95.837000,54.966916,5063
1457.737161,81.835250,40.536708,5065
1457.737174,400.822334,360.147083,5054
1457.772334,101.165167,56.317625,5066
1457.814130,399.926916,357.163625,5057
1457.817353,111.155625,70.172375,5067
1457.847308,110.121375,69.198791,5068
1457.868137,418.777625,377.531875,5058
1457.909278,380.001417,338.648625,5061
1457.925303,111.148333,69.636875,5071
1457.934265,116.840791,75.174166,5072
1457.974304,351.910708,310.957792,5064
1458.022295,112.983792,72.114292,5075
1458.030234,104.887417,63.927209,5076
1458.047264,310.081334,267.753792,5069
1458.118285,345.907626,304.945375,5070
1458.133313,103.028334,61.181166,5080
1458.135359,113.029000,72.210833,5079
1458.188094,340.760292,300.120917,5073
1458.220242,86.887500,46.004291,5083
1458.225212,106.887375,65.806709,5082
1458.255248,387.088917,344.669208,5074
1458.276325,88.206125,47.250292,5085
1458.303314,369.006167,327.120208,5077
1458.330363,110.085792,68.626542,5086
1458.361299,106.024917,64.418667,5088
1458.366303,391.957125,350.731792,5078
1458.408140,104.790291,63.580709,5090
1458.423305,92.901375,52.128708,5091
1458.443147,395.860791,355.219375,5081
1458.500143,76.801958,34.496875,5095
1458.515235,379.845375,338.190708,5084
1458.517373,109.208167,68.233083,5094
1458.554328,329.067375,287.906791,5087
1458.609320,332.954125,291.358375,5089
1458.638330,123.074292,82.311542,5098
1458.658129,296.792709,254.953125,5092
1458.658234,158.069041,116.739583,5097
1458.694210,327.874751,285.702375,5093
1458.741302,131.937458,90.468000,5101
1458.757141,118.778626,77.427584,5102
1458.762307,319.132334,277.973209,5096
1458.845124,103.785792,62.472958,5106
1458.846154,88.992167,48.365333,5107
1458.849346,331.927167,290.645542,5099
1458.896144,341.780250,300.629583,5100
1458.944294,286.143667,245.000876,5103
1458.960306,115.158459,73.928458,5109
1458.981105,134.926458,89.728041,5110
1458.982229,323.966125,282.412375,5104
1459.085825,391.575917,349.621125,5105
1459.132175,187.839750,147.112875,5113
1459.133263,172.928000,131.685458,5114
1459.179236,416.892292,376.330500,5108
1459.311364,461.985125,419.318375,5111
1459.313138,180.942125,139.885084,5118
1459.320359,187.061875,145.301625,5119
1459.390776,494.616500,452.331833,5112
1459.469261,156.097959,114.400417,5122
1459.495171,183.768959,142.795917,5121
1459.508144,527.010459,486.121125,5115
1459.645500,663.235709,621.704417,5116
1459.648243,178.945959,136.880625,5125
1459.652351,157.159333,115.280375,5126
1459.756410,670.565292,629.291833,5117
1459.813231,167.692875,126.248792,5128
1459.823161,174.897916,133.403667,5129
1459.857322,678.064917,636.991834,5120
1459.900224,86.969458,45.684041,5132
1459.919211,598.810333,557.455209,5123
1459.953317,130.130292,88.678042,5133
1459.959281,568.481959,526.847125,5124
1460.029264,521.096917,479.801875,5127
1460.043323,143.058417,101.710292,5135
1460.050172,130.926542,89.271875,5136
1460.088309,435.918000,391.503291,5130
1460.137217,380.774042,333.659667,5131
1460.144126,114.837042,73.716125,5139
1460.154206,110.847625,68.843834,5140
1460.195144,337.794042,295.307834,5134
1460.260148,122.916500,82.136833,5143
1460.260222,116.083625,74.764667,5144
1460.265155,311.801583,269.034501,5137
1460.313349,354.029376,307.506792,5138
1460.360145,99.916250,58.722416,5148
1460.367216,107.042833,66.154083,5147
1460.376344,326.147792,284.591126,5141
1460.410386,322.038500,281.125250,5142
1460.473224,113.059917,72.098834,5151
1460.479202,324.968583,279.471500,5145
1460.484367,117.106792,75.626541,5152
1460.520338,325.172459,284.080416,5146
1460.577137,97.916583,57.138083,5156
1460.584342,319.158292,278.102708,5149
1460.599639,126.388208,85.013833,5155
1460.655327,341.929875,300.041291,5150
1460.682357,97.967625,57.054666,5160
1460.688232,111.076292,69.941084,5159
1460.711263,334.887291,293.607125,5153
1460.750157,94.793125,53.012458,5162
1460.792222,109.830292,69.200542,5163
1460.800482,390.058375,348.636750,5154
1460.815337,104.034000,62.345500,5165
1460.849317,364.913792,322.903292,5157
1460.903322,111.030208,70.256958,5167
1460.910349,389.965917,348.670584,5158
1460.919151,118.643000,78.038334,5168
1460.978234,378.565542,337.196417,5161
1461.010225,106.869875,65.496959,5171
1461.018304,107.914041,67.205250,5172
1461.035291,347.034334,306.440751,5164
1461.060315,82.041458,40.549250,5174
1461.096110,345.932709,305.295958,5166
1461.124310,114.060917,72.517083,5175
1461.136143,100.818959,60.143125,5177
1461.175304,79.172042,37.072584,5179
1461.195252,379.879208,330.394750,5169
1461.225303,100.949625,60.318708,5180
1461.248305,398.958000,345.654750,5170
1461.250135,113.972541,73.021959,5181
1461.309290,390.119334,348.821083,5173
1461.315184,119.907666,75.855792,5183
1461.319340,93.994542,52.896958,5184
1461.368295,349.949541,308.284667,5176
1461.431239,116.033458,75.325834,5188
1461.433223,372.869291,331.626459,5178
1461.435230,125.906375,85.081208,5187
1461.477299,301.955500,260.499166,5182
1461.520335,271.987626,231.010500,5185
1461.557140,123.883667,82.516583,5192
1461.565141,133.881417,92.658125,5191
1461.588292,338.131792,296.615958,5186
1461.612312,91.940625,51.209375,5195
1461.642300,85.133125,44.446208,5196
1461.671257,351.868417,310.597292,5189
1461.691283,102.948125,60.844291,5198
1461.739160,126.811709,85.907500,5199
1461.748262,379.929667,339.112667,5190
1461.769137,97.837541,56.572541,5201
1461.813289,378.035292,336.651292,5193
1461.847150,107.970041,67.155375,5203
1461.863362,115.071833,73.769792,5204
1461.868297,390.955834,349.485500,5194
1461.895153,34.748292,34.117417,5206
1461.907271,342.103416,300.850958,5197
1461.961281,318.950917,277.422250,5200
1461.985322,293.996791,253.108333,5202
1462.021828,50.364125,49.664708,5207
1462.022199,253.049125,212.130334,5205
1462.024572,41.777459,41.200833,5208
1462.118594,36.024333,35.719542,5209
1462.209038,41.858834,41.348125,5210
1462.226587,32.878125,32.235875,5211
1462.379146,74.325708,73.618417,5212
1462.398317,63.193666,62.824417,5214
1462.408259,74.624083,73.925541,5213
1462.441083,53.361292,52.618417,5215
1462.479077,63.148167,62.413750,5216
1462.509958,73.596541,72.930667,5217
1462.511898,64.624584,63.923125,5218
1462.545498,48.350459,47.685459,5220
1462.568931,94.655458,94.150000,5219
1462.579957,52.970167,52.392375,5221
1462.650232,34.861750,34.560750,5222
1462.686701,51.998333,51.524083,5223
1462.688918,50.784709,50.170166,5224
1462.784384,35.157792,34.789125,5225
1462.921591,61.265167,60.617084,5226
1463.010262,38.795750,38.273083,5227
1463.037959,46.496917,45.806250,5228
1463.110945,28.361666,27.694916,5229
1463.170926,45.859042,45.309833,5231
1463.172996,49.327833,48.729334,5230
1463.250159,56.471625,55.808084,5232
1463.302252,34.979292,34.505916,5233
1463.370134,65.331583,64.771000,5234
1463.449751,47.806500,47.131875,5235
1463.451838,35.905041,35.339500,5236
1463.510921,40.984417,40.476916,5237
1463.598279,71.230250,70.511876,5238
1463.696102,57.956500,57.301417,5239
1463.699194,30.615958,30.038750,5241
1463.713981,73.729541,73.200459,5240
1463.749439,65.575125,64.970208,5242
1463.793114,43.889416,43.105708,5243
1463.855926,51.903541,51.395459,5244
1463.902176,41.811000,41.477917,5245
1463.952978,36.688167,36.071000,5246
1464.045585,74.106083,72.655334,5247
1464.208448,114.599333,113.878625,5249
1464.215786,133.181125,122.532083,5248
1464.242111,112.467834,111.734583,5250
1464.293135,152.075875,151.391042,5251
1464.412984,219.350833,217.416792,5252
1464.434612,117.614292,116.983708,5254
1464.435591,130.761458,129.908333,5253
1464.499563,83.649125,81.676291,5255
1464.591674,92.469125,90.170500,5256
1464.607996,80.693666,79.866500,5257
1464.748071,111.957416,111.092917,5259
1464.750715,112.590625,112.111708,5260
1464.760500,129.011750,128.476250,5258
1464.797390,48.135500,47.371333,5261
1464.828874,40.362291,39.686208,5262
1464.876915,63.074667,62.440291,5263
1464.896623,36.260875,35.711667,5264
1465.031232,59.763375,59.227583,5265
1465.112165,46.017708,45.383333,5266
1465.124784,56.656833,56.100333,5267
1465.155980,73.399375,72.649500,5268
1465.241629,47.944167,47.341000,5269
1465.353012,48.180708,47.775875,5270
1465.462782,46.892708,46.429541,5271
1465.498900,32.201458,31.667125,5272
1465.561413,34.356875,33.817875,5273
1465.577849,48.593708,47.990542,5274
1465.674545,36.414875,35.697375,5275
1465.706464,39.148959,38.588084,5276
1465.794552,45.286209,44.667583,5277
1465.808370,46.984291,46.452292,5278
1465.887732,27.338208,26.877958,5279
1466.012926,41.464208,40.979750,5280
1466.110701,28.126000,27.611500,5281
1466.242294,48.585834,47.911792,5282
1466.263623,50.580833,49.860125,5283
1466.296312,50.476125,49.648667,5285
1466.312422,74.230916,73.603541,5284
1466.345309,40.517750,40.063625,5287
1466.347504,69.204041,68.575791,5286
1466.468811,52.899000,52.546666,5288
1466.510706,55.111291,54.397000,5289
1466.571274,44.254584,43.830792,5290
1466.609172,64.285375,63.542208,5291
1466.627958,27.528375,27.192084,5292
1466.684134,46.020042,45.492709,5293
1466.788112,61.409542,60.603084,5294
1466.789612,40.386208,39.909333,5295
1466.886530,67.354584,66.790208,5296
1466.898596,38.302542,37.900333,5297
1466.969540,72.710458,71.967000,5298
1467.031325,59.841541,59.250042,5299
1467.031927,54.470792,53.855375,5300
1467.064573,72.111666,71.620500,5301
1467.088411,63.536959,63.020126,5302
1467.097334,62.911625,62.159709,5303
1467.123587,82.488292,81.638667,5304
1467.149739,67.159459,66.519250,5305
1467.245743,52.057834,51.390792,5306
1467.336215,31.435250,30.990750,5307
1467.399110,80.900459,80.097792,5308
1467.463691,47.767125,47.094250,5309
1467.571554,44.489958,43.810375,5310
1467.696611,58.450875,57.845375,5311
1467.796424,47.147625,46.568375,5312
1467.796876,43.210708,42.763584,5313
1467.892774,48.541500,47.983833,5314
1467.908660,48.302333,47.696542,5315
1468.010829,39.375875,38.760458,5316
1468.142241,59.626583,58.923958,5318
1468.149507,71.960584,71.206334,5317
1468.149876,63.480959,62.975791,5319
1468.226064,32.361292,31.878291,5320
1468.292323,35.135917,34.735750,5322
1468.309375,86.160083,85.421584,5321
1468.353400,48.591083,47.781417,5323
1468.463601,47.688375,46.989542,5324
1468.478353,38.614625,37.859500,5325
1468.546950,32.802292,32.280500,5326
1468.581214,54.138875,53.651791,5327
1468.699046,60.923042,59.425334,5328
1468.718709,61.392334,60.755042,5329
1468.740448,76.777458,76.280750,5330
1468.746372,79.665250,79.265375,5331
1468.820525,71.307834,70.633792,5332
1468.853943,47.086666,46.447333,5333
1468.897359,37.000833,36.536208,5334
1468.974964,42.715459,39.854500,5336
1468.988069,59.228750,58.511250,5335
1469.057219,85.248333,84.104708,5337
1469.126028,86.562000,85.845667,5338
1469.162070,79.395458,78.880083,5339
1469.214906,88.614458,87.419501,5340
1469.284127,90.332666,89.473708,5341
1469.426816,118.763167,117.056625,5344
1469.427066,122.182959,121.553833,5343
1469.434642,130.095291,128.902084,5342
1469.512025,94.823750,93.256333,5345
1469.564889,89.245917,88.435666,5346
1469.624407,97.386625,96.949708,5347
1469.653132,112.909417,111.877792,5348
1469.726709,90.737208,89.868917,5349
1469.737490,99.373459,98.052792,5350
1469.783909,34.134334,33.487708,5351
1469.810887,41.842208,41.226208,5352
1469.903131,42.428458,41.903751,5354
1469.909286,48.937584,48.290375,5353
1469.966808,47.698000,47.148500,5355
1470.012783,41.295917,40.841500,5356
1470.105187,42.296041,41.840750,5357
1470.125616,43.011500,42.410084,5358
1470.246773,53.106083,52.612875,5359
1470.358737,53.939666,53.228583,5360
1470.408161,57.512000,56.915834,5361
1470.453033,37.122750,36.653750,5362
1470.497086,55.190916,54.408667,5363
1470.567826,40.791917,40.312125,5364
1470.598518,58.100584,57.388625,5365
1470.653280,44.200041,43.462708,5367
1470.661903,60.339125,59.908334,5366
1470.713447,75.275375,74.640125,5369
1470.727878,100.194791,99.447833,5368
1470.782281,41.047416,40.483334,5370
1470.809974,60.700500,60.083041,5371
1470.858791,28.009917,27.605667,5372
1470.893382,33.009375,32.542709,5373
1470.916993,43.104834,42.483875,5374
1470.994307,49.588000,48.922417,5375
1471.006352,34.929125,34.461584,5376
1471.135386,52.829875,52.385667,5377
1471.152313,52.798083,52.159916,5378
1471.194364,45.808584,45.285333,5379
1471.267528,73.846208,73.028083,5380
1471.342270,37.473042,36.714417,5381
1471.391426,37.643667,36.899334,5382
1471.451146,41.196458,40.818458,5383
1471.466447,50.495666,49.785750,5384
1471.573658,46.618834,45.929042,5385
1471.609811,47.483333,46.915167,5386
1471.684177,46.068458,45.430584,5387
1471.712992,38.522167,37.860666,5388
1471.761785,60.851291,60.003417,5389
1471.772826,46.711875,46.186000,5390
1471.806271,57.058750,56.511583,5391
1471.912913,52.560375,52.173333,5392
1472.021331,49.865666,49.406292,5393
1472.128491,45.934000,45.507583,5394
1472.151057,48.057917,47.679333,5396
1472.171230,69.748875,69.142791,5395
1472.234471,40.779666,40.497917,5397
1472.367128,62.324500,61.751667,5398
1472.450348,34.424250,33.824292,5400
1472.454067,66.000667,65.619459,5399
1472.493124,68.435500,67.783042,5401
1472.545824,46.741916,46.382875,5402
1472.592361,65.325750,64.825541,5403
1472.677316,39.181917,38.742667,5404
1472.782798,36.002459,35.577500,5405
1472.808401,59.175959,58.359000,5406
1472.827608,44.291917,43.737750,5407
1472.885934,52.058125,51.305917,5408
1472.921425,78.392709,77.692708,5409
1472.922684,62.384583,61.985583,5410
1472.957260,95.932958,95.286916,5411
1473.012514,41.041292,40.604958,5412
1473.076625,50.969917,50.506458,5413
1473.117565,47.474000,46.902625,5414
1473.125922,43.309000,42.685125,5415
1473.192864,37.065000,36.556625,5416
1473.243130,49.458209,48.903458,5417
1473.247991,42.605500,41.969959,5418
1473.332553,27.753541,27.262375,5420
1473.370027,78.171917,77.623584,5419
1473.453233,37.333334,36.876000,5422
1473.480658,73.340750,72.739916,5421
1473.545347,41.884500,41.421625,5423
1473.585359,58.318166,57.757292,5425
1473.586446,67.047458,66.423292,5424
1473.684484,46.351083,45.684625,5426
1473.748436,31.743833,31.283584,5427
1473.779929,30.646291,30.117791,5428
1473.906267,45.900458,45.336084,5429
1474.080573,109.063209,101.122875,5430
1474.121908,127.589875,126.677542,5431
1474.170217,150.938376,150.210084,5432
1474.188732,145.142375,142.327792,5433
1474.247235,119.715458,119.015750,5437
1474.293291,241.646708,241.077375,5434
1474.313087,119.421166,117.417709,5438
1474.414248,338.851917,338.161834,5435
1474.427230,121.603125,120.594833,5439
1474.517822,163.166791,161.036459,5440
1474.534176,451.557750,450.085708,5436
1474.565788,130.392792,128.321958,5442
1474.633258,213.777958,213.156708,5441
1474.634978,107.775500,106.983917,5445
1474.727437,263.098792,261.646000,5443
1474.733595,95.433042,93.998333,5446
1474.834429,365.162583,361.656167,5444
1474.852345,100.228042,99.386875,5448
1474.854916,105.665875,105.235959,5447
1474.902425,42.123375,41.617334,5449
1475.020745,49.284083,48.769291,5450
1475.125739,43.134292,42.596167,5451
1475.207732,45.359125,44.982584,5453
1475.208455,54.149959,53.426042,5452
1475.245540,49.953166,49.051625,5455
1475.256747,63.047250,62.214542,5454
1475.292485,41.713875,40.951167,5456
1475.345332,40.557125,40.204791,5457
1475.389985,59.726041,58.972958,5458
1475.443083,33.912958,33.429666,5459
1475.490574,74.612709,73.810917,5460
1475.557635,53.348166,52.571166,5461
1475.571802,44.766750,44.157750,5463
1475.581573,69.000750,68.477209,5462
1475.634397,95.707208,95.229166,5464
1475.677549,128.066750,127.432959,5465
1475.688900,50.752917,50.171917,5466
1475.784617,35.392584,34.937583,5468
1475.807142,67.665208,67.116292,5467
1475.901286,40.936292,40.491208,5469
1476.011796,40.325250,39.852459,5470
1476.059185,70.900667,70.104417,5471
1476.123950,41.373208,40.845875,5472
1476.139347,46.837000,46.296542,5473
1476.175814,34.210750,33.601459,5475
1476.192301,83.557834,82.801250,5474
1476.221351,27.638334,27.192375,5476
1476.261607,35.884916,35.527916,5477
1476.304081,35.833292,35.287583,5478
1476.340891,36.088791,35.171791,5479
1476.451977,36.092875,35.353792,5480
1476.568080,41.040417,40.558583,5481
1476.656791,65.146666,64.594833,5482
1476.683941,45.850583,45.516625,5483
1476.791852,51.240875,50.751750,5484
1476.799739,50.460959,49.801791,5485
1476.830368,37.060916,36.577042,5486
1476.902508,42.173251,41.588459,5487
1476.928860,35.508667,34.881584,5488
1477.038054,66.563000,65.848709,5489
1477.039237,36.544666,35.913209,5490
1477.115534,32.981959,32.469208,5491
1477.216756,32.851583,32.367417,5492
1477.264946,71.221208,70.434875,5493
1477.332137,35.421750,34.780083,5494
1477.347502,42.719250,42.283792,5495
1477.381955,47.371042,46.893291,5496
1477.414654,74.259208,73.505833,5497
1477.461629,45.711166,45.261125,5498
1477.501327,65.276750,64.619334,5499
1477.562441,35.403375,34.659625,5501
1477.586267,64.267292,63.593833,5500
1477.676167,38.019333,37.553541,5502
1477.791404,42.135041,41.407625,5503
1477.796933,46.292459,45.698041,5504
1477.879324,48.841917,48.265292,5505
1477.916249,72.724750,71.434125,5506
1477.917989,57.605625,56.945875,5507
1477.938761,67.508291,66.864583,5508
1477.970202,97.052667,96.591542,5509
1478.004621,124.143834,123.641584,5510
1478.040616,69.165542,68.568500,5511
1478.111271,29.157625,28.600834,5512
1478.155151,72.573084,72.127708,5513
1478.238342,44.643958,44.093875,5514
1478.249720,47.275083,46.581208,5515
1478.346838,42.018083,41.502416,5516
1478.386816,54.477500,53.847792,5517
1478.456204,40.261375,39.497500,5519
1478.465140,52.392084,52.039167,5518
1478.606546,79.473333,78.808333,5520
1478.679742,41.606542,40.937750,5521
1478.715268,34.412000,33.761583,5522
1478.775676,42.688042,42.237417,5523
1478.813659,64.436750,63.816084,5525
1478.830185,88.034041,87.452167,5524
1478.835904,74.788583,74.190375,5526
1478.910924,50.567708,50.230833,5527
1479.056151,83.866417,78.699834,5528
1479.143572,102.400083,101.706792,5529
1479.185344,118.445834,117.695667,5530
1479.199890,117.292291,116.871417,5531
1479.287280,103.082875,101.360292,5532
1479.288270,93.031459,92.182709,5533
1479.387657,81.373250,80.560084,5534
1479.498120,82.069750,81.490792,5535
1479.618128,131.212083,130.239083,5536
1479.622282,118.509125,117.629458,5538
1479.636330,138.950292,138.201584,5537
1479.721753,83.247209,82.535542,5540
1479.726099,199.056083,198.254292,5539
1479.828422,79.193625,78.479916,5541
1479.884313,47.261084,46.878417,5542
1479.916938,56.583334,55.903750,5543
1480.020146,61.653083,60.813083,5544
1480.026798,60.886292,60.126500,5545
1480.046419,74.942292,74.145750,5546
1480.072996,81.282250,80.437000,5547
1480.100628,46.097625,45.386542,5548
1480.158163,75.588333,75.007042,5549
1480.252654,58.968292,58.296000,5550
1480.271685,62.920667,62.377875,5551
1480.294508,63.968334,62.731084,5552
1480.317198,64.649083,63.998084,5553
1480.359541,30.278501,29.868709,5555
1480.379764,74.965625,74.270583,5554
1480.443203,27.283375,26.767125,5556
1480.568383,41.379917,40.762750,5557
1480.604275,33.851417,33.473708,5558
1480.667903,67.630500,67.134958,5559
1480.681476,43.332625,42.795375,5560
1480.699260,58.426375,57.856750,5561
1480.783657,53.184541,52.637083,5562
1480.808105,73.608500,72.805834,5563
1480.822771,66.306916,65.802041,5565
1480.833051,83.776292,83.094375,5564
1480.872349,115.852334,115.386833,5566
1480.935457,75.115833,74.345250,5567
1480.943626,59.414250,58.754500,5568
1480.955110,46.582375,45.902500,5569
1480.996092,63.117833,62.185959,5570
1481.040558,69.130250,68.392334,5571
1481.075636,32.933542,32.531334,5572
1481.122498,39.949292,39.332708,5574
1481.129592,62.718834,62.088250,5573
1481.227119,33.411875,32.755041,5575
1481.275394,25.814833,25.303250,5576
1481.330919,26.138583,25.411750,5577
1481.426651,49.840875,49.274458,5578
1481.483568,67.596667,66.943333,5579
1481.508703,28.459084,27.863209,5580
1481.557869,30.803500,30.265958,5581
1481.590959,62.620833,61.984125,5582
1481.691451,53.335916,52.855834,5583
1481.738453,35.331916,34.829083,5585
1481.739810,48.748584,48.179250,5584
1481.804732,56.209417,55.749750,5586
1481.806157,47.161042,46.561959,5588
1481.841914,92.733376,92.110375,5587
1481.911122,50.768666,50.094917,5589
1481.913116,39.327750,38.658666,5590
1481.999384,27.894708,27.439416,5591
1482.111671,29.080333,28.582750,5592
1482.222865,29.173667,28.818125,5593
1482.342840,38.035083,37.303875,5595
1482.350325,49.399583,48.546167,5594
1482.451638,35.752500,35.067958,5596
1482.562654,35.661792,34.948666,5597
1482.680334,42.224292,41.665458,5598
1482.786338,37.092708,36.616125,5599
1482.902516,42.131541,41.462167,5600
1483.007415,35.928958,35.196583,5601
1483.049089,27.162041,26.651916,5602
1483.085577,36.307250,35.525291,5603
1483.127639,45.063083,44.559375,5604
1483.152421,33.418875,32.815125,5605
1483.218939,25.227709,24.751125,5606
1483.268942,52.621333,52.001834,5607
1483.313551,46.838750,46.360125,5608
1483.350600,45.786125,45.061042,5609
1483.453716,37.792417,37.155125,5610
1483.570291,43.229666,42.526750,5611
1483.680125,41.956542,41.409959,5612
1483.815419,66.175083,65.677500,5613
1483.873398,66.221167,65.541000,5614
1483.897205,36.839542,36.414292,5615
1484.045159,72.631125,72.114583,5616
1484.162512,79.940000,79.222500,5617
1484.228702,98.725667,97.703667,5618
1484.278680,132.558125,131.512208,5619
1484.278701,128.472167,127.788791,5620
1484.362765,93.546542,92.862583,5623
1484.394143,219.112542,216.311958,5621
1484.440077,134.309292,133.568750,5625
1484.492306,298.049209,297.329083,5622
1484.515964,105.616875,105.035875,5626
1484.597666,328.097292,326.787417,5624
1484.671155,144.095292,143.318000,5629
1484.686935,164.626875,163.990459,5628
1484.701498,285.588042,284.518208,5627
1484.797269,159.172125,158.522000,5630
1484.826777,102.804041,101.913000,5631
1484.844264,91.474250,90.962375,5633
1484.860407,111.017083,110.192250,5632
1484.889589,135.511250,134.607084,5634
1484.890316,29.981875,29.651125,5635
1485.030928,59.465875,58.786875,5636
1485.135449,49.817250,49.229833,5639
1485.135966,67.645083,67.158292,5637
1485.156898,74.288666,73.510500,5638
1485.186774,87.354458,86.542166,5640
1485.246960,53.294791,52.787583,5641
1485.349953,45.174208,44.599916,5642
1485.351122,44.583584,43.904000,5643
1485.398089,43.933750,43.217125,5644
1485.443952,28.044334,27.556667,5645
1485.565561,38.516917,37.988708,5646
1485.622266,79.118958,78.390959,5647
1485.679859,41.713000,40.819917,5648
1485.730063,48.327709,47.811458,5649
1485.795127,45.905416,45.019041,5652
1485.806088,66.094875,65.455833,5650
1485.830250,86.336542,85.347208,5651
1485.897550,37.174084,36.522500,5653
1486.008505,37.032041,36.340500,5654
1486.140802,58.233292,57.682333,5655
1486.231673,37.974417,37.299500,5657
1486.236355,47.312416,46.880167,5656
1486.372378,67.553791,66.826958,5658
1486.463371,47.440458,46.563416,5659
1486.463524,41.209000,40.672333,5660
1486.592766,65.765291,65.314375,5661
1486.653654,66.621917,66.142417,5662
1486.711539,73.404334,72.772875,5663
1486.815152,65.906750,65.383208,5664
1486.842222,49.013417,48.590208,5665
1486.889794,62.672167,62.099042,5666
1486.908092,47.729500,46.837875,5668
1486.922259,65.698209,65.138208,5667
1487.008581,50.785875,50.079750,5669
1487.031338,59.877417,58.344125,5671
1487.032816,62.538291,61.956125,5670
1487.123569,40.972167,40.268084,5672
1487.198203,37.026209,36.353916,5673
1487.236453,42.729750,42.017209,5674
1487.341492,36.720250,36.425667,5675
1487.465538,49.634959,48.976375,5676
1487.566333,39.283417,38.593625,5677
1487.673766,48.959167,48.393042,5678
1487.676095,37.963625,37.472166,5679
1487.768430,72.168833,71.536500,5680
1487.785173,35.947333,35.410084,5681
1487.896698,43.641208,43.141000,5682
1487.921394,61.031833,60.303833,5683
1488.008261,36.820875,36.526584,5684
1488.131327,48.751500,48.269959,5685
1488.144803,40.343333,39.690292,5686
1488.236419,42.726541,42.005834,5687
1488.291373,41.730209,41.275500,5688
1488.358159,53.339416,52.787000,5689
1488.367472,34.573000,33.725417,5690
1488.398535,40.135666,39.441792,5691
1488.443160,27.250125,26.685167,5692
1488.524175,27.742167,27.321584,5693
1488.555812,28.797708,28.233334,5695
1488.593463,80.500875,79.717458,5694
1488.636667,40.597666,40.094833,5696
1488.669616,31.498541,31.211542,5697
1488.782588,33.367541,32.851000,5698
1488.831606,28.257833,27.631625,5699
1488.908444,48.099333,47.516583,5700
1489.052419,80.309250,79.248167,5701
1489.128205,82.101250,81.213708,5702
1489.155125,72.479750,71.500042,5703
1489.319513,132.367958,131.205084,5704
1489.319898,128.965083,128.062083,5705
1489.327661,133.774375,133.111417,5706
1489.391142,166.529417,165.337084,5707
1489.485267,226.003459,225.173375,5708
1489.512565,96.559459,95.784209,5710
1489.574798,269.464708,268.084542,5709
1489.603381,76.169917,75.540792,5711
1489.726265,87.272791,86.626166,5712
1489.757585,62.939333,62.045083,5714
1489.775786,91.399583,90.438542,5713
1489.786561,37.320500,36.720250,5715
1489.889668,58.514750,57.976333,5716
1489.895140,34.772209,34.372625,5717
1489.989602,41.276959,40.726000,5719
1490.009674,64.523666,63.993125,5718
1490.030781,59.307209,58.674875,5720
1490.160150,77.594708,77.011958,5721
1490.213455,60.327459,59.913291,5722
1490.235343,41.670125,41.275792,5723
1490.358270,53.474458,52.767166,5724
1490.442775,45.412500,44.793000,5725
1490.452584,36.667167,36.046209,5726
1490.565277,38.220000,37.685958,5727
1490.609609,51.072875,50.394750,5728
1490.679201,41.071916,40.603500,5729
1490.834147,84.904459,84.351750,5730
1490.887748,51.523209,50.839834,5731
1490.898302,48.575917,48.003958,5732
1490.935774,75.440459,74.750667,5733
1491.012857,41.367959,40.740875,5734
1491.066303,46.533959,46.165000,5735
1491.158387,28.447709,27.997959,5737
1491.158977,76.423375,75.927833,5736
1491.225444,31.748500,31.344834,5739
1491.254700,65.390500,64.803083,5738
1491.383783,79.000250,78.498875,5740
1491.473138,57.230542,56.525000,5741
1491.562997,36.024334,35.509834,5742
1491.686282,48.163208,47.728625,5743
1491.697765,39.200000,38.713791,5744
1491.742285,41.407334,40.970709,5745
1491.766155,51.604000,50.972833,5746
1491.787316,38.075333,37.716000,5747
1491.827701,27.404125,26.898667,5748
1491.869930,42.333959,41.683542,5749
1491.930874,33.120792,32.633417,5751
1491.934722,74.369750,73.701250,5750
1492.003592,32.105500,31.662458,5752
1492.130732,48.170500,47.592417,5753
1492.220761,40.019584,39.493125,5754
1492.241726,48.015334,47.337792,5755
1492.289597,60.265334,59.652542,5756
1492.350660,45.882084,45.179459,5757
1492.451641,35.727416,35.020417,5758
1492.565464,38.397042,37.695000,5759
1492.671827,33.670292,33.190209,5761
1492.686856,56.906208,56.225750,5760
1492.777471,28.252000,27.579417,5762
1492.901187,50.823791,50.045916,5763
1492.908467,48.080667,47.378333,5764
1492.941551,58.490542,57.871917,5765
1493.029543,58.097958,57.674167,5766
1493.109599,27.048583,26.571417,5767
1493.235169,41.504750,40.987041,5768
1493.342421,37.624709,37.065875,5769
1493.452357,36.470875,35.937125,5770
1493.473117,43.465625,42.669083,5771
1493.570277,33.517459,33.036209,5773
1493.610733,83.730500,83.215125,5772
1493.670713,32.587333,32.065250,5775
1493.694085,68.263417,67.612125,5774
1493.735157,84.380042,83.576209,5776
1493.789540,40.292000,39.811042,5777
1493.820391,53.753583,53.216333,5778
1493.901697,41.334416,40.661250,5779
1494.056294,83.917458,76.536250,5780
1494.160118,77.225750,76.552875,5781
1494.269628,75.871250,75.118750,5782
1494.410104,95.614167,94.841251,5784
1494.427538,122.675875,121.658542,5783
1494.479400,137.230625,136.267833,5785
1494.553967,203.913500,202.517584,5786
1494.583782,165.757959,165.032000,5787
1494.611262,130.994500,130.575375,5788
1494.636429,144.562833,142.017167,5789
1494.701490,173.889625,173.225792,5790
1494.711597,73.471125,72.961000,5792
1494.741250,83.267334,82.559458,5793
1494.770717,218.537958,217.728000,5791
1494.791323,42.095375,41.213958,5795
1494.818854,146.043333,145.240083,5794
1494.844375,43.673000,43.064000,5796
1494.932339,71.985958,71.439666,5797
1495.012897,41.426875,40.972459,5798
1495.057569,27.257709,26.801250,5799
1495.110461,38.185000,37.625875,5800
1495.133106,50.485750,49.834750,5801
1495.198716,52.847083,52.173333,5802
1495.244597,50.906916,50.276916,5803
1495.260369,48.627542,48.069583,5804
1495.338446,59.716709,59.197541,5805
1495.343169,38.380416,37.923958,5806
1495.468249,56.348833,55.852417,5808
1495.477563,72.593208,71.918292,5807
1495.488283,72.347333,71.534459,5809
1495.568047,41.070750,40.757500,5810
1495.679640,41.511750,40.800084,5811
1495.800588,51.364250,50.864625,5812
1495.906633,46.301500,45.829000,5813
1496.012229,40.783459,40.512208,5814
1496.056278,42.937708,42.565250,5816
1496.069816,56.838833,56.339500,5815
1496.138654,56.072042,55.556667,5817
1496.171847,55.041875,54.555083,5818
1496.229456,35.794792,34.745958,5821
1496.244556,85.375792,84.518583,5819
1496.265613,75.400500,74.901167,5820
1496.303688,64.420125,63.963667,5822
1496.318150,68.171541,67.382292,5823
1496.338183,55.546750,54.742333,5824
1496.356237,51.440083,50.871041,5825
1496.458873,35.083709,34.513792,5827
1496.475683,59.770667,59.357959,5826
1496.571824,44.800583,44.377666,5828
1496.661111,34.362417,33.827792,5829
1496.699387,61.241250,60.701959,5830
1496.748265,62.836375,62.180125,5831
1496.778327,57.630709,57.132542,5832
1496.798948,66.231083,65.727084,5833
1496.827678,78.443750,77.778750,5834
1496.854187,89.585709,89.124584,5835
1496.902187,41.852708,41.318666,5836
1497.028354,56.863041,56.146125,5837
1497.110918,28.339500,27.808375,5839
1497.134133,78.510833,78.000417,5838
1497.267504,73.818208,73.191125,5840
1497.304366,44.619750,44.067917,5841
1497.358884,42.635833,42.157209,5843
1497.366805,62.013583,61.432292,5842
1497.458079,41.985708,41.370000,5845
1497.476510,60.623208,59.911834,5844
1497.527158,69.063458,28.072041,5846
1497.591565,64.570334,64.038042,5847
1497.696756,58.626750,58.011917,5848
1497.796434,50.823208,50.354792,5849
1497.809867,60.593750,59.872750,5850
1497.833400,65.984917,65.415000,5851
1497.881884,46.774583,46.397166,5852
1497.936675,76.324500,75.705000,5855
1497.939586,88.845167,88.182209,5853
1497.950478,92.050875,91.451208,5854
1497.982697,97.501250,97.015625,5856
1498.032182,126.743458,126.156333,5857
1498.065320,93.902958,53.048041,5861
1498.082243,169.169875,167.685292,5858
1498.102963,81.961250,81.293041,5862
1498.133863,51.322250,50.821166,5863
1498.150159,230.323042,229.661250,5859
1498.161304,49.122209,48.432125,5864
1498.190562,255.744125,253.591333,5860
1498.236140,42.511000,42.022167,5867
1498.247540,71.382208,70.830375,5866
1498.269314,155.436458,154.728584,5865
1498.346592,41.794958,41.280750,5868
1498.387665,28.108791,27.457500,5869
1498.444059,28.154000,27.420459,5870
1498.580688,53.695251,53.076626,5871
1498.598999,58.498125,57.729583,5872
1498.603362,57.879792,56.975625,5873
1498.651229,89.110583,88.575083,5874
1498.681957,98.640208,97.955667,5875
1498.714600,76.475000,76.000458,5877
1498.738312,53.223917,52.584875,5878
1498.753968,157.175666,156.221625,5876
1498.778379,29.152083,28.596750,5879
1498.844130,82.262250,81.473583,5880
1498.860361,41.657583,41.122958,5881
1498.898059,31.488916,30.957792,5883
1498.909205,48.861458,48.328000,5882
1499.098060,130.424291,129.918834,5884
1499.100811,129.220875,128.372417,5885
1499.128107,137.275250,136.617250,5886
1499.176260,174.367375,173.182916,5887
1499.282135,125.703667,124.902751,5892
1499.304108,299.903333,297.852333,5888
1499.313213,129.042667,127.918584,5893
1499.430656,402.238375,400.288292,5889
1499.463292,158.544458,116.876958,5896
1499.525303,185.489209,143.515167,5897
1499.568110,516.991709,516.065083,5890
1499.597689,166.994042,125.599542,5899
1499.658034,171.112958,128.608375,5900
1499.681806,596.210417,595.691542,5891
1499.704901,136.761334,94.228458,5902
1499.804711,610.617875,609.768251,5894
1499.832307,174.249833,132.884208,5904
1499.843247,161.413583,120.848583,5905
1499.881346,621.569958,617.669208,5895
1499.924292,119.539291,78.303458,5907
1499.932423,576.562875,575.847708,5898
1499.943335,110.983833,69.705709,5908
1500.010221,483.186959,440.642126,5901
1500.034216,109.889209,68.400792,5911
1500.054292,454.194417,413.009625,5903
1500.084182,379.259417,336.826583,5906
1500.089240,117.786958,76.279875,5912
1500.110218,266.926042,225.088209,5909
1500.144321,61.751375,61.033875,5914
1500.153305,271.917917,230.989208,5910
1500.172384,64.219750,63.562625,5915
1500.211144,234.111792,192.619583,5913
1500.223946,89.768000,88.994209,5916
1500.253424,83.254208,76.452833,5917
1500.258508,64.826708,64.185042,5918
1500.285508,27.848042,27.238459,5919
1500.358402,63.961042,63.432542,5920
1500.368196,46.234708,45.456542,5922
1500.375527,70.768542,70.301875,5921
1500.408336,64.593667,64.019667,5923
1500.441237,60.007792,59.416875,5925
1500.467749,116.047167,115.376625,5924
1500.497698,81.817458,80.959375,5926
1500.519933,68.016958,67.271166,5927
1500.535943,82.069750,80.329083,5928
1500.569670,42.614541,42.025084,5931
1500.582738,123.481458,122.991750,5929
1500.641315,181.412583,180.931625,5930
1500.644849,76.228833,75.452125,5932
1500.652071,68.934833,67.619708,5933
1500.688306,60.604833,60.215167,5934
1500.746399,55.840458,55.131709,5937
1500.758553,120.422167,119.643709,5935
1500.774950,101.676459,101.031000,5936
1500.823743,74.527541,73.808000,5940
1500.837480,61.668250,61.137417,5941
1500.838308,113.006250,112.235667,5938
1500.871147,144.359541,143.663042,5939
1500.913921,53.551750,52.841250,5942
1500.923457,45.335792,44.799708,5943
1500.986777,67.670750,67.085667,5944
1501.012057,54.804750,54.261958,5945
1501.022892,51.426375,50.803958,5946
1501.058270,83.683541,83.065208,5947
1501.117924,52.026334,50.080916,5949
1501.135235,52.649625,52.059875,5950
1501.139846,90.004541,89.283542,5948
1501.187693,76.981334,76.143375,5951
1501.232282,120.547291,119.844667,5952
1501.244354,50.651708,50.079167,5954
1501.272130,152.947375,152.356750,5953
1501.308395,55.638042,54.817291,5955
1501.354187,38.409000,37.633167,5957
1501.357320,52.523334,51.975875,5956
1501.406614,46.332125,45.880042,5959
1501.437926,60.613292,60.032875,5960
1501.439330,89.152583,88.688833,5958
1501.462794,46.933250,46.363917,5961
1501.508081,82.978292,82.040000,5962
1501.549511,68.317084,67.640125,5963
1501.558332,61.831875,60.897084,5964
1501.564565,65.140833,64.500334,5965
1501.633277,106.232292,105.551250,5966
1501.655231,44.414125,43.968750,5967
1501.717725,48.094375,47.603208,5969
1501.720376,82.256416,81.868791,5968
1501.747586,60.980791,60.578875,5970
1501.773884,45.003292,44.349666,5971
1501.805402,56.183750,55.345792,5972
1501.875045,53.694958,53.283416,5973
1501.894426,57.474958,56.537542,5975
1501.915780,85.428000,84.702625,5974
1501.949351,111.218916,109.988958,5976
1501.978462,57.885333,57.164917,5981
1501.979925,75.520667,74.847500,5980
1502.009069,149.341500,148.667166,5977
1502.095900,235.589959,234.897542,5978
1502.097249,111.618209,70.006417,5985
1502.119312,105.890750,64.054667,5986
1502.169784,292.924625,292.051667,5979
1502.192140,96.222291,55.571542,5988
1502.225290,127.998792,86.426667,5989
1502.285300,115.481625,73.945375,5991
1502.292190,361.426625,319.618542,5982
1502.295224,101.519833,60.444417,5992
1502.358099,411.878542,370.771917,5983
1502.387306,101.967542,61.060417,5994
1502.399240,427.766792,385.918458,5984
1502.414339,53.951334,53.546792,5996
1502.434308,378.949083,378.170042,5987
1502.439344,134.590459,93.732625,5995
1502.536286,120.406125,78.875416,5998
1502.538166,403.994500,363.390125,5990
1502.549374,120.103667,79.121584,5999
1502.577235,76.079209,75.264292,6000
1502.580216,339.566208,297.983875,5993
1502.580861,53.806083,53.025584,6002
1502.654241,265.603625,223.854167,5997
1502.667789,163.706958,163.074916,6001
1502.682244,102.674833,61.082875,6006
1502.733131,125.602167,84.808208,6007
1502.742314,88.046875,46.892709,6009
1502.787219,234.018459,192.759000,6003
1502.840322,91.055708,49.990208,6013
1502.852202,119.044333,77.783708,6012
1502.871282,315.741125,274.369083,6004
1502.899381,93.934750,53.118333,6014
1502.944271,372.036000,330.370834,6005
1502.949425,323.365875,322.417084,6008
1502.953302,112.938583,70.650417,6015
1502.972108,100.787167,59.976584,6017
1503.028598,57.125542,56.755708,6018
1503.032132,364.324625,319.573917,6010
1503.055424,47.714625,47.022792,6019
1503.089194,406.924584,366.178459,6011
1503.136326,284.080125,242.530458,6016
1503.149635,67.046292,66.570292,6021
1503.154432,67.065542,66.186458,6022
1503.157844,144.617375,143.766291,6020
1503.211281,100.076958,99.412250,6023
1503.250866,49.089250,48.093792,6027
1503.262042,68.376292,67.696417,6026
1503.291263,170.338292,169.645875,6024
1503.324679,186.764083,186.221292,6025
1503.385717,161.312667,160.716500,6028
1503.402981,98.195125,97.678000,6029
1503.405510,81.313167,80.818500,6030
1503.443284,27.358333,26.677583,6034
1503.450401,119.951709,119.036750,6031
1503.502492,127.054958,126.395500,6032
1503.519392,86.788333,86.218416,6035
1503.529129,71.638291,70.908250,6036
1503.572722,184.347042,183.461834,6033
1503.631181,104.146875,61.809709,6042
1503.634226,112.684833,71.595709,6041
1503.641272,157.204542,156.480042,6037
1503.696213,94.975125,54.108833,6044
1503.710320,72.211708,31.399375,6045
1503.712286,225.789667,225.150625,6038
1503.754672,265.990375,265.478791,6039
1503.767296,94.635917,52.445167,6047
1503.805205,299.492958,298.897084,6040
1503.815355,119.091000,77.884917,6048
1503.851217,96.504916,55.167584,6051
1503.908118,102.880459,61.594459,6053
1503.916374,347.883375,306.990834,6043
1503.945245,96.608750,55.702791,6054
1503.964306,310.200333,268.968000,6046
1504.028252,120.112708,78.999083,6056
1504.034166,117.758667,76.653500,6057
1504.057488,347.134083,305.576250,6049
1504.162269,447.395375,406.517417,6050
1504.193525,165.247542,123.153626,6060
1504.209290,175.100917,134.146542,6061
1504.287234,519.910417,476.984084,6052
1504.323259,160.969959,119.925459,6063
1504.364246,170.696167,129.727792,6064
1504.409505,551.517751,510.878376,6055
1504.452735,165.479417,123.494292,6066
1504.523186,158.921583,117.698000,6068
1504.540194,594.911334,554.334959,6058
1504.617222,164.461791,123.548250,6070
1504.669134,704.793542,663.014042,6059
1504.681970,158.724125,115.972208,6071
1504.765774,148.511708,105.385291,6073
1504.785441,727.932042,685.181292,6062
1504.841238,172.087125,130.796459,6074
1504.882142,672.814333,631.365292,6065
1504.916296,593.012292,551.680792,6067
1504.917225,151.412626,110.336625,6076
1504.953253,111.979292,71.064583,6078
1504.989296,107.126834,66.230791,6079
1504.992308,582.772458,541.539834,6069
1505.048206,131.871833,90.398584,6080
1505.052144,98.873250,58.378250,6082
1505.077249,537.035626,495.716959,6072
1505.127202,445.165583,400.605042,6075
1505.166321,114.149875,70.797417,6086
1505.186281,138.034458,95.850417,6085
1505.212135,426.667792,385.062125,6077
1505.220240,93.013083,51.968000,6088
1505.258234,71.917125,30.410917,6090
1505.307243,389.987791,348.609041,6081
1505.312304,145.943292,104.350458,6089
1505.337312,117.030667,75.613125,6092
1505.378247,388.915917,348.131583,6083
1505.425250,117.969542,76.510000,6094
1505.431261,118.920958,78.163167,6095
1505.439360,447.012417,405.760250,6084
1505.489339,412.062875,371.198625,6087
1505.531242,105.961626,64.891459,6098
1505.539345,108.057542,66.626000,6099
1505.549163,337.012375,296.104083,6091
1505.601268,343.012542,301.519459,6093
1505.634213,102.940834,61.885541,6102
1505.636336,96.947375,55.601584,6103
1505.671140,69.836667,28.963958,6105
1505.680223,342.866709,301.215833,6096
1505.744277,107.906750,66.450125,6107
1505.750234,371.966876,331.067626,6097
1505.754158,119.924875,79.423458,6106
1505.810246,370.847458,329.197750,6100
1505.852237,107.928917,67.023834,6110
1505.860304,110.049042,68.529416,6111
1505.862198,372.816501,331.594667,6101
1505.935238,386.048833,344.967875,6104
1505.954393,102.130875,61.316792,6114
1505.970365,110.029792,69.133166,6115
1505.995334,324.170000,282.769667,6108
1506.056291,376.028042,333.429541,6109
1506.061370,106.934333,65.504833,6118
1506.062257,126.979709,86.180500,6117
1506.105286,351.105709,310.105542,6112
1506.159299,102.965333,61.671458,6121
1506.168312,106.898458,64.605916,6122
1506.169101,358.831958,318.194334,6113
1506.218303,356.059375,311.850584,6116
1506.255212,86.860375,45.532375,6126
1506.265430,106.087334,64.511125,6125
1506.295311,324.903542,283.210376,6119
1506.339198,120.853542,79.552376,6128
1506.350289,354.921001,313.335750,6120
1506.367244,112.012541,69.853583,6129
1506.431253,80.933125,39.458708,6133
1506.445207,382.906126,341.579583,6123
1506.456320,117.098042,75.573459,6132
1506.469213,363.893542,322.790126,6124
1506.513261,81.965625,40.339250,6135
1506.534296,365.177167,323.740375,6127
1506.546326,101.077666,59.481042,6136
1506.582337,316.859958,275.342667,6130
1506.612304,99.005084,57.329125,6139
1506.630300,334.949417,293.019125,6131
1506.671232,136.905125,95.321334,6140
1506.684310,101.948292,60.533958,6142
1506.696297,329.012250,287.514208,6134
1506.732309,275.944375,234.520708,6137
1506.766256,135.921333,94.449250,6144
1506.790292,119.039375,78.269625,6145
1506.799237,330.007709,288.898167,6138
1506.816296,83.942833,42.726833,6148
1506.863223,316.868125,275.175542,6141
1506.873328,107.044583,66.202500,6149
1506.887332,96.997250,55.791166,6150
1506.914314,301.964542,261.259834,6143
1506.958220,273.865375,233.167958,6146
1507.002286,128.910250,87.192292,6154
1507.010314,147.065625,105.924292,6153
1507.014400,318.057833,277.052708,6147
1507.071138,271.883792,230.673334,6151
1507.097290,94.962584,53.586750,6158
1507.117313,106.957667,65.727667,6159
1507.135300,318.957625,277.299459,6152
1507.159143,87.985334,47.128667,6161
1507.193146,95.821834,54.901583,6162
1507.215137,327.768584,285.784333,6155
1507.257284,121.944084,80.548709,6164
1507.262367,103.194583,60.810166,6165
1507.263152,348.796000,306.556542,6156
1507.298302,340.043666,298.437125,6157
1507.342269,79.854250,38.250333,6169
1507.368306,110.979750,70.290500,6168
1507.380239,365.793167,324.419375,6160
1507.437233,319.884833,278.766542,6163
1507.439265,96.954375,55.349292,6172
1507.466251,97.907834,57.164917,6173
1507.495368,302.197291,261.270917,6166
1507.525232,87.983875,46.827958,6175
1507.554300,339.136583,297.985041,6167
1507.570294,130.988083,89.691875,6176
1507.607290,344.107750,302.857917,6170
1507.609122,113.718792,72.169125,6178
1507.664229,109.892417,68.380959,6180
1507.677323,378.984958,337.495084,6171
1507.685175,114.847250,74.214876,6181
1507.728164,347.886292,307.275792,6174
1507.767295,301.017792,259.774667,6177
1507.780133,115.882667,74.792083,6184
1507.808192,282.934751,241.588376,6179
1507.826316,148.953291,107.317292,6185
1507.846247,78.917709,38.222917,6188
1507.870180,262.867209,221.253083,6182
1507.902156,75.812625,34.801667,6191
1507.903219,94.993208,53.691750,6190
1507.934144,325.002125,283.248292,6183
1507.976248,106.027833,64.670084,6193
1507.994300,309.099292,268.145792,6186
1508.001300,99.114166,58.110792,6194
1508.063297,87.012333,45.427084,6197
1508.079133,350.947625,309.296458,6187
1508.108245,113.909250,72.514459,6198
1508.153244,373.088334,331.845791,6189
1508.171294,107.954292,66.346875,6200
1508.190147,111.000166,68.727750,6201
1508.228215,381.942458,336.028875,6192
1508.269134,97.800791,57.211000,6204
1508.269197,115.926416,75.304250,6203
1508.283471,380.225416,339.106542,6195
1508.318327,384.157958,343.389667,6196
1508.370132,100.926584,59.987959,6208
1508.379242,110.093375,68.773542,6207
1508.389317,387.985500,346.450125,6199
1508.462219,353.956459,312.402126,6202
1508.475134,104.983084,63.816375,6211
1508.485344,106.076250,64.932292,6212
1508.534303,344.131667,302.734833,6205
1508.579272,351.013250,309.880667,6206
1508.590145,114.991042,74.245791,6215
1508.602228,139.990084,98.939167,6214
1508.632315,348.798333,305.591125,6209
1508.675124,95.815416,55.190625,6218
1508.676250,86.080459,44.914334,6219
1508.705154,386.789084,344.446084,6210
1508.765303,375.938792,335.080959,6213
1508.783235,106.945708,65.825667,6223
1508.793341,118.198500,76.872833,6222
1508.803392,317.998917,276.527125,6216
1508.848309,313.965458,272.828792,6217
1508.885288,119.944125,78.405250,6225
1508.890330,288.076833,246.798417,6220
1508.908339,125.063167,83.287167,6226
1508.950114,317.762666,276.388875,6221
1508.957315,108.907167,68.098625,6229
1508.991542,286.361542,244.228250,6224
1509.003041,117.708500,74.772833,6230
1509.074122,123.991292,81.582084,6233
1509.093224,299.846751,257.573459,6227
1509.149814,158.237917,116.125334,6235
1509.200984,397.547500,355.254375,6228
1509.207715,133.579833,91.614250,6237
1509.312311,162.473500,121.534292,6239
1509.315302,424.928875,384.079500,6231
1509.350300,149.259250,108.450417,6240
1509.436316,527.917542,485.569000,6232
1509.483587,171.235750,129.152625,6242
1509.484546,169.209542,126.965708,6243
1509.555112,597.777251,556.229042,6234
1509.660354,175.784292,134.136042,6247
1509.661241,177.617417,135.143750,6246
1509.685288,682.208042,638.667751,6236
1509.824268,730.999209,689.581959,6238
1509.829324,168.945292,128.212875,6249
1509.835370,174.090292,132.997083,6250
1509.881299,673.564792,631.843625,6241
1509.939222,114.908792,73.842417,6252
1509.945296,115.931083,71.566542,6253
1509.949330,598.987084,557.262708,6244
1509.977237,540.893792,498.628375,6245
1510.016371,461.235834,420.442167,6248
1510.040346,101.089334,59.958209,6256
1510.069360,124.037958,82.218208,6257
1510.078316,392.987292,351.368792,6251
1510.122286,105.873833,64.839250,6260
1510.144252,103.875334,62.510875,6261
1510.144252,308.840292,267.657542,6254
1510.170330,288.988875,248.002125,6255
1510.208185,258.820625,217.146125,6258
1510.247132,124.801833,83.371750,6264
1510.275310,298.048042,256.782166,6259
1510.312318,168.045500,127.110083,6266
1510.323134,253.742709,211.925292,6262
1510.332335,124.122542,83.051792,6268
1510.384380,306.022792,265.004542,6263
1510.392276,116.929166,76.013000,6270
1510.414305,101.944791,60.903792,6271
1510.423300,279.032542,238.022459,6265
1510.482121,89.824875,48.891792,6275
1510.500142,329.776708,283.795750,6267
1510.504339,119.913209,78.797833,6274
1510.564295,317.143458,275.939709,6269
1510.593143,111.003667,69.146000,6278
1510.616304,293.144542,252.509250,6272
1510.628205,128.037000,87.050542,6279
1510.653436,321.069292,319.384917,6273
1510.662348,98.017208,57.209541,6281
1510.687205,94.035083,52.891125,6282
1510.726718,73.252083,72.235917,6285
1510.743314,328.967626,287.931584,6276
1510.772306,144.057666,103.298708,6284
1510.819268,92.521625,51.480625,6288
1510.833143,409.808292,368.904375,6277
1510.850242,106.893208,65.266834,6289
1510.888217,383.829542,342.288625,6280
1510.926299,106.998792,65.574250,6291
1510.930147,96.981791,56.099458,6292
1510.958301,341.955250,301.115208,6283
1510.984224,95.977292,54.601166,6294
1511.019347,93.015417,51.749542,6295
1511.047156,384.770167,342.293875,6286
1511.057246,98.903583,57.517542,6297
1511.120299,433.054125,391.414041,6287
1511.122233,137.980501,96.904500,6298
1511.129174,109.791501,68.698583,6299
1511.157145,384.800500,343.324333,6290
1511.216212,95.870833,54.772958,6302
1511.219236,96.961375,55.724084,6303
1511.239290,389.023250,347.385209,6293
1511.290135,359.967125,319.078959,6296
1511.319141,102.896208,61.792500,6306
1511.326241,106.964084,65.470708,6307
1511.344306,297.129875,256.459292,6300
1511.404320,114.161250,73.308958,6309
1511.408288,351.017042,309.461251,6301
1511.414493,95.319875,54.156083,6310
1511.455312,326.107833,283.520417,6304
1511.509150,100.823041,60.090916,6314
1511.518239,113.879792,72.713958,6313
1511.528300,371.134167,330.063416,6305
1511.609185,369.853167,328.859417,6308
1511.612202,103.030083,61.994625,6317
1511.624218,105.935375,63.705541,6318
1511.660309,334.044667,293.042167,6311
1511.718251,109.024125,68.223458,6320
1511.722290,110.047000,68.615167,6321
1511.723245,378.895125,337.204875,6312
1511.784280,369.747875,327.005000,6315
1511.823302,105.015459,63.539875,6324
1511.830392,108.072709,66.603834,6325
1511.855142,399.792459,358.655208,6316
1511.878304,93.979375,52.470834,6327
1511.908252,84.905042,43.998791,6328
1511.916266,387.928042,346.618417,6319
1511.950211,95.049208,53.275833,6330
1511.995189,116.844292,74.542416,6331
1512.004140,87.841250,47.250292,6333
1512.010274,386.019084,344.577626,6322
1512.074129,413.779625,372.551084,6323
1512.108144,103.987625,63.029167,6336
1512.110355,115.126083,74.079833,6335
1512.137276,413.994000,372.699834,6326
1512.162136,87.985042,46.830875,6338
1512.176290,345.859500,304.433791,6329
1512.231126,122.967250,81.667250,6339
1512.238228,100.911417,59.847958,6341
1512.265314,357.021583,315.448584,6332
1512.307299,357.056292,315.913500,6334
1512.359298,121.025333,79.403333,6345
1512.359298,128.149583,86.972375,6344
1512.364295,353.998750,313.182917,6337
1512.389146,278.753125,237.390708,6340
1512.447199,285.038833,244.353083,6342
1512.459306,99.986542,58.571917,6348
1512.465310,105.969792,64.919458,6349
1512.518323,341.990250,300.755583,6343
1512.542389,95.148375,54.077333,6352
1512.580096,314.745667,273.367792,6346
1512.592360,133.007876,91.437501,6353
1512.620294,101.940708,60.279625,6355
1512.631242,323.915667,282.323417,6347
1512.649144,69.023500,68.408084,6357
1512.693258,328.940208,288.153250,6350
1512.710377,61.199542,60.348458,6361
1512.719247,126.853417,85.273709,6358
1512.746302,357.130083,316.058750,6351
1512.802225,91.812000,50.233459,6363
1512.808326,115.047041,73.379833,6362
1512.809321,343.966876,302.566251,6354
1512.846201,303.769084,262.523042,6356
1512.894253,273.919333,232.850334,6359
1512.916175,113.933167,73.351542,6366
1512.916182,107.830334,65.822750,6367
1512.933311,302.045916,261.159208,6360
1512.964149,47.957584,47.326708,6371
1513.000231,280.959291,237.363583,6364
1513.008234,113.946000,71.442000,6370
1513.015633,51.465750,50.798125,6374
1513.040303,293.966750,253.015875,6365
1513.100308,84.653916,43.048834,6377
1513.114245,304.884125,258.321292,6368
1513.119349,119.085166,77.823958,6375
1513.155300,309.059333,267.650542,6369
1513.211276,96.994625,55.663125,6380
1513.223433,123.084209,81.839917,6379
1513.229294,313.099209,271.773542,6372
1513.270299,336.947042,296.067334,6373
1513.279785,68.474875,67.760001,6383
1513.325139,101.674709,60.390750,6384
1513.338428,58.620333,58.005500,6387
1513.346361,338.090959,292.266042,6376
1513.390137,349.737501,308.730334,6378
1513.442297,117.137417,76.337041,6388
1513.447218,108.749084,67.996250,6389
1513.456397,336.998375,295.113875,6381
1513.508239,352.901501,311.545209,6382
1513.554273,324.950791,283.767750,6385
1513.567260,124.925791,83.472958,6392
1513.572241,124.998708,83.902875,6393
1513.615298,344.957666,303.265667,6386
1513.647293,92.976041,51.597291,6396
1513.665683,319.288958,318.727500,6390
1513.671349,104.067833,63.108500,6397
1513.730289,114.946125,74.075458,6399
1513.731107,83.774833,43.195834,6400
1513.792183,402.023125,360.247125,6391
1513.822295,365.855875,324.289583,6394
1513.840234,109.910500,68.819917,6403
1513.852363,121.232417,80.357666,6404
1513.879233,370.973750,329.701750,6395
1513.915209,92.880376,51.863292,6406
1513.934324,94.045584,51.038459,6407
1513.968301,89.042917,47.988792,6409
1513.980318,408.052167,366.592334,6398
1513.997292,82.049334,40.080833,6410
1514.051483,385.771167,385.101208,6401
1514.078513,144.152750,102.559625,6411
1514.138373,170.032625,126.850209,6412
1514.196475,144.967959,102.997125,6415
1514.220314,548.924833,503.949834,6402
1514.295711,157.302542,113.470000,6417
1514.324299,532.090126,491.556917,6405
1514.346171,149.662042,108.177708,6418
1514.462486,166.747875,124.992584,6420
1514.467630,615.229126,573.312542,6408
1514.489412,165.074000,123.420792,6421
1514.565687,585.335917,542.703875,6413
1514.644341,181.811584,140.371000,6423
1514.648151,180.483626,139.367959,6424
1514.670142,672.825417,631.467375,6414
1514.763697,119.317625,118.533042,6427
1514.785523,706.988917,666.065458,6416
1514.824298,176.121166,134.994125,6428
1514.858832,95.095584,93.350542,6430
1514.916259,130.704875,88.899125,6431
1514.918227,697.873167,656.400209,6419
1514.956304,97.431541,55.981917,6433
1514.959411,613.215167,571.703709,6422
1515.011291,521.837167,481.048167,6425
1515.018372,100.098833,58.451459,6435
1515.037145,120.848000,80.175958,6434
1515.059308,493.600625,452.916334,6426
1515.122204,452.037834,410.044250,6429
1515.123237,111.904625,70.500500,6438
1515.155378,136.955291,95.335917,6439
1515.176298,351.959417,310.704625,6432
1515.212229,89.988792,48.807792,6442
1515.244291,121.017750,79.623542,6443
1515.276248,319.904375,278.429958,6436
1515.302340,90.089125,48.880125,6446
1515.309312,132.968208,92.187375,6445
1515.337147,377.702501,336.958416,6437
1515.394303,357.134167,315.981167,6440
1515.408260,131.965167,90.659626,6448
1515.427296,124.933667,83.563667,6449
1515.451321,391.979876,350.288458,6441
1515.502139,107.798834,67.065833,6452
1515.511282,102.981666,60.593750,6453
1515.520292,364.888125,323.786750,6444
1515.577139,332.809458,282.397209,6447
1515.583357,81.192417,39.645083,6456
1515.629141,319.792376,269.483959,6450
1515.635261,123.953375,81.496041,6457
1515.669334,92.170458,50.985084,6459
1515.673303,336.131542,295.558959,6451
1515.724286,88.986625,48.061417,6462
1515.740316,111.149792,70.135333,6461
1515.751338,323.997917,283.023125,6454
1515.800285,348.860459,306.968958,6455
1515.832256,107.943209,66.545792,6465
1515.856241,115.889666,74.975250,6466
1515.871257,350.921959,309.657541,6458
1515.909287,108.959375,67.503917,6468
1515.939149,355.761875,314.905500,6460
1515.943250,110.978000,70.207666,6469
1515.998125,88.811041,47.551583,6472
1516.007291,135.991334,94.361166,6471
1516.016205,346.830167,305.520834,6463
1516.095278,421.931709,380.685958,6464
1516.102157,104.013292,62.541501,6475
1516.107336,99.992667,58.390792,6476
1516.144258,392.882875,351.316583,6467
1516.205373,103.185834,62.311083,6479
1516.207234,111.920083,69.521667,6478
1516.212160,355.898083,313.602042,6470
1516.246333,307.156792,266.275333,6473
1516.310225,366.961292,322.319959,6474
1516.311166,103.915875,63.035583,6483
1516.347316,141.891458,100.984333,6482
1516.365225,348.984416,307.682959,6477
1516.420282,109.093250,67.881333,6487
1516.429316,119.066209,77.860708,6486
1516.430278,322.892208,281.672416,6480
1516.475318,331.034375,290.095459,6481
1516.541197,329.014292,281.803083,6484
1516.541197,111.835209,70.690667,6491
1516.547174,126.855750,85.902542,6490
1516.591213,344.836042,303.637541,6485
1516.642281,294.919917,253.869583,6488
1516.666176,124.950584,84.488542,6494
1516.666211,124.978583,83.645625,6495
1516.706334,341.084333,299.986166,6489
1516.736295,93.975292,50.612334,6498
1516.759324,93.115459,52.035667,6499
1516.794296,363.976083,317.440959,6492
1516.803235,96.855792,54.526792,6501
1516.828234,352.875542,311.511376,6493
1516.859298,122.962875,80.586041,6502
1516.903285,108.941875,67.383459,6504
1516.904167,356.965875,316.316292,6496
1516.924326,96.065959,54.831292,6506
1516.948300,357.046375,315.954626,6497
1516.996316,92.111542,50.517833,6509
1517.010338,344.113000,302.664250,6500
1517.027315,123.991000,82.445708,6508
1517.041363,281.998209,240.221625,6503
1517.041763,238.489708,237.774834,6505
1517.121226,124.875625,83.393042,6512
1517.129139,118.774250,77.599958,6513
1517.139256,279.921541,238.262208,6507
1517.181241,256.874625,216.085917,6510
1517.224220,102.975541,62.238167,6517
1517.240303,111.138125,69.962083,6518
1517.252171,303.843750,262.758125,6511
1517.323228,98.989333,58.446209,6521
1517.328289,300.941083,259.226917,6514
1517.345384,105.041125,63.961625,6522
1517.383381,341.983833,300.882459,6515
1517.392257,350.459084,348.445125,6516
1517.443313,120.063417,79.045458,6524
1517.458300,129.968417,89.026292,6525
1517.483303,344.021708,302.517250,6519
1517.507984,326.722084,319.321334,6520
1517.552262,108.906000,68.209166,6529
1517.569286,110.944458,69.536541,6530
1517.587321,335.127042,293.734000,6523
1517.636290,83.981334,42.206500,6533
1517.653302,307.883625,266.658875,6526
1517.659310,89.992000,49.005834,6534
1517.704344,320.922292,279.470042,6527
1517.739330,103.004708,61.498208,6536
1517.768312,376.014042,334.021333,6528
1517.777315,123.971750,83.160292,6537
1517.793324,88.946667,48.042459,6539
1517.828301,344.953584,303.980542,6531
1517.842977,334.931625,332.142125,6532
1517.844259,104.887125,63.944709,6540
1517.889113,120.766917,78.544083,6541
1517.910321,81.977875,40.727750,6544
1517.943215,355.859584,314.888292,6535
1517.997220,108.089333,67.295959,6547
1518.008297,348.945917,307.295042,6538
1518.011208,100.839959,60.109875,6548
1518.060223,282.868542,240.428709,6542
1518.109306,112.063583,71.434417,6550
1518.116242,107.904709,66.925250,6551
1518.121344,327.985583,286.801667,6543
1518.171196,326.904084,285.620126,6546
1518.205145,95.799667,54.935125,6554
1518.224146,107.874375,66.605000,6555
1518.267303,96.082875,54.656583,6557
1518.271274,428.231709,384.235833,6545
1518.302155,96.988791,55.631042,6558
1518.321206,377.950125,335.936417,6549
1518.368267,100.923375,59.514583,6560
1518.391313,380.060626,338.603708,6552
1518.403307,131.990542,91.152542,6561
1518.429292,369.026584,327.609042,6553
1518.485286,363.896167,318.338125,6556
1518.490298,98.939459,57.467959,6565
1518.498356,130.048042,88.790333,6564
1518.539149,314.981333,273.906209,6559
1518.606296,115.957333,74.995958,6569
1518.616351,314.164083,268.402458,6562
1518.618395,133.064167,91.454708,6568
1518.653210,331.960708,290.696583,6563
1518.727296,323.941917,282.522041,6566
1518.727296,120.957667,80.129875,6572
1518.728144,111.758500,70.447708,6573
1518.790192,360.873625,316.085292,6567
1518.822298,94.960542,53.715667,6577
1518.831140,103.828083,61.973333,6576
1518.854192,355.794250,313.644042,6570
1518.888316,349.147167,308.432542,6571
1518.902506,112.287584,70.729167,6579
1518.936287,113.947750,72.734958,6580
1518.944448,326.022084,280.321417,6574
1518.985311,82.758083,41.459834,6584
1519.015837,127.267000,85.614667,6583
1519.053415,400.169583,358.636542,6575
1519.077300,132.812167,90.092917,6586
1519.170435,185.098375,143.770667,6587
1519.179082,450.902959,408.290458,6578
1519.214485,161.047250,118.659042,6589
1519.307337,476.175875,434.080500,6581
1519.360142,181.033417,139.747417,6592
1519.360335,189.882875,146.807500,6591
1519.415182,560.970667,520.158916,6582
1519.517727,157.362334,115.133083,6596
1519.523255,163.094167,121.809625,6595
1519.540155,603.834292,562.885459,6585
1519.629220,613.359250,571.423417,6588
1519.698402,180.655709,139.067833,6598
1519.701433,178.153500,137.003708,6599
1519.758484,681.151626,638.157042,6590
1519.863203,161.734125,120.849167,6603
1519.864218,165.795875,125.154167,6602
1519.874323,659.815917,618.337126,6593
1519.923244,615.868459,573.553458,6594
1519.969140,104.890625,64.086750,6606
1519.990343,127.099875,85.683500,6605
1519.994435,579.226083,537.196917,6597
1520.053305,84.141166,43.199333,6609
1520.064301,524.126167,482.687917,6600
1520.073171,82.798625,41.417250,6610
1520.109157,479.904542,438.617083,6601
1520.142147,88.806375,47.969542,6612
1520.179211,70.032959,29.344292,6615
1520.205325,446.802126,405.162042,6604
1520.210138,145.801250,104.589333,6613
1520.240367,98.190751,57.188250,6616
1520.250166,375.815417,329.964250,6607
1520.277147,353.867500,312.527250,6608
1520.326301,147.060667,105.821626,6617
1520.334207,339.726917,298.454042,6611
1520.343153,137.790042,96.530292,6618
1520.414116,340.924500,299.386209,6614
1520.432249,98.007000,57.283334,6624
1520.434258,107.916958,66.520709,6623
1520.474295,264.135959,222.700333,6619
1520.524182,283.781166,242.287209,6620
1520.528474,114.326042,72.837625,6626
1520.545325,113.054958,71.779750,6627
1520.570306,320.112917,278.670292,6621
1520.624129,99.924417,57.850625,6630
1520.633349,356.171959,314.914833,6622
1520.646210,117.695375,76.656417,6631
1520.680142,336.968333,296.075209,6625
1520.718146,93.993958,53.417875,6634
1520.752139,118.756166,76.608583,6635
1520.752208,317.914916,277.073708,6628
1520.789326,109.165875,68.489166,6637
1520.820307,102.132625,61.381250,6638
1520.829130,354.809000,312.904084,6629
1520.865313,113.153250,72.381459,6639
1520.890143,100.779292,59.296416,6641
1520.912290,366.917542,325.422708,6632
1520.935130,105.985834,63.823084,6643
1520.964316,98.949958,57.464167,6644
1520.969183,398.838417,357.314709,6633
1521.001323,355.089584,313.998125,6636
1521.043299,291.076917,250.069459,6640
1521.047200,75.733584,73.281542,6646
1521.058985,80.680542,80.003000,6647
1521.110151,289.803209,249.058250,6642
1521.157364,267.200792,226.423751,6645
1521.165345,82.787250,81.967667,6649
1521.176102,79.471875,78.591625,6650
1521.212306,220.159625,178.479000,6648
1521.220950,89.568208,88.996541,6651
1521.253064,94.943917,94.249750,6652
1521.262180,68.492958,67.759125,6653
1521.303662,41.842209,41.314875,6654
1521.358898,54.114084,53.623208,6655
1521.460639,44.706375,43.995000,6656
1521.568957,41.925042,41.400916,6657
1521.656172,51.972083,51.535750,6659
1521.661754,58.406250,57.907792,6658
1521.692522,60.273791,59.751708,6661
1521.704265,75.098625,74.531041,6660
1521.733570,95.440333,94.775625,6662
1521.773021,124.102416,123.407958,6664
1521.808880,85.802208,85.169875,6665
1521.809701,160.993000,159.266334,6663
1521.824266,75.056334,74.472708,6666
1521.857366,33.196917,32.713625,6669
1521.899920,42.795375,42.126292,6670
1521.900682,135.474792,129.123459,6667
1521.932364,72.055958,71.439375,6671
1521.939436,132.786208,132.256542,6668
1522.039240,67.797916,67.242875,6672
1522.074994,50.344583,49.921958,6673
1522.099372,56.685709,56.152250,6674
1522.136353,53.790625,53.384917,6675
1522.188613,62.773666,61.997250,6676
1522.196195,60.333875,59.490083,6678
1522.197225,70.134167,69.542667,6677
1522.236258,30.473625,29.935208,6680
1522.256133,62.494250,61.885250,6679
1522.333269,28.812583,28.369542,6681
1522.352341,47.591833,47.242125,6682
1522.454721,38.836000,38.292917,6683
1522.539151,51.818084,51.168833,6684
1522.582847,55.801958,55.193834,6685
1522.650452,59.927292,59.399666,6686
1522.705081,77.897167,77.392292,6687
1522.707532,69.390416,68.593000,6688
1522.724503,55.421917,54.788708,6689
1522.805549,56.284958,55.015334,6690
1522.820925,47.513958,46.818917,6691
1522.839344,54.424125,53.768166,6692
1522.908571,52.460625,51.947000,6693
1522.919459,59.071834,58.251083,6694
1522.950861,41.944000,40.913833,6696
1522.954167,77.306250,76.651459,6695
1522.990287,76.133750,75.342458,6697
1523.018891,47.451542,46.747750,6698
1523.118985,36.412250,35.754250,6699
1523.230122,36.414583,35.714584,6700
1523.249038,38.336958,37.579791,6701
1523.297277,39.259792,38.904542,6702
1523.336131,31.329375,30.578042,6703
1523.455232,43.358583,42.846417,6704
1523.475813,59.820542,59.102750,6705
1523.481364,44.893625,44.238542,6706
1523.577165,50.144208,49.748708,6707
1523.673891,49.096541,48.507666,6708
1523.714084,86.872917,86.231250,6709
1523.715009,63.493209,58.908500,6711
1523.729337,91.212042,90.664001,6710
1523.753258,94.384792,93.944084,6712
1523.781078,93.816334,93.146084,6713
1523.821546,72.319333,71.683208,6715
1523.821932,132.246917,131.676709,6714
1523.897108,36.742417,36.256208,6716
1523.958670,53.372084,52.845917,6717
1524.047202,75.733583,75.190209,6718
1524.126508,73.921750,73.494750,6719
1524.175255,92.500625,91.920208,6720
1524.233310,83.121792,82.316791,6721
1524.284342,89.750792,88.944334,6722
1524.388350,99.854416,99.420417,6723
1524.441498,136.623084,135.829750,6724
1524.475813,126.469292,125.944292,6725
1524.484896,105.767667,105.219042,6726
1524.576473,160.499208,158.214292,6727
1524.623749,96.334292,95.193000,6728
1524.656528,89.545458,88.782166,6729
1524.732297,94.173041,93.095916,6730
1524.766726,75.795417,75.103291,6731
1524.806596,57.263791,56.725084,6733
1524.806597,66.099834,65.252250,6732
1524.889373,29.015000,28.445958,6735
1524.906201,65.914625,65.488792,6734
1525.017336,45.847958,45.154958,6737
1525.028676,62.116250,61.365209,6736
1525.047373,69.858542,69.321875,6738
1525.084466,68.049625,67.239375,6739
1525.110756,28.186375,27.599834,6740
1525.222374,37.277042,36.767208,6741
1525.262894,69.167875,68.603792,6742
1525.367109,62.305833,61.593000,6743
1525.390185,46.108125,45.454208,6744
1525.458955,43.050000,41.822958,6745
1525.491720,38.853208,38.240125,6747
1525.509431,60.268250,59.593333,6746
1525.576202,49.128333,48.476458,6748
1525.692027,53.863833,53.207875,6749
1525.763653,49.253166,48.569208,6750
1525.796904,47.663000,46.999458,6751
1525.808905,28.317917,27.775417,6752
1525.888253,27.912208,27.531584,6753
1526.005954,34.492209,33.858416,6754
1526.064664,65.811375,64.927625,6756
1526.070185,56.677834,56.217584,6757
1526.076142,87.086125,86.342958,6755
1526.119117,90.042458,89.313292,6758
1526.149716,67.153042,66.463541,6759
1526.155161,65.409167,64.785875,6760
1526.206799,61.701792,61.217916,6761
1526.245781,52.094000,51.415000,6762
1526.372053,67.253959,66.746459,6763
1526.453978,37.856291,37.247000,6765
1526.461544,45.653125,45.201917,6764
1526.511150,25.929750,25.224500,6766
1526.552589,25.596958,24.870709,6767
1526.690415,52.261417,51.795334,6768
1526.758521,64.296459,63.681333,6769
1526.798347,49.145834,48.607709,6770
1526.901085,40.706458,40.228417,6771
1527.011558,40.091333,39.583833,6772
1527.119666,48.695792,47.982083,6773
1527.123337,40.740292,40.171833,6774
1527.234948,41.261500,40.817001,6775
1527.342365,55.949833,55.432708,6776
1527.349771,44.963041,44.331000,6777
1527.469352,53.475916,52.906875,6778
1527.577152,50.160542,49.595584,6779
1527.679937,41.828208,41.252750,6781
1527.683691,47.377458,46.877542,6780
1527.792321,43.104542,42.477167,6782
1527.847332,42.552709,41.853875,6783
1527.889396,29.066333,28.497875,6784
1527.984094,39.160625,38.588375,6785
1528.034451,62.960333,62.318083,6786
1528.052327,37.087458,36.681458,6787
1528.091949,54.361708,53.929167,6788
1528.127856,45.306917,44.803791,6790
1528.129952,67.323667,66.756667,6789
1528.220670,36.613500,35.976208,6792
1528.240662,60.454917,59.917958,6791
1528.265298,71.613500,70.938875,6793
1528.313744,48.601583,48.050625,6794
1528.347382,42.572833,41.915708,6795
1528.421959,50.651417,50.212166,6796
1528.444504,52.937208,52.290000,6797
1528.452451,36.541166,35.913209,6798
1528.559732,32.732291,32.223042,6799
1528.691136,53.029667,52.262875,6800
1528.715443,50.670666,50.104542,6801
1528.743196,50.422458,49.811709,6803
1528.754360,74.250458,73.467042,6802
1528.783963,34.744791,34.028459,6804
1528.886627,40.132458,39.408833,6805
1528.900982,40.581917,39.809291,6806
1528.932331,25.741625,25.102000,6807
1529.056797,85.310458,84.714583,6808
1529.082171,73.238083,72.461375,6809
1529.149777,67.120375,66.411333,6810
1529.298524,105.564083,104.039542,6811
1529.300456,105.991958,105.186667,6812
1529.370345,153.833459,153.380792,6813
1529.413687,108.847667,108.327625,6815
1529.422832,178.158459,177.505709,6814
1529.507167,91.258417,90.457500,6817
1529.510227,184.341792,183.708292,6816
1529.596299,69.180417,68.516583,6818
1529.706081,94.791666,94.075917,6819
1529.748961,110.736208,110.095709,6820
1529.778991,130.517333,129.774459,6821
1529.798182,145.632083,145.114084,6822
1529.800424,51.211417,50.447833,6824
1529.840319,104.416666,103.655416,6823
1529.900392,40.043500,39.533667,6825
1529.940200,38.308375,37.918125,6826
1529.980430,60.636334,51.440083,6827
1529.998617,78.781500,78.255917,6828
1530.023115,51.640750,50.974583,6829
1530.034269,41.490167,40.912375,6830
1530.124491,41.936125,41.409958,6831
1530.230573,36.889125,36.442875,6832
1530.267654,50.704791,50.042417,6833
1530.311674,62.909875,60.069042,6834
1530.339403,43.670084,43.057583,6835
1530.362129,57.321542,56.757750,6836
1530.465259,49.322000,48.730500,6837
1530.592476,65.426958,64.899917,6838
1530.651158,69.022625,68.492667,6839
1530.664166,26.053125,25.527542,6840
1530.704141,35.917292,35.214376,6841
1530.783819,34.574750,34.116833,6842
1530.906438,46.075458,45.401417,6843
1530.987168,45.541416,44.959834,6844
1530.994188,49.463458,48.835500,6845
1531.025513,54.070916,53.477667,6846
1531.065453,69.901708,69.360375,6847
1531.161999,79.395166,78.733375,6848
1531.232546,38.853208,38.376917,6849
1531.342268,37.445042,36.748542,6850
1531.449967,34.040708,33.536125,6852
1531.453296,49.267167,48.935542,6851
1531.550417,62.535375,61.831584,6853
1531.563234,36.203416,35.773791,6854
1531.687083,48.966750,48.326250,6855
1531.782677,61.910916,61.381542,6856
1531.793121,43.875125,43.299083,6857
1531.896737,36.354208,35.681917,6858
1532.006376,34.905500,34.423667,6859
1532.046676,32.153333,31.577000,6861
1532.064112,69.017958,68.359958,6860
1532.145419,65.213459,64.557792,6862
1532.149421,66.865459,66.000375,6863
1532.157174,61.249416,60.586458,6864
1532.198402,44.470416,43.932584,6865
1532.225442,42.823666,42.274750,6866
1532.268864,75.205667,74.564292,6867
1532.350027,45.234583,44.814583,6868
1532.449992,34.102833,33.737083,6869
1532.507957,41.771042,41.245167,6870
1532.537053,49.459375,48.832583,6871
1532.574467,47.376292,46.616500,6872
1532.580174,49.859833,49.471333,6873
1532.677641,39.524917,38.953250,6874
1532.801032,51.785126,51.324292,6875
1532.877351,52.528292,52.163125,6876
1532.922383,62.046250,61.393792,6877
1533.043525,72.057416,71.647042,6878
1533.064952,39.193583,38.647000,6879
1533.129499,46.924500,46.355167,6880
1533.147138,56.360792,55.815958,6881
1533.161300,47.950584,47.460875,6882
1533.222448,63.987000,63.365167,6883
1533.240192,46.526375,45.956166,6884
1533.333439,42.799167,42.170042,6885
1533.345742,40.943583,40.302791,6887
1533.376748,77.709042,76.972000,6886
1533.452309,39.508584,39.106959,6888
1533.489101,73.167500,72.462834,6889
1533.520305,46.545625,46.018584,6890
1533.576472,49.451208,48.960916,6891
1533.631156,45.808583,45.353584,6892
1533.685541,47.437250,46.819792,6893
1533.734254,46.473583,45.806542,6894
1533.768274,37.548875,37.133833,6895
1533.801500,52.245083,51.557625,6896
1533.917659,57.317459,56.807917,6897
1534.003429,74.019167,73.392375,6898
1534.059066,86.607500,85.617875,6899
1534.188023,109.183376,108.409584,6900
1534.202088,118.618792,118.124708,6901
1534.223161,138.778792,137.921584,6902
1534.320857,153.753833,151.109584,6903
1534.348763,135.142584,134.376375,6905
1534.396436,140.666458,139.939917,6906
1534.446847,252.127458,250.130709,6904
1534.474970,123.160625,122.313333,6910
1534.544552,128.668458,127.197000,6911
1534.551950,293.825000,292.926083,6907
1534.638556,111.521958,111.055583,6913
1534.667917,386.836333,385.805583,6908
1534.744468,147.965709,147.031791,6914
1534.762435,124.063625,123.276125,6915
1534.780706,475.241083,474.417125,6909
1534.849765,50.047375,49.019250,6917
1534.855478,106.265250,103.964584,6916
1534.866254,436.767042,435.776833,6912
1534.909297,48.991250,48.327417,6918
1534.928368,40.623917,40.167750,6919
1535.009122,37.649791,37.072875,6920
1535.119321,36.696333,36.213333,6921
1535.166246,65.265666,64.600375,6922
1535.206031,42.553000,41.878667,6923
1535.238858,45.156125,44.676917,6924
1535.266855,67.104333,66.390334,6925
1535.341334,36.529792,36.058167,6926
1535.395952,38.409292,38.049084,6927
1535.451125,35.228666,34.591375,6929
1535.454743,46.279625,45.877416,6928
1535.569887,42.039666,41.640375,6931
1535.594632,58.303876,57.627501,6932
1535.601145,74.075459,73.525375,6930
1535.689501,56.703792,56.086916,6933
1535.713381,39.303834,38.897250,6935
1535.725584,87.442834,86.851625,6934
1535.792410,43.169000,42.707875,6936
1535.939415,79.103792,78.505292,6937
1535.995928,47.761875,47.212667,6938
1536.015662,44.194208,43.636541,6939
1536.076383,37.306500,36.793166,6940
1536.111373,28.784584,28.325792,6941
1536.220470,43.687583,43.288875,6943
1536.232344,55.762583,55.209584,6942
1536.267358,73.661584,73.101291,6944
1536.363681,58.881666,58.268291,6945
1536.451330,35.444500,34.842209,6946
1536.538513,66.398500,65.717458,6947
1536.554954,27.917166,27.358625,6948
1536.679437,41.307583,40.835375,6949
1536.783025,33.792500,33.375125,6951
1536.797821,62.004833,61.503750,6950
1536.896874,36.515208,35.839417,6952
1536.975224,36.111541,35.429333,6953
1537.014838,43.339917,42.590334,6954
1537.032440,31.617250,31.112083,6955
1537.134989,52.416000,51.737292,6956
1537.234963,41.267625,40.849958,6957
1537.354064,49.254916,48.732541,6958
1537.362497,51.731750,51.128291,6959
1537.414444,61.440750,60.937334,6960
1537.446960,31.057542,30.577459,6962
1537.494934,79.769375,79.346458,6961
1537.513939,34.803709,34.146875,6963
1537.578437,51.370959,50.758166,6964
1537.662643,33.289959,32.932375,6965
1537.708740,70.554167,69.784751,6966
1537.775177,41.855625,41.300291,6967
1537.792337,43.093459,42.628542,6968
1537.902211,41.862625,41.241375,6969
1537.902298,40.779958,40.360834,6970
1538.004451,32.976416,32.544167,6971
1538.111443,28.846708,28.155458,6972
1538.233847,40.161625,39.560500,6973
1538.311914,41.335584,40.836542,6974
1538.350876,46.053292,45.494459,6975
1538.458946,43.031042,42.490291,6976
1538.485599,26.840916,26.089000,6977
1538.542084,71.337291,70.593250,6978
1538.573052,55.298542,52.782042,6979
1538.586170,66.173333,65.249334,6980
1538.621261,94.211250,93.708125,6981
1538.656955,57.074500,56.432250,6982
1538.683541,45.413959,44.869416,6983
1538.796339,47.119042,46.752708,6984
1538.824087,53.237333,52.492416,6985
1538.851077,40.382417,39.833500,6986
1538.924966,64.607667,63.940917,6987
1538.990020,51.226291,50.865792,6988
1539.055797,83.318667,82.474000,6989
1539.139600,56.970667,56.159542,6990
1539.184869,54.216167,53.287208,6991
1539.263108,69.333542,68.657166,6992
1539.402158,97.286875,96.133042,6993
1539.439071,114.270042,112.113166,6994
1539.477492,134.534750,132.844833,6995
1539.534106,117.798333,116.781583,6996
1539.579730,121.875541,121.194500,6997
1539.617526,136.252666,135.074042,6998
1539.636878,109.818041,109.009250,6999
1539.716428,78.174541,77.325209,7000
1539.755578,72.105250,71.552834,7001
1539.817277,68.015209,67.201167,7002
1539.879274,37.712500,37.102916,7003
1539.904348,43.980709,43.451334,7004
1539.951770,40.205375,39.682708,7005
1540.005619,34.135208,33.597084,7007
1540.006276,50.707708,50.197292,7006
1540.142628,60.062625,59.677333,7008
1540.243542,49.858084,49.379750,7009
1540.346629,41.833167,41.263250,7010
1540.397156,38.514000,37.745750,7012
1540.398510,51.128292,50.698667,7011
1540.451250,35.317334,34.813042,7013
1540.571349,44.318167,43.817375,7014
1540.662957,24.853500,24.397333,7015
1540.702373,35.018959,34.539166,7016
1540.743815,31.686958,31.231375,7017
1540.777590,59.576708,59.001250,7018
1540.791567,42.383833,42.010500,7019
1540.830762,52.755792,52.177708,7020
1540.862095,73.197541,72.328375,7021
1540.881660,63.303041,62.528666,7022
1540.896713,44.887208,44.251959,7023
1540.928488,73.056958,72.361333,7024
1540.967789,107.446791,106.501208,7025
1541.004203,52.054917,51.366875,7026
1541.034167,62.703667,62.151250,7027
1541.047912,65.087750,64.414292,7028
1541.079547,44.575708,44.109042,7029
1541.148983,66.362334,65.831791,7030
1541.238918,45.209792,44.651833,7031
1541.253087,41.262375,40.743208,7032
1541.347479,42.678125,42.160417,7033
1541.349396,37.004041,36.434125,7034
1541.389695,42.019541,41.496583,7035
1541.454330,38.430291,37.744291,7036
1541.557979,38.085250,37.426667,7037
1541.577912,50.827292,50.106875,7038
1541.601773,42.497584,41.789125,7039
1541.665097,26.975084,26.669125,7040
1541.779356,30.101750,29.578208,7041
1541.827137,41.862625,41.405583,7042
1541.843663,53.924791,53.322500,7043
1541.906532,50.079459,49.247334,7044
1541.908923,48.596917,48.046251,7045
1541.951941,57.527167,56.877917,7046
1542.004179,32.706917,32.428083,7047
1542.056073,42.469291,41.955959,7048
1542.106618,38.147375,37.681875,7049
1542.127770,45.194334,44.603708,7050
1542.219300,60.269125,59.694541,7051
1542.226631,60.929167,60.313166,7052
1542.235384,41.729625,41.169625,7053
1542.317639,46.825917,46.339416,7054
1542.346195,41.379625,40.805917,7055
1542.469569,53.666084,53.092083,7056
1542.566474,39.435083,38.772416,7057
1542.668502,56.933625,56.379750,7058
1542.682844,44.696458,44.108166,7059
1542.801742,52.520708,52.016708,7060
1542.896823,36.460666,36.162292,7061
1542.959252,46.377041,45.892291,7062
1542.973715,48.916583,48.095834,7063
1543.007941,36.462416,36.116208,7064
1543.111384,43.536500,42.861584,7065
1543.129517,46.904083,46.059708,7066
1543.235275,41.600125,41.248958,7067
1543.329472,24.696875,24.196667,7068
1543.440828,24.917958,24.367583,7069
1543.503870,41.308166,40.907708,7070
1543.541399,47.037666,46.399792,7071
1543.571731,42.940334,42.162166,7073
1543.604797,77.736167,77.019250,7072
1543.657802,46.331834,45.807125,7074
1543.679894,41.748584,41.050625,7075
1543.803764,54.520666,54.031541,7076
1543.905360,45.026041,44.545959,7077
1543.941481,48.677708,47.980334,7078
1544.057546,86.072876,85.327084,7079
1544.164286,81.704292,81.219833,7080
1544.203896,84.696791,84.224291,7081
1544.268246,73.784083,72.943792,7082
1544.389731,81.153042,80.699792,7084
1544.412160,107.269458,105.968334,7083
1544.489674,134.434708,133.643708,7085
1544.534039,116.800542,115.316833,7087
1544.538504,122.355917,121.495208,7086
1544.618531,91.408625,90.531292,7088
1544.630683,80.452166,79.718334,7089
1544.740814,103.383292,102.720333,7090
1544.742086,103.950001,103.289375,7091
1544.776435,104.336167,102.596959,7093
1544.804983,88.306459,87.642625,7094
1544.813489,148.178334,147.602000,7092
1544.840794,91.537250,90.508250,7096
1544.868849,131.199834,129.927292,7095
1544.908636,144.288958,143.789917,7097
1544.927284,66.922917,66.306042,7099
1544.952452,149.892750,149.175833,7098
1545.048478,76.990667,76.470042,7100
1545.132143,49.584500,49.018667,7101
1545.176592,48.239041,47.689833,7102
1545.240092,46.394250,45.654292,7103
1545.343840,39.060583,38.702125,7104
1545.434181,41.990375,41.510583,7106
1545.437708,55.870500,55.266459,7105
1545.481133,65.204417,64.369083,7107
1545.526336,42.241792,41.658167,7108
1545.567425,36.198459,35.758042,7110
1545.583067,56.023042,55.405875,7109
1545.613213,39.420208,38.855542,7111
1545.702128,63.974167,63.353792,7112
1545.829229,79.972375,79.347333,7113
1545.870259,42.985833,42.270667,7114
1545.901933,41.579709,40.946792,7116
1545.907048,57.626042,56.958708,7115
1545.996931,25.447333,24.989417,7117
1546.105603,37.425501,36.800167,7118
1546.124839,42.252292,41.630459,7119
1546.157755,43.862583,43.379000,7120
1546.211931,64.061375,63.264541,7121
1546.236298,42.623875,42.214375,7122
1546.311581,54.025416,53.647708,7123
1546.341486,80.789917,80.181500,7124
1546.349725,75.803875,75.148500,7125
1546.359286,81.984875,81.268250,7126
1546.400718,95.922750,95.050375,7127
1546.450948,118.541208,117.806209,7128
1546.489901,67.977875,67.173750,7130
1546.502371,86.474500,85.715583,7129
1546.517021,58.352875,57.763417,7131
1546.595313,68.293458,67.949292,7132
1546.705597,67.459291,66.846500,7133
1546.734937,44.762958,44.062084,7134
1546.810037,60.786834,60.292459,7135
1546.903136,35.945584,35.173834,7137
1546.912583,52.201042,51.295125,7136
1547.023055,51.517958,51.055083,7138
1547.143872,61.309209,60.627875,7139
1547.219505,66.110334,65.636667,7140
1547.259069,79.005500,78.271666,7141
1547.263151,69.470916,68.977416,7142
1547.263853,54.951167,54.329625,7143
1547.289185,43.706833,43.032792,7144
1547.329587,24.785250,24.487458,7145
1547.405658,51.017458,50.440250,7146
1547.455262,39.374125,38.794000,7147
1547.570743,50.026667,49.595583,7148
1547.571775,44.730000,43.948625,7149
1547.673523,35.370125,34.826750,7150
1547.773961,24.717584,24.430875,7151
1547.885053,43.840417,43.204584,7152
1547.920786,60.456084,59.803917,7153
1548.015440,48.154167,47.632084,7154
1548.017562,46.130875,45.495917,7155
1548.153366,70.798000,70.350292,7156
1548.177735,47.757792,47.060709,7157
1548.235507,41.818583,41.347542,7158
1548.345511,40.707917,40.443958,7159
1548.413179,64.907208,64.440250,7160
1548.444898,50.741250,50.173667,7161
1548.453657,37.740791,37.311750,7162
1548.535568,79.239125,78.681458,7163
1548.569543,42.496417,41.671584,7164
1548.676465,38.358834,37.813416,7166
1548.682449,59.591292,58.877000,7165
1548.785761,36.517250,36.049709,7167
1548.898301,37.938542,37.466334,7168
1548.925728,46.695250,46.137000,7169
1548.987393,57.224416,56.478625,7170
1549.048279,76.724375,75.969250,7171
1549.162764,80.157292,79.673417,7172
1549.212727,89.817000,88.990417,7173
1549.304383,118.381083,117.172708,7174
1549.321558,127.865209,127.116208,7175
1549.345203,123.378791,122.933125,7176
1549.406170,141.592208,140.618042,7177
1549.505747,119.485916,115.672959,7180
1549.521341,248.875083,248.433208,7178
1549.566951,151.044250,150.367000,7181
1549.630199,323.943084,323.038917,7179
1549.638958,111.715625,111.024084,7182
1549.758331,119.758042,119.135042,7184
1549.771821,117.969250,116.761458,7185
1549.779787,166.814958,166.254375,7183
1549.830456,153.043334,149.534292,7186
1549.849037,40.177375,39.467750,7188
1549.879760,130.006625,129.422708,7187
1549.902672,42.339209,41.827625,7189
1549.973501,41.209875,40.757209,7190
1550.006955,35.453833,34.920375,7191
1550.117830,57.976917,57.453667,7192
1550.122762,40.205666,39.831166,7193
1550.246380,52.697458,51.723000,7194
1550.249087,51.408584,50.496541,7195
1550.276118,55.726125,54.992584,7196
1550.315864,28.675500,28.048417,7197
1550.376992,72.186333,71.295292,7198
1550.385369,39.607750,39.205833,7199
1550.488960,73.017875,72.296583,7200
1550.591316,64.285084,63.854583,7201
1550.613784,45.943917,45.500000,7202
1550.647773,39.545042,38.770958,7203
1550.686184,48.038667,47.139459,7204
1550.792986,43.738917,43.260000,7205
1550.804485,42.378000,41.827916,7206
1550.917491,39.402125,38.848833,7208
1550.919121,58.792708,58.534875,7207
1551.007398,29.612333,29.103084,7210
1551.037685,66.237208,65.809042,7209
1551.137191,54.599417,54.022209,7211
1551.233430,39.713042,38.870708,7212
1551.251359,50.429458,49.613666,7213
1551.375391,70.571667,69.828500,7214
1551.452837,36.907791,36.459792,7215
1551.569499,42.453833,41.787375,7216
1551.657955,44.003167,43.618458,7217
1551.682073,43.938709,43.386001,7218
1551.730240,68.621584,67.882791,7219
1551.790943,41.684708,41.227375,7220
1551.851829,41.346958,41.068417,7221
1551.907669,47.286459,46.678625,7222
1551.928960,47.527375,46.761750,7223
1552.017681,46.216042,45.710875,7224
1552.071312,27.472958,27.169333,7225
1552.110721,28.144375,27.694333,7227
1552.143807,81.773709,80.983291,7226
1552.145224,31.487458,31.064542,7228
1552.235173,41.477334,40.845875,7229
1552.346623,49.741125,49.014000,7230
1552.356921,52.112666,51.455541,7231
1552.469990,54.054875,53.545041,7232
1552.490159,32.884833,32.372084,7233
1552.599627,72.601958,72.252833,7234
1552.655369,72.665250,72.201792,7235
1552.661978,50.336125,49.766500,7236
1552.690194,63.139417,62.719417,7237
1552.712270,74.120667,73.340459,7238
1552.745511,53.813375,53.249292,7239
1552.775151,25.924792,25.376459,7240
1552.886406,26.028333,25.311417,7241
1552.930397,29.017625,28.637875,7242
1552.979083,56.411541,55.785334,7243
1553.037333,65.871167,65.209375,7244
1553.141956,59.355625,58.798542,7245
1553.161638,50.006834,49.357583,7246
1553.202507,49.416208,48.974333,7247
1553.235126,41.460417,40.797166,7249
1553.247129,54.879708,54.383875,7248
1553.357277,52.484834,52.101291,7250
1553.409932,46.589375,45.946542,7251
1553.429351,60.538042,59.967250,7252
1553.452970,37.080458,36.754083,7253
1553.563422,36.352167,35.898042,7254
1553.686566,48.409375,47.782291,7255
1553.694800,42.558542,41.966750,7256
1553.779573,30.346750,29.844792,7257
1553.939493,79.160083,78.652583,7258
1554.067184,109.002833,108.329958,7260
1554.082712,135.311167,133.985250,7259
1554.113088,141.629542,140.922833,7261
1554.183283,118.541500,117.644333,7262
1554.231623,148.872500,106.193500,7263
1554.291721,139.892666,138.980041,7265
1554.312664,227.546958,225.657833,7264
1554.339884,144.279042,143.327333,7269
1554.408805,251.747125,250.923458,7266
1554.410167,105.168000,104.574750,7271
1554.501154,332.231375,331.174376,7267
1554.507627,90.674208,89.587459,7272
1554.608675,431.991292,428.585792,7268
1554.632525,105.453541,104.997083,7274
1554.659945,163.692084,162.895833,7273
1554.725503,450.290167,449.642084,7270
1554.753862,115.295833,114.349958,7277
1554.824687,131.134791,130.019166,7278
1554.842584,225.668333,222.720750,7275
1554.879180,89.922291,89.273333,7280
1554.897066,269.446917,267.402333,7276
1554.916147,55.798166,55.114209,7282
1554.945412,195.840458,194.980042,7279
1554.987045,179.090625,178.192583,7281
1555.002524,31.047333,30.496667,7283
1555.064822,63.721000,63.091000,7284
1555.069111,41.484042,41.042458,7285
1555.102999,47.234542,46.623500,7286
1555.126968,44.424917,43.955917,7287
1555.224266,30.562875,29.919750,7288
1555.255576,58.894791,58.100583,7289
1555.279639,46.705750,45.908916,7290
1555.366656,61.861917,61.265750,7291
1555.379932,43.868708,43.308125,7293
1555.387372,61.108834,60.481750,7292
1555.475755,66.471709,66.008250,7294
1555.479905,63.982333,63.258417,7295
1555.489600,70.574292,70.014583,7296
1555.551423,47.619542,47.284417,7297
1555.566532,39.490500,38.923500,7298
1555.609798,57.477000,57.108625,7299
1555.620111,33.963125,33.267500,7300
1555.662818,24.704458,24.259083,7301
1555.719551,41.887125,41.232041,7302
1555.792249,42.980583,42.431667,7303
1555.818270,50.538542,50.061667,7304
1555.872850,48.383417,47.919667,7305
1555.913032,52.559791,51.811667,7306
1555.993580,53.583250,53.152458,7307
1556.006174,60.939958,60.337666,7308
1556.022630,51.146666,50.441416,7309
1556.125210,42.637875,42.006125,7310
1556.142398,47.889917,47.216167,7311
1556.183215,53.085375,52.462959,7312
1556.247172,53.463375,52.746167,7313
1556.290878,36.360625,36.064583,7314
1556.347564,39.599875,38.931375,7316
1556.350228,45.426500,45.044417,7315
1556.463063,43.214208,42.592083,7318
1556.468177,52.266375,51.614792,7317
1556.521353,41.672750,41.218334,7319
1556.565627,38.567375,38.117042,7320
1556.590491,57.203125,56.721292,7321
1556.624577,75.480417,74.819209,7322
1556.663961,25.805792,25.351375,7323
1556.789998,40.757208,40.313584,7324
1556.808429,45.629500,45.095750,7325
1556.868216,56.050166,55.479667,7326
1556.905842,45.507583,44.958084,7327
1556.941322,53.509166,53.018292,7328
1557.018786,47.317375,46.655291,7329
1557.130821,48.248667,47.786958,7330
1557.259288,65.615083,65.113417,7332
1557.259292,83.533042,82.981500,7331
1557.285746,87.364958,86.835876,7333
1557.345112,40.344500,39.727625,7334
1557.424520,52.125792,51.627042,7335
1557.465343,58.259541,57.865792,7337
1557.473100,75.774417,75.098042,7336
1557.488650,72.715709,72.025917,7338
1557.531348,107.288417,106.796958,7339
1557.582165,55.102541,54.358500,7340
1557.630349,32.472125,31.708834,7341
1557.671251,51.186916,50.641792,7342
1557.698315,60.180459,59.495917,7343
1557.702106,46.323958,45.857291,7344
1557.740641,35.281459,34.799042,7345
1557.799316,61.635292,61.000917,7346
1557.807548,44.018334,43.479042,7348
1557.831393,82.112625,81.542125,7347
1557.870236,48.026708,46.943750,7349
1557.897686,63.486792,62.879542,7350
1557.907329,47.035333,46.509459,7351
1558.008558,37.121584,36.598333,7352
1558.064549,80.999625,80.329083,7353
1558.133335,45.840667,45.115875,7355
1558.154063,47.129250,46.528708,7356
1558.159716,77.166250,76.799917,7354
1558.194210,67.761750,67.354291,7357
1558.257226,51.987834,51.420833,7360
1558.263643,69.869625,69.100792,7358
1558.267605,70.527917,69.789417,7359
1558.360891,55.489000,55.077458,7362
1558.369471,64.677083,63.994875,7361
1558.393304,57.375792,56.568458,7363
1558.435432,49.142042,48.418416,7364
1558.469156,53.263291,52.832500,7365
1558.503526,36.765166,36.171042,7366
1558.521397,51.108166,50.517250,7367
1558.561265,53.111625,52.649333,7368
1558.574464,47.495291,47.064791,7369
1558.704369,66.152625,65.735834,7370
1558.775188,67.787125,67.085666,7371
1558.787362,38.116458,37.658834,7372
1558.868129,83.856500,83.206375,7373
1558.900400,40.046125,39.649750,7374
1558.933819,49.955208,49.166250,7375
1558.987383,53.752708,53.187458,7376
1559.052907,81.427209,80.790500,7377
1559.170980,88.341750,86.437167,7378
1559.181817,85.256500,84.609291,7379
1559.293693,112.213500,111.368542,7380
1559.317661,123.777500,123.011292,7381
1559.368081,162.135459,161.609875,7382
1559.429577,200.509750,191.666709,7383
1559.452194,123.831751,122.910667,7386
1559.526285,142.038458,141.142167,7388
1559.540931,287.292542,283.657501,7384
1559.608264,134.726083,134.113875,7390
1559.664788,137.743959,136.945667,7391
1559.678027,373.257208,372.760209,7385
1559.727645,110.237750,108.522459,7393
1559.786738,455.689501,455.237417,7387
1559.824101,93.210542,92.457458,7395
1559.838970,89.317958,88.534250,7396
1559.857380,441.517417,441.018083,7389
1559.897101,36.761375,36.028125,7398
1559.922535,338.080166,337.302000,7392
1559.953430,65.326333,64.735417,7399
1559.978840,340.468333,339.821417,7394
1560.026098,54.655416,53.835250,7400
1560.035506,253.907208,253.316000,7397
1560.064084,71.693125,69.423083,7401
1560.084206,54.097750,53.229459,7404
1560.123500,40.916458,40.255833,7405
1560.124357,130.283709,126.864792,7402
1560.159168,47.001208,46.307042,7406
1560.165176,154.545125,153.722626,7403
1560.220490,45.421250,44.746625,7407
1560.235800,42.131833,41.583792,7408
1560.345741,40.968666,40.469333,7409
1560.414154,34.285417,33.696833,7410
1560.451580,36.611167,36.015000,7411
1560.481967,66.057833,65.370959,7412
1560.542993,27.341709,26.942125,7413
1560.595910,68.864542,67.982250,7414
1560.600411,56.480666,56.088666,7415
1560.617422,63.800042,63.318500,7416
1560.632465,58.209375,57.628083,7417
1560.670635,91.933625,91.172667,7418
1560.711988,73.809167,73.240416,7419
1560.737247,53.081291,52.467625,7420
1560.773915,78.031917,77.248208,7421
1560.785458,64.832833,63.938292,7422
1560.805343,56.143792,55.456626,7423
1560.873919,54.037959,53.342333,7424
1560.885758,47.309792,46.701083,7425
1560.911847,52.133083,51.411209,7426
1560.925532,65.193042,64.728708,7427
1560.994508,45.467041,44.882833,7428
1561.016150,44.671666,44.163000,7429
1561.079435,42.346792,41.786792,7430
1561.113713,49.941792,49.140584,7431
1561.136084,53.505375,52.937792,7432
1561.236127,71.060792,70.528791,7433
1561.258715,61.718125,60.868500,7435
1561.266363,72.670208,72.049542,7434
1561.285477,55.765208,54.879708,7436
1561.325391,84.241500,83.544709,7437
1561.366809,61.955250,61.240083,7438
1561.386459,51.693250,51.028542,7439
1561.458971,37.372417,36.722000,7441
1561.487070,71.165500,70.450625,7440
1561.526264,47.760709,46.961250,7442
1561.549258,64.884167,64.245709,7443
1561.566650,56.247625,55.450500,7444
1561.576158,49.125709,48.594000,7445
1561.625302,31.411917,30.795042,7447
1561.638469,66.392375,65.983166,7446
1561.683429,75.822834,75.415666,7448
1561.698717,60.592875,60.090625,7450
1561.713286,91.279125,90.146292,7449
1561.750732,86.903834,82.869792,7451
1561.798798,133.894542,133.312959,7452
1561.808206,58.895083,57.887959,7454
1561.818274,119.515375,77.070583,7453
1561.835434,51.263042,50.520750,7455
1561.897786,37.427834,36.741250,7456
1561.946233,39.361583,38.723125,7457
1561.975343,35.086334,34.173125,7458
1562.023456,52.002417,51.303292,7460
1562.037853,75.416250,74.783042,7459
1562.054971,70.745791,70.087209,7461
1562.103395,100.919000,100.326333,7462
1562.128541,45.957333,45.229625,7465
1562.148809,143.057542,142.508042,7463
1562.193688,80.807417,80.183250,7466
1562.213257,195.366209,194.796584,7464
1562.260488,84.606375,83.897625,7468
1562.276674,82.987334,82.511625,7470
1562.277431,163.071126,162.322417,7467
1562.318386,137.204958,136.387416,7469
1562.345388,84.064167,83.439709,7472
1562.379441,31.761625,30.969750,7475
1562.387099,82.306583,81.773417,7473
1562.449303,255.579041,214.632833,7471
1562.450254,56.909416,56.474834,7479
1562.471960,130.501000,129.945083,7474
1562.504327,89.868041,48.772500,7480
1562.540723,191.280833,190.584333,7476
1562.550289,54.394667,53.517625,7482
1562.569543,50.701583,50.033959,7483
1562.587475,215.807084,215.039709,7477
1562.655273,38.636792,38.012334,7486
1562.659433,283.556583,282.992500,7478
1562.694858,84.267166,83.676834,7485
1562.730230,61.961375,61.278000,7489
1562.754475,55.090000,54.342750,7490
1562.773203,357.282334,314.321292,7481
1562.784324,257.282667,256.779250,7484
1562.817154,67.915458,67.163833,7491
1562.850831,74.753583,74.158584,7492
1562.857297,219.200625,218.644709,7487
1562.889580,62.270833,61.690709,7494
1562.907630,264.443084,263.921292,7488
1562.930208,79.664375,79.062958,7495
1562.957056,158.905542,157.373709,7493
1562.957150,56.428458,55.961792,7498
1563.020805,49.341834,48.769292,7500
1563.026522,174.397708,170.517667,7496
1563.064947,71.796375,71.158791,7501
1563.091723,231.361958,230.980167,7497
1563.125949,77.640792,77.129792,7502
1563.149558,243.999584,243.338375,7499
1563.152155,84.965416,84.179667,7504
1563.194616,141.513458,140.944708,7503
1563.232208,100.915500,59.712041,7509
1563.241325,47.683417,47.141500,7511
1563.297179,229.831292,229.203042,7505
1563.305194,99.092583,57.961750,7512
1563.364367,65.930667,65.362792,7514
1563.374144,291.557583,286.759084,7506
1563.419362,114.142875,71.505875,7516
1563.460326,95.930917,54.856083,7517
1563.480280,388.942750,347.917208,7507
1563.503131,114.762667,74.167917,7518
1563.514422,95.018291,53.776916,7519
1563.543292,446.583084,405.552584,7508
1563.582192,432.601167,391.246625,7510
1563.600251,119.936833,79.169709,7521
1563.648148,121.089792,80.306334,7522
1563.651336,419.087667,378.123084,7513
1563.677325,95.093250,54.163083,7525
1563.700180,395.406959,352.756542,7515
1563.727226,89.085791,47.781417,7526
1563.741115,280.751625,239.154709,7520
1563.750615,195.948083,195.323917,7523
1563.792342,43.130500,42.405417,7527
1563.839227,280.899500,239.922666,7524
1563.911933,55.465375,55.032250,7529
1563.913177,81.078959,80.316542,7528
1563.931303,70.980291,70.043459,7530
1563.968493,95.883084,94.903958,7531
1563.994654,81.623209,81.225083,7533
1564.041846,91.051917,90.379334,7534
1564.062749,151.483792,150.402000,7532
1564.161384,120.333208,119.548041,7537
1564.183897,215.520375,214.820958,7535
1564.184608,116.016541,113.600375,7538
1564.303423,119.880251,119.121625,7541
1564.321408,349.838417,347.588500,7536
1564.332976,139.327417,138.306000,7542
1564.458148,375.540376,373.657958,7539
1564.474305,141.257958,100.125083,7548
1564.497313,193.849542,151.544750,7546
1564.586482,445.124458,440.565126,7540
1564.646232,188.064042,146.742166,7549
1564.655767,181.430084,138.915000,7550
1564.676292,462.245001,460.984417,7543
1564.796572,548.529917,546.503125,7544
1564.810683,164.426791,121.255458,7553
1564.823455,167.659916,125.568042,7554
1564.889770,620.024416,612.977459,7545
1564.913199,116.582958,74.564875,7556
1564.936330,125.608000,84.262500,7557
1564.977285,655.837292,609.756292,7547
1564.989123,99.331750,57.221501,7559
1564.998223,84.975917,43.990333,7560
1565.026281,528.931084,486.897834,7551
1565.091322,504.807042,462.867417,7552
1565.102337,125.007750,83.550250,7562
1565.113297,124.149667,82.543125,7563
1565.138332,461.997376,420.909709,7555
1565.191202,99.838667,58.754500,7566
1565.197216,373.742250,332.546959,7558
1565.206366,103.982083,62.437958,7567
1565.243373,307.007167,266.050750,7561
1565.306366,109.128834,68.183209,7571
1565.306684,115.447792,73.990291,7570
1565.319329,321.061125,279.589625,7564
1565.369312,342.986583,301.910583,7565
1565.415207,108.495625,67.331250,7575
1565.416084,109.690000,68.318542,7574
1565.459144,345.810208,304.753750,7568
1565.527281,388.910084,347.449666,7569
1565.528265,113.036292,71.927334,7578
1565.546319,130.219250,89.248250,7579
1565.566314,359.913458,318.638250,7572
1565.631137,103.819333,62.961209,7581
1565.636452,393.043291,351.860250,7573
1565.645396,117.089001,74.946958,7582
1565.680252,360.878292,318.856125,7576
1565.720293,89.130708,47.729792,7585
1565.744190,374.834542,331.198584,7577
1565.782293,145.787833,104.157084,7586
1565.788319,329.152250,287.679876,7580
1565.817285,136.992917,95.431291,7588
1565.836313,92.085875,51.137042,7590
1565.853313,306.957584,265.803417,7583
1565.905147,122.816750,81.382000,7591
1565.909328,342.980167,301.337458,7584
1565.915385,98.053084,56.510709,7593
1565.946330,300.891792,256.431875,7587
1565.999139,89.775583,48.700750,7597
1566.003353,283.026917,241.185291,7589
1566.019430,114.252542,73.396750,7596
1566.051243,262.882958,221.416708,7592
1566.095300,96.136250,55.435042,7600
1566.109138,272.792916,231.922542,7594
1566.125148,121.748959,80.130167,7601
1566.168310,314.951292,273.339208,7595
1566.183314,87.974250,47.093375,7604
1566.215263,299.828083,251.999125,7598
1566.227395,118.168458,77.325791,7605
1566.255147,308.779917,265.269667,7599
1566.290285,121.933000,80.366417,7607
1566.310187,290.714084,249.412916,7602
1566.319374,104.071917,62.987750,7609
1566.359205,307.934084,267.303166,7603
1566.381230,126.061542,85.307250,7611
1566.410218,119.888417,78.192333,7612
1566.433145,307.980751,258.006001,7606
1566.460299,101.054041,60.027625,7615
1566.483206,299.848500,258.423375,7608
1566.494149,112.898041,72.400416,7616
1566.533314,305.875792,264.159584,7610
1566.542262,109.090042,67.762917,7618
1566.571314,261.100584,216.450209,7613
1566.578316,117.976833,76.350458,7619
1566.629203,309.792001,262.599167,7614
1566.645244,102.942292,61.851709,7623
1566.656375,123.011875,81.553208,7622
1566.685219,274.964375,234.080000,7617
1566.723136,93.898292,52.610833,7626
1566.748244,265.006291,223.424833,7620
1566.762295,117.012584,75.673500,7627
1566.799302,114.057416,72.466042,7629
1566.817287,323.114167,281.899625,7621
1566.850350,127.188542,86.461083,7630
1566.854321,91.986125,50.874250,7632
1566.885300,313.944750,272.724375,7624
1566.914119,96.800667,53.934416,7634
1566.948195,369.844708,329.193667,7625
1566.959160,108.772708,67.975833,7635
1566.987216,101.875666,60.973500,7637
1567.039120,382.711000,341.161333,7628
1567.064309,116.090626,75.497625,7639
1567.078163,118.984834,76.893250,7640
1567.106242,357.978251,317.142000,7631
1567.146293,107.149001,66.524500,7642
1567.196233,396.895042,355.844125,7633
1567.206158,141.814458,99.197583,7643
1567.206185,99.920333,59.288834,7645
1567.255249,400.889417,358.281584,7636
1567.316346,402.196375,361.435958,7638
1567.329156,132.906666,92.133708,7647
1567.340101,133.927500,92.894666,7648
1567.357159,369.904792,328.947500,7641
1567.425230,347.039291,306.376291,7644
1567.442302,125.913959,84.288458,7651
1567.443226,114.046334,72.593208,7652
1567.471291,324.958667,283.448084,7646
1567.532220,326.028500,284.775167,7649
1567.544203,101.857875,60.818333,7656
1567.545125,119.861583,78.568583,7655
1567.606311,351.040375,309.503541,7650
1567.652288,108.051125,66.508458,7660
1567.655201,315.081083,273.954917,7653
1567.668284,136.045583,95.063791,7659
1567.699304,342.114208,301.007000,7654
1567.759237,315.979417,275.092708,7657
1567.764337,109.096167,68.271875,7664
1567.773229,120.896709,79.696458,7663
1567.807301,335.971417,294.432542,7658
1567.857290,92.912458,51.433375,7668
1567.870242,320.739709,279.088542,7661
1567.874286,115.023708,73.866916,7667
1567.920140,313.791042,272.945750,7662
1567.956335,99.009750,57.938125,7671
1567.979299,109.031125,68.133333,7672
1567.987310,318.998750,277.440042,7665
1568.040096,340.764376,294.662376,7666
1568.071334,151.139917,110.455333,7674
1568.080140,306.879125,266.013709,7669
1568.087580,131.212375,89.395250,7675
1568.135225,95.110750,54.471375,7678
1568.152226,80.857875,39.671333,7679
1568.158360,351.022292,309.319792,7670
1568.227295,352.968291,311.744125,7673
1568.259136,106.889125,65.431041,7683
1568.259136,123.890667,82.504333,7682
1568.276336,296.998333,255.322375,7676
1568.319285,91.949375,50.813000,7685
1568.340303,352.952834,311.887917,7677
1568.356269,97.116834,55.847750,7686
1568.396300,316.136625,274.742416,7680
1568.437293,117.968958,76.460125,7689
1568.439348,98.998959,57.498875,7690
1568.451196,363.576208,322.508083,7681
1568.493255,334.853459,293.673625,7684
1568.509149,112.813750,71.542917,7692
1568.519386,82.061292,40.600583,7693
1568.562138,302.979542,261.947875,7687
1568.605268,111.973750,70.286708,7696
1568.609265,100.101458,59.279792,7697
1568.628302,351.921500,310.541584,7688
1568.702212,345.907333,304.577001,7691
1568.717333,112.025375,70.871208,7700
1568.723283,113.996750,72.431625,7701
1568.748285,308.883458,267.568000,7694
1568.810197,92.809208,50.392709,7704
1568.817293,366.051583,325.148542,7695
1568.826240,124.002375,82.817291,7703
1568.857240,337.817083,296.823625,7698
1568.914229,103.997542,62.436792,7707
1568.933199,371.034708,330.098709,7699
1568.939375,122.037417,80.749958,7708
1568.998303,369.968084,327.847625,7702
1569.042366,128.112833,87.404625,7711
1569.060543,127.300833,84.537833,7712
1569.109533,386.225000,344.647333,7705
1569.218635,176.228208,134.327667,7715
1569.232296,483.969792,442.821459,7706
1569.234646,174.060833,132.299708,7716
1569.332397,506.110792,464.175834,7709
1569.387375,168.695041,127.812125,7718
1569.408303,175.965125,133.511000,7719
1569.434994,577.729542,532.905042,7710
1569.563082,175.667625,132.324500,7722
1569.563117,623.697667,582.962042,7713
1569.583670,175.327542,133.701167,7723
1569.667614,669.270876,627.633417,7714
1569.714394,151.266208,110.614000,7726
1569.732334,169.220625,127.536500,7725
1569.785298,675.723709,634.205542,7717
1569.868154,153.725542,112.955792,7729
1569.883135,648.454625,606.893875,7720
1569.893338,160.963542,119.471625,7730
1569.943106,610.673000,569.909958,7721
1569.977235,109.061458,68.595042,7732
1569.978215,95.060875,53.645958,7733
1570.000215,565.162208,523.790751,7724
1570.047144,104.024375,62.741000,7735
1570.059330,475.619084,433.375542,7727
1570.081296,104.035750,63.017792,7736
1570.105323,437.667709,395.092250,7728
1570.146290,99.120584,58.469250,7739
1570.165233,105.851083,64.748250,7740
1570.175282,389.944625,347.830001,7731
1570.206320,100.949625,59.768042,7742
1570.253232,106.913917,65.361916,7743
1570.254230,360.855542,320.069458,7734
1570.273323,97.997958,57.023167,7745
1570.312211,333.960959,292.585417,7737
1570.360273,107.018625,65.622958,7747
1570.363286,109.020625,67.452875,7748
1570.368242,367.979792,327.388834,7738
1570.407289,325.953834,284.826791,7741
1570.457191,93.863291,51.636375,7752
1570.471300,306.023959,264.754875,7744
1570.481403,121.089792,80.032458,7751
1570.527293,320.931917,280.061833,7746
1570.582296,125.062876,84.378000,7755
1570.585349,311.980667,270.436251,7749
1570.603385,132.039542,90.765209,7756
1570.634298,322.051334,280.843208,7750
1570.692220,323.946292,282.425209,7753
1570.710326,127.988875,86.409166,7759
1570.710406,125.015625,81.226542,7760
1570.741334,334.005292,292.997833,7754
1570.797315,86.951375,45.747334,7764
1570.798159,316.729583,275.668167,7757
1570.814308,122.065417,81.181042,7763
1570.844329,316.995584,275.521750,7758
1570.894215,96.032709,52.040334,7768
1570.910430,113.080916,72.123917,7767
1570.911217,307.789416,266.916417,7761
1570.945231,310.897416,269.801875,7762
1571.002325,91.852250,50.600959,7772
1571.015242,304.827542,263.592875,7765
1571.026148,131.894583,90.997667,7771
1571.054178,312.806375,271.692459,7766
1571.115180,99.915375,58.835291,7776
1571.115368,301.025083,259.636125,7769
1571.117277,114.905875,73.366125,7775
1571.156294,311.920875,270.745125,7770
1571.217295,101.894625,60.718583,7780
1571.225255,110.053708,68.917917,7779
1571.229310,318.064542,276.259084,7773
1571.273290,328.034875,286.657000,7774
1571.310198,92.865500,51.711917,7783
1571.344228,118.948959,77.748125,7784
1571.365286,339.113250,292.813208,7777
1571.383307,109.975542,68.437833,7786
1571.419382,109.142542,67.843125,7787
1571.460194,405.992417,362.959042,7778
1571.464152,119.889583,79.239416,7788
1571.491165,107.825375,66.827541,7790
1571.507142,389.826209,348.442209,7781
1571.559221,402.887917,361.469792,7782
1571.562099,101.874208,61.382417,7792
1571.591268,127.091125,86.041084,7793
1571.598328,368.976417,328.043917,7785
1571.651278,89.156959,47.833625,7797
1571.664157,104.902584,62.832583,7796
1571.667175,301.854583,261.015708,7789
1571.711148,291.724417,248.745584,7791
1571.767131,102.949000,62.266167,7801
1571.768205,116.882500,76.020875,7800
1571.772165,280.977375,239.298209,7794
1571.805143,297.980083,257.111459,7795
1571.875383,107.143458,66.287375,7805
1571.877187,110.035333,68.945625,7804
1571.880407,289.091250,247.624125,7798
1571.916308,317.940000,276.682000,7799
1571.973286,96.072375,54.874750,7809
1571.980349,104.919792,63.932167,7808
1571.991242,324.046042,282.542458,7802
1572.059273,348.100667,306.939500,7803
1572.069156,95.836125,54.671167,7812
1572.089331,108.940125,66.075916,7813
1572.112302,340.108709,298.501875,7806
1572.172282,367.114417,326.386959,7807
1572.174374,115.060459,73.347750,7815
1572.184179,115.001542,74.045416,7816
1572.209150,328.710959,287.745500,7810
1572.272194,355.849667,313.588333,7811
1572.293232,118.823833,77.478625,7820
1572.295229,122.902208,81.330084,7819
1572.333305,342.038375,301.247917,7814
1572.375216,102.980500,61.762459,7823
1572.388303,95.035208,53.557291,7824
1572.408301,318.930208,277.419333,7817
1572.475299,362.957875,316.766625,7818
1572.475299,100.044875,58.666708,7827
1572.497212,108.870417,67.449084,7828
1572.508298,324.090667,283.107125,7821
1572.577225,101.909209,60.339708,7830
1572.582417,373.238833,331.328083,7822
1572.596205,120.864333,78.923250,7831
1572.619303,324.039042,283.113250,7825
1572.682280,348.932209,307.482584,7826
1572.686367,103.820209,62.609751,7835
1572.712303,135.053917,93.476834,7834
1572.732144,323.807750,282.753625,7829
1572.788216,101.808875,60.521708,7839
1572.789231,106.910708,65.748667,7838
1572.806254,309.005667,268.197708,7832
1572.846152,337.816792,296.901208,7833
1572.902122,305.882208,264.549833,7836
1572.908207,119.967459,78.707417,7842
1572.908218,118.953333,76.683250,7843
1572.996249,376.915584,333.688542,7837
1573.011247,109.106375,68.505208,7846
1573.019224,110.978584,69.642708,7848
1573.065143,352.809625,312.140791,7840
1573.107274,96.000625,54.622167,7850
1573.118221,121.933875,80.354750,7849
1573.124243,392.074375,350.998375,7841
1573.161250,354.970875,314.093500,7844
1573.230237,384.066084,341.385917,7845
1573.240325,133.007291,91.389084,7853
1573.246281,128.022417,86.129750,7854
1573.287148,378.915541,338.019792,7847
1573.332210,101.950334,61.326416,7857
1573.351148,110.763333,68.546333,7858
1573.351218,331.959250,290.442250,7851
1573.416140,350.976501,310.191000,7852
1573.426168,93.918125,53.157125,7861
1573.444815,93.645417,52.268417,7862
1573.454294,330.010042,288.522500,7855
1573.518282,92.088500,51.055083,7865
1573.528165,112.003209,70.860708,7864
1573.528174,366.910251,325.919709,7856
1573.569132,322.833292,281.891750,7859
1573.616290,97.967917,57.050291,7868
1573.637377,109.188333,68.365791,7870
1573.644232,357.063876,315.979708,7860
1573.684139,332.912125,292.336917,7863
1573.721407,105.070583,63.951708,7872
1573.758241,120.836625,79.888667,7873
1573.764303,319.449666,277.904084,7866
1573.790127,105.968333,64.099292,7875
1573.817352,95.897667,54.564417,7876
1573.823305,368.969125,327.359667,7867
1573.879304,121.036417,80.181209,7877
1573.897295,107.147250,65.660583,7879
1573.898220,370.035458,326.051541,7869
1573.924366,355.209459,313.846167,7871
1573.996180,116.850708,75.955542,7882
1574.010033,365.761666,323.402625,7874
1574.024311,126.969209,85.326791,7883
1574.139809,143.615209,102.338542,7886
1574.155640,391.298542,348.638500,7878
1574.171563,161.491750,120.034834,7887
1574.243178,425.782876,383.242708,7880
1574.305262,165.427792,122.789917,7889
1574.321293,165.623791,123.136125,7890
1574.350144,526.806000,485.922208,7881
1574.460545,155.244250,113.782375,7893
1574.475781,577.535584,534.943501,7884
1574.500319,178.980958,137.919833,7894
1574.606646,682.250917,640.364084,7885
1574.630322,169.736583,128.486167,7896
1574.662309,186.488750,145.568500,7897
1574.721046,696.598292,649.173001,7888
1574.774310,167.619375,125.942833,7899
1574.794385,164.020209,121.686251,7900
1574.826209,654.605584,612.644084,7891
1574.898225,123.879000,82.552458,7903
1574.904170,109.744833,68.449500,7904
1574.939141,695.925417,654.322375,7892
1574.999152,94.959667,54.307750,7907
1575.007313,657.143959,616.374792,7895
1575.023307,125.049750,84.211458,7906
1575.043315,542.958208,501.273209,7898
1575.086194,78.841000,36.469125,7910
1575.105148,105.974750,64.628375,7909
1575.136288,473.949875,432.370459,7901
1575.171287,85.056125,43.717916,7913
1575.192343,87.168666,45.834833,7914
1575.230225,509.153750,467.516583,7902
1575.258232,121.907334,80.576125,7915
1575.268214,96.889625,55.861750,7916
1575.298238,471.995709,429.531667,7905
1575.347218,116.966209,75.914125,7918
1575.363321,105.051333,62.878958,7919
1575.365371,426.137542,385.408625,7908
1575.409318,385.977959,344.675042,7911
1575.445604,402.246251,401.510375,7912
1575.485137,121.788334,80.021375,7923
1575.494301,147.043750,106.273417,7922
1575.534117,88.477083,83.325667,7926
1575.535178,342.794083,301.481250,7917
1575.587138,101.980083,60.200583,7927
1575.597353,329.109375,286.082125,7920
1575.630169,96.033292,55.266458,7929
1575.680225,381.966959,340.799084,7921
1575.699298,112.133583,70.609583,7931
1575.704143,106.752042,64.134584,7932
1575.726317,360.907459,319.809292,7924
1575.782141,372.787917,331.586500,7925
1575.806487,107.151042,104.864083,7935
1575.815330,135.081042,93.736417,7934
1575.836370,342.022042,301.139416,7928
1575.877156,70.633208,69.511459,7939
1575.890284,355.068875,313.786667,7930
1575.904155,121.994542,81.377042,7938
1575.969242,339.053167,298.281958,7933
1575.975179,84.857792,44.094166,7943
1575.988148,110.958459,69.734292,7942
1576.050319,346.155542,304.951792,7936
1576.075297,106.034250,65.061791,7945
1576.093146,117.948250,77.174708,7946
1576.104237,377.822083,336.270083,7937
1576.147282,96.930167,55.371750,7948
1576.167230,91.894834,50.254458,7949
1576.170164,354.792959,313.937167,7940
1576.229289,392.879667,351.220334,7941
1576.265309,117.986166,77.031208,7952
1576.272359,105.102083,64.269625,7953
1576.297138,392.958709,351.449292,7944
1576.325134,95.807250,55.052959,7955
1576.365132,99.794917,58.425500,7956
1576.380386,83.222125,42.498166,7958
1576.382324,394.150750,352.654459,7947
1576.428263,103.105333,62.085917,7959
1576.445250,352.083375,311.083792,7950
1576.467315,102.156542,61.119625,7960
1576.486137,381.880626,340.091792,7951
1576.537283,108.980958,67.626125,7963
1576.554141,108.859333,67.665209,7964
1576.558600,388.406083,346.554250,7954
1576.615240,342.836666,292.461750,7957
1576.656297,118.976667,77.687167,7967
1576.656297,102.137291,61.194875,7968
1576.661374,280.940333,237.895000,7961
1576.694348,79.057125,37.884000,7970
1576.700144,317.782792,276.424750,7962
1576.728667,261.315250,260.705667,7965
1576.780210,123.874917,82.521833,7972
1576.780243,123.926250,82.945333,7971
1576.820291,334.126916,292.960500,7966
1576.874154,93.903542,52.729542,7978
1576.886315,327.669708,286.562500,7969
1576.910362,130.127959,88.930042,7977
1576.940659,66.485708,65.883125,7980
1576.941222,279.811584,236.692459,7973
1576.990151,49.467250,48.940792,7983
1576.995266,108.911250,67.344375,7981
1576.996266,301.886959,259.941209,7974
1577.062143,71.956792,30.732916,7985
1577.069217,369.053126,327.881167,7975
1577.079370,350.678417,349.949834,7976
1577.125403,305.076917,304.493876,7979
1577.136402,141.106583,100.219584,7986
1577.175350,113.182417,72.104667,7988
1577.176369,50.949500,50.538833,7991
1577.244145,107.701125,66.898125,7992
1577.250344,339.937792,298.519959,7982
1577.273307,96.912083,56.145541,7994
1577.310141,368.890083,327.264583,7984
1577.352243,108.078833,66.943917,7995
1577.357149,360.847375,319.573041,7987
1577.374238,123.860041,82.038542,7996
1577.402317,333.068750,291.787417,7989
1577.454207,97.030792,55.265291,8000
1577.458326,106.057291,65.128583,7999
1577.478299,398.889167,357.988458,7990
1577.504309,328.913084,287.476000,7993
1577.559236,104.994167,63.641959,8003
1577.564156,290.811208,249.790042,7997
1577.567224,108.864292,63.960166,8004
1577.608148,297.986501,255.920584,7998
1577.660221,285.963417,241.479875,8001
1577.664124,104.871084,64.267292,8007
1577.677319,113.134000,72.369208,8008
1577.735298,332.942459,291.582375,8002
1577.762152,98.014292,57.303166,8012
1577.768349,108.104209,67.160625,8011
1577.812254,333.910500,291.305875,8005
1577.824280,88.944333,47.657167,8014
1577.853383,91.208250,50.369083,8015
1577.867237,362.888167,321.309917,8006
1577.904126,336.864208,335.902875,8009
1577.907300,95.000792,54.010250,8017
1577.954288,86.943792,45.445167,8020
1577.956330,132.013875,90.746833,8018
1577.983300,375.125042,334.232792,8010
1578.044226,89.905667,48.834625,8023
1578.056302,99.928208,58.413250,8024
1578.058274,380.912583,339.587209,8013
1578.126124,81.879584,40.722792,8026
1578.134267,365.890875,324.622958,8016
1578.148154,91.815791,50.554292,8027
1578.187305,333.893291,292.721916,8019
1578.242286,116.139333,74.752708,8029
1578.243225,339.067459,332.664500,8021
1578.245157,110.874459,69.948084,8030
1578.258256,350.917292,309.963500,8022
1578.340242,97.914542,56.556208,8033
1578.352306,368.971459,327.805917,8025
1578.359329,116.079833,74.580625,8034
1578.400304,341.985000,300.647959,8028
1578.458330,118.047708,76.985416,8037
1578.467315,319.133792,278.273917,8031
1578.469307,116.963291,75.836542,8038
1578.513296,325.957917,284.422250,8032
1578.558131,312.959208,271.899542,8035
1578.587335,119.982334,78.786167,8042
1578.595162,136.796333,95.492541,8041
1578.624307,366.022417,319.737834,8036
1578.649119,90.966750,50.562458,8045
1578.679300,91.919625,50.711791,8046
1578.694238,334.891375,293.998250,8039
1578.742215,93.078709,52.156708,8049
1578.757332,356.977833,315.956958,8040
1578.765212,140.863334,99.467666,8048
1578.803182,333.830875,293.212500,8043
1578.828159,85.925583,45.119083,8052
1578.843152,85.778875,43.588708,8053
1578.889269,375.941125,330.731041,8044
1578.892199,88.998584,47.969833,8055
1578.921241,93.060042,51.809042,8056
1578.950324,354.993042,313.537583,8047
1578.983113,303.776084,262.893167,8050
1579.017292,127.984500,85.512292,8058
1579.023444,131.230167,90.282500,8059
1579.096248,401.987834,359.503959,8051
1579.137014,153.882458,112.565833,8062
1579.204396,187.062167,145.296375,8063
1579.219941,454.685584,411.354125,8054
1579.279329,183.041834,141.519291,8065
1579.317388,474.210917,433.405001,8057
1579.360512,156.079000,114.864750,8067
1579.431407,510.144542,468.818292,8060
1579.454771,175.406000,133.110250,8069
1579.538780,178.228750,135.331291,8071
1579.570138,619.782625,576.378834,8061
1579.594323,162.873084,121.074917,8072
1579.700316,676.848959,634.270292,8064
1579.713668,174.845125,130.442667,8074
1579.725530,155.366458,113.900209,8075
1579.804921,667.883417,626.493001,8066
1579.864278,163.919583,122.447500,8077
1579.873161,159.454750,118.234667,8078
1579.892210,672.226625,629.944876,8068
1579.898912,34.604792,33.755167,8081
1579.954139,636.713876,595.948500,8070
1579.963167,64.214791,62.818875,8084
1579.986302,113.117375,71.934917,8082
1580.031274,576.486167,535.167500,8073
1580.052349,98.180833,56.908250,8085
1580.061245,98.042292,56.552708,8086
1580.086300,491.945709,450.403626,8076
1580.141262,109.946083,69.108667,8088
1580.144280,418.705291,377.324208,8079
1580.167321,114.925708,74.117167,8089
1580.212301,407.341958,361.403000,8080
1580.243242,98.928084,58.020958,8093
1580.269302,127.997916,86.801166,8092
1580.273330,381.076791,337.871625,8083
1580.304246,91.910291,50.864042,8095
1580.332240,88.974376,48.113625,8096
1580.344139,357.797417,315.296042,8087
1580.379301,109.958625,68.237750,8097
1580.413294,108.950042,67.783625,8099
1580.420315,359.046042,317.987833,8090
1580.461127,81.786250,41.247500,8102
1580.469251,125.091458,84.085750,8101
1580.508309,421.969042,380.124500,8091
1580.573275,112.122792,70.825417,8105
1580.574245,104.974917,62.690833,8106
1580.576254,408.903542,367.891417,8094
1580.613149,339.777376,298.403000,8098
1580.676263,343.995167,301.689791,8100
1580.690294,116.018000,74.283708,8109
1580.693315,117.035042,75.612250,8110
1580.717207,303.877291,262.718750,8103
1580.772230,95.926250,54.759250,8112
1580.783210,362.861042,320.143542,8104
1580.793315,102.989541,61.795125,8113
1580.840313,331.962458,287.717791,8107
1580.867210,83.960625,43.182125,8117
1580.886219,113.970208,72.536042,8116
1580.909735,69.385458,68.051667,8119
1580.926242,352.933583,306.353541,8108
1580.981304,114.055083,73.269584,8120
1580.982099,368.930042,327.917042,8111
1580.990481,80.702708,79.150458,8122
1581.022226,328.866708,287.777000,8114
1581.060131,342.890917,300.855917,8115
1581.106239,124.896042,84.024792,8124
1581.121289,327.929292,286.526334,8118
1581.127145,136.628334,95.209334,8126
1581.201189,314.946042,273.814042,8121
1581.216149,109.897375,68.435792,8129
1581.231140,109.815125,69.043041,8130
1581.265294,339.027500,297.750834,8123
1581.311292,329.174417,286.444667,8125
1581.320168,103.999292,63.211458,8133
1581.321227,119.998666,78.668917,8132
1581.374364,352.094166,311.017583,8127
1581.410118,349.971417,307.643292,8128
1581.437148,125.817417,83.485792,8136
1581.441340,121.150458,79.723292,8137
1581.447316,320.144709,278.649875,8131
1581.505218,274.056416,233.313500,8134
1581.516261,106.121458,64.962334,8140
1581.539234,102.069917,61.327583,8141
1581.557225,291.892125,250.738541,8135
1581.595300,90.059666,48.439416,8144
1581.616289,100.007542,58.945833,8145
1581.647140,89.893708,49.009333,8147
1581.665211,343.939750,302.808625,8138
1581.701275,105.931292,64.936667,8148
1581.717203,100.883125,60.052708,8149
1581.737317,362.909751,321.818583,8139
1581.788294,123.042792,81.982250,8151
1581.798248,96.929875,56.175292,8152
1581.808374,366.990751,325.269875,8142
1581.859237,411.883209,360.452167,8143
1581.887328,89.058084,48.305833,8156
1581.896356,108.024291,67.035208,8155
1581.929329,390.069751,348.581334,8146
1581.972275,112.999250,72.167083,8158
1581.984313,337.149750,296.446501,8150
1582.002398,115.028083,73.774458,8159
1582.040300,323.065750,279.973167,8153
1582.079338,107.021834,65.075791,8162
1582.097337,359.980541,318.692500,8154
1582.129303,144.950458,103.693916,8163
1582.149191,340.777792,299.399625,8157
1582.162337,121.989291,80.261708,8165
1582.186181,88.811625,48.119750,8167
1582.224234,94.890541,53.383750,8168
1582.241328,344.948334,303.919000,8160
1582.276293,127.076834,85.500042,8169
1582.292324,106.111250,65.474500,8171
1582.297380,368.004584,326.989834,8161
1582.355277,352.836459,305.190958,8164
1582.355277,113.913041,73.178875,8173
1582.380327,103.993750,62.902291,8174
1582.421271,341.894875,300.433292,8166
1582.459250,103.956417,63.239167,8177
1582.477231,121.915792,80.996708,8178
1582.494313,331.929792,288.389500,8170
1582.517286,95.987208,55.201125,8180
1582.562148,337.892042,296.743708,8172
1582.576346,117.073541,75.995208,8181
1582.606302,313.937167,272.438542,8175
1582.607176,129.913291,88.404166,8182
1582.672134,374.714084,333.832917,8176
1582.680142,117.970416,76.845417,8185
1582.680220,103.849958,62.988333,8186
1582.747291,366.929792,325.558625,8179
1582.770212,98.051917,55.858541,8189
1582.803157,308.807625,267.766916,8183
1582.812367,132.202000,91.278250,8190
1582.835305,317.990167,277.291875,8184
1582.871409,124.071792,82.192250,8192
1582.904296,101.113833,59.301958,8194
1582.907353,301.010500,260.030167,8187
1582.942171,106.827584,65.829167,8196
1582.969312,97.864083,56.753666,8197
1582.982134,374.941292,333.700792,8188
1583.023263,118.924458,77.395209,8198
1583.043306,362.971291,321.843083,8191
1583.062305,120.092292,79.392250,8200
1583.108326,338.079583,296.424625,8193
1583.115366,133.200375,91.336292,8202
1583.128298,104.993292,63.991666,8203
1583.146246,333.856834,292.742333,8195
1583.206195,90.792626,49.868875,8207
1583.225242,317.852792,276.532958,8199
1583.236254,127.895250,86.903542,8206
1583.280279,310.927167,269.283876,8201
1583.313257,87.992334,46.589375,8211
1583.325245,119.019250,77.609583,8210
1583.350311,306.960209,265.565126,8204
1583.365139,84.823666,43.328834,8213
1583.428134,114.840834,73.369916,8214
1583.432326,107.037875,66.061916,8215
1583.435335,372.985376,331.961875,8205
1583.501198,372.866375,331.447958,8208
1583.516287,114.360750,73.061916,8217
1583.523283,95.117750,54.519500,8218
1583.559293,413.020709,371.693584,8209
1583.572945,70.100042,69.460125,8219
1583.589664,69.289209,68.586000,8220
1583.622204,385.924000,345.053917,8212
1583.649308,298.954250,258.075708,8216
1583.674187,36.040375,35.481833,8222
1583.691223,164.203084,123.592875,8221
1583.776928,35.983791,35.395208,8223
1583.791359,42.097708,41.475291,8224
1583.880823,43.444916,42.856917,8225
1583.914918,54.560041,53.939083,8226
1584.047578,75.205959,70.030042,8227
1584.150121,67.519375,65.548000,8228
1584.188615,68.983250,68.261959,8229
1584.273935,80.189666,78.352750,8230
1584.349308,97.260917,96.533792,8231
1584.415506,110.065666,109.368584,8232
1584.415882,96.092500,95.446458,8233
1584.504235,95.944041,93.431334,8234
1584.513430,97.568625,96.814667,8235
1584.611886,84.749583,84.084291,8236
1584.700971,62.748292,62.029917,8237
1584.767370,84.400167,83.840167,8238
1584.798861,45.962875,45.144750,8240
1584.817445,68.215292,67.618250,8239
1584.827618,57.030459,56.324334,8241
1584.928402,68.060416,67.471833,8242
1584.981210,36.593375,35.921083,8243
1585.015093,43.621375,43.038042,8244
1585.102543,46.416125,45.867791,8246
1585.112282,64.763709,64.310459,8245
1585.147984,65.405958,64.708875,8247
1585.230663,36.975458,36.470001,8248
1585.332966,28.171500,27.459542,8249
1585.442467,37.353750,36.740958,8250
1585.494485,78.550791,77.819000,8251
1585.498708,39.475041,38.997583,8252
1585.549978,46.830875,46.436250,8253
1585.584712,57.680292,57.114167,8254
1585.597254,43.384542,42.954916,8255
1585.716756,78.645584,78.072458,8256
1585.780879,31.633584,31.151167,8258
1585.791374,73.023416,72.502792,8257
1585.842790,43.791417,43.223541,8261
1585.849613,82.526209,81.869084,8259
1585.872574,85.862875,85.215375,8260
1585.906166,45.804792,45.224958,8262
1585.928489,62.657875,61.903042,8263
1586.011071,39.608041,38.962000,8264
1586.073074,26.974208,26.665042,8265
1586.127991,45.414542,44.758583,8266
1586.215705,80.185291,79.520000,8267
1586.234720,41.073375,40.741166,8268
1586.356183,44.930958,44.233292,8270
1586.369102,64.306667,63.728583,8269
1586.386147,49.497583,48.998250,8271
1586.431765,36.785584,36.285083,8272
1586.474160,58.223084,57.558375,8273
1586.534730,74.173459,73.526833,8274
1586.557247,30.227750,29.676500,8275
1586.708798,70.602875,70.093333,8276
1586.800816,51.550625,50.935791,8277
1586.858928,59.490958,58.678667,8278
1586.904971,44.629958,44.076667,8279
1586.944229,51.809625,51.249042,8280
1586.972094,45.157875,44.427833,8281
1587.013124,41.594291,40.918791,8282
1587.045336,47.558875,46.992458,8283
1587.109743,27.157083,26.870083,8284
1587.231627,37.928917,37.255459,8285
1587.313927,40.273917,39.632542,8287
1587.325909,60.543001,60.024417,8286
1587.358785,53.981084,53.330376,8288
1587.421100,60.000500,59.276291,8289
1587.451072,35.132416,34.507375,8290
1587.488325,63.059208,62.343750,8291
1587.494270,50.774208,50.221208,8292
1587.577692,50.696041,50.157333,8293
1587.610721,51.322833,50.857042,8295
1587.623335,68.844125,68.231625,8294
1587.690623,52.486875,51.888958,8296
1587.825060,75.812625,75.357333,8297
1587.844635,39.555541,39.074291,8298
1587.901805,41.444667,40.991708,8299
1588.029422,57.978959,57.560417,8300
1588.068130,57.533583,57.105126,8301
1588.137201,54.588625,53.900000,8302
1588.178810,43.213625,42.688917,8303
1588.230602,36.892333,36.149458,8304
1588.293943,32.648875,32.193000,8305
1588.382622,77.822208,77.349709,8306
1588.392821,57.425667,56.800625,8308
1588.400542,67.444416,67.059708,8307
1588.461879,45.945667,45.452458,8309
1588.563154,60.123584,59.493292,8310
1588.576127,49.082250,48.524000,8311
1588.656830,42.940916,42.282625,8312
1588.703056,64.913334,64.271958,8313
1588.729050,39.063501,38.577584,8315
1588.754945,66.491834,65.958083,8314
1588.795198,95.592292,94.976875,8316
1588.812738,63.494958,62.876333,8317
1588.897853,37.481791,36.935208,8319
1588.898316,64.620209,64.198750,8318
1588.929343,58.960417,58.439209,8320
1588.947658,69.591958,68.837125,8321
1589.047027,75.487417,74.079542,8322
1589.153164,70.576042,69.606542,8323
1589.292759,98.973292,98.300125,8324
1589.297614,86.198000,85.640916,8325
1589.385071,80.200750,79.380875,8326
1589.513601,97.268208,96.577542,8328
1589.514697,107.459042,106.758750,8327
1589.604706,118.783292,118.348708,8329
1589.653440,126.437209,125.727000,8330
1589.681028,129.601208,128.841708,8331
1589.741685,180.492959,179.664625,8332
1589.746398,126.021292,125.413166,8333
1589.771023,56.657417,56.034708,8335
1589.808750,169.260000,168.581292,8334
1589.830656,81.421959,80.863417,8337
1589.840374,60.774292,60.157125,8338
1589.863442,139.457500,138.776167,8336
1589.893049,32.742500,32.245209,8340
1589.923092,135.648334,134.948917,8339
1589.948683,46.892125,46.406500,8341
1589.963696,34.652917,34.010375,8342
1590.002966,31.534416,30.893041,8344
1590.012564,59.885292,59.318291,8343
1590.133158,50.574709,49.945875,8345
1590.239323,45.629792,45.116167,8346
1590.293306,41.155625,40.707916,8347
1590.342291,62.091750,61.209166,8348
1590.361257,56.473375,55.866125,8349
1590.384692,71.512583,71.024917,8350
1590.458777,42.860709,42.354375,8351
1590.550580,39.092375,38.574084,8352
1590.576454,49.403083,48.713875,8353
1590.680643,42.507208,42.009625,8355
1590.684134,51.844917,51.380000,8354
1590.768686,45.967541,45.504083,8357
1590.789361,40.118750,39.622334,8358
1590.791133,72.710750,72.137041,8356
1590.832986,63.944126,63.364584,8359
1590.901923,41.566000,40.906833,8360
1591.007754,36.315417,35.641083,8361
1591.095705,52.439333,51.758000,8362
1591.122690,40.164542,39.494292,8364
1591.133790,60.636041,60.137000,8363
1591.179618,27.265583,26.807958,8365
1591.241671,48.009208,47.322333,8366
1591.264824,37.382334,36.815041,8367
1591.305648,33.485375,32.893000,8368
1591.348635,43.836917,43.298208,8369
1591.409060,42.360791,41.840459,8370
1591.429344,44.325750,43.679416,8371
1591.458322,42.378583,41.869333,8372
1591.502452,44.188958,43.761375,8373
1591.566507,39.483500,39.130875,8374
1591.675243,37.087750,36.615542,8375
1591.724890,67.860625,67.455208,8376
1591.745530,46.419333,46.033459,8377
1591.822645,73.410459,72.809042,8378
1591.862504,35.418542,34.848625,8379
1591.900995,40.635875,40.078792,8380
1591.989454,42.831542,42.119291,8381
1592.021658,50.181833,49.632333,8382
1592.124036,41.484042,40.967792,8383
1592.136879,49.964250,49.443625,8384
1592.193357,46.820375,46.123291,8385
1592.268182,74.491959,73.736250,8386
1592.312578,39.603958,39.277000,8387
1592.374677,69.854459,69.176625,8388
1592.384871,55.899375,55.348125,8389
1592.422368,83.286875,82.706459,8390
1592.443352,98.418542,97.832000,8391
1592.463467,47.580458,46.754750,8392
1592.573338,46.316667,45.755792,8393
1592.607946,39.590542,38.934584,8395
1592.625394,70.307125,69.689375,8394
1592.655906,46.502459,46.026750,8396
1592.687837,49.726542,49.329000,8397
1592.731358,42.114625,41.504166,8398
1592.772499,64.022583,63.285542,8399
1592.786724,37.487042,37.104958,8400
1592.913535,53.175792,52.663334,8401
1592.963319,49.364000,48.803708,8402
1593.004263,39.274958,38.770083,8403
1593.016438,44.953416,44.394000,8404
1593.122882,40.279458,39.608917,8405
1593.231308,37.631125,37.270041,8406
1593.277220,67.623791,66.974250,8407
1593.334527,29.725500,29.092875,8408
1593.362083,55.579125,54.853458,8409
1593.387372,48.272291,47.734458,8410
1593.449874,33.990833,33.264584,8411
1593.546240,33.378042,32.867333,8412
1593.594546,67.437125,66.848834,8413
1593.602748,40.310375,39.738417,8414
1593.633841,39.414667,38.915042,8416
1593.675812,37.717750,37.234750,8417
1593.684795,92.027250,91.487375,8415
1593.790691,41.468584,40.952333,8418
1593.914341,53.970583,53.391917,8419
1593.915257,33.469916,32.723542,8420
1593.989608,46.442375,46.020917,8421
1594.096171,124.678167,123.960959,8422
1594.108490,111.488125,110.509000,8423
1594.152447,137.003417,135.062958,8424
1594.189859,107.324584,106.642666,8425
1594.251107,57.326792,56.767375,8426
1594.370675,93.128292,92.465917,8427
1594.386380,81.553791,80.974250,8428
1594.504160,87.323542,86.617416,8429
1594.526597,82.510458,81.902917,8430
1594.618393,91.300708,90.745083,8431
1594.648181,91.656834,90.820333,8432
1594.702721,64.450459,63.757458,8433
1594.776397,27.144250,26.611083,8434
1594.899591,39.232083,38.710583,8435
1595.013218,41.756751,41.113042,8436
1595.064209,37.074625,36.543792,8437
1595.117854,35.241208,34.702500,8439
1595.125153,49.165959,48.479958,8438
1595.252672,59.010584,58.401000,8440
1595.304931,39.794416,39.294792,8441
1595.333850,29.068667,28.570791,8442
1595.458860,42.919917,42.387042,8443
1595.475618,51.496083,50.794042,8444
1595.572938,45.872166,45.500583,8445
1595.700633,62.475875,61.966042,8446
1595.801824,52.556292,52.002125,8447
1595.897147,36.792583,36.334375,8448
1595.963534,40.680792,40.187584,8449
1596.019294,47.831291,47.441334,8450
1596.132368,49.791584,49.147291,8451
1596.140249,33.402833,32.896209,8452
1596.234262,40.623625,40.336625,8453
1596.368023,63.252875,62.754708,8454
1596.490274,74.357500,73.831042,8455
1596.543650,45.121708,44.627042,8456
1596.578952,51.893625,51.220167,8457
1596.668680,30.538666,30.114583,8458
1596.791790,42.538125,42.026834,8459
1596.874170,45.194042,44.482959,8460
1596.929479,69.117709,68.666209,8461
1596.941150,47.331667,46.634583,8462
1597.016989,41.516417,40.869500,8464
1597.038931,67.475625,66.885875,8463
1597.102629,60.921000,60.552625,8465
1597.141425,58.825958,58.143458,8466
1597.240849,49.921959,49.424667,8467
1597.250369,56.665583,56.103250,8468
1597.293452,72.174084,71.598625,8469
1597.359765,54.971000,54.385916,8470
1597.409390,52.759000,52.219125,8471
1597.457415,41.501833,41.006583,8472
1597.517265,36.366167,35.637875,8473
1597.569960,42.963375,42.231000,8474
1597.675318,37.183708,36.481958,8475
1597.742236,55.080083,54.534375,8476
1597.747236,40.542542,40.086958,8477
1597.810547,61.272750,60.669875,8478
1597.858071,46.120375,45.558333,8479
1597.886918,44.362208,43.957959,8480
1597.899972,39.629917,39.075750,8481
1597.958104,41.797000,41.330917,8482
1597.985516,54.418875,53.937625,8483
1598.028301,56.847875,56.209417,8484
1598.130768,69.094375,68.644625,8485
1598.147988,65.423167,64.939583,8486
1598.161731,52.504958,51.796500,8487
1598.249370,55.677125,55.252750,8488
1598.270803,50.714125,49.966000,8489
1598.335704,62.759375,61.957292,8490
1598.361032,52.168375,51.356667,8492
1598.362526,57.748542,57.302584,8491
1598.467278,51.372709,50.956792,8493
1598.482411,55.198500,54.571125,8494
1598.510791,59.742375,59.036250,8495
1598.562901,35.870625,35.372750,8496
1598.662815,24.705917,24.413083,8497
1598.818512,69.266458,68.650166,8498
1598.900175,39.823292,39.349042,8499
1599.023617,89.271291,88.560208,8500
1599.067972,95.431584,94.950917,8501
1599.149857,114.995125,114.332750,8502
1599.178123,105.917583,104.046250,8503
1599.191914,109.348458,108.592458,8504
1599.270380,75.602334,74.739584,8505
1599.390468,85.533000,84.487083,8506
1599.427928,95.509166,94.700084,8507
1599.503349,87.364084,86.434834,8508
1599.556951,82.658625,81.968542,8509
1599.606790,78.382208,77.829500,8510
1599.705650,67.419334,66.653416,8511
1599.796420,67.377333,66.973958,8512
1599.802959,58.895959,58.405667,8513
1599.820603,71.361500,70.743458,8514
1599.900654,40.278292,39.751542,8515
1599.918537,38.706500,38.055501,8516
1599.947805,43.703334,43.034833,8517
1599.999406,27.959750,27.428334,8518
1600.109683,27.109542,26.812916,8519
1600.137900,28.089250,27.456333,8520
1600.180246,37.242917,36.558083,8521
1600.223489,45.861084,45.241583,8522
1600.261850,68.181458,67.586458,8523
1600.349380,44.593791,44.081041,8524
1600.390976,61.192542,60.579166,8525
1600.468339,52.427959,51.931542,8526
1600.524549,48.095834,47.532625,8527
1600.563424,36.405833,36.104833,8528
1600.611948,34.319542,33.782000,8529
1600.643122,54.850251,54.062458,8530
1600.686409,48.286291,47.724250,8531
1600.792206,42.941208,42.237417,8532
1600.907670,47.309500,46.641584,8533
1600.921910,38.767750,38.143875,8534
1601.017871,46.419042,45.900167,8535
1601.067641,33.068000,32.429834,8537
1601.093316,79.736416,79.123917,8536
1601.119545,37.024458,36.551667,8538
1601.243452,49.781084,49.350000,8539
1601.273365,48.236125,47.645500,8540
1601.337476,32.675709,32.199417,8541
1601.446206,30.322250,29.933750,8542
1601.551926,24.889959,24.534708,8543
1601.679178,41.004542,40.516292,8544
1601.766541,73.384792,72.962458,8545
1601.788971,39.731125,39.256000,8546
1601.892951,79.552667,78.846250,8547
1601.903701,60.366542,59.964625,8548
1601.913636,53.314041,52.554250,8549
1601.943177,41.459250,40.963417,8550
1602.013900,42.433417,41.921251,8551
1602.029982,36.585792,35.970083,8552
1602.120133,37.558209,36.908375,8553
1602.225042,55.393334,54.951167,8554
1602.251824,58.157167,57.511125,8555
1602.344757,39.942583,39.230917,8556
1602.436584,56.461709,55.873416,8557
1602.451612,35.687750,35.199208,8558
1602.522951,53.431875,52.766292,8559
1602.580279,53.241417,52.532667,8560
1602.679196,44.678375,44.245541,8561
1602.696053,57.913042,57.263501,8562
1602.800954,51.684791,51.016292,8563
1602.914558,54.183792,53.505375,8564
1603.027259,45.398792,44.902959,8566
1603.027593,56.104709,55.516417,8565
1603.078250,71.098416,70.582458,8567
1603.085831,36.383959,35.665000,8568
1603.143441,60.868792,59.285334,8569
1603.147090,56.576334,55.714750,8570
1603.156675,57.207792,56.497000,8571
1603.212113,37.889541,37.322541,8572
1603.264505,38.311583,37.828000,8574
1603.268805,75.083750,74.384333,8573
1603.324870,66.175666,65.747791,8575
1603.360385,55.881583,55.314292,8576
1603.362263,57.509375,57.078000,8577
1603.416310,107.733209,106.974876,8578
1603.457330,45.044416,44.354917,8579
1603.479209,63.253750,62.619375,8580
1603.591156,64.153542,63.537541,8581
1603.691387,38.532958,38.009417,8583
1603.705674,67.561375,67.068750,8582
1603.758962,53.495750,52.818209,8584
1603.824539,75.298416,74.509750,8585
1603.901693,41.333542,40.821375,8586
1604.034767,75.031542,74.660834,8587
1604.062946,90.391875,89.976250,8588
1604.155568,72.925417,72.264500,8589
1604.232372,102.609208,102.129417,8590
1604.272687,95.543000,94.750250,8591
1604.304241,109.829125,108.063083,8592
1604.374371,103.445125,102.378500,8593
1604.397989,93.075792,92.626333,8594
1604.449118,100.009292,98.226917,8595
1604.531599,111.556083,109.484375,8597
1604.546997,130.955416,130.123000,8596
1604.609544,114.604583,113.532417,8598
1604.630218,103.248834,102.579458,8599
1604.713901,75.716375,74.595500,8600
1604.791596,42.322292,41.558709,8601
1604.914243,53.903791,53.468917,8604
1604.930066,70.241792,69.741875,8602
1604.940594,80.509334,80.098958,8603
1604.979760,62.876042,60.404750,8606
1604.987505,116.787709,116.078375,8605
1605.058017,86.549750,85.892042,8607
1605.128171,45.615500,44.975583,8608
1605.242985,49.300125,48.618792,8609
1605.341621,36.815917,36.395625,8610
1605.361583,56.758334,56.132708,8611
1605.425619,30.555000,30.072000,8612
1605.458349,42.413875,41.769583,8613
1605.574354,47.282667,46.566625,8614
1605.676483,38.328500,37.603125,8616
1605.695322,60.363334,59.985334,8615
1605.734174,59.558625,59.061917,8617
1605.747289,72.402458,71.929375,8618
1605.783087,70.409792,69.921542,8619
1605.802489,69.761417,69.251291,8620
1605.823095,73.859333,73.276583,8621
1605.844265,93.121584,92.360042,8622
1605.871963,38.348042,37.895083,8623
1605.913370,53.033458,52.553375,8624
1605.967831,56.199208,55.561625,8625
1606.027069,55.563958,54.998416,8626
1606.124244,41.663417,41.187709,8627
1606.235261,41.570375,41.182458,8628
1606.345702,40.911791,40.325250,8629
1606.398706,64.917708,64.275458,8630
1606.424175,53.916917,53.182208,8631
1606.448132,32.230917,31.581667,8632
1606.510548,77.401625,76.808084,8633
1606.597966,70.933625,70.494667,8634
1606.601279,36.462708,35.834750,8635
1606.696862,58.727667,58.082208,8636
1606.733398,42.799458,42.256667,8637
1606.783961,65.032042,64.337875,8638
1606.789767,40.531750,39.989833,8639
1606.858905,42.346500,41.709500,8640
1606.897441,37.076667,36.453376,8641
1606.920686,56.420875,55.693750,8642
1607.018166,46.702833,45.960833,8644
1607.019799,59.843000,59.221167,8643
1607.120977,38.430000,38.122000,8645
1607.204394,35.695042,35.235959,8647
1607.229350,74.550000,73.935750,8646
1607.239844,46.146917,45.484833,8648
1607.264860,31.526542,30.872041,8649
1607.316975,72.546541,71.693416,8650
1607.360063,55.267042,54.656000,8651
1607.394618,46.234416,45.563292,8653
1607.400356,57.938708,57.325917,8652
1607.471128,58.609541,58.135875,8654
1607.503309,85.859667,85.081208,8656
1607.503514,87.575833,86.965375,8655
1607.506501,70.397250,69.440000,8657
1607.565383,38.356208,37.940875,8658
1607.615409,40.606417,40.042625,8659
1607.685278,57.848000,57.431791,8660
1607.698431,52.497083,52.009709,8662
1607.704737,66.566500,65.987250,8661
1607.776876,27.610042,27.150958,8663
1607.824212,29.861708,29.378708,8664
1607.915419,55.072500,54.370459,8665
1608.009541,38.061333,37.462541,8666
1608.129507,46.908166,46.379083,8667
1608.208292,55.102833,54.514542,8668
1608.254690,60.986917,60.339708,8669
1608.264674,68.850833,67.748042,8670
1608.304328,83.904626,83.108959,8671
1608.357225,52.391500,51.910250,8672
1608.450870,34.957125,34.365625,8674
1608.474475,60.776917,60.318417,8673
1608.562380,35.320833,34.873417,8675
1608.668206,30.093000,29.526875,8676
1608.708375,36.601542,36.146834,8677
1608.786323,37.080459,36.605042,8678
1608.840986,43.422459,42.927208,8679
1608.897067,36.701000,36.212167,8680
1609.049405,77.934792,76.530125,8681
1609.165089,82.485375,81.933542,8682
1609.206793,84.501083,84.076416,8683
1609.271282,89.348000,88.472417,8684
1609.300106,105.441875,104.722625,8685
1609.375141,171.611125,169.670958,8686
1609.393641,88.853334,88.328042,8687
1609.518844,102.863250,101.194334,8688
1609.565495,126.686000,126.211458,8689
1609.583952,143.067167,141.670667,8690
1609.634378,107.192167,106.273416,8691
1609.682675,110.207708,109.157417,8693
1609.748368,207.157125,206.400542,8692
1609.753141,115.021376,113.742126,8694
1609.784859,45.818500,45.277750,8695
1609.809329,59.429125,58.743125,8696
1609.878634,47.380083,46.948708,8697
1609.897552,37.194209,36.733083,8698
1610.026436,54.993458,54.469917,8699
1610.153555,70.968042,70.513333,8700
1610.181444,44.229500,43.694583,8701
1610.238379,32.718584,32.246084,8703
1610.260945,67.260958,66.816459,8702
1610.357375,52.546958,52.007083,8704
1610.483816,67.877833,67.312583,8705
1610.492515,45.336084,44.803500,8706
1610.588866,69.930584,69.445834,8707
1610.593585,62.025250,61.490042,8709
1610.598192,71.151500,70.513625,8708
1610.669512,44.519708,43.919750,8710
1610.683255,45.118792,44.634917,8711
1610.784321,35.076125,34.619667,8712
1610.821824,30.484708,29.953292,8713
1610.866534,71.491292,70.992542,8714
1610.873233,48.553750,48.052958,8715
1610.925439,68.995500,68.505792,8716
1610.928164,67.769917,67.119791,8717
1611.025982,73.325000,72.907334,8718
1611.033158,61.701209,61.169792,8719
1611.050584,72.099708,71.456000,8720
1611.118778,36.218000,35.751333,8721
1611.159873,63.386458,62.847750,8722
1611.230902,37.203250,36.705375,8723
1611.350135,45.324417,44.843458,8724
1611.385220,58.795042,58.160375,8725
1611.392980,32.137583,31.579334,8726
1611.457386,41.458083,40.778500,8727
1611.500048,46.619125,46.031125,8728
1611.546594,44.977625,44.288708,8729
1611.560948,33.905084,33.498500,8730
1611.624312,40.999875,40.652791,8731
1611.657712,58.028833,57.411375,8732
1611.679120,40.999875,40.390584,8733
1611.797031,47.730084,47.300459,8734
1611.838558,63.326375,62.636875,8735
1611.889168,28.839709,28.179667,8736
1611.996306,24.841833,24.388875,8737
1612.111301,28.697959,27.915417,8738
1612.230167,36.450458,35.749000,8739
1612.314824,43.789958,43.263208,8740
1612.350553,45.739750,45.153208,8742
1612.352814,64.472625,63.858667,8741
1612.452441,36.531250,36.028708,8743
1612.537057,35.765625,35.070875,8744
1612.580746,37.639000,37.163875,8746
1612.586382,59.341333,58.648625,8745
1612.629854,27.112166,26.653667,8747
1612.681046,42.930416,42.547166,8748
1612.710609,57.518708,56.833000,8749
1612.795263,46.018000,45.547833,8750
1612.891223,30.867084,30.143750,8751
1613.011534,40.069750,39.392500,8752
1613.123431,40.837416,40.074125,8754
1613.130149,57.251541,56.543667,8753
1613.240972,47.306875,46.790333,8755
1613.358188,53.391625,52.698625,8756
1613.469307,53.370041,52.619875,8757
1613.580563,53.520542,52.808875,8758
1613.664494,43.956500,43.549917,8759
1613.708669,70.538416,69.800791,8760
1613.780578,31.350084,30.845792,8762
1613.821352,79.554125,78.907208,8761
1613.900260,39.921876,39.376750,8763
1614.051953,80.477542,78.658709,8764
1614.135260,88.423125,87.387125,8765
1614.183515,100.909667,100.215500,8766
1614.264609,134.607959,133.670542,8767
1614.278626,117.178250,116.745708,8768
1614.311145,117.483625,116.856250,8769
1614.375300,70.147000,68.793083,8770
1614.493432,77.490875,76.874292,8771
1614.606410,99.960875,99.477876,8773
1614.612152,115.220000,114.382042,8772
1614.663848,136.875375,135.039042,8774
1614.715902,177.698500,176.789375,8775
1614.735100,94.686958,94.170417,8777
1614.772384,171.847959,171.252959,8776
1614.786430,37.150458,36.623708,8779
1614.848472,208.056333,207.378500,8778
1614.896740,36.356833,35.911458,8780
1614.932518,35.813167,35.434000,8781
1614.967252,69.284833,68.728625,8782
1615.007588,36.109792,35.609875,8783
1615.134686,52.105666,51.484125,8784
1615.221394,46.543000,45.850875,8785
1615.241334,47.636458,47.122541,8786
1615.363757,58.988417,58.314958,8787
1615.366403,42.032083,41.667792,8788
1615.427210,42.511875,41.862042,8789
1615.464536,48.678875,48.083875,8790
1615.491441,56.244417,55.570959,8792
1615.494532,66.796916,66.272500,8791
1615.555463,28.411833,27.781833,8793
1615.591618,28.184625,27.510291,8794
1615.646090,28.407167,27.766084,8795
1615.718525,80.388875,79.622083,8796
1615.777629,28.361958,27.691416,8797
1615.837278,37.474792,36.730458,8798
1615.888226,27.899375,27.294750,8799
1615.941254,40.527375,39.989542,8800
1615.981656,62.093500,61.537000,8801
1616.039671,68.197209,67.595792,8803
1616.042581,80.705334,80.014083,8802
1616.046453,62.752958,62.211625,8804
1616.081049,37.319333,36.820291,8805
1616.120735,38.133083,37.536042,8806
1616.205208,49.130667,48.150083,8807
1616.235212,61.468750,60.583542,8808
1616.236871,43.190584,42.777000,8809
1616.347109,42.309166,41.776291,8810
1616.375270,27.127625,26.678458,8811
1616.486276,70.360208,69.777458,8812
1616.488544,62.707458,62.149500,8813
1616.499579,72.928042,72.161250,8814
1616.533962,56.861000,56.058334,8815
1616.556454,29.413417,28.885500,8816
1616.675591,37.452042,36.920334,8817
1616.797187,54.215584,53.691166,8818
1616.808403,59.480458,58.806417,8819
1616.822764,73.526250,72.914625,8820
1616.901804,41.444083,40.925500,8821
1616.975916,30.437750,29.957083,8822
1617.011955,40.488000,40.035625,8823
1617.135828,53.254834,52.573208,8824
1617.221693,44.058875,43.543208,8825
1617.254889,61.187292,60.550584,8826
1617.359546,48.219791,47.516000,8828
1617.366288,61.495875,60.932083,8827
1617.389097,65.830625,65.188375,8829
1617.455726,54.428500,53.993333,8831
1617.459101,61.154625,60.472708,8830
1617.485638,69.722333,69.016500,8832
1617.511761,56.301291,55.632208,8833
1617.552729,47.649292,46.922750,8834
1617.581407,54.344500,53.567209,8835
1617.587984,40.236583,39.660833,8836
1617.645201,46.652083,46.267375,8837
1617.701295,63.142333,62.490458,8838
1617.784809,35.556500,35.048417,8839
1617.875628,49.880541,49.361959,8840
1617.915762,60.548542,60.081583,8842
1617.930856,70.469292,69.565416,8843
1617.943953,94.250042,93.593500,8841
1617.966772,47.629458,47.055458,8844
1618.027640,56.173833,55.565708,8846
1618.031417,61.615750,60.804917,8845
1618.050680,58.161250,57.614375,8847
1618.088359,80.497375,79.742250,8848
1618.144595,40.436084,39.958917,8850
1618.151805,69.216583,68.688375,8849
1618.178873,58.035542,57.349250,8851
1618.225529,70.204167,69.607417,8852
1618.239434,63.108792,62.521958,8853
1618.265170,71.507334,70.642541,8854
1618.329649,24.879167,24.425333,8855
1618.399451,52.868667,52.286209,8856
1618.411829,58.519417,57.962916,8857
1618.452867,36.999083,36.456583,8860
1618.456598,83.811875,82.979167,8858
1618.492693,97.484333,96.769459,8859
1618.556745,29.731917,29.351000,8862
1618.574658,129.162833,128.596125,8861
1618.687390,49.264542,48.609458,8863
1618.775472,59.783209,58.903251,8864
1618.830996,78.853542,78.231126,8866
1618.838234,85.003626,84.312083,8867
1618.843596,94.336958,93.704625,8865
1618.880462,101.835709,100.982292,8868
1618.938512,57.917708,57.370250,8871
1618.939353,78.981875,78.546125,8870
1618.964606,139.288042,138.802125,8869
1619.110110,219.382041,218.071292,8872
1619.114918,133.118125,132.121791,8875
1619.120142,148.652292,147.275333,8874
1619.178364,256.743667,256.156250,8873
1619.261900,208.043500,207.389875,8876
1619.288239,94.341042,92.579083,8879
1619.376293,293.514375,286.959458,8877
1619.443512,138.697417,138.096292,8880
1619.449250,116.186000,114.952250,8881
1619.499219,403.886876,403.192709,8878
1619.605834,121.917542,120.869583,8883
1619.606218,190.360042,189.847875,8882
1619.648992,121.520292,119.659167,8884
1619.710970,180.898083,178.551625,8885
1619.731475,93.318166,92.490709,8888
1619.805288,256.769041,255.966959,8886
1619.847261,96.808250,96.163375,8889
1619.861029,307.127042,306.612833,8887
1619.880194,102.991583,102.221583,8890
1619.924975,64.589584,63.801500,8891
1619.930224,57.695459,57.012375,8892
1619.954538,56.445375,56.005250,8893
1620.017839,46.377625,45.697166,8894
1620.131069,48.462750,47.761584,8895
1620.157757,71.775958,71.066625,8897
1620.165749,79.806125,79.185750,8896
1620.181582,77.996625,77.196584,8898
1620.243029,66.522167,65.716584,8899
1620.261756,84.440416,83.052375,8900
1620.263849,70.189875,69.483166,8901
1620.315803,113.456875,107.350542,8902
1620.349461,44.649209,44.047500,8905
1620.363719,85.267292,84.556500,8903
1620.375376,76.346666,75.579875,8904
1620.476117,60.207875,59.622792,8906
1620.497523,79.407125,78.579083,8907
1620.498220,71.238125,70.669083,8908
1620.536607,93.203542,92.503250,8909
1620.589736,53.617375,52.838625,8912
1620.597332,70.269208,69.673625,8911
1620.611326,148.719083,148.042708,8910
1620.679458,41.300000,40.821958,8913
1620.702644,43.483416,42.879083,8914
1620.755457,69.087666,68.612833,8915
1620.812134,62.898792,62.418708,8916
1620.815766,65.227750,64.280125,8917
1620.821960,67.417583,66.346584,8918
1620.857765,99.935792,98.987292,8919
1620.902763,42.406000,41.505626,8923
1620.935775,77.254917,76.510583,8922
1620.943069,172.500125,171.606167,8920
1620.968196,59.887625,59.229333,8927
1621.005885,208.271875,207.759709,8921
1621.055300,83.850958,42.686875,8929
1621.067552,201.701208,199.971917,8924
1621.074877,72.979959,72.421708,8930
1621.098961,60.504500,59.844750,8931
1621.131350,246.299375,245.132708,8925
1621.173070,64.606792,64.165792,8934
1621.201226,118.667792,77.226333,8933
1621.203227,310.439500,309.821750,8926
1621.241382,57.056125,56.414167,8937
1621.289153,95.490792,54.351792,8938
1621.299288,367.216500,326.254541,8928
1621.324298,283.967833,241.287375,8932
1621.341950,196.967750,196.185208,8935
1621.382855,82.614000,82.069166,8941
1621.395441,243.878250,243.135667,8936
1621.406305,101.490375,60.064667,8942
1621.412587,37.770833,37.067917,8944
1621.468977,53.061458,52.476083,8945
1621.482311,281.062542,239.828750,8939
1621.533373,74.979041,74.340583,8946
1621.544281,333.096458,291.753875,8940
1621.559105,211.739209,210.873250,8943
1621.590277,44.329833,43.570042,8948
1621.594297,67.243167,66.497667,8947
1621.628190,77.489709,76.552292,8949
1621.691499,131.990542,131.373084,8950
1621.706367,68.210625,67.582375,8952
1621.707452,102.078958,101.506708,8951
1621.745045,85.204583,84.299250,8953
1621.774186,57.241333,56.787792,8954
1621.820726,74.351084,71.704792,8955
1621.839650,64.274000,63.670250,8957
1621.844188,94.993500,94.101291,8956
1621.886048,88.472417,87.825208,8958
1621.905379,45.021667,44.427833,8959
1621.928873,54.502292,53.706334,8960
1621.982696,46.730542,46.025875,8961
1622.036108,64.679417,64.106584,8963
1622.044158,73.887042,73.237208,8962
1622.051778,54.270416,53.587042,8964
1622.093772,40.228416,39.715958,8966
1622.122072,90.125875,89.603792,8965
1622.130701,48.125292,47.384750,8967
1622.172236,88.775166,88.062334,8968
1622.181754,49.457042,48.855042,8969
1622.215975,74.576250,73.769500,8970
1622.248847,45.399083,44.958958,8972
1622.256433,62.730500,61.962250,8971
1622.332130,35.481250,35.073500,8973
1622.377157,72.306500,71.648208,8974
1622.418240,75.044958,74.455792,8976
1622.419232,78.730166,78.335250,8975
1622.449149,70.144666,69.461292,8978
1622.461531,98.374791,97.572417,8977
1622.497326,112.466375,111.799917,8979
1622.552023,153.887708,152.228709,8980
1622.589204,173.317959,172.501583,8981
1622.620963,88.220125,87.607042,8983
1622.638638,111.561042,110.981500,8982
1622.648273,90.963833,90.275500,8984
1622.677744,39.627875,38.863417,8989
1622.696939,136.143583,135.554708,8985
1622.750451,41.303208,40.750791,8990
1622.759940,197.183875,196.691542,8986
1622.785344,58.628500,57.861417,8991
1622.840997,262.144458,261.320792,8987
1622.853507,54.264875,53.770500,8993
1622.887145,271.004125,269.703000,8988
1622.909825,49.483875,48.894708,8994
1622.940176,190.927916,190.266708,8992
1623.030127,35.043750,34.595750,8996
1623.030182,58.683334,57.954167,8995
1623.099534,45.217667,44.607208,8997
1623.116073,33.505792,32.788292,8998
1623.203298,76.343167,75.673500,8999
1623.215852,61.326125,60.773709,9000
1623.222482,62.858833,62.419000,9001
1623.257401,63.685709,62.819750,9002
1623.329991,42.912042,42.399875,9003
1623.353119,48.335000,47.651042,9004
1623.384408,57.762250,57.028708,9005
1623.389826,35.590625,35.012542,9006
1623.453287,37.401000,36.818541,9007
1623.539444,49.318209,48.846584,9008
1623.552837,61.122542,60.179292,9009
1623.563879,65.027667,64.476125,9010
1623.611226,112.336583,111.809542,9011
1623.647192,138.121958,134.235791,9012
1623.674434,67.934126,67.462501,9014
1623.693741,166.740292,166.055167,9013
1623.700965,62.827042,62.089125,9015
1623.785547,36.299375,35.837083,9016
1623.902409,45.237792,44.398959,9018
1623.924797,70.801500,70.205334,9017
1623.929624,69.239042,68.542250,9019
1623.953853,47.967208,47.296667,9021
1623.999984,103.564416,102.710709,9020
1624.113228,150.606750,149.908208,9023
1624.113492,151.779250,151.238500,9022
1624.117050,150.721083,149.699666,9024
1624.241855,270.288375,269.290000,9025
1624.293455,180.212375,139.332375,9030
1624.318329,177.660000,135.163000,9031
1624.333091,351.164333,350.315292,9026
1624.454366,160.885667,119.656834,9034
1624.454833,464.891001,464.299500,9027
1624.483468,165.094126,120.824667,9035
1624.581728,567.686000,566.949833,9028
1624.634327,179.468625,138.650750,9038
1624.646157,191.758583,150.149417,9037
1624.672311,627.063792,624.221792,9029
1624.785887,608.704251,607.215584,9032
1624.793456,158.963875,117.251458,9041
1624.806364,160.181292,119.277083,9042
1624.916330,674.438333,633.514583,9033
1624.919160,133.238292,90.373792,9044
1624.919220,125.744791,83.314875,9045
1624.957296,624.175709,582.418667,9036
1625.012202,528.695417,487.287500,9039
1625.025217,108.841833,67.293625,9047
1625.045217,125.983666,84.652458,9049
1625.055293,473.546208,431.497208,9040
1625.101309,89.065375,48.238167,9051
1625.119296,94.036251,52.667417,9052
1625.123253,450.907917,408.946709,9043
1625.193274,386.869000,345.602250,9046
1625.199318,97.969667,56.290792,9055
1625.223251,103.915000,62.990958,9056
1625.253329,334.142667,292.390583,9048
1625.302230,108.922333,68.105042,9058
1625.317204,359.864167,318.560958,9050
1625.322439,123.069334,81.763792,9059
1625.385223,339.974542,298.628167,9053
1625.400315,98.059500,56.808208,9062
1625.415226,97.987750,57.105709,9063
1625.464289,408.956334,367.626875,9054
1625.494289,93.932125,52.833666,9066
1625.496344,111.093791,70.147583,9065
1625.519301,396.020334,354.689417,9057
1625.582295,117.964000,76.580583,9068
1625.590314,95.982541,54.940958,9069
1625.601148,377.878958,337.357125,9060
1625.634240,380.875834,339.418917,9061
1625.694342,112.003500,70.767375,9072
1625.698259,375.752125,334.414208,9064
1625.703281,112.938000,72.077542,9073
1625.736142,320.900708,279.324208,9067
1625.803331,100.009000,58.316709,9078
1625.812164,117.770625,76.324209,9076
1625.815351,117.052250,75.526792,9077
1625.849140,329.804126,287.642542,9071
1625.892238,80.053167,38.576708,9081
1625.913132,311.966375,270.781875,9074
1625.929331,125.954500,84.772042,9080
1625.985285,93.016875,51.376500,9084
1625.987241,352.977334,311.538501,9075
1626.023305,110.147625,68.715208,9085
1626.024121,527.744292,486.535584,9070
1626.073259,87.932250,44.915208,9087
1626.092156,355.997834,314.853584,9079
1626.123146,135.870584,93.547709,9088
1626.128344,312.949000,271.782875,9082
1626.180287,106.996458,65.585917,9091
1626.189350,340.180750,293.839000,9083
1626.195351,103.166000,62.506500,9092
1626.232309,302.939291,261.736708,9086
1626.301151,120.828167,79.852500,9095
1626.303179,113.790541,72.313208,9096
1626.316351,293.012125,251.201125,9089
1626.375317,351.176584,309.051750,9090
1626.406329,103.130708,62.164375,9100
1626.425244,302.074791,260.760208,9093
1626.453337,152.162792,110.955250,9099
1626.481300,105.939458,64.346917,9102
1626.483270,354.881042,313.904500,9094
1626.533237,107.970334,67.283126,9104
1626.541301,345.906167,304.998459,9097
1626.556247,102.873751,61.716958,9105
1626.608110,74.856542,33.577250,9108
1626.630160,397.816417,357.058626,9098
1626.644300,102.960958,61.593000,9109
1626.695191,87.063084,46.061459,9111
1626.704307,387.919001,346.454501,9101
1626.724150,93.970041,53.284875,9112
1626.777289,370.924750,330.121750,9103
1626.799301,104.087958,63.555625,9114
1626.814248,109.903208,69.133167,9115
1626.829184,347.850709,305.295959,9106
1626.884122,400.818250,359.762375,9107
1626.885132,107.752750,66.542000,9117
1626.899327,99.984208,59.072709,9118
1626.972256,415.985500,371.948208,9110
1626.985203,101.057833,60.216333,9121
1626.992153,107.006083,66.575834,9122
1627.042291,397.950584,356.424834,9113
1627.093236,120.946584,79.754792,9124
1627.101307,116.062333,74.920416,9125
1627.112384,388.204541,346.655750,9116
1627.151371,337.095209,296.133250,9119
1627.200216,106.959708,65.680125,9128
1627.210307,108.957333,67.915751,9129
1627.218216,389.002542,348.086667,9120
1627.269304,369.944167,328.647084,9123
1627.295356,85.013834,43.403792,9133
1627.329302,337.123792,296.153667,9126
1627.343310,143.075625,101.771250,9132
1627.358387,316.066042,275.060334,9127
1627.408293,138.948250,97.153292,9135
1627.425299,95.957167,54.555667,9137
1627.426196,313.780833,271.681958,9130
1627.469245,317.833834,276.353875,9131
1627.491288,104.949542,63.657709,9139
1627.506383,90.471791,48.918625,9140
1627.538152,319.900000,278.884083,9134
1627.587321,118.035459,76.840167,9143
1627.599346,303.954583,262.466750,9136
1627.624302,132.969958,91.235667,9144
1627.645298,301.947625,260.501500,9138
1627.693281,267.936958,222.615167,9141
1627.712239,112.856041,71.640916,9148
1627.713282,125.921250,84.607541,9147
1627.743254,311.644084,269.206583,9142
1627.802348,109.023250,67.855375,9151
1627.807224,300.813333,259.261041,9145
1627.824219,108.364083,67.382291,9152
1627.867212,329.005834,287.081958,9146
1627.906246,273.746375,232.607959,9149
1627.933233,123.331833,81.907584,9155
1627.943161,123.028792,82.301042,9156
1627.974137,328.802250,287.521792,9150
1627.995126,88.787417,46.789167,9159
1628.029304,96.024542,54.595625,9160
1628.077143,352.419959,309.338167,9153
1628.092290,118.128209,76.592834,9162
1628.096167,101.018166,60.014792,9163
1628.118244,369.032417,328.165834,9154
1628.173236,96.072958,54.779375,9165
1628.194140,101.810333,60.350500,9166
1628.198357,362.256126,314.908709,9157
1628.231320,364.067375,321.379625,9158
1628.272299,99.037750,58.450583,9169
1628.291151,96.990833,55.862917,9170
1628.295321,352.131208,310.783666,9161
1628.349246,319.910208,278.684875,9164
1628.365292,92.948625,51.016875,9173
1628.404320,308.132417,264.726292,9167
1628.407143,115.971917,74.598125,9174
1628.439313,90.039834,49.010791,9176
1628.448145,329.881125,288.631583,9168
1628.506240,307.829084,265.400333,9171
1628.509347,102.180750,60.987792,9179
1628.517162,112.810542,71.817375,9178
1628.539295,307.932333,266.168584,9172
1628.592144,287.352917,246.716750,9175
1628.601304,95.015959,53.872000,9182
1628.654315,144.925959,104.069292,9183
1628.661359,92.883583,51.972958,9185
1628.679139,313.805333,272.379334,9177
1628.723317,105.273291,64.198750,9187
1628.742378,303.020667,261.818376,9180
1628.757155,102.804917,61.590958,9188
1628.784213,336.042875,295.036584,9181
1628.833353,109.998000,68.826917,9191
1628.843142,93.890708,52.903959,9192
1628.864258,337.278667,296.555875,9184
1628.873357,41.930583,41.292417,9194
1628.933129,337.355958,296.424333,9186
1628.958329,97.976084,56.693000,9195
1628.989635,328.224166,286.550833,9189
1629.028834,96.495875,95.949875,9196
1629.055042,120.198167,119.527625,9197
1629.105402,426.237000,384.013292,9190
1629.207137,449.961167,408.906167,9193
1629.210349,137.256875,136.335209,9202
1629.253749,317.995709,315.344750,9198
1629.254292,171.255875,124.662125,9203
1629.381171,170.778708,127.126417,9206
1629.411736,440.303208,397.212959,9199
1629.423293,169.499167,127.028417,9207
1629.479781,466.162959,465.475209,9200
1629.551174,169.961458,128.896250,9209
1629.575142,163.370083,121.447667,9210
1629.663151,636.365042,591.470542,9201
1629.716203,165.008083,124.138000,9213
1629.741172,166.014917,125.635708,9214
1629.777302,667.317001,625.232417,9204
1629.876286,135.093875,94.367875,9217
1629.881348,674.183709,632.627917,9205
1629.884175,167.951875,127.328542,9216
1629.933358,679.043459,637.965126,9208
1629.970220,88.825625,47.578125,9220
1629.981284,104.955667,63.495542,9219
1629.997309,573.971417,532.436042,9211
1630.020139,86.743417,45.308667,9222
1630.081335,100.017167,59.117333,9224
1630.086347,606.511792,565.136834,9212
1630.093370,123.094416,81.702833,9223
1630.123310,460.139751,419.471208,9215
1630.184275,97.874291,56.416500,9228
1630.188335,410.993917,369.981209,9218
1630.203342,121.961875,80.378375,9227
1630.259303,375.106375,332.611417,9221
1630.295219,110.909750,69.650875,9231
1630.307140,118.761125,77.359042,9232
1630.326144,328.808083,287.490000,9225
1630.361137,101.798375,60.516750,9234
1630.388316,93.070833,51.946125,9235
1630.400296,380.129458,338.524083,9226
1630.447207,121.046625,79.873208,9237
1630.459134,97.976958,56.767083,9238
1630.468301,374.870417,333.470666,9229
1630.535289,76.129667,35.473375,9242
1630.536146,412.807792,371.426709,9230
1630.562210,114.978500,73.584292,9241
1630.606143,402.763958,361.516458,9233
1630.633293,97.109541,55.998542,9245
1630.654300,118.971125,77.408041,9244
1630.661218,354.050667,313.421792,9236
1630.710203,104.036042,59.144750,9247
1630.723103,334.753125,294.058626,9239
1630.729355,96.017542,55.005125,9248
1630.763242,362.906542,321.805459,9240
1630.817294,107.051875,66.041500,9251
1630.819128,96.006459,54.945333,9252
1630.839311,370.974042,329.224000,9243
1630.890372,328.119459,287.128917,9246
1630.931302,113.968458,72.614500,9255
1630.939361,285.020458,243.971292,9249
1630.984314,165.160917,124.099791,9256
1630.989345,98.929834,57.609709,9258
1630.990214,328.947209,288.172208,9250
1631.047301,317.908792,276.563292,9253
1631.095128,110.776458,69.370583,9261
1631.098349,108.957917,67.595791,9262
1631.116308,353.040333,312.134375,9254
1631.172282,332.931084,288.711500,9257
1631.196287,101.134833,59.756667,9265
1631.201162,102.772542,61.724250,9266
1631.226288,294.945875,254.040500,9259
1631.267232,94.912417,53.475333,9268
1631.286247,89.926959,47.548959,9269
1631.307143,367.747917,326.643333,9260
1631.330165,103.835375,61.533209,9271
1631.368296,101.020500,58.198583,9272
1631.389220,398.968792,350.378583,9263
1631.401308,94.141542,51.923375,9274
1631.433109,385.783709,344.893792,9264
1631.446176,115.977751,75.089875,9275
1631.471143,102.813084,62.001041,9276
1631.488309,371.969501,330.808917,9267
1631.551126,117.997833,77.637000,9279
1631.555304,109.102875,67.887167,9280
1631.556104,354.922167,313.790751,9270
1631.629340,343.057167,300.280750,9273
1631.641211,90.071042,48.665458,9283
1631.677212,121.083958,79.021541,9285
1631.684148,294.897458,238.901833,9277
1631.723318,82.089000,40.625959,9287
1631.764300,362.949416,321.410250,9278
1631.775304,145.932209,104.360666,9286
1631.785335,101.157875,60.358959,9289
1631.818302,347.132042,305.602791,9281
1631.874292,385.945000,340.319000,9282
1631.879195,103.850834,63.094791,9292
1631.884328,119.988750,78.922083,9291
1631.930302,374.955875,331.712209,9284
1631.974277,297.021083,255.496500,9288
1631.993302,118.965875,77.469875,9295
1632.009327,130.106959,88.306459,9296
1632.032271,308.914958,267.309583,9290
1632.071239,96.925792,55.535083,9299
1632.090311,304.932833,263.216917,9293
1632.120296,126.952000,85.827292,9300
1632.140326,321.979875,280.392292,9294
1632.146348,114.035833,73.138042,9302
1632.182376,298.006042,256.239083,9297
1632.223290,132.936125,91.612500,9304
1632.236302,115.965500,75.082875,9305
1632.252309,321.962084,281.058167,9298
1632.280117,97.715333,57.069250,9308
1632.320213,310.852501,270.049500,9301
1632.328249,104.919209,63.568750,9309
1632.356133,103.782584,62.750041,9311
1632.382298,311.038583,269.586334,9303
1632.432129,103.849084,62.513209,9314
1632.438482,298.102584,256.559334,9306
1632.451374,131.131875,89.868334,9313
1632.474328,327.931042,286.673625,9307
1632.527210,290.874208,247.951375,9310
1632.545144,112.996334,71.710041,9317
1632.563238,124.718708,79.393708,9318
1632.581299,301.162458,260.341667,9312
1632.635227,107.998042,67.128541,9321
1632.642287,97.125875,56.300125,9322
1632.645319,289.163292,248.508750,9315
1632.681309,298.979917,257.491500,9316
1632.732198,96.957583,55.434459,9325
1632.739300,287.882292,244.489583,9319
1632.746259,103.955834,62.333250,9326
1632.813183,338.816042,297.471708,9320
1632.828292,96.076750,54.858417,9329
1632.850291,110.954083,69.744501,9330
1632.874209,310.944667,267.193209,9323
1632.925229,343.893958,303.220459,9324
1632.930324,117.121375,75.897208,9332
1632.937366,109.031417,67.699333,9333
1632.985333,339.989126,298.572459,9327
1633.038306,113.054666,71.451042,9336
1633.047172,365.825542,324.755667,9328
1633.052150,121.789208,79.524958,9337
1633.091301,345.014834,304.091959,9331
1633.139204,100.856583,60.153333,9340
1633.159146,111.953334,70.950833,9341
1633.165313,314.989208,273.458792,9334
1633.229236,354.992166,314.078334,9335
1633.232256,93.019208,51.385542,9344
1633.270214,111.044792,69.596334,9345
1633.288326,350.912917,310.043708,9338
1633.332283,100.005792,58.589417,9348
1633.337232,107.967416,67.400375,9347
1633.346327,360.952083,319.349917,9339
1633.370335,318.164292,277.526958,9342
1633.413391,322.049584,280.928083,9343
1633.453283,116.012167,74.428959,9352
1633.465164,132.844251,91.333667,9351
1633.479145,313.803001,271.826042,9346
1633.526301,256.045709,215.360250,9349
1633.536235,122.811209,81.222750,9355
1633.552306,98.982625,57.470583,9356
1633.599337,310.972667,263.887167,9350
1633.642348,295.984792,254.906750,9353
1633.645296,118.960041,78.039792,9359
1633.646184,109.925375,69.402375,9360
1633.675162,304.781458,263.785667,9354
1633.726196,261.017167,220.183250,9357
1633.760303,117.910333,76.419875,9363
1633.766253,120.914209,79.368333,9364
1633.799309,320.139459,279.161167,9358
1633.820139,93.923958,53.259500,9367
1633.860301,307.952459,266.479208,9361
1633.864373,104.034875,63.140875,9368
1633.891302,91.954917,50.794042,9370
1633.903200,303.821291,262.580208,9362
1633.961258,315.034125,273.649542,9365
1633.963277,102.934125,61.681375,9372
1633.987686,123.274083,81.387250,9373
1634.003533,328.355125,286.706875,9366
1634.120645,354.349334,312.302083,9369
1634.149407,186.097334,144.926833,9377
1634.150222,188.922708,148.056708,9376
1634.229316,409.151458,368.137875,9371
1634.296308,175.624459,134.118834,9380
1634.301367,151.939376,110.156084,9381
1634.348281,456.933459,415.335667,9374
1634.472467,176.114750,134.439666,9384
1634.476318,174.904917,131.034750,9385
1634.480849,577.613167,533.239875,9375
1634.595321,607.604667,566.512626,9378
1634.630355,153.997667,112.303917,9388
1634.643646,171.142417,128.650959,9387
1634.712454,708.901084,665.613959,9379
1634.787142,191.772875,149.943500,9390
1634.801470,171.076500,128.034083,9391
1634.823314,673.052625,632.078708,9382
1634.892274,662.927708,621.529126,9383
1634.917346,115.839792,74.752125,9395
1634.920312,133.126292,91.776708,9394
1634.943134,594.833750,554.014709,9386
1634.987211,506.338000,465.215042,9389
1635.038276,394.612459,351.044459,9392
1635.046150,128.782209,88.017709,9398
1635.048354,156.037584,114.745750,9397
1635.072142,359.652417,318.569708,9393
1635.134231,310.882542,270.011292,9396
1635.142252,96.073250,54.851125,9403
1635.144297,105.977666,64.017625,9402
1635.200296,279.943708,239.086167,9399
1635.234245,99.988583,59.410167,9406
1635.263267,120.982166,80.362917,9407
1635.282333,339.172167,298.026458,9400
1635.307130,106.737167,65.356958,9409
1635.337203,349.946333,307.679458,9401
1635.347232,112.951125,71.340792,9410
1635.378355,329.970667,285.201292,9404
1635.404350,121.968291,80.718459,9412
1635.428313,121.159208,80.059875,9413
1635.435290,363.124417,322.078458,9405
1635.497200,352.862708,312.226542,9408
1635.503153,124.759833,84.028000,9416
1635.511318,106.930250,64.612625,9417
1635.573192,309.897000,268.445625,9411
1635.599253,96.081417,54.765376,9421
1635.624142,126.909417,86.282292,9420
1635.639125,301.877334,260.553125,9414
1635.666284,93.072875,51.815166,9423
1635.714212,366.956042,325.776209,9415
1635.738274,99.130792,57.715000,9426
1635.742440,143.076791,102.088291,9424
1635.763322,334.974500,291.513251,9418
1635.813291,377.958876,336.480083,9419
1635.815215,100.969458,60.043375,9428
1635.845201,106.902541,64.810667,9429
1635.849316,337.957667,296.880500,9422
1635.921300,106.064875,63.145250,9433
1635.923228,299.065959,257.741458,9425
1635.937151,123.821834,83.087667,9432
1635.974298,307.984250,264.236000,9427
1636.002296,259.824834,218.486042,9430
1636.055215,131.971000,90.448750,9437
1636.060358,297.001250,255.392958,9431
1636.065162,143.825209,101.849125,9436
1636.138198,292.957584,250.712000,9434
1636.161316,100.906458,60.081875,9442
1636.165295,110.061875,69.387500,9441
1636.193212,343.851959,302.509083,9435
1636.220265,58.910833,58.116042,9445
1636.253140,114.909667,73.413375,9444
1636.268312,331.135583,289.770542,9438
1636.299654,79.368625,78.824375,9448
1636.316364,342.025542,300.832000,9439
1636.358169,105.007583,64.310459,9449
1636.373218,370.884500,329.488250,9440
1636.400293,100.615375,59.487166,9451
1636.450132,91.943250,50.831375,9453
1636.450208,385.024501,341.541083,9443
1636.487211,113.974583,71.869000,9454
1636.488103,322.782250,281.248334,9446
1636.552249,359.000833,317.956625,9447
1636.582301,132.080375,90.874292,9457
1636.584206,134.052917,91.954625,9456
1636.585517,317.163292,275.429875,9450
1636.642319,325.911834,284.328333,9452
1636.652216,99.940458,59.278334,9460
1636.680235,279.906375,238.642833,9455
1636.706252,123.924792,82.985875,9461
1636.724235,236.998709,195.863500,9458
1636.765136,122.773000,81.390459,9464
1636.789291,301.164792,257.169500,9459
1636.803288,123.032875,82.329625,9466
1636.843141,118.886541,77.462875,9468
1636.857222,272.994459,232.337000,9462
1636.874304,109.144292,68.026584,9469
1636.895270,91.954333,50.897292,9471
1636.948235,362.686917,321.175167,9463
1636.974137,130.975542,90.297375,9472
1636.974158,116.921000,76.115667,9473
1636.997151,344.906334,303.446500,9465
1637.046205,97.955959,56.876167,9476
1637.056287,350.009625,308.738209,9467
1637.076254,102.100250,61.520667,9477
1637.124156,334.830126,293.386042,9470
1637.156307,110.077333,68.868042,9480
1637.173339,298.992459,257.522417,9474
1637.175151,118.827334,77.660042,9481
1637.209325,314.036334,273.323167,9475
1637.252330,128.149000,87.162250,9483
1637.256204,99.864625,58.819541,9484
1637.261322,287.150500,245.161000,9478
1637.307309,310.129750,269.515459,9479
1637.370247,114.011333,71.697209,9489
1637.371250,118.884500,77.845833,9488
1637.379335,303.052750,262.005625,9482
1637.432307,258.922125,217.074667,9485
1637.466330,96.042625,54.992292,9492
1637.489307,118.030500,76.789125,9493
1637.499315,324.137042,282.680125,9486
1637.548174,115.827250,74.678625,9495
1637.563316,96.933083,55.907542,9496
1637.567141,357.775542,315.640500,9487
1637.624253,362.891959,321.415208,9490
1637.635308,87.094875,45.983000,9499
1637.658152,94.798667,53.759125,9500
1637.703140,395.689292,354.244042,9491
1637.750194,114.855417,74.232958,9503
1637.751227,126.938001,85.306376,9502
1637.757188,377.818292,336.373333,9494
1637.827316,337.966417,296.950792,9497
1637.879180,379.831084,338.563167,9498
1637.881209,130.980209,90.273750,9506
1637.883312,132.045667,90.678292,9507
1637.913148,345.991917,305.484375,9501
1637.984266,326.089166,285.589792,9504
1637.987260,108.037417,67.088875,9510
1638.007193,125.962084,84.881125,9511
1638.030380,327.213541,286.105750,9505
1638.078289,91.005250,49.753083,9515
1638.088365,331.140834,287.119875,9508
1638.110224,125.916000,84.623292,9514
1638.123313,295.958250,254.589708,9509
1638.183171,299.813500,258.568625,9512
1638.190317,101.920000,60.666375,9519
1638.192182,113.854125,72.406250,9518
1638.222148,308.978250,268.066458,9513
1638.255796,65.451459,64.507625,9523
1638.275270,92.068666,50.631583,9522
1638.297285,290.073000,248.985917,9516
1638.336241,305.831458,264.517750,9517
1638.365221,60.379084,58.339750,9526
1638.393632,75.402833,74.744250,9527
1638.397133,286.873125,246.100167,9520
1638.472121,348.771792,307.605958,9521
1638.475297,110.331084,69.053250,9529
1638.500964,46.894750,46.447333,9532
1638.511172,115.256458,74.446167,9530
1638.542289,350.074667,308.639625,9524
1638.563398,36.358000,35.428167,9533
1638.590230,368.062334,326.643042,9525
1638.637139,307.143084,265.973167,9528
1638.654721,40.150833,39.750375,9534
1638.698181,60.082167,59.182084,9535
1638.711208,295.337583,253.008584,9531
1638.718211,73.059875,72.455541,9536
1638.747105,58.798833,58.178458,9537
1638.789167,52.943042,52.271042,9538
1638.817411,64.472625,63.901542,9540
1638.819374,70.129792,69.578541,9539
1638.834232,64.613500,64.099000,9541
1638.905150,119.613375,118.734875,9542
1638.918460,53.826208,53.211958,9544
1638.930725,70.365750,69.743333,9543
1639.058844,86.170292,85.468833,9545
1639.112138,94.511084,93.870292,9546
1639.186941,104.056459,102.346125,9547
1639.203023,103.764791,103.027166,9548
1639.293102,126.439834,124.786375,9550
1639.296902,187.423542,186.211084,9549
1639.371073,142.838209,140.564083,9553
1639.430599,236.850541,234.531792,9551
1639.448637,143.831042,143.156125,9554
1639.507402,137.844292,132.426583,9558
1639.546095,350.278250,349.764041,9552
1639.618300,165.301208,122.395875,9561
1639.655709,315.627667,314.780375,9555
1639.676237,168.807917,127.108333,9562
1639.777292,158.961251,117.176500,9564
1639.782419,439.107375,438.341167,9556
1639.834312,178.559792,136.798959,9565
1639.861647,511.014876,510.479083,9557
1639.892292,114.962166,73.525667,9567
1639.930268,514.262292,513.415583,9559
1639.943305,108.953542,67.385500,9569
1639.953309,91.622416,50.872500,9570
1640.027225,596.611751,551.908000,9560
1640.035256,104.955083,63.972708,9572
1640.036119,92.787041,51.845791,9573
1640.105249,559.111876,517.702792,9563
1640.131225,103.982083,63.138250,9575
1640.132109,96.831000,56.212333,9576
1640.183296,507.040042,465.532667,9566
1640.213150,107.867375,67.017125,9578
1640.237215,454.750917,406.436333,9568
1640.263303,132.053542,91.387625,9579
1640.287214,394.877000,353.977167,9571
1640.299289,115.953833,75.229875,9581
1640.337291,100.034375,58.786291,9583
1640.356319,402.967834,362.130417,9574
1640.367294,103.946500,62.857958,9584
1640.412276,112.948208,71.568583,9586
1640.424327,388.182667,344.749417,9577
1640.446247,108.913292,66.572625,9587
1640.465243,333.116292,292.521250,9580
1640.484110,59.739750,58.800292,9591
1640.500718,287.542792,286.818292,9582
1640.528137,115.833667,74.400959,9590
1640.554187,70.042000,68.725125,9594
1640.566629,279.372042,278.642292,9585
1640.574716,73.967250,72.802333,9595
1640.659199,104.996792,63.697666,9597
1640.670154,95.415541,54.470208,9599
1640.688294,331.877584,290.919417,9588
1640.740169,372.836625,331.501917,9589
1640.788113,128.890708,87.998166,9600
1640.790227,120.043292,79.124792,9601
1640.791228,344.935209,303.772583,9592
1640.863130,397.866292,356.031666,9593
1640.892304,102.032584,60.162375,9605
1640.894151,365.993833,365.446959,9596
1640.916149,128.017750,87.034791,9604
1640.961107,66.936041,66.315667,9609
1640.971279,78.931417,37.270334,9608
1640.982273,119.122208,78.027542,9607
1641.026500,55.058791,54.479834,9610
1641.045286,356.952750,315.782833,9602
1641.087358,347.160917,305.695833,9603
1641.129176,46.605125,46.121833,9611
1641.130236,338.975875,295.814459,9606
1641.154049,587.387208,586.440167,9598
1641.177232,56.035000,55.550542,9612
1641.193570,69.739250,65.029708,9613
1641.236832,43.134292,42.626792,9614
1641.362906,58.125375,57.632167,9615
1641.475157,73.564166,72.960417,9616
1641.480577,64.650541,63.772917,9617
1641.482705,59.962292,59.398500,9618
1641.504202,61.092500,60.428083,9619
1641.552517,79.326917,78.789084,9620
1641.579832,52.745000,52.214750,9621
1641.608067,54.277417,53.717125,9622
1641.652619,70.045500,69.602166,9623
1641.664361,77.790417,76.703958,9625
1641.673112,88.912542,87.852625,9624
1641.716344,58.424917,55.186541,9627
1641.726142,88.044542,87.075333,9626
1641.746368,59.541709,58.761208,9628
1641.796450,91.582167,90.748875,9629
1641.802812,71.105416,70.279125,9630
1641.814926,65.670500,65.159792,9631
1641.921563,61.221417,60.785084,9632
1641.921663,52.912125,52.287375,9633
1641.947299,55.941083,55.125875,9634
1642.006489,60.368583,59.691625,9635
1642.026967,55.521083,54.937167,9637
1642.031171,66.928167,66.359708,9636
1642.091938,59.062792,58.593792,9638
1642.145291,62.769000,62.342000,9640
1642.161932,64.362375,58.343250,9641
1642.166244,86.900916,85.658417,9639
1642.211787,54.520958,53.936458,9643
1642.223499,115.376917,114.790958,9642
1642.228689,40.819625,40.370458,9644
1642.279064,85.366167,84.613667,9645
1642.295111,48.557542,47.953792,9646
1642.328226,40.279750,39.704875,9647
1642.351059,46.291291,45.785542,9648
1642.407751,61.456209,60.967375,9649
1642.457169,41.245167,40.714917,9650
1642.570336,43.311042,42.760375,9651
1642.671150,45.878000,45.445459,9652
1642.682097,43.999084,43.414875,9653
1642.728084,34.540916,34.031083,9654
1642.785599,47.124292,46.417000,9655
1642.797468,48.232042,47.634708,9656
1642.897390,38.819958,38.304292,9657
1642.903791,43.440542,42.751625,9658
1642.968777,35.647500,35.140292,9659
1643.024306,52.848833,52.157583,9660
1643.123428,40.845291,40.401084,9661
1643.196575,73.364958,72.717750,9662
1643.230081,36.376958,36.026375,9663
1643.359567,75.755458,75.066250,9664
1643.376291,71.513750,71.040375,9665
1643.376648,68.308333,66.931375,9666
1643.481916,66.025166,65.397500,9667
1643.493471,47.142083,46.281667,9668
1643.522133,35.266000,34.475584,9669
1643.568955,41.893250,41.225916,9670
1643.610770,27.401500,26.903917,9671
1643.677215,39.103167,38.454792,9672
1643.722079,27.135208,26.604375,9673
1643.783332,34.061708,33.350625,9674
1643.888654,28.271833,27.599833,9675
1644.064342,92.899917,92.480208,9676
1644.088676,94.405209,93.420542,9677
1644.161683,78.831375,77.977667,9678
1644.178456,82.192250,81.540667,9679
1644.249414,55.597208,54.745542,9680
1644.371885,67.042792,66.176834,9681
1644.499229,83.158250,80.481917,9682
1644.520243,99.354209,98.370708,9683
1644.589736,104.849208,104.141334,9684
1644.633669,105.611917,105.005833,9685
1644.662859,102.689125,100.588834,9686
1644.708436,70.186375,69.580583,9687
1644.790891,41.625209,41.013583,9688
1644.805713,48.790292,48.136375,9689
1644.836505,39.732000,39.122709,9690
1644.884103,70.583333,69.797291,9691
1644.904993,44.693250,44.186042,9693
1644.918400,61.477791,61.086667,9692
1645.017247,45.785834,45.307500,9694
1645.123649,41.067250,40.626834,9695
1645.227695,34.549959,33.831875,9697
1645.257524,73.752291,67.310833,9696
1645.266097,72.333042,71.595125,9698
1645.296351,49.960167,49.328125,9700
1645.319769,115.239833,114.463709,9699
1645.337559,32.756500,32.222750,9701
1645.462862,46.995375,46.302084,9702
1645.473843,44.805834,44.191000,9703
1645.557151,46.569250,46.060000,9704
1645.591776,76.353084,75.837417,9705
1645.609155,82.077917,81.301500,9706
1645.621770,75.887584,75.287042,9707
1645.672295,94.653125,94.233125,9708
1645.672431,34.286292,33.629750,9709
1645.814611,65.354042,64.778584,9710
1645.883340,66.913875,66.404334,9711
1645.900433,40.117000,39.541250,9712
1646.013518,28.280291,27.817708,9714
1646.031875,60.408250,59.719042,9713
1646.128394,45.795458,45.082916,9715
1646.229203,35.457042,34.750334,9716
1646.319502,56.236541,55.554625,9717
1646.347381,42.644291,42.082250,9718
1646.391554,64.046792,63.445083,9719
1646.461888,46.011875,45.503500,9720
1646.551650,24.590416,24.193167,9721
1646.682942,48.132584,47.500834,9722
1646.688334,50.180959,49.619792,9723
1646.776432,27.161458,26.705583,9724
1646.816209,34.787666,34.257708,9725
1646.865915,44.047209,43.585208,9726
1646.884350,47.035625,46.490792,9727
1646.918078,51.988708,51.608667,9729
1646.945795,85.462125,84.888709,9728
1647.016864,45.418042,44.759167,9730
1647.135361,52.786417,52.108000,9731
1647.235460,41.781250,41.411416,9732
1647.350482,45.702708,45.281833,9733
1647.468437,52.525083,52.044708,9734
1647.604225,77.196291,76.630167,9735
1647.671587,33.469333,32.833792,9737
1647.681418,65.072000,64.736292,9736
1647.777651,71.416625,70.706416,9738
1647.795568,46.340291,45.800417,9739
1647.854270,80.107709,79.620333,9740
1647.907674,47.293458,46.765250,9741
1647.984052,36.891750,36.043000,9742
1648.029607,58.095042,57.530375,9743
1648.041538,61.139458,60.235583,9744
1648.068324,51.167667,50.686125,9745
1648.118730,54.334875,53.610375,9746
1648.136334,56.104417,55.503292,9747
1648.146910,64.334375,63.613959,9748
1648.219073,43.344875,42.785458,9749
1648.235368,41.654667,41.052083,9750
1648.357144,52.345416,51.820125,9751
1648.445134,29.223834,28.775833,9752
1648.564840,37.789500,37.319917,9753
1648.591279,58.610708,58.067042,9754
1648.634842,43.299375,42.846125,9755
1648.675384,37.267708,36.796667,9756
1648.720112,45.562708,44.729417,9757
1648.737173,44.030875,43.382209,9758
1648.792419,43.176292,42.538708,9759
1648.897532,37.152208,36.551666,9760
1649.073031,101.565917,99.249500,9761
1649.086486,93.178166,92.219750,9762
1649.150658,68.053709,67.374125,9763
1649.274815,79.144917,77.919916,9764
1649.374842,70.014875,69.344042,9765
1649.493781,77.774666,76.884208,9766
1649.650031,122.980375,122.025167,9767
1649.671408,119.874125,119.456458,9768
1649.676136,120.851791,120.129042,9769
1649.696327,135.175833,132.832583,9770
1649.737660,97.853292,97.118875,9771
1649.800257,51.054209,50.628083,9772
1649.915406,55.071333,54.609916,9774
1649.920255,67.816000,67.229459,9773
1649.937661,65.747208,64.926166,9775
1649.957289,72.897417,72.121875,9776
1650.012379,40.909750,40.632375,9777
1650.142629,45.648458,45.108875,9779
1650.143562,61.005000,60.502750,9778
1650.193936,62.909583,62.572708,9780
1650.252312,58.574834,58.067626,9782
1650.260137,80.419209,79.615083,9781
1650.279591,85.594542,85.065459,9783
1650.311082,54.219375,53.469792,9784
1650.376680,71.859667,71.080333,9785
1650.447870,60.497500,59.993208,9786
1650.459906,44.035833,43.408458,9787
1650.609555,82.514250,81.951334,9788
1650.665822,63.294000,62.665167,9789
1650.678893,51.783667,51.125083,9790
1650.694504,56.405125,55.840167,9791
1650.829559,80.315375,79.588542,9792
1650.846731,47.540500,46.956000,9793
1650.867108,54.876500,54.377166,9794
1650.908938,48.599250,48.020000,9795
1650.931717,58.977917,58.238542,9796
1650.958276,84.650417,84.126292,9797
1650.996799,43.412542,42.871791,9798
1651.033365,61.865417,61.097750,9799
1651.071783,52.735083,51.874667,9800
1651.119355,36.773625,36.306083,9801
1651.148211,61.692167,60.838750,9802
1651.238101,44.404792,43.809500,9803
1651.344130,39.327458,38.684334,9804
1651.384725,46.097917,45.465583,9805
1651.468377,52.492708,52.010875,9806
1651.556069,41.176041,40.735041,9807
1651.596720,69.683542,68.688084,9808
1651.673376,35.249083,34.786500,9809
1651.753203,68.990250,68.352084,9810
1651.791706,42.522083,42.184334,9811
1651.819210,58.499583,57.741542,9812
1651.881587,57.542625,56.926916,9813
1651.914157,53.774875,53.324250,9814
1651.920358,59.951791,59.551042,9815
1652.032172,58.096791,57.536208,9817
1652.034137,62.650583,61.961375,9816
1652.062388,57.281000,56.799167,9818
1652.127712,45.129584,44.629083,9819
1652.258150,64.454542,63.755416,9820
1652.340792,36.021417,35.519458,9821
1652.449807,33.864542,33.286750,9822
1652.498941,67.831458,67.238791,9823
1652.568757,72.232417,71.731333,9824
1652.578834,71.466500,70.935375,9825
1652.586789,71.510542,70.759500,9826
1652.605821,78.829042,78.313083,9827
1652.674179,36.050000,35.583916,9828
1652.714144,59.822583,59.231666,9829
1652.795659,55.878375,55.310500,9830
1652.810521,61.344792,60.967958,9832
1652.835911,87.414833,86.704917,9831
1652.896907,36.554875,36.003041,9833
1653.012429,40.967500,40.499666,9834
1653.116070,33.515416,33.027459,9835
1653.215482,38.805083,38.191125,9836
1653.241704,48.011250,47.308917,9837
1653.299803,32.836709,32.258042,9838
1653.378892,74.111625,73.606750,9839
1653.466898,50.961750,50.286834,9840
1653.480359,51.440958,51.002000,9841
1653.524215,75.134500,74.507125,9842
1653.568491,41.472375,40.995791,9843
1653.599940,41.023208,40.304833,9844
1653.621355,40.840333,40.188750,9845
1653.663379,25.212542,24.756958,9846
1653.738197,35.804417,35.275042,9847
1653.794021,44.779292,44.272083,9848
1653.887798,27.430958,26.952041,9849
1654.050388,78.939583,78.518125,9850
1654.136873,84.492625,83.944292,9851
1654.163295,80.736250,80.229042,9852
1654.269242,75.420917,74.273500,9853
1654.383928,78.040084,77.609292,9854
1654.487497,71.527458,70.763000,9855
1654.576629,107.325458,106.590459,9856
1654.618810,105.995167,105.090125,9857
1654.628757,100.946125,100.242041,9858
1654.681167,43.036000,42.352333,9859
1654.738010,38.390333,37.882542,9860
1654.781726,32.482042,31.964334,9861
1654.806310,55.144541,54.670292,9862
1654.859761,33.320875,32.821250,9863
1654.896101,35.767959,35.248208,9864
1655.012339,40.850250,40.342167,9865
1655.054512,41.228541,40.658625,9866
1655.117718,35.140292,34.685583,9867
1655.229855,36.152667,35.415917,9868
1655.268345,36.203125,35.480083,9869
1655.345658,40.842375,40.343042,9871
1655.349255,52.809750,52.287375,9870
1655.458036,42.094500,41.482875,9872
1655.458518,41.045375,40.583666,9873
1655.567507,40.504917,39.992166,9874
1655.686576,48.402958,47.874458,9875
1655.703759,46.179875,45.568250,9876
1655.768617,51.117791,50.605917,9877
1655.787054,37.815458,37.244083,9878
1655.839646,45.976292,45.356792,9879
1655.847152,39.848667,39.361875,9880
1655.914028,53.734625,53.228000,9881
1655.963818,45.889667,45.314791,9882
1656.012665,66.027500,65.424917,9883
1656.017680,46.213125,45.768917,9884
1656.075663,91.459959,90.834334,9885
1656.124608,42.016625,41.610041,9886
1656.206784,45.613459,45.085250,9887
1656.261216,67.526083,66.928750,9888
1656.364199,59.380417,58.679250,9890
1656.373149,72.979666,72.429875,9889
1656.373559,57.323875,56.872958,9891
1656.413757,51.761792,51.213459,9892
1656.459790,59.397334,58.930375,9893
1656.466191,50.267292,49.678709,9894
1656.506067,52.710292,52.132209,9895
1656.522920,65.257501,64.523667,9896
1656.567753,40.765083,40.325833,9897
1656.624577,53.193291,52.694541,9898
1656.691754,53.595208,52.924958,9899
1656.774860,34.391875,33.955834,9900
1656.795158,45.892000,45.383625,9901
1656.918901,54.374250,53.759417,9903
1656.918926,58.573958,58.278500,9902
1656.939626,61.093667,60.248125,9904
1656.976676,79.413250,78.805417,9905
1657.004150,54.601458,54.066542,9906
1657.033996,62.586417,62.042750,9907
1657.140260,57.687584,57.259416,9908
1657.225672,48.877500,48.381375,9909
1657.251457,57.788209,57.247459,9910
1657.340379,35.581875,34.824417,9911
1657.427468,36.042125,35.581584,9912
1657.487687,71.778584,71.135459,9913
1657.541439,45.487167,45.052875,9914
1657.591298,64.197292,63.527333,9915
1657.690525,52.386250,51.764708,9916
1657.700493,40.456500,39.671917,9917
1657.778170,28.917875,28.381500,9919
1657.791634,61.111458,60.594041,9918
1657.891288,50.485750,50.031042,9921
1657.903752,64.548458,64.123208,9920
1657.943032,82.686334,81.975833,9922
1658.004487,33.012875,32.390459,9923
1658.057638,33.798625,33.251167,9924
1658.118759,74.641000,74.038416,9925
1658.141932,49.611625,49.062125,9927
1658.146417,63.800333,63.172667,9926
1658.240462,46.791500,46.374125,9928
1658.375872,71.057291,70.582167,9929
1658.456878,40.968667,40.518625,9930
1658.561920,34.919209,34.545583,9931
1658.642344,54.412459,53.939667,9932
1658.717186,79.041083,78.257958,9933
1658.748990,34.324500,33.817583,9934
1658.799303,50.064292,49.364292,9935
1658.913488,53.132333,52.458583,9936
1659.058818,86.455250,85.647625,9937
1659.085051,83.570958,82.864250,9938
1659.140102,57.449875,56.904750,9939
1659.202044,65.559375,64.018500,9940
1659.277474,83.709500,83.107500,9941
1659.342719,85.016167,82.698000,9942
1659.386549,81.739292,80.819375,9943
1659.511029,95.074583,93.810208,9944
1659.514088,98.049584,97.252750,9945
1659.611344,119.640208,118.870209,9946
1659.655148,120.264667,118.483750,9948
1659.658618,131.065958,130.330084,9947
1659.724684,86.567541,85.766334,9949
1659.790931,89.540500,88.863833,9950
1659.791106,62.256833,61.633250,9951
1659.806703,57.446375,56.762125,9952
1659.896991,36.644709,36.281292,9953
1659.970605,37.312042,36.898459,9954
1660.009850,40.190500,39.452875,9955
1660.021614,50.153251,49.589167,9956
1660.129930,40.071792,39.454041,9958
1660.134322,51.754208,51.102625,9957
1660.227344,83.433292,82.866292,9959
1660.239556,72.835000,72.221333,9961
1660.240927,75.891084,75.311542,9960
1660.275209,81.512667,80.944500,9962
1660.317630,122.639416,122.077667,9963
1660.373040,68.265166,67.468625,9964
1660.416810,33.620125,33.226958,9965
1660.464822,48.897334,48.063458,9966
1660.537517,36.679125,36.037167,9967
1660.570222,43.143625,42.387334,9968
1660.665944,36.010916,35.560583,9969
1660.711486,73.324709,72.610125,9970
1660.797890,48.645917,48.281333,9971
1660.846883,63.456167,62.729042,9972
1660.868104,51.153083,50.482542,9973
1660.912991,52.627750,52.032458,9974
1661.011287,39.797917,39.194750,9975
1661.039519,50.414583,49.604916,9976
1661.115479,48.685875,48.270541,9977
1661.139317,56.710209,55.985125,9978
1661.209363,36.330583,35.661792,9979
1661.234180,40.510459,39.927709,9980
1661.257818,44.475667,43.995875,9981
1661.340820,36.042708,35.537542,9982
1661.463612,47.668250,46.942000,9983
1661.519424,36.056125,35.593250,9984
1661.558293,50.165500,49.435167,9985
1661.581770,54.771792,54.236583,9986
1661.677586,39.439750,38.819666,9987
1661.692105,53.495458,53.000208,9988
1661.723495,45.745875,45.317125,9989
1661.791149,41.906083,41.401500,9990
1661.904382,50.644416,50.208666,9991
1661.905976,45.619291,44.986375,9992
1662.009061,37.572500,37.036125,9993
1662.108569,53.081000,52.288834,9994
1662.146286,63.680167,63.072042,9995
1662.155409,68.920542,68.016376,9996
1662.172445,37.872042,37.384084,9997
1662.219658,77.563208,77.087500,9998
1662.251129,45.698917,45.059875,10000
1662.251129,57.426833,56.907958,9999
1662.305388,54.278584,53.816292,10001
1662.335189,30.321667,29.629833,10003
1662.380779,79.702000,79.147542,10002
1662.452740,36.826417,36.317750,10004
1662.562624,56.480959,55.803416,10005
1662.585209,58.142292,57.546125,10006
1662.624815,59.146500,57.429167,10008
1662.638441,83.597792,83.190042,10007
1662.670143,69.213083,68.615167,10010
1662.682777,105.605500,105.068542,10009
1662.704411,66.277458,65.708708,10012
1662.752036,136.266959,135.355500,10011
1662.784586,130.979041,130.307916,10013
1662.823621,74.373250,73.883833,10014
1662.906468,46.085375,45.420375,10015
1662.979866,51.117792,50.355083,10016
1663.017795,44.748084,44.101458,10018
1663.021494,49.997500,49.370709,10017
1663.124368,41.820916,41.272875,10019
1663.152359,50.596291,50.079458,10021
1663.170650,86.672541,86.035833,10020
1663.203408,44.068500,43.745333,10022
1663.258193,31.311583,30.722709,10024
1663.270836,77.157208,76.483167,10023
1663.322406,46.292750,45.782333,10025
1663.347091,42.272125,41.575041,10026
1663.427172,42.146125,41.755583,10027
1663.469170,53.258917,52.588958,10028
1663.492545,51.123625,50.500334,10029
1663.572335,45.297292,44.580958,10030
1663.621174,43.422459,42.682500,10031
1663.707504,69.374375,68.716666,10032
1663.815154,65.913167,65.345292,10033
1663.887439,50.029583,49.496125,10035
1663.896754,36.404375,35.895417,10036
1663.905644,79.458166,78.932583,10034
1664.047890,75.651917,75.200125,10037
1664.153873,71.284500,70.592375,10038
1664.257136,63.395792,62.803126,10039
1664.395821,100.023292,99.291209,10040
1664.405170,100.362208,99.122917,10041
1664.510229,135.918417,131.287917,10042
1664.553389,137.419625,135.893042,10043
1664.564426,137.970292,137.202041,10044
1664.636953,97.776584,96.890792,10046
1664.655089,126.162750,125.105750,10045
1664.711467,154.846125,153.438833,10047
1664.730383,92.225292,91.660333,10048
1664.747549,105.601708,104.537417,10049
1664.764418,80.494750,79.810791,10050
1664.794929,45.693667,45.109750,10051
1664.903073,42.712250,42.139417,10053
1664.913180,52.830750,52.136584,10052
1665.012613,41.145709,40.669708,10054
1665.040975,36.107167,35.542792,10055
1665.120921,38.321500,37.868250,10056
1665.202680,40.920541,40.435500,10057
1665.253316,59.574666,58.944375,10058
1665.349219,32.109584,31.562708,10060
1665.365454,60.630500,59.977167,10059
1665.450239,34.350167,33.830417,10061
1665.528597,37.457875,36.906625,10063
1665.541088,52.984167,52.413666,10062
1665.609474,82.476334,81.684167,10064
1665.673902,35.764750,35.156042,10065
1665.809621,60.346417,59.665375,10066
1665.845080,44.419958,43.660750,10067
1665.875214,70.976792,70.271542,10068
1665.899122,63.766791,61.338667,10069
1665.916281,58.881375,57.892042,10070
1665.944500,66.142125,65.379708,10073
1665.945284,84.931584,83.473250,10071
1665.987373,114.587083,113.792000,10072
1666.014255,103.307750,102.615334,10074
1666.039669,68.194875,67.534250,10075
1666.098717,51.310875,50.690792,10076
1666.128717,46.167625,45.540250,10077
1666.198413,61.362291,60.729375,10078
1666.226784,33.146750,32.710125,10080
1666.261786,70.838833,70.228958,10079
1666.323000,57.603292,56.929834,10081
1666.336539,31.738876,31.026917,10082
1666.440624,24.705625,24.169833,10083
1666.552171,25.116292,24.574375,10084
1666.601644,35.876750,35.152834,10085
1666.687203,35.126000,34.403542,10087
1666.688024,49.868583,49.313542,10086
1666.785610,48.359208,47.940375,10088
1666.795962,46.690292,46.209625,10089
1666.828685,49.406291,48.752084,10090
1666.903902,43.540000,42.888417,10091
1666.980194,41.040708,40.390583,10092
1667.045850,74.351959,73.593042,10093
1667.109726,27.150375,26.855208,10094
1667.207062,29.377542,28.949375,10095
1667.263355,69.654667,68.762166,10096
1667.289174,45.410166,44.651541,10097
1667.292918,43.154417,42.438667,10098
1667.322275,71.717334,71.134292,10099
1667.365478,60.678625,60.103459,10100
1667.367163,38.794292,38.331708,10101
1667.468425,52.490667,51.890709,10103
1667.482593,68.219375,67.459291,10102
1667.503616,61.568792,60.864417,10104
1667.569605,42.574584,42.080500,10105
1667.679974,41.844542,41.236708,10106
1667.790393,41.143375,40.729208,10107
1667.903339,42.976208,42.418541,10108
1668.012663,41.174000,40.650459,10109
1668.049256,65.706083,64.957375,10110
1668.124134,41.534500,41.044500,10111
1668.179549,42.091584,41.632208,10112
1668.253685,59.992333,59.350375,10113
1668.304635,40.737084,40.231042,10114
1668.379303,74.498375,73.950916,10115
1668.494164,78.264375,77.567583,10116
1668.548617,46.418750,45.866334,10117
1668.566639,39.589667,38.991167,10118
1668.616291,64.568291,63.863917,10119
1668.671567,33.450667,32.916625,10120
1668.710794,56.849625,56.257250,10121
1668.762882,40.541083,40.023083,10122
1668.807328,58.043125,57.425083,10123
1668.896678,36.295000,35.663541,10124
1669.053118,81.565167,80.070667,10125
1669.101584,82.940084,82.229875,10126
1669.168621,85.966126,85.051167,10127
1669.270812,93.241750,92.771000,10128
1669.281435,87.654583,86.720959,10129
1669.387877,83.016500,82.163958,10130
1669.427213,95.995375,95.186583,10131
1669.497100,80.420667,79.539834,10132
1669.583994,79.268000,78.525416,10133
1669.615915,88.779834,87.910084,10134
1669.716581,115.666250,114.944084,10135
1669.736161,116.315500,115.662750,10136
1669.764730,126.393750,125.747416,10137
1669.785460,82.804750,82.074416,10138
1669.829151,79.944958,79.226584,10139
1669.914177,53.811625,53.185708,10140
1670.025762,54.268959,53.657625,10141
1670.052050,43.961458,43.347792,10142
1670.124449,41.847750,41.167000,10143
1670.236287,42.602875,42.166834,10144
1670.267149,55.304083,54.539625,10145
1670.307695,42.303333,41.719417,10146
1670.341331,36.565083,36.229375,10147
1670.412141,27.528958,27.016791,10148
1670.456972,41.063167,40.345083,10149
1670.547841,34.296791,33.755750,10150
1670.599855,72.795334,72.186041,10151
1670.681777,43.641208,43.108042,10152
1670.767679,43.651416,43.179792,10153
1670.799117,49.865375,49.294292,10154
1670.810653,41.346958,40.805042,10155
1670.900174,39.815417,39.280792,10156
1670.943858,31.704750,31.249459,10157
1671.011509,40.040291,39.527250,10158
1671.109907,27.342584,26.937750,10159
1671.234680,40.974501,40.500542,10160
1671.350521,45.719916,45.193459,10161
1671.445960,30.059166,29.432375,10162
1671.504645,80.047042,79.251959,10163
1671.574071,47.021625,46.507416,10164
1671.635722,53.769917,53.054458,10165
1671.679759,38.838917,38.450416,10167
1671.701554,63.397250,62.814208,10166
1671.781530,46.057083,45.436417,10169
1671.789438,67.098500,66.535292,10168
1671.815812,66.564750,65.942625,10170
1671.887411,27.063167,26.596791,10171
1672.010490,39.046583,38.519250,10172
1672.110840,28.255500,27.558125,10173
1672.240491,57.996750,57.447833,10174
1672.250586,59.647583,59.035375,10176
1672.271795,83.266167,82.493834,10175
1672.277142,83.452250,83.055583,10177
1672.326396,30.694417,30.173208,10178
1672.381373,76.564542,75.833334,10179
1672.442724,26.807666,26.517750,10180
1672.567347,40.288209,39.629625,10181
1672.595369,24.890834,24.601208,10182
1672.658799,39.435083,38.902500,10183
1672.687595,49.397250,48.796417,10184
1672.763133,56.141750,55.362417,10185
1672.809966,60.722667,60.160042,10186
1672.897911,37.564917,37.064125,10187
1672.927317,61.278292,60.444416,10188
1672.938802,52.143292,51.324875,10189
1673.006990,35.524417,34.996500,10190
1673.130697,48.123833,47.525625,10191
1673.221930,28.245000,27.640958,10192
1673.263862,39.474458,38.810334,10193
1673.345461,41.213375,40.782000,10194
1673.365333,60.511791,59.843875,10195
1673.459095,43.168416,42.669375,10196
1673.530899,50.082959,49.471333,10197
1673.572285,45.245667,44.474500,10198
1673.709647,71.503542,70.984375,10199
1673.792080,42.809375,42.228958,10200
1673.896923,36.563041,36.040083,10201
1674.087785,93.557917,92.817959,10203
1674.088464,116.994792,115.039751,10202
1674.138274,117.319708,116.817750,10204
1674.160025,98.186959,97.753250,10205
1674.252226,169.599500,168.849625,10206
1674.304309,109.750375,108.853500,10207
1674.320950,100.747500,96.888167,10208
1674.380944,75.334584,74.792667,10209
1674.485065,90.010958,89.330500,10210
1674.512930,96.809709,94.068041,10211
1674.599323,85.711500,84.981459,10212
1674.617970,90.819458,89.945334,10213
1674.708810,69.246334,68.681083,10214
1674.795947,46.721792,45.965500,10215
1674.889310,40.655125,40.251750,10216
1674.922178,61.824875,61.170666,10217
1675.010920,39.451125,38.952083,10218
1675.098941,39.309375,38.810917,10219
1675.128157,34.973167,34.212792,10221
1675.143741,61.163959,60.439750,10220
1675.225548,31.884125,31.552209,10223
1675.232661,66.020500,65.584458,10222
1675.321341,51.750417,51.141709,10225
1675.330354,63.714292,63.023917,10224
1675.345478,40.676709,40.066542,10226
1675.406154,36.072167,35.422042,10227
1675.446135,30.270333,29.707708,10229
1675.462534,61.017542,60.396875,10228
1675.512595,44.817500,44.264209,10230
1675.556637,41.960625,41.352791,10231
1675.573163,54.778208,54.182917,10232
1675.600902,73.914459,73.387125,10233
1675.674329,36.210125,35.468708,10234
1675.776373,27.108959,26.655709,10235
1675.890056,29.622542,29.135458,10236
1675.987220,37.473916,36.772458,10237
1676.034402,62.938167,62.451958,10238
1676.094205,39.977292,39.158292,10240
1676.095327,66.219417,65.629958,10239
1676.131233,48.650001,47.980333,10241
1676.235679,41.989500,41.526625,10242
1676.272897,52.065416,51.291041,10243
1676.303715,44.718333,44.081625,10244
1676.334286,29.507333,29.227916,10245
1676.462364,46.450250,45.956750,10246
1676.565185,46.566334,46.046875,10247
1676.570695,43.703334,43.022875,10248
1676.696090,57.956791,57.254458,10249
1676.702597,35.305958,34.708625,10251
1676.709933,60.041625,59.332292,10250
1676.764404,45.877417,45.317417,10253
1676.779571,72.340917,71.589875,10252
1676.817816,41.533917,40.836250,10255
1676.826298,77.053959,76.432417,10254
1676.907193,46.841958,46.169084,10256
1676.933281,40.387083,39.809583,10257
1677.019419,47.982083,47.554209,10258
1677.047408,41.523125,40.959334,10259
1677.138382,55.808375,55.278417,10260
1677.166753,51.338292,50.653166,10261
1677.218051,65.303291,64.706542,10262
1677.223591,41.215417,40.354708,10263
1677.246309,52.633583,52.034500,10264
1677.279734,41.624625,41.201125,10265
1677.341839,37.019792,36.262916,10267
1677.345054,46.272042,45.698333,10266
1677.432450,63.864208,63.330167,10268
1677.439198,65.380875,64.185041,10269
1677.448283,54.700042,54.214125,10270
1677.498892,94.019625,93.272959,10271
1677.527941,112.005542,111.285709,10272
1677.576152,49.112000,48.472959,10275
1677.591257,164.742959,164.307209,10273
1677.627172,71.763125,71.137500,10276
1677.630648,51.472458,50.943084,10277
1677.655349,218.726958,218.099584,10274
1677.682650,44.541000,43.775375,10282
1677.736689,153.594000,152.880583,10278
1677.736709,52.516334,52.112083,10284
1677.754896,76.732833,76.135208,10283
1677.793870,210.523834,209.949542,10279
1677.858311,92.120875,51.462542,10289
1677.858853,275.011334,274.418083,10280
1677.875287,126.085458,85.153541,10287
1677.961301,347.545625,299.268083,10281
1677.966172,105.823083,64.627208,10291
1677.967139,138.590084,97.626667,10290
1677.998228,312.816000,271.379500,10285
1678.052302,340.640417,299.216166,10286
1678.087146,120.459500,78.254167,10294
1678.097262,125.794375,84.149041,10295
1678.121305,367.691333,326.393667,10288
1678.181253,307.386625,265.524292,10292
1678.200309,125.795542,84.185791,10298
1678.208243,121.068792,80.448667,10299
1678.219143,300.293292,299.629167,10293
1678.265163,234.626583,234.053750,10296
1678.279108,97.821209,57.006250,10302
1678.298311,97.960334,57.099875,10303
1678.319873,281.222667,280.344751,10297
1678.344577,68.023667,67.536292,10305
1678.369304,64.426542,63.592667,10306
1678.378508,240.080167,239.514917,10300
1678.473914,57.944542,57.405833,10307
1678.500577,79.861833,79.205584,10308
1678.501159,351.640334,310.487334,10301
1678.541635,59.465292,58.613917,10309
1678.563175,351.434417,310.928334,10304
1678.580883,53.900875,50.376083,10310
1678.601817,39.547375,38.995834,10311
1678.615721,50.031334,49.449458,10312
1678.667582,31.671500,31.166041,10313
1678.696600,58.401584,57.794917,10314
1678.723951,61.989083,61.061292,10315
1678.762849,48.430084,47.919958,10316
1678.790347,41.092041,40.476333,10318
1678.808842,65.005500,64.356541,10317
1678.904774,54.588333,53.977000,10319
1678.912548,52.191708,51.654459,10320
1679.069130,97.648250,95.980792,10321
1679.129246,127.863167,127.029291,10322
1679.150160,124.546625,123.938500,10323
1679.167825,93.596125,92.701000,10324
1679.257920,181.206958,180.648125,10325
1679.306497,112.362833,111.619083,10329
1679.343523,126.873250,126.033833,10330
1679.395855,316.089083,313.961375,10326
1679.468980,151.748042,149.055667,10333
1679.508147,164.590416,123.059417,10335
1679.525094,442.899625,441.728583,10327
1679.635270,166.222000,124.991417,10337
1679.650368,142.195667,100.748667,10338
1679.657186,574.376250,572.671459,10328
1679.775975,476.943834,476.161000,10331
1679.802305,167.007167,125.017084,10340
1679.847308,196.899208,155.891750,10341
1679.857894,553.082542,552.410542,10332
1679.891198,115.201333,73.227875,10343
1679.919151,71.807750,71.174250,10345
1679.960368,636.082417,592.648583,10334
1679.961122,41.952750,41.169334,10348
1679.962162,104.235833,63.063583,10346
1679.989967,594.092333,593.200126,10336
1680.057127,96.719292,55.346084,10349
1680.078240,117.090458,75.815250,10350
1680.087355,562.236792,521.206001,10339
1680.119145,461.920083,420.567584,10342
1680.143397,341.055750,340.578291,10344
1680.176254,97.994167,57.103666,10354
1680.184296,127.144500,85.710333,10353
1680.212321,321.082708,279.741584,10347
1680.239178,95.764375,95.268250,10357
1680.264296,302.118833,261.089500,10351
1680.305231,128.951667,88.043667,10358
1680.312201,322.212042,281.107167,10352
1680.360323,121.118959,79.998625,10361
1680.362377,274.982750,233.724167,10355
1680.392311,95.433625,53.754458,10362
1680.394295,275.125667,233.779876,10356
1680.460333,99.970500,58.783958,10365
1680.464231,279.890626,239.099292,10359
1680.491380,125.720292,84.589459,10366
1680.516285,303.920167,262.594500,10360
1680.521955,86.550333,85.654916,10368
1680.563357,102.983417,61.954667,10369
1680.571300,266.028583,225.027541,10363
1680.599214,286.984542,246.295292,10364
1680.631131,104.106042,63.457917,10373
1680.643298,227.393542,186.159167,10367
1680.677230,68.796584,68.283833,10374
1680.703155,238.882000,198.058584,10370
1680.717423,82.157250,81.596958,10375
1680.724319,46.841959,46.014209,10377
1680.791147,289.185167,247.031458,10371
1680.792865,43.555167,42.991667,10379
1680.829813,77.553000,76.543834,10380
1680.848224,331.902083,290.455375,10372
1680.877169,53.818042,52.845625,10382
1680.909311,271.177959,229.537875,10376
1680.933908,77.920209,74.796167,10383
1680.938188,246.444625,245.590041,10378
1680.956648,76.111291,75.578125,10385
1681.006886,228.074584,226.613917,10381
1681.036501,65.036417,64.551667,10386
1681.057027,196.414750,195.949542,10384
1681.059396,80.500000,79.935626,10387
1681.096116,79.070833,78.262917,10388
1681.117825,35.231875,34.592542,10389
1681.169162,39.589083,39.073709,10390
1681.202643,57.457750,56.671125,10391
1681.231635,37.939709,37.310000,10392
1681.278838,25.874042,25.349625,10393
1681.330616,25.816875,25.312583,10394
1681.423095,44.458167,43.729292,10396
1681.430506,79.380291,78.736583,10395
1681.443366,54.509000,53.753000,10397
1681.469483,53.559042,52.824625,10398
1681.508644,64.410792,63.947333,10400
1681.515580,45.893458,45.366708,10401
1681.543612,126.976500,126.456750,10399
1681.576418,49.431375,48.675084,10402
1681.625809,38.399375,37.484416,10404
1681.661508,81.130583,76.629583,10403
1681.688896,50.795209,50.228792,10406
1681.698107,70.761542,70.075250,10405
1681.702784,62.747417,62.245458,10407
1681.740231,64.951834,64.281000,10408
1681.769326,61.294042,60.565166,10409
1681.783377,34.157958,33.579875,10410
1681.895801,50.458625,50.000417,10411
1681.923843,63.486792,62.768125,10412
1681.931103,69.564250,69.012125,10413
1681.963137,68.474875,67.470375,10414
1682.008736,61.254375,60.609791,10415
1682.019255,47.776166,47.053125,10417
1682.029608,63.784292,63.111708,10416
1682.120488,37.926292,37.633167,10418
1682.232180,38.491542,37.768209,10420
1682.237659,46.104333,45.733042,10419
1682.314790,51.756541,48.362709,10421
1682.356092,51.250500,50.579667,10422
1682.363429,57.754375,57.286542,10423
1682.396279,52.763084,52.129000,10424
1682.437551,67.369459,66.808292,10425
1682.446109,59.574375,58.899459,10426
1682.487985,72.030875,71.232583,10427
1682.530920,106.792875,106.134875,10428
1682.568219,41.202000,40.867167,10429
1682.685554,47.384166,46.761750,10430
1682.733148,63.882875,63.163625,10431
1682.745339,62.735458,61.983541,10432
1682.749872,49.766792,49.141458,10433
1682.789649,87.554542,86.740209,10434
1682.801266,52.059292,51.442125,10435
1682.844300,31.154375,30.580667,10436
1682.901851,41.466833,40.945334,10437
1682.986176,40.107375,39.386375,10438
1683.023520,52.045291,51.415292,10439
1683.048209,61.119334,60.564000,10440
1683.055386,56.318500,55.710083,10441
1683.120094,55.718834,55.087084,10442
1683.156914,74.328625,73.686376,10443
1683.172339,59.988250,59.227000,10444
1683.188429,47.003250,46.537167,10445
1683.247888,54.198375,53.852166,10446
1683.299288,34.459542,34.108375,10448
1683.325371,80.159334,79.656792,10447
1683.359628,54.868042,52.712625,10449
1683.373936,61.807958,61.263125,10450
1683.398090,77.458208,76.814209,10451
1683.478959,48.337042,47.909167,10453
1683.492757,61.885542,61.528250,10454
1683.504885,88.972625,88.378500,10452
1683.547888,103.426167,102.784500,10455
1683.579058,90.012708,89.325542,10456
1683.590149,70.027125,69.350458,10457
1683.619505,92.522208,91.718666,10458
1683.648886,57.397959,56.843208,10461
1683.688589,99.586375,98.087500,10460
1683.707962,168.854292,168.219625,10459
1683.743173,66.647583,65.872917,10464
1683.755135,65.688000,65.114583,10465
1683.787433,184.204125,183.227626,10462
1683.797317,48.123250,47.713459,10467
1683.835938,197.808917,197.155001,10463
1683.883643,46.310250,45.586625,10469
1683.891840,201.508417,201.108250,10466
1683.923713,67.714792,67.200584,10470
1683.932784,178.747042,178.139792,10468
1683.969658,109.290417,108.623375,10471
1684.091167,119.678125,118.070166,10472
1684.126436,125.857958,125.404708,10473
1684.139958,123.830000,123.223042,10474
1684.174235,141.568584,139.676834,10475
1684.286154,227.127833,225.390667,10476
1684.307079,113.321542,108.258500,10479
1684.383621,155.451625,152.652208,10480
1684.406277,323.694584,322.469584,10477
1684.440512,138.163083,137.501292,10481
1684.521712,407.726083,406.223709,10478
1684.585196,168.014292,125.496875,10486
1684.627733,322.938584,322.033833,10482
1684.628267,155.376083,114.481792,10488
1684.732966,410.740750,409.936625,10483
1684.736208,150.989709,108.586916,10490
1684.782326,154.554750,111.694042,10491
1684.841657,509.687209,509.035917,10484
1684.877300,144.303250,101.954416,10493
1684.909585,553.155459,550.918375,10485
1684.927223,144.860917,102.729375,10495
1684.946304,104.628125,63.713125,10496
1685.002211,580.920376,539.547459,10487
1685.020922,499.170000,496.370875,10489
1685.043237,115.994666,74.860916,10499
1685.051212,141.603000,98.725083,10498
1685.108179,105.932167,64.674459,10501
1685.119335,491.034833,447.875750,10492
1685.146224,125.260625,82.674375,10502
1685.175307,439.074417,397.375125,10494
1685.219129,99.755251,57.694875,10506
1685.227234,119.030042,78.255333,10505
1685.230248,352.914042,311.912417,10497
1685.309268,81.992750,40.587750,10510
1685.321210,374.872751,333.619709,10500
1685.339297,120.144208,79.018917,10509
1685.379351,336.085167,294.746084,10503
1685.420300,110.992583,69.925917,10512
1685.433309,112.058917,70.608708,10513
1685.439374,388.110334,346.460042,10504
1685.464381,84.977084,43.918584,10515
1685.479281,333.014501,291.273792,10507
1685.518159,97.827917,56.453542,10516
1685.543323,367.979208,326.505083,10508
1685.552256,118.911625,78.123209,10517
1685.603295,123.972333,82.300167,10520
1685.604151,373.876709,330.443167,10511
1685.618451,100.262166,58.592916,10521
1685.652141,312.809000,271.091333,10514
1685.685274,81.092084,40.145292,10525
1685.726303,286.888000,245.857500,10518
1685.745281,141.939875,100.557041,10524
1685.761301,109.135250,68.171833,10527
1685.788320,103.009666,61.879708,10528
1685.840270,113.940750,72.964209,10529
1685.845313,99.997333,58.773458,10530
1685.848330,304.963750,264.094834,10522
1685.878217,325.931666,285.009375,10523
1685.930169,311.681126,270.513251,10526
1685.966288,125.991542,84.469584,10533
1685.968225,122.878000,81.240542,10534
1685.983295,518.875000,477.161417,10519
1686.045203,283.867792,242.258917,10531
1686.063313,133.119291,92.137791,10537
1686.070138,281.787917,240.220459,10532
1686.076310,109.979917,68.384459,10538
1686.144250,295.874542,254.230959,10535
1686.160147,96.798334,55.343750,10542
1686.170156,124.934250,84.326083,10541
1686.223202,344.949792,301.632917,10536
1686.234336,90.054708,48.938167,10545
1686.244170,84.006417,43.600083,10546
1686.291336,323.070708,280.994292,10539
1686.339283,116.060875,74.920417,10548
1686.348149,113.784709,71.771292,10549
1686.358232,374.900750,333.461625,10540
1686.409135,338.977916,298.018875,10543
1686.441309,93.133834,51.666709,10553
1686.473199,133.872958,92.641792,10552
1686.497290,420.944125,379.632750,10544
1686.508304,99.143333,58.030875,10555
1686.541306,99.952709,58.931541,10556
1686.570189,96.949709,55.508833,10557
1686.586175,415.996001,374.812083,10547
1686.607226,98.883167,54.592417,10559
1686.643142,101.790208,59.385084,10560
1686.647220,403.027334,361.840792,10550
1686.682305,112.080500,70.466084,10561
1686.726208,434.835917,393.453084,10551
1686.734146,126.882583,85.474667,10563
1686.741164,98.008750,57.539125,10564
1686.791124,432.870376,391.787667,10554
1686.828293,94.125208,53.104334,10568
1686.839310,113.062542,71.694000,10567
1686.866294,368.959501,327.267792,10558
1686.886151,95.007791,54.189334,10570
1686.924251,95.924208,54.640542,10571
1686.940302,354.104625,312.456375,10562
1686.960296,93.961000,52.535291,10573
1687.011175,125.002208,83.802833,10574
1687.014359,90.064333,48.808083,10575
1687.015253,367.992917,326.996250,10565
1687.051294,368.956292,328.014166,10566
1687.122280,111.065500,70.050167,10578
1687.123171,108.778541,67.397458,10579
1687.132333,391.146875,348.806792,10569
1687.193340,353.993500,312.877541,10572
1687.228246,105.928083,64.363542,10582
1687.237162,113.971375,72.008416,10583
1687.285278,91.906209,50.937833,10585
1687.287280,346.944500,306.090750,10576
1687.316310,88.040750,46.891250,10586
1687.341304,380.970042,339.827250,10577
1687.394305,108.987666,68.082292,10588
1687.406253,118.849792,77.651875,10589
1687.417945,402.665667,359.857751,10580
1687.457300,405.965875,364.480083,10581
1687.519163,124.819625,83.564833,10592
1687.527326,121.045750,80.155541,10593
1687.530333,397.952625,356.766667,10584
1687.555295,318.105667,276.658375,10587
1687.613270,94.080292,53.065833,10596
1687.622244,305.897083,260.780916,10590
1687.633142,105.783125,64.019375,10597
1687.683302,341.958167,301.030041,10591
1687.690157,76.849792,36.239875,10600
1687.728324,106.059334,65.184583,10601
1687.749174,331.190125,289.709292,10594
1687.772306,88.960958,47.808250,10603
1687.786364,96.184666,55.059958,10604
1687.819251,361.912250,320.973625,10595
1687.872296,123.099958,81.909333,10606
1687.886251,355.880583,309.820000,10598
1687.895369,123.018292,81.459583,10607
1687.917136,361.804333,319.929458,10599
1687.983187,96.912083,55.741000,10611
1687.993313,120.974584,80.216208,10610
1688.000197,367.040625,326.197084,10602
1688.008502,280.142042,279.030792,10605
1688.101120,107.781042,66.727500,10615
1688.107166,123.941125,83.122083,10614
1688.113334,326.923917,285.436959,10608
1688.183302,364.025375,322.849626,10609
1688.207289,106.143917,63.946750,10618
1688.230140,122.950916,81.934125,10619
1688.240158,344.753500,304.099834,10612
1688.295301,111.959458,71.195250,10621
1688.309143,391.986584,349.752375,10613
1688.310299,102.969417,61.177083,10622
1688.366323,366.095625,325.321792,10616
1688.373411,364.867125,364.034709,10617
1688.430198,134.857625,93.498416,10625
1688.438218,129.047333,87.583708,10626
1688.467274,353.898417,312.837875,10620
1688.532275,102.039291,61.031542,10630
1688.541304,311.137750,269.941584,10623
1688.549243,110.987917,70.354958,10631
1688.589205,349.027291,307.736625,10624
1688.631285,98.980583,58.128291,10633
1688.650311,339.974541,299.099791,10627
1688.653300,111.954500,70.619791,10634
1688.700322,333.953375,292.219375,10628
1688.717121,85.803083,44.586501,10637
1688.753309,379.858209,338.912875,10629
1688.757318,106.971376,66.138042,10638
1688.802296,101.937208,61.057791,10640
1688.811233,343.935667,302.662792,10632
1688.818386,101.237208,59.864875,10641
1688.851313,302.027250,259.706417,10635
1688.909275,320.033876,279.131126,10636
1688.922299,111.040708,69.556084,10645
1688.929169,126.837959,85.880958,10644
1688.987307,333.970000,282.862125,10639
1689.035381,126.065916,85.039792,10648
1689.047158,124.822833,82.849375,10649
1689.066631,313.278291,270.979917,10642
1689.201339,443.979083,391.972291,10643
1689.215247,179.820083,137.424000,10652
1689.223045,175.816959,132.710667,10653
1689.286297,467.876791,426.637750,10646
1689.379455,164.173917,122.497667,10656
1689.389884,188.508834,146.918917,10655
1689.398623,547.268458,503.819167,10647
1689.492245,563.059001,521.271625,10650
1689.557289,177.789500,136.240417,10659
1689.566360,176.452208,132.904625,10660
1689.603234,615.909001,574.396958,10651
1689.722633,165.314625,123.340000,10663
1689.727425,161.044917,119.831250,10664
1689.733308,666.644417,623.912625,10654
1689.833360,610.281876,568.602417,10657
1689.868228,140.784875,98.858667,10667
1689.875249,152.576084,111.094375,10666
1689.897310,610.982167,568.936959,10658
1689.946268,112.874709,71.731333,10669
1689.961289,562.624125,521.803334,10661
1689.967282,99.026667,58.414125,10670
1690.038326,546.056292,504.567583,10662
1690.053196,106.904292,64.689625,10673
1690.060350,99.021125,57.883583,10674
1690.092340,489.084458,447.706875,10665
1690.133249,94.890834,53.586167,10676
1690.166177,112.960750,71.740667,10677
1690.166196,432.871251,391.622000,10668
1690.205303,112.922541,71.354208,10679
1690.241313,108.036541,66.918250,10680
1690.244361,369.089292,328.255376,10671
1690.288308,122.091667,80.680833,10682
1690.304150,98.812292,57.710916,10683
1690.308432,411.082292,370.026708,10672
1690.363322,395.996417,354.854209,10675
1690.398307,109.959500,68.460000,10686
1690.404258,343.867125,302.694875,10678
1690.420297,116.120959,74.748917,10687
1690.464292,100.933292,59.452167,10689
1690.475317,309.106000,267.812125,10681
1690.490232,91.898625,50.443750,10690
1690.528140,286.797000,246.153250,10684
1690.559141,94.810041,51.497542,10693
1690.574145,98.800333,57.441125,10694
1690.618269,373.870583,332.695417,10685
1690.644315,116.147500,75.346834,10696
1690.658298,99.131667,58.439791,10697
1690.669348,360.857583,318.915041,10688
1690.717275,98.967458,57.601834,10699
1690.729303,325.003000,284.204375,10691
1690.732354,87.997584,46.622625,10700
1690.793258,372.920917,331.843166,10692
1690.817146,99.836333,58.241167,10703
1690.821332,91.985542,50.451042,10704
1690.870248,379.989750,338.684500,10695
1690.910334,117.037667,75.505500,10706
1690.926301,109.129416,68.220250,10707
1690.931244,357.078167,316.443167,10698
1690.952211,81.920709,40.902459,10709
1690.997312,86.951083,46.144291,10710
1691.013358,355.027750,313.734459,10701
1691.038306,111.975208,70.869167,10711
1691.073096,403.706917,362.315334,10702
1691.101112,103.783459,62.522542,10714
1691.107310,93.913458,52.250625,10715
1691.141140,68.026000,27.413750,10717
1691.171264,438.865584,396.679501,10705
1691.194435,87.077958,46.039000,10719
1691.212228,111.097583,69.636000,10718
1691.232139,410.768167,369.202166,10708
1691.265199,93.891000,52.537917,10721
1691.300260,105.796541,64.877167,10722
1691.312250,380.983458,339.361459,10712
1691.340233,108.073583,67.232375,10724
1691.382249,429.998333,388.774458,10713
1691.386226,120.981875,79.795625,10725
1691.397346,97.048000,56.020417,10726
1691.439208,400.857334,359.081333,10716
1691.481212,98.940042,57.969625,10729
1691.495312,354.151292,313.296084,10720
1691.498262,111.991250,70.668500,10730
1691.528131,315.883459,274.859667,10723
1691.576300,95.054167,52.711166,10733
1691.594302,98.956666,57.971084,10734
1691.599142,286.870500,244.473542,10727
1691.639306,299.046417,257.543417,10728
1691.686212,288.815625,247.858917,10731
1691.690126,113.789375,72.859208,10737
1691.703324,108.984459,67.945792,10738
1691.753211,313.964000,273.289042,10732
1691.797202,107.058583,66.504959,10742
1691.802143,115.913292,73.557459,10741
1691.826301,328.016792,283.824917,10735
1691.873286,345.128584,304.204250,10736
1691.918322,121.077833,79.414709,10745
1691.919153,116.992458,76.011250,10746
1691.930325,331.153375,290.393250,10739
1691.985304,345.953417,303.798541,10740
1692.024202,105.032375,63.749292,10750
1692.039157,120.798125,78.832250,10749
1692.041288,337.921792,296.470125,10743
1692.089224,103.874167,62.357750,10752
1692.110291,357.032667,315.829209,10744
1692.121246,97.009792,56.156042,10753
1692.178315,351.972542,310.323708,10747
1692.197166,107.910250,66.940709,10756
1692.229209,355.879709,314.748875,10748
1692.229209,118.884792,77.355834,10757
1692.283244,352.888375,310.753042,10751
1692.291273,112.911750,71.467958,10759
1692.304293,107.102625,65.609834,10760
1692.331334,292.152001,251.264417,10754
1692.383260,91.944417,50.792292,10764
1692.404142,120.880959,80.278625,10763
1692.416289,374.960542,333.978459,10755
1692.465304,344.034834,303.280542,10758
1692.499225,269.996417,228.865583,10761
1692.521305,138.001208,96.314459,10767
1692.533152,128.994542,86.472458,10768
1692.552309,323.055541,281.313083,10762
1692.608140,108.896083,67.358958,10771
1692.617336,95.989834,54.538459,10772
1692.618369,314.036333,272.673917,10765
1692.656318,324.938833,283.879167,10766
1692.691313,274.981875,233.579208,10769
1692.740246,122.866625,81.635750,10776
1692.746320,280.972708,239.280417,10770
1692.748161,140.001750,98.901834,10775
1692.784309,251.138125,210.087500,10773
1692.845286,105.003500,64.105417,10780
1692.848279,295.927333,254.746042,10774
1692.865359,118.998250,77.759208,10781
1692.909224,290.827542,246.487500,10777
1692.939353,94.025459,53.041042,10784
1692.948332,100.006084,59.126083,10785
1692.987116,330.762250,289.704917,10778
1693.026297,117.034750,75.699750,10787
1693.074394,135.012500,93.563750,10788
1693.074394,383.039708,341.413042,10779
1693.090317,103.173583,61.954375,10790
1693.111285,363.096417,321.796125,10782
1693.171196,386.846250,345.875542,10783
1693.182126,107.710166,66.600333,10792
1693.198325,123.884833,82.326417,10793
1693.221304,355.907126,314.707167,10786
1693.288289,339.915041,298.429541,10789
1693.296323,125.106916,84.142917,10796
1693.298200,116.049791,75.135375,10797
1693.336294,309.953291,268.178750,10791
1693.390136,93.772583,52.621333,10801
1693.400293,111.973750,70.596750,10800
1693.415308,324.948750,283.313333,10794
1693.466126,354.807250,311.118792,10795
1693.504420,103.982375,62.867000,10805
1693.506189,116.028500,74.770792,10804
1693.513204,314.836959,273.444208,10798
1693.561322,339.977166,298.207000,10799
1693.589285,123.132625,82.230750,10807
1693.609307,311.066292,269.789042,10802
1693.638345,133.897167,92.693708,10808
1693.652310,90.941084,49.529667,10811
1693.671316,334.980334,294.084001,10803
1693.721122,82.743208,42.037625,10814
1693.732207,122.854667,81.951625,10813
1693.743253,327.908583,286.549959,10806
1693.794297,288.077125,246.756126,10809
1693.818244,97.098167,56.508958,10817
1693.849298,117.050500,75.991125,10818
1693.863281,350.044625,308.686875,10810
1693.896239,101.910959,60.446750,10820
1693.931134,341.812333,299.991416,10812
1693.939331,121.046917,80.301084,10821
1693.957299,93.980542,52.505250,10823
1693.978288,325.943334,281.693417,10815
1694.056286,384.927667,343.627375,10816
1694.080474,149.313500,108.155250,10825
1694.095893,156.527000,114.162125,10826
1694.171251,427.976791,385.521208,10819
1694.232132,175.810541,134.419250,10829
1694.248647,168.133875,126.621250,10830
1694.272411,423.072417,381.108291,10822
1694.403146,170.995417,129.091083,10833
1694.405295,509.040584,468.216000,10824
1694.411196,162.501501,121.218709,10834
1694.504314,546.973000,502.586584,10827
1694.576281,173.099792,132.153583,10836
1694.580231,174.907833,132.929708,10837
1694.615306,636.985708,595.413875,10828
1694.745209,649.280042,607.890792,10831
1694.749318,169.052916,126.951125,10841
1694.753266,176.964084,136.796917,10840
1694.846158,674.888083,633.780292,10832
1694.895306,150.072708,108.980375,10843
1694.900286,150.931667,108.396459,10844
1694.910396,637.946166,596.492750,10835
1694.956172,544.944750,501.138167,10838
1694.990131,89.808833,48.150959,10848
1695.011255,115.913875,74.676292,10847
1695.030292,525.948209,482.480542,10839
1695.060297,104.083292,62.666042,10850
1695.097389,107.233583,66.287667,10851
1695.114289,498.950084,457.354625,10842
1695.130306,99.976333,58.450875,10853
1695.174292,113.955333,73.164000,10854
1695.185367,432.080250,390.510751,10845
1695.190559,93.140542,51.346750,10855
1695.227113,380.934459,339.250917,10846
1695.267326,92.991208,51.618000,10858
1695.289132,103.743209,62.676250,10859
1695.308312,397.891958,356.818000,10849
1695.324308,97.171083,56.535500,10861
1695.380143,368.865875,326.961541,10852
1695.385452,118.072209,76.466542,10862
1695.386237,97.083292,56.054542,10863
1695.413238,298.908750,258.127917,10856
1695.478183,347.834083,306.886417,10857
1695.478202,98.039084,56.857500,10866
1695.497345,111.857667,70.844959,10867
1695.505214,314.620542,269.006792,10860
1695.556142,247.803500,207.117167,10864
1695.588246,110.019291,68.772375,10871
1695.608300,130.082166,88.356625,10870
1695.621147,296.803500,256.120667,10865
1695.651405,95.225958,54.102709,10874
1695.689319,303.046334,258.841041,10868
1695.705262,116.974667,76.155333,10875
1695.729241,108.078542,67.605709,10877
1695.744305,331.044876,288.740376,10869
1695.787292,97.932625,57.115334,10879
1695.801240,303.855708,261.430167,10872
1695.810340,105.049000,63.634375,10880
1695.838425,333.171125,291.627876,10873
1695.897199,95.914875,54.658917,10884
1695.906251,118.922708,77.242083,10883
1695.913315,304.972792,263.916334,10876
1695.960285,308.822209,267.087334,10878
1696.013206,106.933750,65.905000,10888
1696.015256,118.020291,77.320542,10887
1696.026238,296.971500,256.369167,10881
1696.103197,89.952333,48.957416,10891
1696.107249,362.904500,321.261791,10882
1696.126158,110.885833,69.617042,10892
1696.150243,339.865458,298.764959,10885
1696.215243,112.005834,70.640792,10894
1696.218214,379.744458,337.313958,10886
1696.226340,119.067667,78.098125,10895
1696.252309,338.949333,297.719042,10889
1696.316240,355.926375,314.029625,10890
1696.325280,107.029125,65.742833,10899
1696.345330,130.045125,88.973208,10898
1696.354290,328.013584,286.961208,10893
1696.422230,105.961625,65.122167,10902
1696.425296,299.113209,257.803583,10896
1696.443301,117.995209,77.184042,10903
1696.480137,329.877333,289.159208,10897
1696.536203,113.949208,72.496083,10906
1696.545352,120.019958,78.407583,10907
1696.556350,329.964834,288.703042,10900
1696.584213,331.863000,290.921167,10901
1696.642204,105.971542,64.521041,10910
1696.657305,311.928167,269.754333,10904
1696.663293,117.898959,76.422500,10911
1696.703287,348.961083,307.935542,10905
1696.742226,99.989458,59.125792,10914
1696.746139,302.804833,261.169708,10908
1696.782205,124.857542,83.405875,10915
1696.802287,322.123959,281.105125,10909
1696.824305,120.992666,80.189084,10917
1696.854170,111.925333,71.244542,10918
1696.862141,305.748625,264.998416,10912
1696.896281,93.952250,52.390625,10921
1696.940196,355.947667,314.726125,10913
1696.943291,118.942541,76.658459,10922
1696.979311,117.143834,76.378458,10924
1696.983132,319.799084,278.644625,10916
1697.029112,85.785875,45.199000,10927
1697.047215,301.050459,260.473500,10919
1697.066260,126.042292,85.050875,10926
1697.091391,309.133125,268.204417,10920
1697.145223,116.086251,74.702833,10930
1697.148142,100.890125,58.531376,10931
1697.167320,313.129833,272.026708,10923
1697.210238,313.920834,272.401500,10925
1697.266105,286.759959,243.451542,10928
1697.273252,125.087667,84.282042,10935
1697.275364,130.095584,88.494292,10934
1697.295301,312.143417,270.844001,10929
1697.362209,295.923541,254.688875,10932
1697.366476,93.196833,51.955750,10939
1697.373167,107.045458,65.437167,10938
1697.409212,317.777833,276.369625,10933
1697.466279,104.027000,63.097125,10942
1697.479310,112.784292,70.923416,10943
1697.481293,313.937167,266.927500,10936
1697.530299,320.037958,278.762458,10937
1697.582147,115.829875,74.884833,10946
1697.584456,105.103542,63.522084,10947
1697.601315,325.899875,284.193584,10940
1697.666201,370.863792,329.539000,10941
1697.692359,110.189334,69.241958,10950
1697.705340,120.844500,79.346750,10951
1697.737145,363.954500,321.982500,10944
1697.771344,105.116375,64.103667,10953
1697.798589,389.331542,347.663750,10945
1697.834204,141.804833,100.790667,10954
1697.852204,370.888001,324.198875,10948
1697.861195,124.029792,82.875334,10956
1697.920121,121.494333,78.993541,10958
1697.920165,389.832917,348.591251,10949
1697.930338,96.092792,54.725708,10959
1697.965150,363.792625,322.758042,10952
1698.009133,88.961833,47.948833,10963
1698.026263,320.889333,277.244625,10955
1698.032211,112.068833,70.520625,10962
1698.065208,293.820625,250.495583,10957
1698.111194,84.904458,43.474083,10967
1698.121122,268.877875,224.232458,10960
1698.130323,121.165916,79.999500,10966
1698.150208,288.968750,248.268708,10961
1698.202300,81.154208,40.603209,10971
1698.218247,287.866833,246.186791,10964
1698.232221,121.002875,80.116750,10970
1698.248137,282.964791,242.366833,10965
1698.306142,103.807375,62.815083,10974
1698.311306,279.042750,237.376709,10968
1698.325162,106.890292,66.319750,10975
1698.355310,290.058708,249.374417,10969
1698.413145,106.986834,66.390625,10978
1698.421324,290.955292,249.764667,10972
1698.425270,113.917709,72.579791,10979
1698.469138,318.898417,278.074125,10973
1698.535332,303.065000,261.567542,10976
1698.538294,116.927417,75.705584,10983
1698.540328,127.157042,86.136167,10982
1698.572136,323.976625,282.479459,10977
1698.642212,103.899250,63.056875,10987
1698.648284,112.905625,72.136750,10986
1698.651345,326.159458,285.081709,10980
1698.724231,368.869084,327.652208,10981
1698.728298,86.065583,45.051708,10990
1698.744243,95.907583,54.289958,10991
1698.785315,359.994250,318.722251,10984
1698.845142,375.984292,334.653666,10985
1698.846158,117.831292,76.465084,10994
1698.859208,134.957375,93.702000,10993
1698.900143,359.788333,318.766875,10988
1698.948195,103.028333,61.750209,10997
1698.953170,106.999084,65.678084,10998
1698.961292,389.135250,346.572042,10989
1699.048027,396.645959,354.517042,10992
1699.109211,160.984541,119.569917,11001
1699.124939,171.750541,130.034917,11002
1699.161084,416.798667,373.734375,10995
1699.249173,139.935250,97.282209,11005
1699.276300,490.943834,449.455709,10996
1699.298686,173.718709,131.965167,11006
1699.393296,144.105208,103.267500,11008
1699.404998,545.762292,504.105876,10999
1699.456330,179.997709,136.722250,11009
1699.510600,610.436167,568.970792,11000
1699.537393,144.066125,100.983167,11011
1699.605697,149.331875,107.036125,11013
1699.622342,661.028084,619.807126,11003
1699.670339,159.713750,117.790750,11014
1699.730173,682.125500,638.839542,11004
1699.762303,156.578917,114.750417,11016
1699.839112,168.740250,127.537083,11018
1699.854538,693.424375,650.870208,11007
1699.879298,149.100876,107.495500,11019
1699.908142,609.417667,567.593250,11010
1699.955219,550.130000,508.429542,11012
1699.977280,122.701834,81.210500,11022
1699.980149,141.017334,100.516209,11021
1700.002144,464.726209,422.534584,11015
1700.058269,435.890001,395.027792,11017
1700.058269,103.032125,62.360083,11025
1700.071420,94.091375,52.519542,11026
1700.104312,341.965167,299.177083,11020
1700.157126,277.794125,237.028750,11023
1700.170352,112.060667,70.438959,11029
1700.184324,126.022750,84.840000,11030
1700.226328,318.160208,277.269416,11024
1700.254303,97.148333,56.129792,11033
1700.284149,113.761375,72.927750,11034
1700.290300,310.123334,269.012625,11027
1700.342253,87.913000,47.035334,11037
1700.343095,116.732000,75.592417,11036
1700.362303,360.132500,319.206417,11028
1700.409296,337.836917,296.832959,11031
1700.450250,107.139958,65.902083,11041
1700.464200,359.841125,318.748791,11032
1700.484222,141.939875,100.627333,11040
1700.532300,347.934708,301.557958,11035
1700.533205,123.817167,82.250292,11043
1700.548339,98.044625,57.225000,11044
1700.574125,289.955750,249.398042,11038
1700.611315,78.076250,37.172333,11048
1700.657123,82.978584,42.428750,11050
1700.671290,380.947292,337.534458,11039
1700.673428,141.094334,99.598917,11047
1700.713306,350.959876,309.937250,11042
1700.756205,99.063416,57.900500,11052
1700.770147,98.826292,57.006542,11053
1700.789248,115.804500,75.204209,11054
1700.853283,369.014917,327.732709,11046
1700.871257,101.085541,60.100542,11057
1700.873132,116.911667,75.752542,11056
1700.910146,361.777209,320.044083,11049
1700.969282,357.926042,316.386875,11051
1700.971285,117.963709,76.756167,11059
1700.978249,106.959417,65.521167,11060
1701.027210,562.975875,521.753459,11045
1701.073131,103.814667,62.669833,11063
1701.079154,107.831791,65.795916,11064
1701.100285,386.921500,345.508625,11055
1701.130207,340.936750,300.013875,11058
1701.176139,96.962833,55.406166,11068
1701.199306,126.147000,84.490875,11067
1701.200244,327.090167,286.103417,11061
1701.236160,325.992333,285.319417,11062
1701.289274,113.113292,71.597750,11071
1701.295176,95.831167,54.418875,11072
1701.330293,352.022709,310.479750,11065
1701.372228,344.982167,303.604000,11066
1701.408184,118.882750,77.954333,11075
1701.436235,141.032208,100.405959,11076
1701.443263,342.939042,301.608125,11069
1701.463154,90.905500,48.602459,11078
1701.515228,384.993292,343.656834,11070
1701.528413,328.138417,327.383292,11073
1701.529245,121.046333,79.426375,11079
1701.538210,101.954417,60.872000,11080
1701.594212,65.774917,65.076667,11084
1701.616424,101.161958,60.165000,11083
1701.649297,413.110833,372.132250,11074
1701.694178,99.925583,58.782792,11087
1701.714158,383.830125,342.210166,11077
1701.720227,103.757791,62.711833,11088
1701.770284,326.996542,285.551292,11081
1701.792353,98.131542,57.199917,11090
1701.807159,92.979541,52.570292,11091
1701.830317,367.138334,326.100833,11082
1701.879214,86.816333,46.051250,11094
1701.890321,119.994875,78.500625,11093
1701.900274,371.005541,329.275625,11085
1701.933352,395.115584,353.786416,11086
1701.980239,330.904292,290.029541,11089
1702.018289,127.918875,86.782208,11098
1702.025287,146.034001,104.296500,11097
1702.032291,312.022376,266.952292,11092
1702.056304,249.117167,208.492084,11095
1702.085318,105.053667,64.142750,11101
1702.106226,275.870000,234.842417,11096
1702.142115,123.788000,83.116542,11102
1702.171293,270.993333,229.362001,11099
1702.182141,125.809542,84.191334,11105
1702.224211,117.963417,76.806917,11107
1702.240361,306.969542,265.799917,11100
1702.251307,109.166167,67.833792,11108
1702.307296,281.966416,240.237958,11103
1702.338325,114.090084,73.459750,11111
1702.367279,126.877334,85.653458,11112
1702.369194,336.870625,295.644125,11104
1702.406255,98.915834,57.596583,11114
1702.446279,360.929917,318.086125,11106
1702.455163,116.800250,75.242125,11115
1702.459250,91.938000,51.008417,11116
1702.523344,352.014541,310.969458,11109
1702.558345,112.024209,70.843792,11119
1702.576307,121.117792,80.405500,11120
1702.588146,405.983959,364.122792,11110
1702.611715,360.369917,359.666708,11113
1702.659247,135.868542,94.682583,11122
1702.671201,112.817834,71.334083,11123
1702.726313,357.078167,315.763000,11117
1702.768296,97.054417,56.270958,11128
1702.770252,110.985584,69.522833,11127
1702.781211,374.917667,333.631084,11118
1702.839235,379.964375,337.121459,11121
1702.879292,110.953792,70.164791,11130
1702.881248,110.980625,69.820334,11131
1702.899307,322.956083,281.694292,11124
1702.939232,351.062834,310.216375,11125
1702.962300,123.026458,81.653542,11133
1702.979355,100.025041,58.438917,11134
1702.981629,369.874167,364.877042,11126
1703.041211,101.945667,60.684167,11137
1703.058201,95.860625,55.258292,11138
1703.096144,369.796583,328.178958,11129
1703.159216,377.965875,332.977750,11132
1703.161190,119.959875,77.775542,11141
1703.170244,112.003208,70.566708,11142
1703.235254,353.980083,313.039125,11135
1703.263244,104.009791,63.237125,11144
1703.273297,112.087792,71.381333,11145
1703.294377,395.025750,354.042500,11136
1703.351303,88.036666,46.946958,11148
1703.362293,127.014125,85.311625,11147
1703.363099,383.707333,343.018375,11139
1703.403325,421.658126,379.391250,11140
1703.468301,372.130209,331.275001,11143
1703.471383,109.066709,67.419041,11152
1703.481415,130.063500,89.056917,11151
1703.512208,341.939792,300.913958,11146
1703.573287,101.874500,60.576250,11156
1703.584140,310.828000,269.830458,11149
1703.588240,119.899208,78.532708,11155
1703.643300,348.885542,307.372917,11150
1703.651698,78.374042,77.085750,11159
1703.686314,102.144292,60.750375,11160
1703.709554,57.814459,56.793042,11163
1703.721343,358.223250,316.985375,11153
1703.730651,44.298625,43.538833,11164
1703.790696,60.006333,59.163125,11167
1703.794333,390.965750,349.240792,11154
1703.848259,138.674083,96.517167,11165
1703.858151,376.694209,333.755625,11157
1703.882326,91.591500,50.745917,11168
1703.903296,391.046833,348.788125,11158
1703.956304,108.005917,67.146625,11170
1703.965384,322.042000,321.129083,11162
1703.970190,112.017500,71.044167,11171
1703.971289,383.029792,338.255458,11161
1704.087286,121.866209,120.825542,11175
1704.134155,177.815459,136.906292,11174
1704.134232,412.857375,371.930125,11166
1704.238733,151.426625,110.216459,11178
1704.251242,456.863459,414.283917,11169
1704.293049,158.877250,114.807292,11179
1704.359800,477.438500,434.627084,11172
1704.402307,163.551208,122.383625,11181
1704.464369,561.030751,519.811542,11173
1704.469049,181.831416,139.377292,11182
1704.515968,98.984375,97.328292,11184
1704.562592,592.378501,551.214709,11176
1704.621047,92.931709,91.574000,11185
1704.656302,684.990250,643.617626,11177
1704.733081,94.638834,93.751875,11186
1704.744241,610.001000,568.377250,11180
1704.836557,109.232958,107.213459,11187
1704.855240,549.991458,507.981250,11183
1704.860709,111.281334,110.905084,11188
1704.891453,46.225083,45.691625,11189
1704.903360,43.014125,42.154000,11190
1705.012168,52.988834,52.447208,11191
1705.017241,45.798667,45.207167,11192
1705.125417,42.837667,42.220209,11193
1705.153952,42.962500,42.419125,11194
1705.228769,35.103250,34.825875,11195
1705.352208,47.424125,47.045833,11196
1705.461713,45.800125,45.141542,11197
1705.583779,56.779917,56.126875,11198
1705.709494,64.304042,63.574583,11201
1705.713129,73.122000,72.660875,11200
1705.714186,76.059958,75.498792,11199
1705.755139,85.542333,84.704958,11202
1705.785601,114.971500,114.526416,11203
1705.811794,62.560166,61.865125,11204
1705.869692,41.704542,40.954666,11206
1705.878705,52.921750,52.457125,11205
1705.916613,56.297791,55.599250,11207
1705.986560,63.931875,63.296917,11208
1706.027262,55.811000,55.410834,11209
1706.119753,37.179042,36.719667,11210
1706.254573,60.884542,60.160333,11211
1706.339979,35.181709,34.595750,11212
1706.400672,72.975875,72.390500,11213
1706.444302,51.172625,50.559250,11214
1706.458597,42.682208,42.189292,11215
1706.509622,43.331167,42.684250,11216
1706.552069,40.434334,39.997416,11217
1706.583746,56.689792,56.104416,11218
1706.636474,62.861750,62.256541,11219
1706.678911,40.772375,40.497625,11220
1706.790168,40.924042,40.420625,11221
1706.905136,48.332375,47.889625,11222
1706.915644,55.289209,54.588334,11223
1706.933945,45.115292,44.681292,11224
1707.017230,45.781458,45.490084,11225
1707.118847,33.459709,32.946667,11227
1707.140316,57.733666,57.286542,11226
1707.264437,70.723333,69.991834,11228
1707.348787,43.975167,43.434709,11229
1707.496084,80.192292,79.639875,11230
1707.570384,48.770458,48.315750,11231
1707.578413,51.363667,50.614667,11232
1707.677434,39.301792,38.803042,11233
1707.731965,56.508958,55.749166,11234
1707.774939,39.617375,39.086542,11235
1707.822851,73.598000,73.016417,11236
1707.834389,63.715167,63.042291,11237
1707.847189,63.353208,62.633667,11238
1707.896934,36.645292,36.362958,11239
1708.001625,30.178166,29.635958,11240
1708.051202,55.974625,55.222125,11241
1708.108410,46.081875,45.566208,11242
1708.139550,56.961042,56.289917,11243
1708.227801,49.775834,49.264250,11244
1708.235904,42.210875,41.588750,11245
1708.345780,40.958750,40.466417,11246
1708.403388,39.187750,38.673250,11247
1708.464650,48.710958,48.009791,11248
1708.555575,28.545708,28.010208,11249
1708.597531,44.119833,43.357708,11250
1708.675308,37.175541,36.474959,11251
1708.738168,36.533000,36.060791,11252
1708.796803,47.553041,47.021625,11253
1708.832276,47.443375,46.765833,11254
1708.913875,53.524042,52.851458,11255
1709.045835,73.563292,72.754500,11256
1709.154548,71.981875,71.429750,11257
1709.269657,75.924625,75.190791,11258
1709.359192,81.936458,81.223333,11259
1709.412949,107.935042,107.419958,11260
1709.437155,122.473750,121.577458,11261
1709.495350,78.998500,78.474958,11262
1709.604984,86.765291,86.282875,11263
1709.615754,88.647708,88.033166,11264
1709.686470,48.139876,47.361125,11265
1709.727992,41.862625,41.147750,11266
1709.801201,51.935916,51.125375,11267
1709.809532,39.168208,38.742958,11268
1709.903402,43.076834,42.660917,11269
1710.014058,42.588875,41.945750,11270
1710.073964,41.164084,40.815250,11271
1710.125404,42.854875,42.353791,11272
1710.240445,38.711167,38.126959,11274
1710.249703,56.020708,55.418417,11273
1710.347394,42.593833,42.101792,11275
1710.471077,55.188875,54.411000,11276
1710.568161,41.119166,40.606417,11277
1710.712717,74.584417,73.923792,11278
1710.795475,46.252792,45.750250,11279
1710.913328,52.977459,52.296416,11280
1710.971321,52.410458,51.886333,11281
1711.040524,69.074834,68.635291,11282
1711.136387,53.811333,53.286917,11283
1711.176453,66.549583,65.979667,11284
1711.226281,32.617375,31.869833,11286
1711.243025,58.179042,57.545833,11285
1711.334721,29.916833,29.382792,11287
1711.453140,37.256625,36.752334,11288
1711.481925,25.039583,24.636500,11289
1711.545983,65.485291,64.947166,11290
1711.591137,64.129042,63.581000,11291
1711.634791,48.282792,47.622750,11292
1711.653131,37.256916,36.703625,11293
1711.697317,59.196084,58.555584,11294
1711.731328,41.923875,41.135792,11295
1711.774086,24.817916,24.294958,11296
1711.838709,31.151167,30.620916,11297
1711.876416,29.539708,29.155291,11298
1711.918730,46.302375,45.448958,11300
1711.938961,78.584917,77.862750,11299
1711.947208,51.384666,50.722291,11301
1711.991711,94.950625,94.213000,11302
1712.032552,128.709291,128.129459,11303
1712.033823,62.380208,61.805042,11304
1712.107546,24.966667,24.664791,11305
1712.221702,39.458417,39.099666,11306
1712.253316,64.196125,63.439833,11307
1712.256417,62.700167,61.751084,11308
1712.295759,46.720917,46.134667,11309
1712.326530,53.458417,52.567667,11310
1712.352812,48.013875,47.337792,11312
1712.357076,57.708000,56.996625,11311
1712.451069,35.130375,34.624042,11313
1712.569109,42.054250,41.560458,11315
1712.577333,51.117500,50.633042,11314
1712.626058,45.914458,45.439333,11316
1712.686084,47.931333,47.436666,11317
1712.753179,50.297333,49.656833,11318
1712.765843,46.004583,45.370500,11319
1712.799308,49.977083,49.326084,11320
1712.897676,50.538833,50.106000,11321
1712.916834,56.457625,55.892958,11323
1712.943090,85.274292,84.546291,11322
1713.007089,35.642542,35.170042,11325
1713.016503,66.043833,65.578041,11324
1713.135138,52.562709,52.065125,11326
1713.213447,46.077208,45.604708,11328
1713.218738,66.033042,65.373583,11327
1713.255549,29.493042,28.786625,11330
1713.258574,64.860250,64.127292,11329
1713.355774,50.974875,50.404667,11331
1713.389384,51.456709,50.810959,11332
1713.427946,60.358083,59.642041,11333
1713.429637,60.953375,60.024708,11334
1713.469481,53.516458,52.954417,11335
1713.490955,71.390958,70.884333,11336
1713.595287,68.291417,67.761167,11337
1713.673189,35.047250,34.505042,11338
1713.784745,35.527625,35.062417,11339
1713.902329,41.945750,41.265583,11340
1713.972222,53.148083,52.734792,11342
1714.009159,90.088542,89.612250,11341
1714.019955,70.653041,69.804583,11343
1714.077963,117.096875,116.476500,11344
1714.153078,105.589750,104.906667,11347
1714.194676,233.809333,232.195834,11345
1714.225624,142.929792,142.084250,11348
1714.277458,116.280791,115.723125,11349
1714.287161,315.577209,314.687917,11346
1714.384909,208.658917,206.322667,11350
1714.400201,94.659250,94.099250,11352
1714.471383,277.698750,275.738167,11351
1714.502783,86.790958,85.956209,11353
1714.619817,92.729876,92.003042,11354
1714.646528,90.723209,89.755458,11355
1714.712522,73.284750,72.603125,11356
1714.772201,81.939083,81.464542,11357
1714.802355,52.819083,52.005916,11358
1714.891812,33.022208,32.438292,11359
1714.909502,49.154583,48.519042,11360
1715.007536,36.068958,35.410083,11361
1715.044673,35.866834,35.236833,11362
1715.118737,36.124958,35.413583,11363
1715.153393,38.299333,37.749834,11364
1715.227508,33.851125,33.504334,11365
1715.348440,43.662208,43.150625,11366
1715.423935,44.637250,44.132375,11367
1715.458182,42.273000,41.537125,11369
1715.476076,63.578375,63.088375,11368
1715.500107,60.307042,59.561250,11370
1715.536612,85.669792,84.972417,11371
1715.566379,39.305875,38.700667,11372
1715.676398,38.235750,37.769375,11373
1715.790371,41.098750,40.629167,11374
1715.883562,50.923541,50.382208,11375
1715.898499,38.163125,37.552667,11376
1716.012678,41.232916,40.785792,11377
1716.081858,50.025208,49.466083,11379
1716.090598,61.075875,60.518500,11378
1716.114415,56.859833,56.062708,11380
1716.158067,75.502875,74.879583,11381
1716.246568,52.891125,52.318583,11382
1716.352108,46.078083,45.457708,11384
1716.356724,51.908208,51.409167,11383
1716.395712,68.828083,68.412167,11385
1716.466838,50.949209,50.579667,11386
1716.537528,44.473916,43.969334,11387
1716.590253,63.163917,62.517583,11388
1716.650620,72.857458,72.126251,11389
1716.669116,55.310500,54.909750,11390
1716.702046,63.917584,63.294292,11391
1716.775115,30.202958,29.820875,11392
1716.808755,59.375166,58.656208,11393
1716.829615,45.754042,45.161084,11394
1716.904818,44.436875,43.977208,11395
1717.007275,35.802375,35.184042,11396
1717.055436,58.569000,57.781208,11397
1717.108339,25.787708,25.239083,11398
1717.141965,26.203041,25.519375,11399
1717.237164,43.455708,42.823959,11400
1717.348165,43.382209,42.849626,11401
1717.459161,43.274292,42.580417,11402
1717.542602,43.011208,42.538416,11403
1717.567213,53.718875,53.133500,11404
1717.597831,70.802084,70.233334,11405
1717.628010,31.411916,30.853375,11406
1717.665035,52.203667,51.431334,11407
1717.689726,51.557042,50.847417,11408
1717.777329,28.091291,27.542083,11410
1717.784521,60.087417,59.643500,11409
1717.883581,42.963666,42.509250,11411
1717.922346,61.984417,61.391750,11412
1718.015077,43.579666,43.008000,11413
1718.046316,60.111334,59.358250,11414
1718.128692,46.098791,45.435250,11415
1718.227958,34.261500,33.447750,11416
1718.312723,36.610583,35.722750,11417
1718.357668,52.844750,52.287666,11418
1718.424034,41.075708,40.404291,11419
1718.460508,44.573083,43.762542,11420
1718.465434,45.674417,45.145916,11421
1718.567976,40.981209,40.550417,11422
1718.675370,50.368208,49.922250,11423
1718.685806,47.677584,47.176791,11424
1718.713993,61.508417,60.881042,11425
1718.749989,27.808375,27.370583,11426
1718.789293,40.047292,39.185417,11428
1718.802130,68.211208,67.444417,11427
1718.833585,50.140416,49.283500,11429
1718.922842,62.463334,61.868333,11430
1719.053984,81.450542,80.041792,11431
1719.125810,92.021125,91.080500,11432
1719.159338,76.762291,76.069875,11433
1719.264504,70.722750,69.677708,11434
1719.360465,83.175458,82.590667,11435
1719.410781,105.262500,104.679167,11436
1719.424184,83.551125,82.603208,11437
1719.503958,87.976584,87.269875,11438
1719.552119,88.928584,88.085375,11439
1719.609402,81.573334,79.974417,11440
1719.702117,63.985833,63.328708,11441
1719.808404,59.136583,58.487625,11442
1719.809760,36.741541,36.382209,11443
1719.892778,32.442667,32.016250,11445
1719.899561,79.561708,78.943083,11444
1720.044503,73.058125,72.493750,11446
1720.113116,30.562875,30.124791,11448
1720.133347,71.945708,71.474666,11447
1720.254303,60.613000,59.912708,11449
1720.351881,47.085209,46.611542,11450
1720.408166,52.256166,51.680125,11451
1720.454546,38.622792,37.871167,11453
1720.460287,51.580958,50.941333,11452
1720.562097,38.049959,37.405375,11454
1720.593912,66.875958,66.273084,11455
1720.687986,49.787791,49.107917,11456
1720.792366,43.107750,42.406584,11457
1720.822327,50.823500,50.174542,11458
1720.884980,54.910042,54.497917,11459
1720.893957,62.558125,62.058500,11460
1720.912369,74.429542,73.952375,11461
1720.947028,86.648333,86.111375,11462
1721.020599,49.124250,48.568042,11463
1721.143446,60.864125,60.415250,11464
1721.220907,27.224750,26.812333,11465
1721.274247,67.330667,66.654000,11466
1721.319849,57.898458,57.314541,11467
1721.343692,38.916209,38.274834,11468
1721.439646,44.968583,44.501625,11469
1721.471361,55.448750,54.642000,11470
1721.555324,28.289917,27.692292,11471
1721.613725,75.921709,75.136834,11472
1721.675380,37.248458,36.741834,11473
1721.765132,52.364666,51.610125,11474
1721.802857,67.097041,66.367291,11475
1721.807230,57.998792,57.488958,11476
1721.828444,55.286000,54.756042,11477
1721.908858,48.508833,48.079208,11479
1721.914530,55.131125,54.693041,11478
1721.949755,48.132583,47.545167,11480
1722.000260,72.379708,71.635375,11481
1722.022375,66.272208,65.678667,11482
1722.025839,54.371917,53.853917,11483
1722.072715,27.460709,27.002792,11484
1722.131677,49.118416,48.604500,11485
1722.236813,45.792833,45.207459,11486
1722.240926,47.184084,46.702834,11487
1722.275252,50.843042,50.499459,11488
1722.347399,42.604917,41.803416,11489
1722.479262,63.354667,62.992416,11490
1722.484098,53.776917,53.313167,11491
1722.507893,56.945000,56.278541,11492
1722.600957,73.926416,73.434084,11493
1722.678782,40.657458,40.181166,11494
1722.713556,52.369042,51.783958,11495
1722.720749,49.158666,48.391000,11496
1722.790446,41.218333,40.680500,11497
1722.899966,39.615625,39.155667,11498
1723.024885,53.411459,52.830458,11499
1723.134691,52.114125,51.493750,11500
1723.225665,31.974250,31.472292,11501
1723.276267,45.662750,45.135709,11502
1723.347063,42.245875,41.683542,11503
1723.350742,44.638708,44.195666,11504
1723.468484,52.550458,51.815166,11505
1723.522748,47.129542,46.494000,11506
1723.573900,46.867042,46.349917,11507
1723.674486,36.356833,35.888125,11508
1723.735493,44.501334,43.946000,11509
1723.760359,58.240292,57.477292,11510
1723.792992,43.777708,43.190292,11511
1723.850412,43.358000,42.679292,11512
1723.909981,49.601416,48.948084,11513
1723.917815,34.735166,34.134625,11514
1724.059300,96.628875,96.058083,11515
1724.077931,105.473958,98.380042,11516
1724.145559,62.940208,62.195583,11517
1724.276260,81.860333,81.431000,11518
1724.407656,102.857126,102.371501,11519
1724.409533,95.299750,94.594792,11520
1724.492082,76.082125,75.082875,11521
1724.612091,88.538917,87.948000,11522
1724.620261,93.118958,92.465333,11523
1724.698810,72.654167,71.844792,11524
1724.701661,63.093625,62.421041,11525
1724.814750,40.284708,39.743958,11527
1724.815782,66.555417,66.105375,11526
1724.909047,48.673042,48.008625,11529
1724.918834,69.670417,69.055875,11528
1724.937206,63.655959,62.962083,11530
1725.016491,45.026917,44.509208,11531
1725.038402,55.365334,54.711126,11532
1725.135148,52.542875,52.058708,11533
1725.268925,75.214417,74.630209,11534
1725.315526,62.012417,61.316208,11535
1725.352772,47.975083,47.197208,11536
1725.457604,66.659250,65.957209,11537
1725.481388,60.454625,59.710583,11539
1725.505634,89.720167,89.139459,11538
1725.560892,62.354541,61.903041,11540
1725.566289,39.249583,38.784958,11541
1725.679944,41.816833,41.433291,11542
1725.793669,44.426958,43.905750,11543
1725.913521,53.165584,52.532666,11544
1725.999476,58.653584,58.036708,11545
1726.015456,44.005500,43.450750,11546
1726.114874,65.599042,65.078417,11547
1726.137303,54.743792,54.035917,11548
1726.237053,43.341958,42.663541,11549
1726.290090,40.451833,40.058959,11550
1726.305206,52.529458,51.792709,11551
1726.354402,49.577792,48.747417,11552
1726.397983,50.864333,50.362083,11554
1726.399733,65.506875,64.805125,11553
1726.420828,51.452917,50.794625,11555
1726.477655,73.621333,73.145917,11557
1726.488792,102.105501,101.294667,11556
1726.495607,79.670792,78.866667,11558
1726.552843,25.792959,25.119500,11559
1726.673386,35.250833,34.610916,11560
1726.699967,60.017708,59.318583,11561
1726.800830,51.605458,51.178459,11562
1726.908161,47.775584,47.059833,11563
1726.980425,48.027583,47.441334,11565
1726.980784,56.281166,55.773375,11564
1727.020733,49.317042,48.676833,11566
1727.039147,28.853417,28.181708,11567
1727.115928,50.280125,49.741416,11568
1727.119416,36.840417,36.153541,11569
1727.224576,40.491209,40.009083,11570
1727.230158,36.443750,35.880833,11571
1727.303454,41.506500,40.999000,11572
1727.337241,32.435958,31.921167,11573
1727.397891,68.198084,67.404750,11574
1727.440765,24.821125,24.311292,11575
1727.562264,45.604709,45.248292,11576
1727.566152,39.116875,38.544917,11577
1727.694357,56.254917,55.605375,11578
1727.753685,44.269166,43.577917,11579
1727.785926,36.653167,35.964250,11580
1727.822084,65.519708,64.838666,11581
1727.913453,53.081000,52.469083,11582
1728.011376,39.920708,39.498958,11584
1728.013632,47.906833,47.267500,11583
1728.119186,36.607375,36.138375,11585
1728.211813,34.275792,33.886417,11586
1728.265379,71.654042,71.024041,11587
1728.309779,37.367458,36.733667,11588
1728.365797,60.982833,60.195917,11589
1728.463497,47.560625,46.798208,11590
1728.509577,38.671792,38.222625,11592
1728.537615,67.963000,67.659083,11591
1728.563743,36.679125,36.146833,11593
1728.600619,69.888584,69.062292,11594
1728.682605,44.470125,44.122750,11595
1728.799479,50.236375,49.693000,11596
1728.904547,44.190417,43.718500,11597
1729.086117,121.380584,120.411667,11598
1729.114471,143.431167,142.383208,11599
1729.120246,148.606208,145.043208,11600
1729.188885,106.315709,104.575041,11601
1729.252389,113.010917,108.833375,11603
1729.295723,201.764209,200.372375,11602
1729.295810,102.047750,101.113542,11604
1729.376155,71.348083,70.613958,11605
1729.498634,82.667958,81.638083,11606
1729.557248,91.079917,90.239625,11607
1729.613229,86.090375,85.366458,11608
1729.741516,103.322333,102.836125,11609
1729.751968,86.126542,84.561167,11611
1729.754122,88.852750,88.271750,11610
1729.794354,45.142125,44.582708,11612
1729.797493,41.546167,41.046250,11613
1729.858146,28.167708,27.413166,11614
1729.893608,33.247959,32.726459,11615
1729.925641,61.707626,60.925375,11616
1730.016850,45.355333,44.729125,11617
1730.097416,39.230041,38.681125,11618
1730.121923,39.306750,38.552500,11619
1730.231471,37.753625,37.232708,11620
1730.347430,42.633209,41.881583,11621
1730.459526,43.642959,42.984667,11622
1730.570391,43.389208,42.835917,11623
1730.646767,55.277542,54.801542,11624
1730.692427,54.300750,53.366541,11626
1730.693611,68.241833,67.818042,11625
1730.710718,70.313250,69.573292,11627
1730.766885,41.585250,41.127334,11628
1730.796048,46.818916,45.943042,11629
1730.820057,48.930291,48.151250,11630
1730.897617,37.287834,36.934916,11631
1730.959180,49.735875,48.943416,11632
1730.965634,38.168375,37.485875,11633
1731.023447,52.002125,51.394583,11634
1731.033911,39.647125,39.104333,11635
1731.130821,48.262667,47.821667,11636
1731.237150,43.457750,42.952875,11637
1731.384033,79.230375,78.719084,11638
1731.452629,36.687292,36.120583,11639
1731.575276,48.275500,47.904792,11640
1731.579112,33.568791,32.926542,11641
1731.675770,37.660291,37.172041,11643
1731.700900,72.642208,72.110500,11642
1731.784160,51.669917,51.304167,11644
1731.816602,67.349042,66.794292,11645
1731.925714,65.346750,64.795792,11646
1731.952399,38.553959,38.121125,11647
1731.992904,56.867416,56.395208,11648
1732.031535,60.044250,59.490084,11649
1732.111379,48.933500,48.185083,11650
1732.128146,45.593625,45.062209,11651
1732.249157,55.447292,54.863083,11652
1732.340924,36.110083,35.634958,11653
1732.448879,32.996833,32.459000,11654
1732.495277,36.159959,35.865958,11655
1732.563839,36.844209,36.388042,11656
1732.602990,39.725000,38.861375,11657
1732.630503,33.413041,32.938792,11658
1732.676189,38.070375,37.713084,11659
1732.787782,38.539083,38.012917,11660
1732.809988,43.739792,43.197291,11661
1732.898630,38.251792,37.615084,11662
1732.958570,41.655250,40.981500,11663
1733.013988,42.501959,41.863791,11664
1733.052455,25.863834,25.349042,11665
1733.108313,25.755917,25.036667,11666
1733.226347,32.683292,32.316083,11667
1733.330844,27.673333,27.296208,11668
1733.365322,60.498083,59.874500,11669
1733.458989,43.074792,42.570792,11670
1733.571945,44.944958,44.328375,11671
1733.609014,59.260833,58.696167,11672
1733.688818,50.692250,50.262917,11673
1733.721257,47.062750,46.462209,11674
1733.823711,74.449084,73.843292,11675
1733.889070,43.855000,43.449875,11678
1733.889319,64.269917,63.591791,11676
1733.926874,82.385042,81.540375,11677
1733.934630,74.312292,73.602959,11679
1734.007469,100.789208,100.088625,11680
1734.052700,80.911250,80.198417,11681
1734.145260,62.594000,61.848792,11682
1734.286885,93.156583,92.544084,11683
1734.382282,124.922583,123.894750,11684
1734.399228,132.072500,131.620416,11685
1734.428398,123.169959,122.712334,11686
1734.501672,85.565958,84.739958,11688
1734.520868,152.370458,151.691458,11687
1734.602081,75.053709,74.288958,11689
1734.712507,121.877000,120.635958,11690
1734.718875,110.745250,109.889791,11691
1734.738249,124.672625,123.928292,11692
1734.777139,27.877209,27.519333,11695
1734.794900,155.462417,154.732958,11693
1734.849724,39.859458,39.122417,11696
1734.856368,168.122501,167.456042,11694
1734.900450,40.094250,39.432167,11698
1734.922380,67.641584,66.821125,11697
1734.931477,42.199791,41.645333,11699
1734.996254,24.817042,24.368459,11700
1735.140947,58.369209,57.607958,11701
1735.148766,60.666375,59.929042,11703
1735.154070,66.678500,65.869708,11702
1735.238451,44.762083,44.223375,11704
1735.296534,28.243834,27.688208,11706
1735.312532,64.253875,63.849625,11705
1735.361617,56.841750,56.123083,11707
1735.377317,48.524000,48.011250,11708
1735.477275,61.340125,60.665500,11709
1735.515614,32.539208,32.019459,11710
1735.586074,59.038000,58.577166,11711
1735.612439,82.059542,81.563416,11712
1735.613461,74.301792,73.779417,11713
1735.638386,65.564042,64.847417,11714
1735.682656,44.555583,44.088917,11715
1735.716607,49.144083,48.514083,11716
1735.806588,57.342833,56.795083,11717
1735.848367,47.635875,47.020167,11718
1735.907447,47.063917,46.443541,11719
1736.021490,50.014417,49.273291,11720
1736.046186,56.108791,55.450500,11721
1736.085344,44.265084,43.773625,11722
1736.103728,52.392666,51.753334,11723
1736.127999,45.417458,44.807584,11724
1736.181908,52.002417,51.478292,11725
1736.237272,50.220625,49.421750,11728
1736.248068,69.782708,68.991125,11727
1736.249086,73.579917,72.984042,11726
1736.291123,97.429501,96.721042,11729
1736.337805,141.907792,141.069542,11730
1736.341982,37.244083,36.844792,11731
1736.464521,73.402584,73.008542,11732
1736.473683,59.605000,59.117625,11733
1736.475217,59.357375,58.687417,11734
1736.518881,40.463500,39.786833,11735
1736.540989,39.819792,39.356042,11736
1736.601770,74.745416,73.984167,11737
1736.637262,36.876000,36.539416,11738
1736.690276,52.133375,51.720375,11739
1736.706044,66.124917,65.718042,11740
1736.724842,81.446750,80.929625,11741
1736.788716,39.470375,39.112792,11742
1736.907826,47.459416,46.914000,11744
1736.912636,57.133125,56.629417,11743
1736.991393,47.173583,46.554375,11746
1736.996349,62.025541,61.504333,11745
1737.026360,54.917625,54.287625,11747
1737.136804,54.205958,53.675709,11748
1737.164215,63.853709,62.191792,11750
1737.173283,73.672667,72.937375,11749
1737.230359,36.673292,36.211000,11751
1737.281755,47.712584,47.037375,11752
1737.308986,41.629875,40.972459,11753
1737.346090,31.724000,31.291458,11755
1737.362112,57.290917,56.480959,11754
1737.455254,39.367125,38.787875,11756
1737.509199,28.164792,27.507083,11757
1737.564254,37.259833,36.724333,11758
1737.636144,73.274834,72.514167,11759
1737.677916,39.749500,39.291292,11760
1737.707660,43.346625,42.704375,11761
1737.736482,53.936459,53.308209,11762
1737.801995,52.755500,52.416875,11763
1737.893320,72.793584,71.726958,11764
1737.913246,52.889958,52.247417,11765
1737.931922,68.531459,68.004125,11766
1737.945884,43.705666,42.961916,11767
1738.008136,36.687000,36.141875,11768
1738.057274,46.371500,45.776792,11769
1738.063107,34.747125,34.249833,11770
1738.152357,69.772500,69.212208,11771
1738.169503,70.766500,70.239459,11772
1738.170259,70.044333,69.428042,11773
1738.205818,36.657542,36.161708,11776
1738.212403,91.581583,90.927375,11774
1738.247964,109.662875,109.067292,11775
1738.277433,83.726417,83.020583,11777
1738.294116,49.340958,48.588458,11778
1738.321897,45.098959,44.381458,11779
1738.369530,64.742417,64.036000,11780
1738.457674,41.763458,41.243417,11781
1738.480406,48.243416,47.767125,11782
1738.542934,42.195709,41.775709,11783
1738.591839,64.808917,64.262041,11784
1738.675392,37.259834,36.790250,11785
1738.705822,42.034708,41.239042,11786
1738.783869,34.605959,34.056750,11788
1738.804998,59.547250,59.096625,11787
1738.896564,36.205167,35.925167,11789
1738.939424,42.960167,42.266000,11790
1739.073656,105.360792,103.802417,11791
1739.098787,127.282750,123.989250,11792
1739.141182,132.123250,130.744250,11793
1739.208515,125.812167,125.107208,11794
1739.208911,96.531167,95.641000,11795
1739.260727,109.067875,107.243791,11796
1739.301662,107.989292,107.412083,11797
1739.391639,86.785125,86.104375,11798
1739.399707,87.668000,86.984042,11799
1739.531417,129.021375,126.584209,11800
1739.552908,132.725833,131.316500,11802
1739.553901,137.900583,137.155375,11801
1739.646692,127.537959,116.550000,11803
1739.708600,135.757417,134.717334,11805
1739.722972,145.983542,145.371334,11806
1739.754186,226.627626,226.029708,11804
1739.843355,74.033750,73.323833,11810
1739.845998,96.744958,95.628750,11809
1739.848909,210.010500,209.446709,11807
1739.885097,222.113792,221.534251,11808
1739.905312,44.977041,44.563458,11811
1739.992358,72.802917,72.343250,11812
1740.017888,46.444417,45.771250,11814
1740.019874,54.376875,53.865000,11813
1740.067859,46.505666,46.110459,11816
1740.071632,50.728416,50.219458,11815
1740.137277,54.716084,54.124000,11817
1740.178339,40.005000,39.474167,11818
1740.215126,75.019291,74.358375,11819
1740.225562,73.718750,73.270458,11820
1740.240940,47.254375,46.709833,11821
1740.286858,50.810958,50.190000,11822
1740.329231,53.428666,52.860208,11823
1740.352246,47.439875,46.927417,11824
1740.393698,58.737583,57.966125,11825
1740.423714,44.044292,43.630417,11826
1740.446363,38.294958,37.738750,11827
1740.481094,65.145791,64.367917,11828
1740.559458,37.097666,36.574417,11829
1740.573144,46.064667,45.477833,11830
1740.674067,35.956375,35.394333,11831
1740.715997,36.911000,36.234917,11832
1740.772379,45.154667,44.545667,11833
1740.790947,41.665750,40.945042,11834
1740.900194,39.847500,39.453750,11835
1741.022242,50.733666,50.033375,11836
1741.042246,31.055791,30.546542,11837
1741.115499,56.745501,56.091583,11838
1741.136355,53.749500,53.015084,11839
1741.149797,62.409084,61.812334,11840
1741.237286,43.623708,42.886084,11841
1741.341342,36.545250,36.070125,11842
1741.431611,53.905250,53.249875,11845
1741.431750,65.401583,64.729000,11844
1741.437872,73.195500,72.849292,11843
1741.477153,89.950000,89.313875,11846
1741.521207,41.056458,40.399041,11848
1741.530666,114.742250,114.015709,11847
1741.575549,48.495417,47.981208,11849
1741.684839,69.713000,69.263542,11850
1741.712965,74.848959,74.173166,11851
1741.713637,74.469208,73.990583,11852
1741.737242,50.417500,49.892500,11853
1741.793732,44.512708,43.914791,11855
1741.802652,58.193625,57.588125,11854
1741.837888,36.821459,36.495667,11856
1741.901392,40.236000,39.975542,11858
1741.912908,52.552791,52.155541,11857
1742.031969,60.495167,59.976291,11860
1742.034311,75.151125,74.788000,11859
1742.049223,64.397667,63.653917,11861
1742.088408,49.821917,49.232750,11862
1742.106363,65.174084,63.369542,11863
1742.154946,72.332750,71.417208,11864
1742.156961,68.579875,68.024250,11865
1742.169949,49.576041,48.873708,11867
1742.223590,118.902291,118.141917,11866
1742.241240,70.430792,69.904041,11868
1742.251060,72.601375,72.132667,11869
1742.270915,77.223125,76.576500,11870
1742.320698,98.696500,97.861750,11871
1742.349491,44.667291,44.096500,11872
1742.387244,27.766959,27.260333,11873
1742.450593,46.466000,45.891417,11876
1742.453573,89.986750,89.259333,11874
1742.474189,78.249791,77.549500,11875
1742.521876,109.020042,108.273958,11877
1742.557386,30.350542,29.754084,11879
1742.590717,174.812167,173.968667,11878
1742.621872,36.993250,36.498875,11880
1742.665972,49.860125,49.349125,11881
1742.718309,59.754333,59.287667,11883
1742.738162,100.019500,99.258541,11882
1742.738372,68.072958,67.521417,11884
1742.786257,81.143125,80.225542,11885
1742.820375,42.990209,42.427875,11887
1742.822514,73.308958,72.744000,11886
1742.840607,45.384208,44.776375,11888
1742.907932,67.317250,66.620166,11889
1742.915021,54.672042,54.096583,11890
1742.968383,82.557708,81.711875,11891
1743.021111,49.647500,49.166833,11894
1743.037034,70.721292,70.124541,11893
1743.040794,85.333791,75.715792,11892
1743.073436,31.627166,31.053166,11896
1743.103872,86.287250,85.656959,11895
1743.142694,62.344042,61.859000,11897
1743.159681,77.152250,76.694042,11898
1743.172866,78.458917,77.911459,11899
1743.229589,108.817917,108.157292,11900
1743.251250,57.561584,56.784875,11903
1743.282474,146.356000,145.543125,11901
1743.308499,66.537625,65.830042,11904
1743.321483,58.909958,58.230083,11905
1743.350301,210.591792,209.912501,11902
1743.380275,55.128208,54.601458,11909
1743.406641,82.196333,81.620584,11908
1743.428889,124.312417,123.858000,11906
1743.476314,86.493167,45.529458,11913
1743.481464,176.590458,175.885209,11907
1743.521689,53.550000,52.899292,11915
1743.526196,110.288792,68.817875,11914
1743.560794,233.461083,228.724417,11910
1743.574858,82.769750,82.282375,11916
1743.587535,60.502166,60.024417,11918
1743.654299,314.377000,272.752084,11911
1743.663997,295.548750,294.921375,11912
1743.678572,82.864541,82.040292,11919
1743.684185,46.071958,45.392083,11920
1743.781361,285.281500,243.733292,11917
1743.798415,148.536792,147.567000,11921
1743.808681,59.404917,58.849292,11923
1743.829432,49.818416,49.203875,11924
1743.867933,52.732750,52.129000,11926
1743.892346,233.475667,232.899917,11922
1743.905551,50.466209,49.858958,11927
1743.944381,39.304417,38.175375,11929
1743.984813,190.720542,188.578250,11925
1744.093411,129.158167,128.818375,11930
1744.129450,156.972958,155.852375,11932
1744.136182,275.876709,274.735417,11928
1744.258147,286.677708,284.385792,11931
1744.278368,163.826833,121.765875,11937
1744.290064,160.589042,116.722083,11938
1744.382335,391.285417,390.034458,11933
1744.420309,162.123792,120.894958,11940
1744.424729,146.334709,145.252917,11941
1744.515822,133.450625,132.167583,11943
1744.533838,508.171417,507.363208,11934
1744.546101,121.349083,119.977375,11945
1744.646644,130.780417,128.353750,11946
1744.664302,633.726625,633.090209,11935
1744.721288,175.156042,132.827042,11948
1744.780890,697.387834,695.997458,11936
1744.799268,152.591250,111.374083,11949
1744.886198,164.875666,122.566500,11951
1744.901304,120.374625,77.691542,11952
1744.928295,792.075083,748.410542,11939
1744.994208,704.114251,662.090334,11942
1745.008321,106.971375,65.779875,11955
1745.019317,133.078166,91.613375,11954
1745.044326,623.980875,582.980709,11944
1745.060183,526.304626,525.240042,11947
1745.087312,93.058875,52.070084,11957
1745.110093,445.766416,445.167625,11950
1745.129314,120.950959,79.994250,11958
1745.162804,52.680833,51.845791,11963
1745.188162,127.945125,86.674875,11961
1745.239264,439.977125,398.665167,11953
1745.248219,85.391542,44.724750,11965
1745.275154,86.972667,45.992917,11966
1745.327142,398.811292,357.633792,11956
1745.329149,89.852292,48.741875,11967
1745.380149,131.894876,90.817417,11968
1745.385249,365.888250,324.439501,11959
1745.439271,112.103542,71.223250,11970
1745.442304,397.930750,356.608292,11960
1745.475148,387.800000,346.505251,11962
1745.482358,102.186292,60.677458,11972
1745.542227,412.877209,371.274750,11964
1745.550342,111.031083,69.429792,11974
1745.558348,116.002542,74.956291,11975
1745.587143,311.973083,271.024542,11969
1745.638226,95.979333,54.715500,11978
1745.656292,105.904166,64.993250,11979
1745.657089,327.918792,286.876042,11971
1745.729101,343.815500,301.585958,11973
1745.743314,105.063292,64.188833,11982
1745.765452,109.112792,68.202750,11983
1745.802264,327.095708,285.576667,11976
1745.827117,97.997958,57.324459,11985
1745.840303,96.944458,55.976084,11986
1745.866313,383.913833,342.977250,11977
1745.915182,112.880834,72.043708,11988
1745.921374,94.224959,52.850292,11989
1745.933184,374.792250,332.927583,11980
1745.954352,39.148667,38.719916,11992
1745.966303,379.134292,337.584625,11981
1746.035273,113.853250,72.331583,11993
1746.035438,81.067583,80.195500,11995
1746.036192,379.085876,337.746500,11984
1746.071340,305.831750,264.448625,11987
1746.109317,268.971209,227.947417,11990
1746.155230,119.775542,79.198000,11998
1746.161235,125.936417,85.310459,11997
1746.170181,303.828875,262.967250,11991
1746.220310,287.097417,245.577208,11994
1746.262137,100.866500,59.506125,12003
1746.269323,114.069959,72.501625,12002
1746.278159,311.823459,270.543876,11996
1746.334254,72.096209,31.325583,12006
1746.339203,302.978667,260.111541,11999
1746.402263,97.473833,56.600250,12008
1746.410247,107.825667,67.041916,12007
1746.415239,343.854291,302.306083,12000
1746.489186,379.836917,338.459041,12001
1746.508202,105.901542,64.819708,12011
1746.528332,118.057916,76.459250,12012
1746.561304,391.095250,349.840750,12004
1746.589201,99.995291,58.675166,12014
1746.614301,393.950084,352.469833,12005
1746.615169,106.926167,65.851916,12015
1746.664373,103.023959,61.380083,12017
1746.673207,83.144834,42.196583,12018
1746.673207,316.871333,275.791250,12009
1746.734670,75.090459,74.299750,12020
1746.754315,116.166459,74.965042,12019
1746.758152,397.217625,355.898084,12010
1746.778755,55.954500,55.307292,12022
1746.830229,414.337584,372.547584,12013
1746.833965,84.751625,83.946041,12023
1746.864312,335.938458,294.721000,12016
1746.879430,60.099667,59.203083,12025
1746.884841,172.727625,172.152750,12021
1746.929309,95.383750,94.936916,12027
1746.933624,159.401958,158.865875,12024
1746.987944,80.483375,80.060458,12030
1746.995961,165.344375,164.866916,12026
1747.037873,104.561042,103.889625,12031
1747.097325,257.450375,216.089708,12028
1747.110033,66.294958,65.673125,12036
1747.151234,127.605334,86.108458,12035
1747.176241,315.882000,274.025792,12029
1747.184307,74.237917,32.617375,12039
1747.211575,272.345500,271.687791,12032
1747.248303,97.041000,54.684875,12040
1747.261338,85.070125,43.856167,12041
1747.299274,350.307125,309.073917,12033
1747.312291,100.685959,59.594792,12043
1747.339218,367.752584,326.286333,12034
1747.346326,97.979000,56.786333,12044
1747.362264,279.717375,279.092625,12037
1747.423281,110.933083,66.044125,12047
1747.425147,125.835501,85.068666,12046
1747.473115,375.760292,333.453750,12038
1747.477136,98.464334,57.172500,12050
1747.502391,79.069375,38.079709,12051
1747.543201,358.862875,317.846667,12042
1747.592326,115.169833,74.155083,12054
1747.606226,133.092166,91.881708,12053
1747.608310,346.932542,305.476792,12045
1747.653182,279.654083,237.156208,12048
1747.702224,325.922917,284.354000,12049
1747.713134,120.774208,79.352875,12057
1747.718168,111.922125,70.986416,12058
1747.780309,355.136542,314.461583,12052
1747.791332,89.084042,48.192375,12061
1747.828144,114.995708,74.235875,12062
1747.838301,335.877792,288.197584,12055
1747.854301,73.220875,31.400542,12064
1747.898206,84.425541,42.940333,12065
1747.906302,363.057042,321.716208,12056
1747.927241,80.131625,38.877125,12066
1747.971317,362.966625,316.922667,12059
1747.999291,92.949791,51.256041,12070
1748.012361,359.158625,318.377791,12060
1748.021295,123.062917,78.101916,12069
1748.067267,318.007084,274.631875,12063
1748.092290,120.854709,79.223083,12072
1748.096313,96.980333,55.491042,12073
1748.158318,309.416625,268.459042,12067
1748.159190,83.865834,41.815084,12076
1748.202364,346.317417,305.242875,12068
1748.205339,113.010042,71.962042,12077
1748.221467,72.214916,71.551083,12078
1748.282178,335.634834,294.203000,12071
1748.314304,120.645583,78.913041,12079
1748.342499,74.258041,73.514292,12080
1748.356379,343.974750,302.724334,12074
1748.356961,52.215334,51.829167,12081
1748.390448,48.384000,47.677583,12082
1748.435240,413.909417,372.623709,12075
1748.451834,35.909708,35.354958,12083
1748.480446,28.781958,28.268917,12085
1748.494167,77.704375,77.150791,12084
1748.573194,46.155667,45.694542,12086
1748.592498,60.076333,59.580209,12087
1748.625570,66.257917,65.417916,12088
1748.675842,62.784750,62.363583,12089
1748.699207,61.049625,60.493708,12090
1748.710221,61.472833,60.757667,12091
1748.731129,48.479084,48.020583,12092
1748.794449,45.208917,44.579209,12093
1748.808312,37.033792,36.265250,12094
1748.846628,30.622667,29.948625,12095
1748.899619,39.246959,38.729833,12096
1748.943856,64.410792,63.658875,12097
1749.017840,87.435542,85.729000,12098
1749.065295,106.792000,106.022875,12100
1749.075712,124.384459,123.582959,12099
1749.154853,187.747875,187.126333,12101
1749.250402,185.082333,143.771250,12107
1749.258443,175.096541,133.036750,12108
1749.275549,304.107125,302.866375,12102
1749.398553,416.780583,416.351542,12103
1749.406224,155.787333,113.163167,12110
1749.433631,175.161292,133.266583,12111
1749.534606,534.688000,533.638584,12104
1749.561408,162.829917,120.465333,12113
1749.572366,166.119917,125.191792,12114
1749.633173,613.120667,612.512542,12105
1749.720361,185.729542,143.918542,12116
1749.746350,184.911125,143.452750,12117
1749.771141,741.710083,700.286709,12106
1749.883272,162.864917,121.843750,12120
1749.894319,739.445001,697.710125,12109
1749.903273,156.885458,115.896959,12121
1749.942325,666.737750,625.475375,12112
1749.989122,105.817250,64.944250,12123
1750.003221,108.864000,67.889500,12124
1750.007325,573.659917,532.385001,12115
1750.085331,512.929375,466.842542,12118
1750.092383,103.233083,62.355708,12127
1750.110142,106.884458,66.122875,12128
1750.119312,486.094584,444.403167,12119
1750.180137,408.951375,367.739459,12122
1750.187120,101.754625,60.521417,12130
1750.207401,114.975292,73.176250,12131
1750.238208,334.892542,293.502417,12125
1750.285214,342.862334,302.017917,12126
1750.308339,121.191583,79.971209,12135
1750.315310,135.153084,93.959250,12134
1750.345300,337.934042,295.721709,12129
1750.395293,110.053125,68.601458,12138
1750.411210,102.822125,61.683416,12139
1750.415139,304.980958,262.958208,12132
1750.465101,345.752167,304.471417,12133
1750.500256,89.008208,47.903917,12143
1750.505363,110.029500,68.588334,12142
1750.524331,316.887667,273.025666,12136
1750.561145,96.025125,55.348125,12145
1750.571244,332.993791,291.814250,12137
1750.608335,108.052000,67.148958,12146
1750.631261,315.931875,274.367333,12140
1750.673129,148.761958,107.435125,12148
1750.680336,334.991708,293.896166,12141
1750.686170,114.891875,73.914750,12150
1750.738221,323.057875,282.327500,12144
1750.802255,296.844625,255.609959,12147
1750.802472,122.101291,80.954125,12154
1750.807210,134.053208,92.796666,12153
1750.852307,291.133500,250.226958,12149
1750.916273,113.768959,72.602833,12158
1750.921216,312.836417,271.432000,12151
1750.932248,129.952375,88.701959,12157
1750.984317,353.035667,311.894625,12152
1751.031292,114.979084,73.903083,12161
1751.033136,111.885666,70.815208,12162
1751.051329,365.132251,323.659584,12155
1751.058589,320.331084,319.647417,12156
1751.138206,105.049583,64.535334,12166
1751.149240,341.994333,300.367083,12159
1751.151252,119.921666,78.481375,12165
1751.220306,367.957626,326.755625,12160
1751.251232,112.998083,71.688459,12169
1751.253166,103.909750,62.528084,12170
1751.288203,355.911792,314.444958,12163
1751.317161,96.819042,55.347834,12172
1751.357224,372.876875,331.423458,12164
1751.371292,120.038916,78.734542,12173
1751.395306,107.062083,65.405083,12175
1751.406254,354.887167,313.593291,12167
1751.416679,358.049709,357.245000,12168
1751.473176,115.927583,74.890375,12177
1751.499152,127.822625,87.020791,12178
1751.510341,359.068500,317.456709,12171
1751.573277,100.061500,58.724458,12182
1751.583161,329.978250,289.577750,12174
1751.589358,90.178375,48.791458,12183
1751.647164,329.978250,285.893417,12176
1751.661322,78.133126,37.314375,12186
1751.688295,114.979959,73.823459,12185
1751.708313,312.967667,271.937167,12179
1751.760271,113.077708,72.453209,12188
1751.779296,117.934542,76.366500,12189
1751.784340,378.055126,331.930375,12180
1751.829131,412.414625,370.021750,12181
1751.868302,88.956875,48.064042,12193
1751.877420,117.103292,75.829250,12192
1751.918238,407.856750,366.897126,12184
1751.926147,96.999291,55.831125,12195
1751.953245,363.847459,322.675209,12187
1751.977334,108.989125,67.503917,12196
1752.015206,326.878708,285.798333,12190
1752.043324,125.065500,83.668958,12198
1752.072245,118.978125,78.246000,12200
1752.084294,375.879875,334.712583,12191
1752.134206,118.956250,77.261625,12202
1752.145320,101.971333,61.062166,12203
1752.148394,364.014291,322.788084,12194
1752.191300,313.828375,272.955375,12197
1752.246209,111.965000,70.954916,12206
1752.247275,321.101375,279.776000,12199
1752.257221,111.855041,70.746667,12207
1752.276141,298.765542,257.562375,12201
1752.345308,273.037333,231.506333,12204
1752.354151,107.925126,67.457251,12210
1752.367289,119.976792,78.372875,12211
1752.386147,301.816375,261.081625,12205
1752.441117,292.698875,250.014333,12208
1752.461288,115.930208,74.913125,12214
1752.468118,113.950667,71.822041,12215
1752.508253,316.915667,275.875542,12209
1752.557124,299.866292,257.997542,12212
1752.559363,118.218625,77.060084,12218
1752.570178,108.855541,67.347292,12219
1752.623313,347.145751,306.510167,12213
1752.677228,117.821084,76.113916,12223
1752.678211,310.884875,269.311875,12216
1752.681319,124.176209,83.055875,12222
1752.720308,334.135083,293.196459,12217
1752.776206,97.968792,56.898625,12227
1752.786315,109.063500,68.384750,12226
1752.788351,320.199250,278.832458,12220
1752.836198,327.918208,286.687625,12221
1752.870305,94.057541,52.353000,12230
1752.893233,56.992542,56.292250,12233
1752.913295,126.936833,85.489542,12231
1752.915298,345.091541,304.214167,12224
1752.947705,54.437833,53.609208,12235
1753.003239,379.891167,338.939416,12225
1753.003276,89.945917,48.763167,12236
1753.035299,353.937208,312.902333,12228
1753.073215,125.486375,83.582042,12238
1753.091333,370.979583,329.775542,12229
1753.120294,117.028625,75.622750,12239
1753.148147,112.820750,71.771000,12241
1753.167147,378.747834,337.791417,12232
1753.186316,94.937500,52.701834,12243
1753.237318,116.983708,76.043625,12244
1753.246316,98.149041,57.272541,12245
1753.250343,379.999376,338.688000,12234
1753.289299,373.962167,332.734792,12237
1753.341218,103.861041,62.373500,12248
1753.360303,357.013709,315.819000,12240
1753.365156,118.801958,77.389667,12249
1753.412323,339.077083,298.144583,12242
1753.463214,121.979375,81.109292,12252
1753.473254,112.910875,71.811541,12253
1753.484302,317.131209,276.432625,12246
1753.555285,368.928875,327.651917,12247
1753.570370,107.132375,65.823333,12256
1753.586314,113.033958,71.443459,12257
1753.608218,357.834458,316.834584,12250
1753.672269,101.858750,60.431291,12260
1753.675256,385.916125,345.146084,12251
1753.703308,147.982917,106.876875,12259
1753.709145,343.967167,303.114583,12254
1753.770246,94.970459,54.266626,12264
1753.786249,113.941334,72.857167,12263
1753.788383,376.028333,333.597834,12255
1753.813203,328.860000,287.230125,12258
1753.870354,84.064750,42.688625,12268
1753.875183,104.915417,64.136042,12267
1753.899218,312.870251,270.723542,12261
1753.949348,341.083751,299.469334,12262
1753.992436,117.230458,75.301917,12272
1753.996422,126.030042,84.107625,12271
1754.051712,348.369875,307.767542,12265
1754.155329,158.869375,115.910083,12276
1754.175325,182.866834,142.007250,12275
1754.178215,469.049875,427.348250,12266
1754.263250,474.850833,432.250583,12269
1754.337151,181.790875,140.592666,12278
1754.351416,176.057875,134.172209,12279
1754.368309,555.061792,514.023417,12270
1754.468139,568.893792,524.885084,12273
1754.515207,178.035667,137.278459,12282
1754.533345,181.896458,140.816084,12283
1754.566288,616.896584,574.648667,12274
1754.683394,168.166250,127.424208,12286
1754.688457,636.718250,595.178792,12277
1754.713180,179.798500,137.312584,12287
1754.791456,613.209042,570.103333,12280
1754.861200,172.701375,132.011542,12290
1754.862171,178.759000,137.561667,12289
1754.911223,647.951208,606.646250,12281
1754.958274,97.032250,55.710375,12293
1754.977326,115.136292,73.536750,12294
1754.979284,610.933459,567.831250,12284
1755.044134,575.971959,534.260416,12285
1755.077463,119.155458,77.887542,12296
1755.080343,102.974959,61.177083,12297
1755.103320,537.007917,496.080084,12288
1755.123318,79.158042,38.524792,12299
1755.181200,467.999876,425.313292,12291
1755.199200,121.699084,80.143292,12300
1755.204394,101.027209,59.896958,12302
1755.237238,445.762333,404.523583,12292
1755.289367,90.147166,48.486375,12305
1755.297309,116.089167,74.513834,12304
1755.303158,391.896459,351.362667,12295
1755.330307,350.989042,309.413417,12298
1755.389327,99.930833,58.851333,12308
1755.399307,318.919708,277.511209,12301
1755.409328,111.991250,71.006250,12309
1755.433337,309.977209,268.606042,12303
1755.474139,84.769125,44.039625,12312
1755.496304,96.956709,56.081959,12313
1755.500322,295.879500,253.967875,12306
1755.546315,309.055250,267.528625,12307
1755.578533,104.367667,63.397833,12316
1755.605209,302.025791,260.645583,12310
1755.625369,129.024292,87.866042,12317
1755.646251,99.894667,58.440667,12319
1755.686321,355.973625,314.684125,12311
1755.689350,84.097708,42.479500,12321
1755.739219,113.817667,72.945542,12322
1755.742212,332.844167,291.716542,12314
1755.773154,86.796208,45.281833,12324
1755.794217,360.835417,318.636500,12315
1755.843324,342.956833,301.777000,12318
1755.871294,129.046751,86.976459,12327
1755.871294,132.050917,90.704251,12326
1755.892318,313.738834,272.526334,12320
1755.959122,312.836709,269.999625,12323
1755.959229,115.868958,74.801417,12330
1755.966416,95.097916,53.323083,12331
1755.992306,302.915667,261.562875,12325
1756.056281,283.099834,241.519542,12328
1756.060146,101.005334,58.748667,12334
1756.072249,112.980292,70.535208,12335
1756.122302,328.041291,286.451375,12329
1756.177283,117.112625,75.554500,12339
1756.184373,128.051000,87.138916,12338
1756.187337,316.001292,274.753500,12332
1756.231144,338.790958,297.335500,12333
1756.296207,118.883334,78.145666,12342
1756.303291,118.836667,77.342708,12343
1756.304293,337.836334,296.735250,12336
1756.345309,352.962167,311.677042,12337
1756.399139,102.893000,62.055584,12346
1756.415288,343.014000,302.040959,12340
1756.422438,119.105000,78.078000,12347
1756.463146,340.810750,299.880292,12341
1756.502157,102.998292,61.931625,12350
1756.517240,101.917084,60.789750,12351
1756.526357,338.973250,297.408708,12344
1756.569154,105.985833,64.630125,12353
1756.571133,339.968417,299.146751,12345
1756.594271,92.084709,50.675041,12354
1756.607313,302.980125,260.478167,12348
1756.664123,318.778250,277.214583,12349
1756.674333,105.155458,64.103958,12357
1756.680420,109.257750,68.267500,12358
1756.715319,292.833042,251.524584,12352
1756.766354,102.205542,60.862667,12361
1756.768202,250.947083,209.977250,12355
1756.787446,113.090833,71.943375,12362
1756.807339,280.940625,239.717042,12356
1756.864209,269.896083,227.518083,12359
1756.878140,111.746833,70.568458,12365
1756.887175,118.957708,76.184792,12366
1756.912299,304.945375,263.937333,12360
1756.972231,291.753000,250.977708,12363
1756.988125,123.879583,82.655708,12369
1756.989270,111.111583,69.853875,12370
1757.013302,297.942750,256.869667,12364
1757.074241,101.973083,60.444416,12373
1757.083426,94.116166,52.956750,12375
1757.100238,112.095083,70.908541,12374
1757.115305,307.924458,266.450916,12368
1757.166130,91.871209,49.535792,12377
1757.183247,99.762542,58.634625,12378
1757.183308,296.117209,255.299333,12371
1757.220300,307.962667,266.774958,12372
1757.272204,484.731625,443.865334,12367
1757.298254,132.103709,90.702500,12381
1757.310167,126.899500,85.488375,12382
1757.311273,297.930208,256.454042,12376
1757.356196,83.954791,43.194667,12385
1757.375138,274.882125,233.506876,12379
1757.386224,87.942750,46.594917,12386
1757.449183,333.835542,291.550000,12380
1757.462305,106.091417,65.141417,12389
1757.475311,100.152792,59.297291,12390
1757.512346,329.023334,287.273583,12383
1757.564294,115.071833,74.014500,12392
1757.571369,109.023542,67.564875,12393
1757.577355,357.008750,315.315875,12384
1757.643179,332.988833,291.761166,12387
1757.676128,104.722625,63.519750,12397
1757.676160,111.845417,70.645750,12396
1757.706368,395.054917,354.092666,12388
1757.755268,369.002667,327.615167,12391
1757.770274,127.073917,85.722291,12399
1757.783270,107.102625,65.939416,12401
1757.808358,333.011875,291.861792,12394
1757.861220,105.916709,64.356833,12403
1757.874295,361.907875,320.646375,12395
1757.878257,107.959833,66.434084,12404
1757.920318,342.915417,301.753084,12398
1757.954146,92.906334,52.455958,12407
1757.980329,106.000417,64.543792,12408
1757.989201,313.051667,271.786959,12400
1758.028305,321.897625,280.784000,12402
1758.051226,130.865292,88.420500,12410
1758.055368,101.192000,60.281959,12411
1758.082268,298.974083,257.656583,12405
1758.120313,311.912125,270.951042,12406
1758.150334,121.988708,80.970167,12414
1758.163318,112.049875,70.874417,12415
1758.188292,310.010751,269.173917,12409
1758.223297,102.951333,62.129083,12418
1758.261301,110.922875,69.611500,12419
1758.278303,297.927000,253.636542,12412
1758.288308,99.975458,58.603125,12421
1758.314311,90.981041,49.387042,12422
1758.338138,348.922000,307.808083,12413
1758.361253,99.904000,58.982292,12423
1758.391206,112.856917,71.302000,12424
1758.398307,342.890916,300.885375,12416
1758.449133,110.972458,70.422625,12427
1758.455323,373.028833,332.185583,12417
1758.462252,100.954875,58.617125,12428
1758.537131,373.776083,329.689791,12420
1758.553310,104.152708,63.378292,12431
1758.557315,101.913583,59.899875,12432
1758.584231,295.884167,254.135584,12425
1758.637128,99.978958,58.876125,12434
1758.648313,333.970292,292.516584,12426
1758.660304,106.948917,66.183250,12435
1758.711128,319.886000,276.503500,12429
1758.734206,97.052958,55.922708,12438
1758.744228,95.888333,54.260500,12439
1758.792170,81.018875,40.129542,12441
1758.804315,405.966750,364.120458,12430
1758.828362,94.116459,53.235000,12442
1758.853138,390.849958,349.396250,12433
1758.903120,345.771709,304.523625,12436
1758.913365,121.153959,80.245375,12444
1758.937301,132.944292,92.028417,12445
1758.951302,367.045000,325.498250,12437
1759.011303,108.157875,67.287500,12448
1759.019500,359.144916,317.789500,12440
1759.042300,128.897125,87.544334,12449
1759.138425,394.171458,353.301958,12443
1759.181355,161.764750,120.311041,12453
1759.186144,174.806625,132.734000,12452
1759.248806,420.406875,378.374500,12446
1759.365127,183.735125,142.168250,12456
1759.370072,516.914125,474.994334,12447
1759.376306,190.141292,148.747375,12457
1759.480151,542.821125,500.651959,12450
1759.526463,156.368334,114.796792,12460
1759.542462,177.310292,136.307500,12459
1759.583301,631.954459,590.628500,12451
1759.667622,584.560667,583.774334,12454
1759.694331,167.828209,126.609875,12463
1759.730279,187.787834,145.089292,12464
1759.831269,692.814209,651.545708,12455
1759.838247,170.586500,126.911167,12466
1759.860148,165.781000,125.000167,12467
1759.922276,673.437334,627.313167,12458
1759.939247,107.939125,66.879166,12469
1759.946223,107.949917,66.910958,12470
1759.984233,607.893125,567.151667,12461
1760.014207,91.893375,50.619042,12472
1760.059123,578.958626,538.164958,12462
1760.059213,119.932750,78.880667,12473
1760.075240,90.979875,48.667792,12475
1760.101336,518.002042,477.150626,12465
1760.150368,420.068251,378.742875,12468
1760.173288,114.139083,73.554250,12477
1760.176326,117.052834,74.484958,12478
1760.194295,334.121084,292.664167,12471
1760.257169,310.905876,265.146584,12474
1760.274321,123.909625,82.693916,12481
1760.282314,108.989125,68.212667,12482
1760.299211,284.963000,243.763625,12476
1760.351299,94.103625,52.987958,12485
1760.378247,103.899834,62.996208,12486
1760.381349,306.073834,264.817000,12479
1760.416121,85.500333,44.428708,12488
1760.424236,322.860708,281.587250,12480
1760.461187,284.832917,243.722792,12483
1760.474578,58.625584,57.816208,12489
1760.501364,307.030500,266.151375,12484
1760.533306,228.473292,186.698166,12487
1760.553627,63.089250,62.578542,12491
1760.557454,72.380875,71.433834,12490
1760.570085,43.117375,42.498750,12492
1760.666557,28.424667,27.785042,12493
1760.745633,37.170292,36.655791,12494
1760.802346,53.081583,52.461209,12495
1760.865242,51.422584,50.917709,12497
1760.881919,69.378750,68.720458,12496
1760.898806,60.558167,60.030834,12498
1760.921455,42.984959,42.418250,12501
1760.972338,133.562041,131.861916,12499
1761.021642,59.930209,59.275708,12504
1761.029785,76.348417,75.687500,12503
1761.040378,180.012875,179.438000,12500
1761.078311,189.835625,186.603375,12502
1761.095410,73.612583,70.971250,12507
1761.117629,146.118875,145.518041,12505
1761.140362,57.819708,57.113584,12508
1761.154931,176.226167,175.430500,12506
1761.216453,43.775958,43.372000,12509
1761.247860,54.164834,53.508292,12510
1761.281793,67.394541,66.641167,12511
1761.327682,49.016042,48.395666,12512
1761.344148,39.379375,38.845917,12513
1761.389486,78.572959,77.980000,12514
1761.484496,64.761667,63.938292,12516
1761.485336,63.429334,62.941084,12517
1761.492328,76.427166,75.799209,12515
1761.568932,62.505333,62.156792,12518
1761.572615,60.444125,59.956750,12519
1761.604690,77.650417,77.016625,12520
1761.624577,63.288750,62.585250,12521
1761.684522,46.375875,45.707375,12522
1761.784770,44.613041,44.135875,12523
1761.797150,47.909459,47.256125,12524
1761.839837,35.147292,34.760250,12525
1761.914428,54.068000,53.414667,12526
1761.942041,27.305250,26.808834,12527
1761.999381,27.917750,27.451375,12528
1762.143653,42.402792,41.760250,12530
1762.166383,83.798166,83.365917,12529
1762.181797,55.746541,55.032250,12531
1762.221303,65.511250,64.695166,12533
1762.236052,99.992375,99.253292,12532
1762.280634,86.930667,86.080167,12535
1762.291400,118.611208,114.585917,12534
1762.320081,69.420459,68.613125,12536
1762.339489,86.850458,86.139375,12537
1762.348318,43.565667,43.056708,12538
1762.457335,41.423959,40.692167,12539
1762.558175,31.149708,30.619458,12541
1762.576225,52.819083,52.394417,12540
1762.603608,27.612959,27.106625,12542
1762.676272,38.155833,37.798250,12543
1762.706880,54.884084,54.389709,12544
1762.743835,50.201375,49.524709,12545
1762.794073,44.828000,44.250792,12546
1762.833380,51.251375,50.629833,12547
1762.860147,53.200584,52.572625,12548
1762.901409,41.047125,40.703541,12549
1763.010758,39.301500,38.901625,12550
1763.090491,41.262958,40.793667,12551
1763.122984,40.405458,39.752417,12552
1763.156551,57.389791,56.646917,12553
1763.250180,35.569333,34.960334,12555
1763.259318,65.644542,64.960875,12554
1763.333359,28.533750,28.091000,12556
1763.377784,26.991708,26.512792,12557
1763.440399,56.958125,56.568750,12558
1763.478421,72.157167,71.469126,12559
1763.487112,71.189125,70.608417,12560
1763.488060,70.799458,70.229542,12561
1763.561488,34.444084,33.799792,12562
1763.675234,37.120125,36.577916,12563
1763.780564,39.474750,38.932250,12564
1763.800209,50.934917,50.373459,12565
1763.868862,42.821917,42.225166,12566
1763.902373,42.015458,41.339083,12567
1764.049908,77.588000,76.878958,12568
1764.153056,70.422042,69.498042,12569
1764.258481,90.899376,90.289792,12570
1764.282437,88.489041,87.779709,12571
1764.407973,101.499417,99.442000,12573
1764.439186,134.323875,133.042584,12572
1764.449050,122.783209,121.991917,12574
1764.556805,140.623292,139.965875,12576
1764.561626,215.430542,212.564625,12575
1764.598903,137.124750,136.326459,12578
1764.680539,254.662041,253.021125,12577
1764.716124,113.322708,112.301583,12581
1764.729894,126.400750,125.844834,12582
1764.746575,265.033708,264.443083,12579
1764.805809,45.913583,45.207458,12585
1764.811803,283.899000,282.517667,12580
1764.820894,71.658708,71.161417,12584
1764.880062,241.123459,239.862000,12583
1764.914807,118.503876,117.854625,12586
1764.923153,62.815084,62.120334,12587
1765.014330,42.868875,42.412417,12588
1765.134921,52.315958,51.844042,12589
1765.245704,52.015542,51.331875,12590
1765.304424,44.354625,43.707125,12591
1765.339901,49.851375,49.148167,12592
1765.359328,54.510458,54.056041,12593
1765.401669,74.375291,73.496500,12594
1765.461759,45.843584,45.433208,12595
1765.605678,78.614083,77.942959,12596
1765.678818,40.708500,40.417708,12597
1765.723713,30.324000,29.861709,12598
1765.766993,41.465667,40.984125,12599
1765.800068,50.814458,49.979708,12600
1765.825261,37.730000,37.335083,12601
1765.906467,46.131167,45.556292,12602
1765.979365,48.588167,47.634709,12603
1766.021693,58.176125,57.633625,12604
1766.028563,61.478375,60.942875,12605
1766.064203,92.780041,92.108042,12606
1766.160435,77.833583,77.122208,12607
1766.239272,45.578750,45.236917,12608
1766.340059,35.263375,34.931458,12609
1766.459088,43.174250,42.521500,12610
1766.594065,67.020625,66.455375,12611
1766.693161,55.027000,54.466708,12612
1766.709970,48.011542,47.434916,12613
1766.815395,66.171875,65.689167,12614
1766.840946,50.716167,50.183584,12615
1766.913709,53.354875,52.668584,12616
1767.020176,48.684125,47.999875,12617
1767.074211,42.406291,41.711834,12618
1767.127877,45.298750,44.669041,12619
1767.138474,27.732250,27.179250,12620
1767.234632,40.930167,40.437834,12621
1767.307621,40.386208,39.910500,12622
1767.371184,66.388292,65.955458,12623
1767.457087,41.167875,40.359375,12624
1767.505832,41.185667,40.520375,12625
1767.558778,31.734208,31.222041,12627
1767.580870,54.572875,53.967083,12626
1767.674395,65.858917,65.176709,12628
1767.678140,64.694584,64.058167,12630
1767.683117,72.313500,71.752042,12629
1767.742791,108.495625,107.925125,12631
1767.784308,146.207542,145.433750,12632
1767.812892,81.772541,81.285750,12633
1767.814860,76.099041,75.373958,12634
1767.834674,87.086417,86.182250,12635
1767.884280,135.032916,134.269625,12636
1767.918380,57.994709,57.238125,12639
1767.927505,169.076542,168.276792,12637
1767.958943,153.393042,152.572000,12638
1768.005627,34.143667,33.686334,12640
1768.066380,28.840875,28.420583,12642
1768.090570,71.800167,71.154708,12641
1768.138995,56.417375,55.423375,12643
1768.145474,51.926583,50.954166,12644
1768.179989,41.563083,40.818167,12645
1768.254945,61.250292,60.833208,12646
1768.354331,62.229709,55.609458,12647
1768.365922,61.091917,60.326292,12648
1768.383291,67.802292,67.381125,12649
1768.409178,91.535500,90.798458,12650
1768.437617,54.250875,53.803166,12652
1768.453515,63.123958,62.474708,12653
1768.501529,163.951084,163.346750,12651
1768.539387,123.441500,122.849125,12654
1768.563606,36.586959,36.025208,12655
1768.675673,37.515042,36.848584,12656
1768.724504,40.173584,39.710125,12657
1768.812089,52.152625,51.648625,12660
1768.813647,77.650417,76.839875,12658
1768.814642,65.428417,65.027667,12659
1768.843858,53.381708,52.810041,12661
1768.902286,41.929125,41.226208,12662
1769.052381,80.922625,79.289000,12663
1769.159998,77.402500,76.584667,12664
1769.277446,93.950500,93.251667,12665
1769.284249,89.881459,88.111333,12666
1769.387945,83.063458,81.321333,12667
1769.401106,92.218583,90.393333,12668
1769.528907,112.942958,112.112583,12669
1769.563103,122.644375,122.137750,12670
1769.587647,129.432917,128.990458,12671
1769.617452,156.552084,155.695167,12672
1769.713183,186.180750,185.388875,12673
1769.723391,85.234917,84.770583,12674
1769.746420,97.068417,96.605250,12675
1769.784715,35.487084,34.986584,12676
1769.857111,44.894791,44.396334,12678
1769.865636,61.800083,60.999166,12677
1769.899307,38.963750,38.296125,12680
1769.907910,80.501167,79.728250,12679
1769.956972,35.598208,35.003500,12681
1769.996784,39.179584,38.619291,12682
1770.012968,41.502125,40.823708,12683
1770.125099,42.538417,41.995625,12684
1770.236819,43.132250,42.460250,12685
1770.288626,36.531833,36.083250,12686
1770.348277,43.443750,42.728875,12687
1770.444696,51.133250,50.667750,12688
1770.471178,55.259459,54.332833,12689
1770.475124,42.892209,42.410958,12690
1770.569755,56.381500,55.738667,12691
1770.577878,61.682833,61.026000,12692
1770.596346,69.311375,68.517458,12693
1770.675551,42.661791,42.025375,12694
1770.688371,50.198750,49.581000,12695
1770.785150,35.910291,35.277666,12696
1770.872593,35.794500,32.572750,12697
1770.905984,51.507458,50.949500,12698
1770.918285,57.917416,57.137209,12699
1770.991634,59.787875,59.313041,12700
1771.021902,50.444625,49.708750,12701
1771.121756,39.185708,38.600333,12702
1771.137464,52.610833,51.830042,12703
1771.182323,50.284209,49.926042,12704
1771.235359,27.936708,27.579708,12706
1771.270074,76.390708,75.693333,12705
1771.367237,62.438833,61.889917,12707
1771.448313,81.053583,40.147917,12708
1771.452063,42.326375,41.770750,12709
1771.473874,57.941916,57.159084,12710
1771.503757,27.243708,26.796584,12711
1771.565686,38.628625,38.076792,12712
1771.592987,33.084334,32.590541,12713
1771.703664,65.552375,65.184000,12714
1771.751610,56.181125,55.798167,12715
1771.776069,61.255542,60.488167,12716
1771.806800,48.226208,47.604959,12718
1771.831064,81.815417,80.949750,12717
1771.876921,44.014542,43.549625,12719
1771.901285,40.911209,40.424417,12720
1772.031590,60.128542,59.574375,12721
1772.079793,41.514667,41.051500,12722
1772.114913,62.143958,61.378917,12723
1772.118950,36.387459,35.858083,12724
1772.204817,54.238333,53.606000,12725
1772.233043,39.349334,38.793417,12726
1772.379134,74.324541,73.602959,12727
1772.471809,55.872834,55.331500,12728
1772.546174,45.975708,45.331708,12731
1772.567683,76.678584,76.214250,12729
1772.571703,76.090292,75.471375,12730
1772.589090,83.839876,83.106334,12732
1772.634579,107.541876,107.046625,12733
1772.674528,62.679459,60.913708,12734
1772.682162,44.009000,43.364417,12736
1772.692756,64.978375,64.494792,12735
1772.740420,33.037375,32.589375,12737
1772.801165,37.223083,36.641208,12739
1772.803090,53.821834,53.257750,12738
1772.900600,40.221416,39.329208,12740
1773.007924,36.474958,35.998958,12741
1773.154475,71.915667,71.407875,12742
1773.253790,60.100250,59.783791,12743
1773.306306,73.696292,73.143583,12744
1773.358336,53.552625,53.020334,12745
1773.431966,52.482500,51.845208,12746
1773.455111,39.119500,38.635333,12747
1773.469712,50.997916,50.415458,12748
1773.551241,67.396875,66.745000,12749
1773.577435,50.401458,49.919042,12750
1773.677833,39.713916,39.296542,12751
1773.714200,55.646208,55.131417,12752
1773.791674,42.428167,41.867000,12753
1773.911714,51.375333,50.769833,12754
1774.070599,98.278542,97.517875,12755
1774.125819,118.762000,117.741458,12756
1774.164703,123.078083,120.674458,12757
1774.169317,85.655792,84.776125,12758
1774.266508,72.770250,72.228916,12759
1774.425088,120.207500,117.695958,12760
1774.433538,116.713333,116.160625,12761
1774.476363,128.589708,127.648500,12762
1774.509243,92.745625,90.526625,12763
1774.612248,85.167542,84.436042,12764
1774.636471,85.356541,84.737041,12765
1774.726278,88.056792,86.271501,12766
1774.740070,91.221375,90.451375,12767
1774.795422,46.154208,45.475500,12768
1774.887662,27.310208,26.905959,12769
1774.924401,52.140083,51.324292,12770
1774.998703,27.207834,26.734167,12771
1775.122995,40.436083,39.989833,12772
1775.164745,59.843875,59.053750,12773
1775.173691,57.838666,57.241625,12774
1775.208508,69.228250,68.632958,12775
1775.235805,42.123083,41.452250,12776
1775.269538,34.574458,34.118875,12777
1775.346737,41.941958,41.471500,12778
1775.433862,50.387166,50.030458,12779
1775.485694,69.789125,69.159125,12780
1775.569784,42.764166,42.471625,12781
1775.678821,40.684583,40.215291,12782
1775.743404,41.232333,40.862209,12783
1775.758413,49.909709,49.256667,12784
1775.798565,49.315583,48.715917,12785
1775.897669,37.307667,36.770417,12786
1775.952444,78.524250,77.851667,12787
1776.016946,45.460333,45.006792,12788
1776.038524,58.652125,57.933167,12789
1776.049566,54.648125,54.254375,12790
1776.110637,28.053083,27.770459,12791
1776.204932,27.848917,27.368250,12792
1776.254154,60.434208,59.613459,12793
1776.288863,47.551000,47.038250,12794
1776.345597,40.822542,40.547791,12795
1776.455061,39.166750,38.614333,12796
1776.522239,67.503334,66.886167,12797
1776.599812,72.761500,72.242916,12798
1776.640849,49.653042,49.145834,12800
1776.649989,70.331625,69.573583,12799
1776.663655,56.508084,55.738958,12801
1776.709857,49.620375,48.929125,12803
1776.711240,73.152333,72.437166,12802
1776.808417,32.718875,31.955292,12805
1776.818069,68.797750,68.248834,12804
1776.915690,55.358333,55.009792,12806
1777.009301,37.856000,37.099709,12808
1777.025272,64.978375,64.460083,12807
1777.081795,35.557375,35.083708,12810
1777.101337,69.482291,69.019125,12809
1777.138117,55.578250,54.996667,12811
1777.243295,49.604042,49.031208,12812
1777.250286,36.866083,36.147125,12813
1777.340847,37.274417,36.809500,12814
1777.359259,54.433750,53.852167,12815
1777.444329,78.153541,77.515667,12816
1777.460566,65.937376,65.379125,12817
1777.461151,45.245375,44.745459,12818
1777.570330,57.552542,56.825417,12819
1777.579314,58.870875,57.780625,12820
1777.586950,59.868958,59.290292,12821
1777.662540,62.260333,61.721625,12822
1777.690890,61.451250,60.872875,12823
1777.703793,65.662041,65.142583,12824
1777.731273,86.954000,86.212000,12825
1777.784567,124.374834,123.658208,12826
1777.804959,55.740709,54.909166,12827
1777.830133,35.840875,35.162167,12829
1777.848638,82.473125,81.980500,12828
1777.926882,66.558042,65.879625,12830
1778.012296,40.855209,40.566166,12831
1778.086502,65.007250,64.498000,12832
1778.131108,64.231125,63.763583,12833
1778.132294,65.207334,64.641500,12834
1778.155432,72.897125,72.303584,12835
1778.267876,74.217500,73.727791,12836
1778.337072,32.271750,31.701541,12837
1778.374033,57.655208,57.098125,12838
1778.438156,39.154208,38.702125,12839
1778.463442,47.519208,47.034750,12840
1778.572618,45.558916,44.952834,12841
1778.697461,36.164916,35.483875,12843
1778.699361,61.201583,60.704000,12842
1778.782199,32.953958,32.397459,12844
1778.888303,27.913959,27.502125,12845
1778.924958,59.326458,58.510375,12846
1778.959621,27.033709,26.579875,12847
1779.048439,76.157667,75.580458,12848
1779.136072,53.372958,52.810625,12849
1779.269809,76.072209,75.282958,12850
1779.336453,100.363958,99.648208,12851
1779.413262,108.462666,106.367042,12853
1779.420336,150.493000,108.666833,12852
1779.483140,163.112833,162.234334,12854
1779.512744,96.766250,95.995083,12855
1779.566868,113.774500,113.170167,12856
1779.640896,120.738917,120.194376,12857
1779.653930,126.322000,124.813792,12858
1779.701150,107.648333,105.631167,12859
1779.725126,86.564042,85.129625,12860
1779.785361,36.108333,35.373625,12861
1779.818211,61.282083,60.765250,12862
1779.824172,48.572708,47.783458,12863
1779.864134,36.066042,35.414750,12864
1779.910675,50.329709,49.832708,12865
1779.924521,50.205458,49.605792,12866
1780.008504,52.992042,52.402000,12868
1780.017558,46.085084,45.522166,12869
1780.026395,85.434125,84.884625,12867
1780.072988,74.707208,73.987667,12870
1780.104867,53.510917,52.906291,12871
1780.127972,45.387709,44.923375,12872
1780.239248,49.970958,49.520334,12873
1780.246598,52.931375,52.409292,12874
1780.314122,51.716000,51.222500,12875
1780.362419,57.607375,56.808208,12876
1780.457280,41.358917,40.644917,12878
1780.469282,58.646875,58.260416,12877
1780.554217,27.214834,26.793959,12880
1780.576177,66.974542,66.301667,12879
1780.588423,54.564125,53.888334,12881
1780.678538,40.425584,39.854500,12882
1780.764643,67.403000,66.533250,12883
1780.789541,33.879708,33.508709,12885
1780.810703,61.460292,60.817750,12884
1780.870847,73.172458,72.634625,12886
1780.918172,57.811250,57.203125,12887
1780.918487,48.742167,48.177500,12888
1780.937251,52.787875,52.118209,12889
1780.992620,34.967333,34.593125,12890
1781.027560,56.087208,55.697833,12891
1781.129987,47.387667,46.930333,12892
1781.206652,69.335000,68.760708,12893
1781.241399,47.709375,46.988667,12894
1781.299328,34.220958,33.503750,12895
1781.340841,36.014417,35.357000,12896
1781.457222,41.311375,40.762750,12897
1781.568789,41.743333,41.230292,12898
1781.595576,46.093250,45.494167,12899
1781.644992,43.520459,42.902125,12900
1781.713210,75.055750,74.439458,12901
1781.794053,54.622458,54.060125,12902
1781.797174,47.908000,47.236584,12903
1781.824723,42.679000,41.997084,12904
1781.906526,46.187167,45.760167,12905
1781.929659,43.291792,42.832125,12906
1782.036839,52.935750,52.053167,12909
1782.038549,68.993458,68.381834,12907
1782.056876,85.383667,84.662083,12908
1782.091270,56.966292,56.245000,12910
1782.117129,56.378875,55.596917,12911
1782.137838,55.268791,54.640542,12912
1782.189636,44.340916,43.768375,12913
1782.198432,44.024750,43.490417,12914
1782.258817,65.117500,64.479917,12915
1782.271789,57.253584,56.605500,12916
1782.291147,50.367334,49.728583,12917
1782.352456,47.657751,46.945209,12918
1782.467255,51.348792,50.850625,12919
1782.550390,44.699959,44.224250,12920
1782.573223,46.190083,45.472292,12921
1782.683782,45.637083,45.064542,12922
1782.729548,31.868666,31.574959,12923
1782.794125,44.929500,44.480334,12924
1782.831404,41.872542,41.409666,12925
1782.895252,34.895000,34.440875,12926
1782.950969,29.537375,29.250375,12927
1783.007525,36.054667,35.539875,12928
1783.040243,56.385291,55.634250,12929
1783.068270,50.054959,49.480959,12930
1783.119925,37.349958,36.830209,12931
1783.144260,44.335958,43.919750,12932
1783.232362,38.669167,38.036542,12934
1783.236972,59.799833,59.308667,12933
1783.305024,47.376000,47.046417,12935
1783.376116,71.281583,70.543666,12936
1783.492257,76.374083,75.603208,12937
1783.519315,37.913167,37.317875,12938
1783.568178,41.113333,40.616917,12939
1783.697656,59.517208,58.830916,12940
1783.776294,27.041292,26.740583,12941
1783.901638,41.295625,40.729500,12942
1784.051187,78.979542,71.811833,12943
1784.133866,88.130292,87.715833,12944
1784.164556,81.812500,80.343667,12945
1784.274156,80.436125,79.939416,12946
1784.329920,72.817792,72.137333,12947
1784.387106,82.295208,81.743666,12948
1784.445875,86.840542,84.626500,12949
1784.498797,82.818459,82.191958,12950
1784.574491,82.198375,81.572458,12951
1784.615482,88.438000,87.994375,12952
1784.665235,83.075417,82.323792,12953
1784.715214,77.051625,76.263542,12954
1784.792325,43.076250,42.602000,12955
1784.793952,40.407208,39.818334,12956
1784.907076,67.392500,66.616375,12957
1784.914121,52.886167,52.457416,12959
1784.916739,56.380042,55.834042,12958
1785.029371,57.904584,57.561584,12960
1785.148748,66.164583,65.604000,12961
1785.177426,57.971667,57.354208,12962
1785.241360,47.661250,47.245041,12963
1785.256039,43.482250,42.756584,12964
1785.302528,46.320750,45.877417,12967
1785.332641,88.984292,87.558042,12965
1785.367318,62.525458,61.852875,12969
1785.369267,122.867792,122.342500,12966
1785.381088,108.986792,108.394125,12968
1785.408465,89.851125,89.131000,12970
1785.444108,28.198042,27.451084,12971
1785.567389,40.418000,39.895625,12972
1785.649400,46.683875,46.063791,12973
1785.691149,52.996417,52.410750,12974
1785.759356,37.435416,36.848291,12975
1785.813031,63.775833,63.206500,12976
1785.858560,65.998042,65.327209,12977
1785.928286,67.934708,67.226250,12978
1786.018603,47.123417,46.477375,12979
1786.066969,45.933417,45.304875,12980
1786.101160,52.695417,52.035083,12981
1786.127277,44.709584,44.173500,12982
1786.212447,40.502583,39.937917,12983
1786.245480,51.785416,50.928500,12984
1786.282403,37.252250,36.808917,12985
1786.303282,47.558875,46.986042,12986
1786.344468,50.786167,50.205459,12987
1786.355344,50.562750,49.911167,12988
1786.455502,39.571291,38.880333,12989
1786.521177,41.029333,40.648708,12990
1786.536584,41.248084,40.662708,12991
1786.566335,39.354292,38.746459,12992
1786.649321,42.935375,42.474834,12993
1786.662851,56.107625,55.699875,12994
1786.711906,73.787292,73.240417,12995
1786.781720,32.447042,31.771542,12996
1786.897627,37.273250,36.603000,12997
1786.996925,25.457250,24.989125,12998
1787.116536,33.986167,33.520375,12999
1787.187385,64.009458,63.401042,13000
1787.232900,39.201167,38.775333,13001
1787.313319,51.408000,50.614666,13002
1787.354499,49.723625,48.941375,13003
1787.445335,47.125459,46.760292,13004
1787.483221,67.300042,66.557750,13005
1787.508285,41.810708,41.400333,13006
1787.546334,63.394917,62.909000,13007
1787.585409,81.011292,80.345125,13009
1787.594373,107.970334,107.282875,13008
1787.618499,51.274417,50.858209,13011
1787.649793,122.746750,122.211833,13010
1787.693117,55.024667,54.516000,13012
1787.748576,68.367250,67.760875,13013
1787.808836,59.580791,59.133958,13014
1787.910980,47.810291,47.296375,13016
1787.918083,57.695167,57.124375,13015
1787.960691,70.190751,69.603333,13017
1788.026403,54.930750,54.404292,13018
1788.027542,40.719583,40.166583,13019
1788.128683,46.068458,45.451292,13020
1788.153358,48.197333,47.676417,13021
1788.208147,47.501417,47.081125,13022
1788.270140,76.385167,75.659208,13023
1788.338757,33.973916,33.340709,13025
1788.367612,65.516791,64.907208,13024
1788.466630,48.045667,47.234542,13027
1788.477177,61.305125,60.665208,13026
1788.503258,43.795500,43.043875,13028
1788.563495,36.420708,35.974167,13029
1788.687281,49.169167,48.628417,13030
1788.736661,32.049792,31.656625,13031
1788.797355,79.877875,79.017167,13032
1788.815383,66.145042,65.575709,13034
1788.818302,72.090958,71.453083,13033
1788.871919,112.637000,111.866417,13035
1788.900881,40.526500,39.916625,13037
1788.928372,152.707625,152.244458,13036
1788.960998,44.042541,43.500625,13038
1789.057648,86.134125,84.555625,13039
1789.150040,67.383458,66.444875,13040
1789.291224,113.223541,112.548041,13041
1789.307912,121.703458,121.010458,13042
1789.328728,137.504791,136.532375,13043
1789.371031,177.349958,176.564792,13044
1789.445169,140.412417,139.615292,13045
1789.500617,84.645750,83.898792,13046
1789.572404,95.104042,94.172166,13047
1789.643859,116.746583,116.089458,13048
1789.677317,126.204167,125.609750,13049
1789.688868,130.804333,130.001084,13050
1789.760602,167.782708,164.644958,13051
1789.798310,169.617875,167.710084,13052
1789.802761,117.366958,115.794875,13054
1789.822989,73.747916,73.184125,13055
1789.835452,197.193500,196.568458,13053
1789.908385,32.974959,32.550875,13057
1789.937085,76.694041,75.883209,13056
1789.951688,55.711250,55.290083,13058
1790.017344,45.857291,45.235167,13059
1790.119815,37.233875,36.707125,13060
1790.247129,53.459583,53.076916,13061
1790.290535,60.442959,59.591583,13062
1790.344510,39.715666,39.252500,13063
1790.379655,67.228292,66.489208,13064
1790.443385,27.474125,26.978875,13065
1790.574613,47.561500,46.927417,13066
1790.633117,36.540875,36.016167,13067
1790.700944,62.805458,62.168166,13068
1790.704428,54.914708,54.383875,13069
1790.728350,71.028708,70.341833,13070
1790.770393,57.684084,57.036000,13071
1790.775411,46.150708,45.712625,13072
1790.811939,62.703958,62.104875,13073
1790.835033,36.121167,35.634666,13074
1790.879073,36.714708,36.220625,13075
1790.927563,67.173458,66.404042,13076
1791.016623,45.153208,44.502208,13077
1791.118131,35.559417,34.868166,13078
1791.235193,41.477333,41.009209,13079
1791.261817,45.565917,44.878167,13080
1791.296700,43.376959,42.783125,13081
1791.361330,56.525292,56.118709,13082
1791.398781,39.201750,38.436125,13083
1791.436978,50.448417,49.966292,13084
1791.454961,39.020626,38.581667,13085
1791.484436,44.929792,44.634042,13086
1791.600350,73.287958,72.587375,13087
1791.673333,35.218458,34.760833,13088
1791.718607,36.530375,36.026375,13089
1791.766760,62.029625,61.544583,13090
1791.806724,57.471750,56.943250,13091
1791.841206,44.066167,43.489250,13092
1791.897260,36.902542,36.419250,13093
1792.008340,36.880084,36.416625,13094
1792.127339,44.763542,44.395166,13095
1792.182507,43.988000,43.401750,13096
1792.209185,34.710959,34.267333,13097
1792.251429,57.733667,57.230542,13098
1792.284166,35.245875,34.863792,13099
1792.374761,69.963541,69.330917,13100
1792.469130,53.206417,52.817625,13101
1792.469136,42.384416,41.717375,13102
1792.568951,41.914250,41.551125,13103
1792.598979,58.470417,57.802209,13104
1792.619428,46.798791,46.443250,13105
1792.679503,41.352791,40.838875,13106
1792.795849,46.608625,46.141667,13107
1792.927878,67.517625,67.006917,13108
1792.996356,24.864000,24.396166,13109
1793.074994,47.166875,46.660834,13111
1793.083932,57.391250,56.975625,13110
1793.120100,35.591500,35.018958,13113
1793.149957,67.330084,66.606459,13112
1793.231118,37.423167,36.897875,13114
1793.339943,35.113458,34.470042,13115
1793.382188,46.204083,45.573792,13116
1793.410601,42.657708,42.162167,13117
1793.454176,38.256167,37.721541,13119
1793.463667,59.759291,59.128417,13118
1793.506477,47.679333,47.216167,13120
1793.570789,43.755834,43.474958,13121
1793.659112,65.181083,64.423625,13122
1793.681161,48.153000,47.478958,13123
1793.703621,65.479459,64.898167,13124
1793.738705,66.212417,65.539833,13125
1793.801128,51.930666,51.302125,13126
1793.825548,52.043250,51.387875,13127
1793.884224,49.516833,48.958292,13128
1793.904634,44.277917,43.780625,13129
1793.928936,38.160792,37.438041,13130
1793.956840,40.388542,39.776625,13131
1794.051633,80.207750,79.705500,13132
1794.157368,74.760000,73.969292,13133
1794.285213,91.249375,90.454292,13135
1794.286264,95.924500,94.920875,13134
1794.387074,80.769500,80.299917,13136
1794.443722,76.220667,74.752417,13137
1794.501431,85.515500,84.990208,13138
1794.596770,69.524291,68.692750,13139
1794.682978,33.310083,32.650625,13141
1794.688948,50.826125,50.324167,13140
1794.806148,56.919042,56.227792,13142
1794.875389,32.418166,31.907458,13143
1794.919354,58.963625,58.228625,13144
1794.967583,55.074542,54.460292,13145
1794.985493,62.757625,62.157959,13146
1795.022481,50.960000,50.364125,13148
1795.040645,92.825250,92.068375,13147
1795.066119,86.133834,85.507333,13149
1795.128532,45.950334,45.282417,13150
1795.221163,27.475584,26.996958,13151
1795.331844,27.065500,26.764792,13152
1795.383909,55.434167,54.715791,13153
1795.443438,27.526625,27.020292,13154
1795.480434,27.777750,27.479959,13155
1795.528885,66.740334,66.026041,13156
1795.576775,86.220750,81.848375,13157
1795.583560,91.588292,90.996500,13158
1795.584690,56.083125,55.509125,13161
1795.617451,119.075833,118.375541,13159
1795.670588,143.514584,142.903542,13160
1795.677186,39.086834,38.374875,13163
1795.708897,136.800125,136.365834,13162
1795.791789,47.594750,47.127500,13164
1795.810258,61.016375,60.250166,13165
1795.841954,60.193875,59.503208,13166
1795.869805,50.682042,50.173375,13167
1795.900599,40.271000,39.565167,13169
1795.920653,63.242959,62.701042,13168
1796.046445,74.982542,74.307334,13170
1796.120707,38.151750,37.715709,13171
1796.220708,27.022625,26.554792,13172
1796.267413,42.855167,42.308875,13173
1796.324514,67.002834,66.449542,13174
1796.343208,38.407542,37.718334,13175
1796.374905,43.615542,43.114750,13176
1796.468790,52.879458,52.360292,13177
1796.477404,36.802500,36.261458,13178
1796.592368,65.306209,64.797833,13179
1796.718357,80.250916,79.632583,13180
1796.812534,37.921334,37.502500,13182
1796.818857,69.594875,69.006292,13181
1796.868065,37.812542,37.243791,13183
1796.903179,56.941792,56.327541,13184
1796.916945,56.593833,56.143208,13185
1796.960795,41.630166,40.968959,13186
1796.988254,59.383917,58.904125,13187
1797.013337,41.885375,41.460708,13188
1797.132716,50.889125,50.505875,13190
1797.143312,64.587833,63.808209,13189
1797.156127,73.588084,73.038000,13191
1797.189381,103.172125,102.454333,13192
1797.217553,70.027417,69.396250,13194
1797.246429,130.613583,129.053750,13193
1797.262181,68.507833,67.583834,13196
1797.286034,134.526875,133.536083,13195
1797.333266,28.469292,27.907542,13197
1797.413174,36.642083,36.127291,13199
1797.419769,45.398791,44.706083,13198
1797.461958,46.046875,45.509333,13200
1797.566482,39.419625,38.876833,13201
1797.598479,56.104417,55.283958,13202
1797.602202,53.594042,53.058541,13203
1797.678824,40.709375,40.421208,13204
1797.767319,72.482959,71.827001,13205
1797.791338,42.109375,41.640958,13206
1797.886059,59.623667,59.090500,13207
1797.886563,50.135166,49.612208,13208
1797.904177,43.831375,43.264084,13209
1798.036124,61.280625,60.824458,13211
1798.037645,66.206583,65.627041,13210
1798.043748,63.999250,63.172959,13212
1798.086616,59.234292,58.652708,13213
1798.133542,50.965250,50.190875,13214
1798.159299,65.051292,64.358584,13215
1798.169990,54.310375,53.746875,13216
1798.213933,60.034041,59.348625,13217
1798.232165,56.208250,55.549667,13218
1798.248919,55.221542,54.710250,13219
1798.352129,47.313584,46.902625,13220
1798.484705,68.798917,68.057208,13221
1798.568290,41.256834,40.763041,13222
1798.605850,40.540500,39.743375,13223
1798.632866,51.118084,50.462125,13224
1798.647867,42.371583,41.769583,13225
1798.709926,71.737458,71.116208,13226
1798.793408,44.183125,43.547875,13227
1798.871998,37.749250,37.313208,13228
1798.939135,78.757875,77.975625,13229
1799.082277,96.956125,96.165416,13231
1799.086791,114.489958,113.023459,13230
1799.193571,111.006000,110.418584,13235
1799.212345,156.702000,155.932583,13233
1799.222587,174.173709,173.413042,13232
1799.313701,255.121417,252.583042,13234
1799.325780,132.088250,129.752875,13236
1799.367045,117.148208,116.009833,13238
1799.411568,198.090375,197.668916,13237
1799.463818,112.859541,112.010500,13242
1799.522182,239.974875,237.917459,13239
1799.544529,128.405667,127.377250,13243
1799.622363,330.631875,329.397250,13240
1799.622842,94.882959,94.093417,13244
1799.727896,423.112083,422.415583,13241
1799.761144,123.022667,122.360000,13245
1799.774081,126.973875,126.271250,13246
1799.842569,180.010250,179.274958,13247
1799.872876,98.604333,98.018667,13250
1799.883123,156.357250,155.377834,13248
1799.927495,67.142833,66.654000,13251
1799.943982,194.576376,192.370500,13249
1799.958088,53.031125,52.353875,13252
1799.989198,83.068708,82.427625,13253
1800.026208,54.754583,52.429125,13255
1800.031261,62.493375,61.946208,13254
1800.053323,69.969958,69.084167,13256
1800.072617,26.408958,26.086375,13257
1800.119829,37.275291,36.581709,13258
1800.147481,41.315458,40.739709,13259
1800.261350,67.663167,66.936916,13260
1800.319882,67.817166,67.295666,13261
1800.322268,64.788500,64.085292,13262
1800.330142,58.160375,57.444625,13263
1800.365135,60.336209,59.461791,13264
1800.444146,28.213500,27.505625,13265
1800.565867,38.791666,38.241875,13266
1800.590477,41.023500,40.284708,13267
1800.616179,65.549459,64.939291,13268
1800.658584,51.560542,50.891459,13269
1800.669698,31.559500,31.038292,13270
1800.721458,42.196292,41.688791,13272
1800.736399,61.991708,61.455042,13271
1800.782163,61.571125,60.950750,13273
1800.789050,39.819208,39.296833,13274
1800.832423,40.251166,39.827375,13275
1800.873716,74.962417,74.529292,13276
1800.893494,52.404042,51.639291,13277
1800.931339,70.986417,70.254625,13278
1800.938605,58.527292,57.796667,13280
1800.951295,85.909542,83.189459,13279
1800.980321,73.055500,72.298041,13281
1801.026271,56.523833,55.909583,13282
1801.051055,79.623542,78.867541,13283
1801.127476,44.873791,44.217541,13284
1801.129376,46.208750,45.674709,13285
1801.202076,50.617875,50.150334,13287
1801.211159,74.911375,74.466583,13286
1801.225855,65.243209,64.691667,13288
1801.279828,53.560792,52.938375,13290
1801.286184,92.533000,91.782542,13289
1801.298171,53.725583,52.957917,13291
1801.347044,90.255667,89.634417,13292
1801.350266,66.586916,66.157000,13293
1801.377824,73.029250,72.306208,13294
1801.418591,49.064458,48.587875,13295
1801.447671,48.102250,47.394666,13296
1801.479924,64.017625,63.264833,13297
1801.576573,49.539292,49.102083,13298
1801.582537,51.249625,50.595709,13299
1801.624606,51.193334,50.692250,13300
1801.667694,55.404125,54.989958,13301
1801.686124,47.954959,47.429375,13302
1801.828832,79.612458,78.936958,13303
1801.901763,41.403542,40.827500,13304
1802.000865,43.343709,42.847291,13305
1802.027106,55.615291,54.890208,13306
1802.039194,63.445667,62.659333,13307
1802.069085,38.967833,38.373417,13308
1802.124045,70.117541,69.227667,13309
1802.132647,50.073625,49.614250,13310
1802.156582,44.056542,43.350125,13311
1802.254480,60.786541,60.113375,13312
1802.351154,46.337083,45.518083,13314
1802.357642,61.536417,61.064208,13313
1802.406825,81.095583,80.657500,13315
1802.413406,47.356458,46.797916,13317
1802.426421,89.749625,89.059541,13316
1802.479625,63.697667,62.997667,13320
1802.495616,102.779542,102.017125,13318
1802.507573,78.021125,77.389375,13321
1802.535587,56.270375,55.546458,13323
1802.539192,135.148708,134.385125,13319
1802.577604,120.628667,119.944417,13322
1802.588832,61.798334,61.303375,13324
1802.621946,43.226167,42.713708,13325
1802.652434,29.580541,29.103667,13326
1802.690164,63.259292,62.567750,13327
1802.711276,48.846583,48.096708,13329
1802.736167,98.043167,97.142792,13328
1802.761027,58.472750,57.841875,13330
1802.812875,66.026625,63.722750,13332
1802.819392,78.036000,77.573708,13331
1802.823078,50.511416,49.954041,13334
1802.887264,138.077334,137.433041,13333
1802.890605,58.508041,54.438708,13338
1802.896847,64.750583,64.185042,13337
1802.940091,140.228666,139.764917,13335
1803.003305,82.230167,40.447458,13342
1803.008167,206.553958,205.982000,13336
1803.037862,66.530916,66.136000,13343
1803.042120,70.656542,70.241500,13344
1803.114046,31.493875,30.777833,13347
1803.116230,274.131375,233.180791,13339
1803.146317,285.968958,285.349458,13340
1803.172700,54.501125,54.041750,13348
1803.209012,340.382292,339.670042,13341
1803.215780,80.139209,79.471875,13349
1803.246412,52.770375,52.282125,13350
1803.260887,278.466125,277.726750,13345
1803.328070,37.291917,36.565959,13352
1803.328199,324.863876,283.933125,13346
1803.367191,156.587083,153.606834,13351
1803.374910,70.122500,69.678875,13353
1803.402576,47.077625,46.483209,13356
1803.416203,93.778416,93.265958,13354
1803.470208,57.445500,56.621542,13358
1803.482401,66.439625,64.162875,13359
1803.495034,168.564959,167.903750,13355
1803.535535,164.062208,163.268875,13357
1803.592135,65.078708,63.231875,13363
1803.593713,159.228125,158.603375,13360
1803.606084,81.754458,81.008667,13362
1803.629344,192.770667,192.095750,13361
1803.684991,46.857417,46.217209,13366
1803.699241,65.025333,64.363250,13365
1803.702565,123.630792,122.999333,13364
1803.745682,83.558416,82.987917,13367
1803.796391,64.874833,64.231709,13369
1803.817265,149.707833,140.237416,13368
1803.819388,70.149917,69.626958,13370
1803.863693,76.235250,74.396875,13371
1803.871302,47.099791,46.505667,13373
1803.908155,47.796292,47.022792,13374
1803.944296,54.136250,53.322500,13376
1803.970783,58.177583,57.688458,13377
1803.981473,190.050000,189.240333,13372
1804.055878,108.416292,107.991917,13380
1804.121757,258.299417,257.684292,13375
1804.131494,159.930750,117.750500,13382
1804.200891,109.119792,108.409292,13384
1804.219447,136.877708,134.521917,13383
1804.235847,316.353626,315.421167,13378
1804.315296,386.041251,385.408917,13379
1804.419759,459.436250,458.835417,13381
1804.432110,126.793625,126.111709,13388
1804.466053,128.196542,127.253000,13389
1804.535048,427.675208,426.927958,13385
1804.588467,128.577458,127.631583,13392
1804.634260,139.122958,137.627583,13393
1804.716458,565.982666,524.009792,13386
1804.754591,166.091625,123.476500,13396
1804.797516,602.217583,601.421917,13387
1804.810657,176.354792,135.113125,13397
1804.860281,496.746542,494.629625,13390
1804.873274,156.785709,115.752584,13398
1804.909140,111.586417,70.328125,13400
1804.939608,523.714625,522.257750,13391
1804.978320,118.019417,77.263083,13402
1804.994207,120.901666,78.422750,13403
1805.008577,502.211500,500.599167,13394
1805.043195,103.550125,62.099334,13405
1805.072167,93.819542,53.055042,13406
1805.108304,573.226792,526.853250,13395
1805.135710,73.757541,73.012333,13408
1805.167220,412.608875,369.231333,13399
1805.198328,115.735958,74.741625,13409
1805.202314,391.618208,349.865833,13401
1805.249199,69.951291,69.249541,13412
1805.269302,360.137750,318.646708,13404
1805.309507,48.936417,48.169917,13414
1805.317199,123.541250,82.300458,13413
1805.341358,347.118333,305.439750,13407
1805.377292,282.364250,240.599333,13410
1805.381627,55.176042,54.745542,13417
1805.389208,88.946084,88.233833,13415
1805.440561,46.763208,46.015084,13420
1805.442267,333.929167,292.468750,13411
1805.472738,83.962667,83.132583,13419
1805.478833,174.004542,173.320000,13416
1805.554230,113.637417,72.893625,13424
1805.583291,109.379667,67.936167,13426
1805.597362,248.656334,207.383750,13418
1805.604437,80.920292,80.256167,13427
1805.657203,102.939959,62.209000,13428
1805.672314,276.172459,234.565625,13421
1805.701326,96.867750,55.555208,13431
1805.732285,322.420583,281.135750,13423
1805.752293,95.057666,54.167167,13432
1805.772139,365.423917,320.678167,13422
1805.779353,106.999667,65.736417,13433
1805.842271,399.975333,358.346042,13425
1805.855287,107.171458,65.643084,13435
1805.865248,112.927791,71.783542,13436
1805.884304,54.700917,54.135083,13437
1805.910830,68.897209,68.324666,13438
1805.936328,352.995417,309.137792,13429
1805.974358,376.954666,335.745959,13430
1805.989334,105.004958,64.261750,13442
1806.003564,302.203417,301.440709,13434
1806.037417,66.257625,65.423167,13443
1806.075302,103.838875,62.493958,13444
1806.093149,248.835125,207.535125,13439
1806.128956,88.483501,87.899001,13446
1806.130602,48.022334,47.427334,13447
1806.149288,293.957125,253.097250,13440
1806.213316,348.047584,306.086959,13441
1806.221991,71.677083,71.036583,13449
1806.260309,267.170458,225.877167,13445
1806.268095,74.384041,73.525083,13450
1806.277355,171.238667,170.774917,13448
1806.293593,64.090833,63.504291,13452
1806.318129,110.684292,110.005583,13451
1806.372844,132.511167,131.541083,13453
1806.387725,82.897208,82.113792,13454
1806.397052,70.852542,70.168875,13455
1806.433468,72.923375,72.270333,13456
1806.480463,71.421875,70.864500,13457
1806.487410,71.527458,70.804125,13458
1806.526203,85.199625,84.412125,13459
1806.543656,59.830750,58.887792,13460
1806.557074,61.049333,60.561083,13461
1806.582823,59.664208,58.941167,13462
1806.632346,105.342125,104.706875,13463
1806.672184,59.948291,59.464417,13465
1806.678343,41.210459,40.432583,13466
1806.705462,164.799542,164.365542,13464
1806.744601,53.194458,52.600625,13469
1806.757668,68.384459,67.712750,13468
1806.768702,130.573916,130.060875,13467
1806.795799,43.115042,42.555625,13471
1806.840340,91.129209,90.360375,13470
1806.842394,66.925542,66.323834,13472
1806.885408,59.220000,58.446208,13473
1806.933658,64.080333,63.579250,13475
1806.934865,74.497791,73.883833,13474
1806.962908,76.803125,76.041292,13476
1806.986661,51.296583,50.762833,13478
1807.025460,92.818250,86.155416,13477
1807.064631,75.623916,75.039125,13480
1807.065297,93.823917,93.233584,13479
1807.098358,91.642250,90.836083,13481
1807.121103,44.646584,44.116333,13483
1807.145225,62.639500,61.654833,13484
1807.174094,142.550042,140.942083,13482
1807.185470,38.852042,38.360875,13487
1807.241149,151.981958,151.437125,13485
1807.272159,68.756042,68.177667,13489
1807.273476,79.786291,79.042833,13488
1807.289362,197.666292,196.997791,13486
1807.346107,134.197291,133.623875,13490
1807.375406,70.657708,69.950417,13491
1807.388205,50.514041,49.847291,13493
1807.395642,78.756709,78.237834,13492
1807.451577,35.655083,35.137958,13495
1807.459504,52.511083,51.962750,13494
1807.482754,26.567334,25.930042,13496
1807.586589,59.558625,59.003000,13497
1807.621900,33.397000,32.930333,13498
1807.671226,76.190333,75.612541,13499
1807.690603,72.279959,71.690792,13500
1807.697279,77.869167,77.004958,13501
1807.726861,46.961542,46.461917,13503
1807.748751,110.637916,110.114667,13502
1807.765922,38.473167,37.987833,13505
1807.801663,52.430292,51.685958,13506
1807.823244,141.056417,140.044042,13504
1807.867218,61.373667,60.675125,13508
1807.868214,64.104250,63.357291,13507
1807.880502,43.738625,42.947625,13509
1807.905808,45.500000,44.867667,13510
1807.962943,39.239958,38.950916,13511
1808.031863,63.860417,63.308584,13512
1808.040912,60.585584,60.072542,13514
1808.043650,72.131791,71.563333,13513
1808.093083,109.662292,108.773583,13515
1808.111344,59.523625,58.909083,13519
1808.138744,62.642417,62.011833,13520
1808.174763,163.696167,160.823250,13516
1808.218139,86.815751,43.664833,13523
1808.220980,68.805625,68.074709,13524
1808.237930,214.835542,214.404167,13517
1808.267389,73.700667,72.939709,13525
1808.287143,43.560125,42.845834,13526
1808.291589,267.304625,266.827751,13518
1808.339530,256.898250,256.202917,13521
1808.343679,38.928167,38.351250,13528
1808.396052,46.006917,45.438458,13529
1808.399768,300.470333,300.013292,13522
1808.437192,176.019375,175.005541,13527
1808.457635,41.749459,41.073083,13531
1808.471144,90.986583,90.268791,13530
1808.530910,27.601875,27.209000,13532
1808.573594,41.463625,40.991708,13534
1808.582501,55.396834,54.668250,13533
1808.667914,44.194791,43.636542,13535
1808.685929,47.805917,47.196042,13536
1808.718633,48.133750,47.548958,13537
1808.727635,53.807833,52.948583,13538
1808.795626,46.373834,45.851750,13539
1808.842606,43.396500,42.771167,13540
1808.859467,28.666166,28.044916,13541
1808.895132,34.769583,34.234084,13542
1808.996379,58.333333,57.716458,13543
1809.093766,121.698500,120.948042,13545
1809.100822,133.523542,132.865542,13544
1809.123064,132.511750,131.726291,13546
1809.203180,208.255541,207.609792,13547
1809.304742,133.987000,133.081375,13551
1809.324393,142.667000,141.530666,13552
1809.348390,299.602042,298.690875,13548
1809.462617,393.825834,393.138667,13549
1809.479322,154.889000,113.281875,13557
1809.492354,187.578709,145.976250,13556
1809.596933,514.363500,512.450750,13550
1809.618905,156.255459,114.104667,13559
1809.654335,174.848042,133.245000,13560
1809.740330,550.660250,536.943167,13553
1809.758332,161.374792,119.897750,13562
1809.782382,163.441833,121.040500,13563
1809.851349,657.618500,654.909792,13554
1809.855684,115.331708,114.116041,13565
1809.895235,136.882084,95.929167,13566
1809.931210,727.989501,685.716208,13555
1809.961990,613.581209,611.585917,13558
1809.976315,120.588417,79.577458,13569
1810.001211,105.928667,64.548459,13570
1810.039171,77.132417,76.301167,13572
1810.055524,563.135417,521.894334,13561
1810.058323,81.966500,41.274334,13573
1810.138134,483.770584,442.883000,13564
1810.143140,103.933666,61.864542,13575
1810.156303,100.745750,59.652541,13576
1810.230292,447.875166,406.128917,13567
1810.237268,99.111542,57.612334,13578
1810.257297,114.129458,72.536042,13579
1810.277296,425.922875,384.584375,13568
1810.331191,399.933917,357.535792,13571
1810.346318,109.007500,68.350041,13582
1810.363245,132.915417,91.997500,13581
1810.406315,405.059084,364.196292,13574
1810.432210,100.986666,60.038125,13585
1810.459144,400.779750,359.680125,13577
1810.472213,125.852416,85.032792,13586
1810.500245,343.903875,303.130626,13580
1810.526242,119.884333,78.956208,13588
1810.551299,119.065042,78.134000,13589
1810.562147,304.818500,262.157875,13583
1810.614120,87.838916,46.837292,13593
1810.632138,131.874750,91.116959,13592
1810.639146,361.821250,321.102542,13584
1810.711233,347.967375,306.709375,13587
1810.712245,98.103250,57.031041,13596
1810.750301,291.125333,249.991584,13590
1810.780139,147.986417,106.620500,13597
1810.798318,87.057542,45.393541,13599
1810.805302,333.055333,292.252334,13591
1810.859319,307.981042,266.773500,13594
1810.881302,101.142708,59.903958,13602
1810.885151,134.810083,94.127250,13601
1810.909142,346.975125,305.753292,13595
1810.954282,94.922625,53.235875,13605
1810.968301,329.129208,287.777875,13598
1810.987313,105.973000,64.658125,13606
1811.034142,321.860875,279.285708,13600
1811.052251,83.922125,42.448583,13610
1811.088307,133.986125,93.120125,13609
1811.091215,292.850250,251.174584,13603
1811.145251,111.089709,69.735750,13612
1811.156234,103.962542,63.309167,13613
1811.158202,352.876125,311.278625,13604
1811.185246,300.077167,259.511000,13607
1811.252182,343.018084,302.262626,13608
1811.252191,106.914792,65.483542,13616
1811.269254,112.999542,72.368042,13617
1811.287141,299.791625,258.542959,13611
1811.348113,95.913125,54.645792,13620
1811.353234,264.889625,223.711833,13614
1811.378341,126.134750,84.534917,13621
1811.435189,87.057542,46.071375,13624
1811.437328,346.079417,305.000209,13615
1811.462314,109.055333,68.072375,13625
1811.489314,331.086875,290.275125,13618
1811.542113,106.898166,65.496375,13627
1811.542113,104.745083,60.637208,13628
1811.581306,396.034042,355.036500,13619
1811.612243,342.963250,342.244000,13622
1811.639128,97.003666,55.902000,13631
1811.661348,119.209417,78.407000,13632
1811.669896,57.623708,53.503333,13634
1811.735300,448.133875,407.388625,13623
1811.751311,112.157208,70.824542,13635
1811.795184,125.257709,84.300125,13637
1811.816319,80.988250,39.648875,13638
1811.817161,438.791792,397.441042,13626
1811.869385,407.030167,365.893792,13629
1811.902203,85.842167,45.199292,13641
1811.910152,114.932708,73.847083,13640
1811.939304,449.963500,408.031459,13630
1811.987205,117.785791,76.140167,13643
1811.992375,90.139000,49.262208,13644
1811.995372,414.029876,373.224834,13633
1812.037142,375.754458,333.018292,13636
1812.095297,343.951125,302.831084,13639
1812.096211,103.795125,62.660208,13648
1812.104166,116.943458,76.117125,13647
1812.159244,342.065208,299.986167,13642
1812.192366,96.087542,53.765541,13652
1812.219306,123.970000,82.303375,13651
1812.221282,311.110333,270.413792,13645
1812.265269,106.000708,64.413417,13654
1812.278361,339.031875,298.215459,13646
1812.290183,97.781541,56.939166,13655
1812.337257,341.843833,299.956125,13649
1812.365176,99.871625,59.007083,13658
1812.383148,104.755291,63.552416,13659
1812.405236,368.066416,327.424125,13650
1812.458349,121.069959,79.745750,13661
1812.467319,102.118917,61.206251,13662
1812.471351,367.164583,325.796333,13653
1812.512313,292.957584,251.407334,13656
1812.565114,97.661667,56.267166,13666
1812.570346,111.953042,71.009458,13665
1812.579335,358.010917,316.715584,13657
1812.603213,313.003250,272.560750,13660
1812.661127,90.738958,48.483458,13670
1812.673317,108.177708,66.895500,13669
1812.684337,301.167708,260.168417,13663
1812.754174,348.896042,308.176458,13664
1812.771153,97.804000,56.720708,13674
1812.778340,117.190500,75.674375,13673
1812.827329,355.944167,314.762292,13667
1812.865270,352.918416,311.795459,13668
1812.878311,124.100084,83.249834,13676
1812.886377,115.199583,73.962875,13677
1812.949285,369.910042,328.189167,13671
1812.984299,105.943542,64.975458,13681
1812.986140,120.846541,79.911417,13680
1813.010319,407.059916,365.995583,13672
1813.064213,114.898000,73.500000,13683
1813.067290,382.914875,339.857875,13675
1813.093299,108.960542,67.498083,13684
1813.108290,329.908542,288.267583,13678
1813.175212,347.848667,306.420042,13679
1813.177220,112.971834,71.262334,13687
1813.181459,114.120417,72.503084,13688
1813.231248,344.835751,303.331875,13682
1813.276173,98.931291,57.727834,13692
1813.281428,106.184750,65.042250,13691
1813.289169,303.007834,261.494042,13685
1813.314313,303.951084,263.053292,13686
1813.373219,91.735292,50.474083,13696
1813.373234,97.024667,56.248792,13695
1813.386331,292.997834,251.928251,13689
1813.411298,302.967000,261.517667,13690
1813.474288,292.780834,247.704917,13693
1813.478359,105.112583,63.960166,13699
1813.489311,116.064375,71.601541,13700
1813.537239,305.968542,264.434625,13694
1813.579211,100.801750,59.389167,13704
1813.591152,116.824458,75.784333,13703
1813.603385,314.185958,272.913375,13697
1813.630297,315.938583,274.688458,13698
1813.692251,101.072125,59.528584,13708
1813.698330,119.079042,76.944584,13707
1813.707541,321.163208,275.919875,13701
1813.764173,352.836458,311.861666,13702
1813.798133,105.844958,64.759917,13711
1813.807350,108.987667,64.831375,13712
1813.831139,66.944500,25.835250,13714
1813.852302,362.954958,321.024959,13705
1813.906281,369.016959,327.956709,13706
1813.919299,121.141708,79.669333,13715
1813.922340,114.948750,73.947125,13716
1813.968286,364.869751,324.026792,13709
1814.011650,105.328125,62.699875,13719
1814.036245,405.916000,363.785917,13710
1814.094810,175.464625,132.967625,13720
1814.182308,474.719584,433.828209,13713
1814.185585,173.896917,129.786125,13723
1814.254791,159.943292,117.969541,13725
1814.280368,449.208375,407.873667,13717
1814.323894,141.561292,99.682625,13726
1814.399406,144.567792,103.472833,13728
1814.400274,547.937250,506.904708,13718
1814.481478,157.564458,116.185709,13730
1814.514450,592.084792,542.217375,13721
1814.586424,186.977292,145.887001,13731
1814.614333,646.006959,603.544959,13722
1814.642699,161.197167,119.558542,13733
1814.744323,708.054959,666.539709,13724
1814.769240,154.860708,114.493750,13736
1814.778361,191.903542,150.776500,13735
1814.859207,673.584042,632.179917,13727
1814.893313,148.948625,107.688000,13738
1814.907213,137.931500,97.041583,13739
1814.923331,642.921417,601.567458,13729
1814.957253,98.012250,56.731208,13741
1814.975099,574.805584,534.069959,13732
1815.015305,121.947584,80.732459,13742
1815.042274,527.799708,486.202500,13734
1815.064237,140.878791,99.364708,13744
1815.079305,104.178958,62.984250,13746
1815.117257,474.532625,432.308042,13737
1815.164241,121.931250,80.838917,13748
1815.171335,392.934791,351.066625,13740
1815.173270,109.005750,67.833792,13749
1815.217212,309.957375,267.746500,13743
1815.269204,311.932250,271.190792,13745
1815.284298,112.911750,72.152209,13753
1815.293338,129.070959,87.850584,13752
1815.353311,337.963208,296.957500,13747
1815.384235,115.007375,73.856125,13756
1815.396313,111.975792,70.616000,13757
1815.414095,334.755750,293.012709,13750
1815.454311,100.956333,59.187917,13759
1815.502187,117.917042,76.336166,13760
1815.506157,388.876251,348.215584,13751
1815.506165,92.050000,50.789084,13762
1815.543298,369.985583,328.281334,13754
1815.611196,108.989708,68.401084,13764
1815.619156,401.916667,361.369166,13755
1815.627293,121.113708,79.854250,13765
1815.681328,387.945542,346.584875,13758
1815.729300,118.063750,76.915125,13768
1815.735332,338.976750,297.333167,13761
1815.740335,121.157458,79.625000,13769
1815.798256,343.902417,302.812125,13763
1815.826140,96.805625,55.489584,13772
1815.849240,113.877750,72.143750,13773
1815.860132,353.952667,309.829625,13766
1815.912293,114.012792,72.835583,13775
1815.922216,378.877042,337.552833,13767
1815.931269,105.113750,64.367333,13776
1815.979179,351.848292,311.077084,13770
1815.991444,79.120417,78.299958,13779
1816.011225,88.967375,48.318958,13780
1816.050364,368.999751,327.699750,13771
1816.058547,67.066708,66.092541,13783
1816.081364,102.158875,61.147042,13782
1816.125318,384.937584,340.153625,13774
1816.172290,323.023458,282.061500,13777
1816.184315,125.746250,84.852833,13786
1816.188135,137.737833,96.957875,13785
1816.217305,357.148750,316.295001,13778
1816.273293,342.003667,300.200250,13781
1816.276331,103.997250,62.524291,13789
1816.301321,116.950750,75.454458,13790
1816.321299,310.031167,268.666708,13784
1816.381305,107.970625,66.366125,13793
1816.391322,114.946125,73.995542,13794
1816.396363,314.954792,272.416666,13787
1816.443277,317.917250,276.173917,13788
1816.480257,98.910291,57.703917,13797
1816.503206,111.842792,70.812875,13798
1816.520309,332.147375,290.032167,13791
1816.556177,112.861292,71.463875,13800
1816.582140,364.808208,322.400166,13792
1816.597323,117.025125,75.841792,13801
1816.632137,111.791458,69.472666,13803
1816.649140,347.781292,307.145708,13795
1816.687323,105.163042,63.938292,13805
1816.698402,101.034209,59.883834,13806
1816.712252,390.914417,350.232458,13796
1816.763181,114.022417,72.607208,13808
1816.763261,366.854834,325.631250,13799
1816.795339,292.095125,247.893042,13802
1816.804108,116.749500,75.981500,13809
1816.844258,288.052042,247.130626,13804
1816.845085,81.881625,39.683000,13812
1816.905205,101.073875,60.037542,13815
1816.909346,113.958250,72.880208,13814
1816.918323,286.159416,244.950709,13807
1816.987224,77.837083,36.107167,13819
1816.997315,298.869958,256.872291,13810
1817.016303,111.058500,69.776875,13818
1817.042140,329.869750,288.326208,13811
1817.090244,92.892917,51.662625,13822
1817.109158,121.917542,81.079542,13821
1817.109158,345.865334,303.518250,13813
1817.134298,290.017583,249.115125,13816
1817.206132,115.867500,74.658792,13825
1817.210423,365.322125,324.619459,13817
1817.231153,121.983750,80.652250,13826
1817.273295,354.930334,312.679792,13820
1817.300203,94.047042,52.702416,13829
1817.330300,119.825417,78.680583,13830
1817.358209,341.872417,300.783292,13823
1817.398313,98.070292,56.479208,13833
1817.411313,137.981958,96.639376,13832
1817.421279,379.114459,338.600209,13824
1817.460299,102.071083,60.717417,13835
1817.493317,384.132292,342.436792,13827
1817.539349,141.002458,98.664708,13836
1817.542398,408.073750,367.255000,13828
1817.555177,133.865084,93.128292,13838
1817.580277,349.097584,308.029167,13831
1817.651286,320.946500,276.014375,13834
1817.653325,113.934333,72.744875,13841
1817.655217,112.777292,72.084250,13842
1817.697144,285.803583,244.442917,13837
1817.757205,296.869417,255.689583,13839
1817.758162,102.909625,61.621292,13847
1817.768450,117.121958,75.775292,13845
1817.806748,313.394667,312.694375,13840
1817.864276,106.072167,64.607958,13850
1817.871277,114.053334,72.772292,13849
1817.896335,341.134208,299.747583,13843
1817.944206,363.893833,322.894542,13844
1817.973222,101.920584,60.718875,13854
1817.977250,112.931875,71.322417,13853
1817.994143,340.778666,294.381500,13846
1818.043319,346.145625,304.681417,13848
1818.085204,316.711792,275.790084,13851
1818.088267,115.025167,73.646417,13857
1818.088275,144.051834,102.958042,13856
1818.112695,305.928876,305.143417,13852
1818.187202,101.964333,60.844584,13861
1818.207261,310.885167,269.291167,13855
1818.217310,129.018166,86.558208,13863
1818.262242,284.972334,244.296500,13858
1818.306304,119.077583,77.510125,13865
1818.320243,112.961625,71.719958,13866
1818.323174,329.009625,286.867292,13859
1818.365311,321.958000,281.111541,13860
1818.413272,106.930250,65.506583,13869
1818.419313,331.021250,289.673125,13862
1818.429153,108.890250,66.715250,13870
1818.474312,361.576250,320.637625,13864
1818.521196,107.883417,67.316375,13873
1818.524174,104.821208,64.164042,13874
1818.549133,331.785708,289.176125,13867
1818.598233,335.964417,295.421875,13868
1818.634167,112.935959,71.688459,13877
1818.645134,120.938416,79.905875,13878
1818.666294,343.092167,301.328416,13871
1818.700238,101.971625,58.785125,13880
1818.731202,365.851501,324.735250,13872
1818.752269,118.081542,76.939917,13881
1818.783293,116.957458,75.568209,13883
1818.786198,357.029751,316.433542,13875
1818.826277,95.042791,53.678625,13885
1818.866240,113.944834,72.818375,13886
1818.872273,397.931333,356.494834,13876
1818.903201,116.986334,75.663000,13888
1818.939306,112.989042,71.561583,13889
1818.944314,395.158750,353.721667,13879
1818.987599,342.443792,297.198126,13882
1818.989122,122.845041,81.640708,13890
1819.011422,108.197542,67.221875,13892
1819.071585,371.327250,329.208834,13884
1819.156635,167.493375,126.541041,13896
1819.172380,184.754792,143.465875,13895
1819.194562,411.229584,369.525917,13887
1819.328212,171.561250,130.470084,13899
1819.333051,160.631917,118.466541,13900
1819.342145,469.849625,427.452084,13891
1819.467599,528.259376,486.518084,13893
1819.507921,179.692334,138.146167,13902
1819.521573,188.491625,146.881000,13903
1819.588148,643.799042,602.073792,13894
1819.629297,161.675500,120.060208,13905
1819.690308,182.358750,141.502666,13906
1819.722290,710.828126,668.266959,13897
1819.744133,155.965833,115.200167,13908
1819.840178,768.552458,727.367667,13898
1819.872448,150.115291,108.032750,13911
1819.873198,182.851958,140.177042,13910
1819.906361,711.759126,670.101250,13901
1819.926207,85.989459,44.183708,13913
1819.957216,84.730917,44.029709,13914
1819.998320,656.131584,615.018542,13904
1820.017159,110.757500,69.446125,13916
1820.024238,97.994167,56.443333,13917
1820.043147,521.552500,481.075000,13907
1820.093336,464.000542,422.869708,13909
1820.107262,90.084750,49.558542,13920
1820.119301,120.919751,79.930084,13919
1820.135302,391.145125,349.698708,13912
1820.204285,331.059459,290.178584,13915
1820.208159,114.786292,73.769209,13923
1820.210281,102.993917,61.918500,13924
1820.237305,280.057750,239.349542,13918
1820.305201,100.873500,59.586042,13927
1820.311357,287.093917,245.681042,13921
1820.324304,116.120667,75.417416,13928
1820.367287,324.118958,282.624125,13922
1820.428103,122.877125,82.204500,13931
1820.433211,313.878542,272.771334,13925
1820.437290,125.888000,84.479209,13932
1820.460146,324.807875,283.810916,13926
1820.507214,296.894791,255.871583,13929
1820.540251,106.999959,66.026916,13936
1820.550155,122.029833,80.671208,13935
1820.579301,341.954375,301.251125,13930
1820.630127,122.885000,82.000625,13939
1820.638330,98.051042,56.513042,13940
1820.659309,334.971875,293.617625,13933
1820.714234,346.903666,305.561667,13934
1820.748302,109.920417,68.576084,13944
1820.749160,119.018667,77.810250,13943
1820.774299,336.982625,293.435333,13937
1820.792274,78.018208,37.107000,13946
1820.829125,368.958334,328.217458,13938
1820.848198,99.859958,58.814584,13947
1820.867210,118.031375,67.701084,13948
1820.887212,337.032209,295.855292,13941
1820.933256,104.106916,63.479500,13951
1820.943179,363.832876,322.516250,13942
1820.969252,121.029125,80.441958,13952
1820.979144,319.801709,277.601333,13945
1821.043236,109.944042,69.141042,13955
1821.049170,105.952000,63.175000,13956
1821.055341,280.990792,239.692542,13949
1821.091150,298.858875,257.789292,13950
1821.144275,277.026167,235.930042,13953
1821.150136,106.879792,66.349209,13959
1821.157098,107.907917,65.765000,13960
1821.224223,336.971542,296.047500,13954
1821.233231,59.132209,58.506291,13962
1821.258334,64.652583,64.004791,13963
1821.279664,46.854791,46.156833,13964
1821.301266,331.974709,287.186083,13957
1821.352954,48.171083,47.592417,13967
1821.363196,384.038958,343.494667,13958
1821.410254,327.667959,286.519333,13961
1821.414078,177.917834,177.076084,13965
1821.415497,43.418667,42.920500,13968
1821.477185,61.288791,60.668416,13969
1821.516775,58.345875,57.759917,13970
1821.525291,267.929375,226.244375,13966
1821.526860,40.648417,39.998001,13971
1821.584767,57.692542,57.259125,13972
1821.604601,61.845292,61.150833,13973
1821.613609,66.919417,66.514583,13974
1821.668367,30.233292,29.588417,13976
1821.679576,68.031542,67.529000,13975
1821.788284,39.023833,38.502042,13978
1821.814660,73.551042,72.968292,13977
1821.885321,24.980959,24.689583,13979
1821.943120,33.869209,33.184084,13980
1822.010075,38.605875,38.047042,13981
1822.048018,34.808375,34.299709,13983
1822.058064,55.515541,54.872708,13982
1822.117865,35.259583,34.807791,13984
1822.173670,35.737916,35.148167,13985
1822.246685,53.016542,52.545792,13986
1822.369991,65.177583,64.612625,13987
1822.378366,45.939250,45.208334,13988
1822.409547,39.002542,38.399959,13989
1822.484412,68.493542,67.755041,13990
1822.559343,32.346125,31.965208,13991
1822.693919,55.759083,55.092333,13992
1822.694653,35.139708,34.824125,13993
1822.784962,35.700000,35.104708,13994
1822.892372,40.658917,40.134209,13995
1822.918949,58.564334,57.949500,13996
1822.933816,34.991250,34.334708,13997
1823.021571,55.741000,55.268209,13998
1823.049327,77.828917,76.938459,13999
1823.059849,58.329833,57.682625,14001
1823.066801,84.400459,83.823542,14000
1823.125626,43.106875,42.747250,14002
1823.260903,67.211958,66.694833,14003
1823.270847,46.960375,46.424875,14004
1823.353900,46.652375,46.134375,14006
1823.369620,52.555708,52.065417,14007
1823.390950,86.172042,85.612916,14005
1823.428194,99.791708,99.245125,14008
1823.458728,130.196208,129.862833,14009
1823.477488,61.577250,61.101834,14010
1823.566865,39.840208,39.325708,14011
1823.605399,55.987167,55.474417,14012
1823.662864,45.452750,44.944959,14013
1823.702706,64.540292,64.009458,14014
1823.732680,38.909500,38.083500,14016
1823.758465,73.076208,72.597583,14015
1823.796366,47.113500,46.415250,14019
1823.810621,81.509458,80.898125,14017
1823.822627,78.933166,78.125250,14018
1823.867179,117.904208,117.060417,14020
1823.887954,27.591958,27.106334,14021
1824.062419,96.465833,95.823583,14022
1824.079411,107.903250,107.019500,14023
1824.166433,83.797000,83.310792,14024
1824.185653,84.506042,83.918333,14025
1824.268154,74.435083,73.017875,14026
1824.373721,68.875625,67.039584,14027
1824.484977,68.326416,67.484375,14028
1824.587766,91.725084,90.160583,14029
1824.614904,87.704459,86.983750,14030
1824.717802,88.694083,88.308209,14031
1824.719421,61.433458,60.706916,14033
1824.722171,84.013417,83.431541,14032
1824.777802,28.576625,28.064166,14034
1824.899134,38.772708,38.327625,14035
1824.990603,44.919000,44.184292,14036
1825.020872,49.370125,48.754126,14037
1825.114332,31.775625,31.478125,14038
1825.180595,49.618625,49.054542,14039
1825.268792,75.124583,74.540375,14040
1825.348159,43.352750,42.732958,14041
1825.354230,41.737209,41.240208,14042
1825.432352,43.692250,43.183583,14043
1825.463631,47.690708,47.113791,14044
1825.568418,41.397417,40.879417,14046
1825.576814,53.383166,52.782917,14045
1825.685192,47.049334,46.490791,14047
1825.710356,54.635000,53.834959,14048
1825.716566,45.613459,45.007667,14049
1825.811096,61.847334,61.367541,14050
1825.860844,69.244291,68.827500,14051
1825.908102,47.726000,47.234833,14052
1826.017848,46.380250,45.903083,14053
1826.037788,46.298584,45.693958,14054
1826.123514,40.956417,40.383291,14055
1826.183920,35.943541,35.394916,14056
1826.231853,38.140667,37.684792,14057
1826.306518,34.990375,34.313417,14059
1826.340241,79.577458,78.920625,14058
1826.370728,72.532833,71.816791,14060
1826.376728,65.785125,65.119250,14062
1826.388562,83.778917,83.112458,14061
1826.415905,79.594959,79.099126,14063
1826.449678,33.699167,33.131584,14065
1826.484967,124.133917,123.540958,14064
1826.551589,45.055500,44.498125,14066
1826.568984,55.854750,55.226209,14067
1826.597398,70.410083,69.896750,14068
1826.620194,48.234375,47.508417,14069
1826.691081,52.959667,52.204833,14070
1826.715457,51.343250,50.778875,14071
1826.745081,59.672083,58.990167,14072
1826.765387,48.917750,48.376709,14073
1826.808419,59.180042,58.516791,14074
1826.915287,56.051042,55.598959,14075
1826.933797,61.679042,61.131583,14077
1826.934659,74.336500,73.934292,14076
1826.981874,42.562041,41.935833,14078
1827.050325,78.836625,78.092583,14079
1827.128716,46.123584,45.479583,14080
1827.234124,40.944458,40.461750,14081
1827.239743,46.059708,45.607041,14082
1827.336863,39.971750,39.332709,14083
1827.354750,49.887833,49.371292,14084
1827.459578,41.466542,40.838292,14086
1827.483717,67.804041,67.182208,14085
1827.581098,54.101250,53.554958,14087
1827.681394,43.252417,42.535208,14088
1827.713623,50.153250,49.326959,14090
1827.719660,56.207666,55.619083,14089
1827.821940,72.720667,72.223083,14091
1827.931082,70.749000,70.270375,14092
1828.003499,75.593000,75.077917,14093
1828.004776,54.654541,53.974666,14095
1828.004792,58.569875,58.101459,14094
1828.041646,87.882375,87.141542,14096
1828.077980,106.558667,106.111250,14097
1828.135115,52.556000,52.103333,14098
1828.201173,44.646000,44.181375,14099
1828.274446,80.711166,79.923959,14100
1828.346587,41.779500,41.182166,14101
1828.414163,79.681000,78.898750,14102
1828.449079,33.177084,32.713916,14103
1828.499305,76.744792,76.002501,14104
1828.527685,27.691417,27.230000,14105
1828.573644,46.604250,45.781459,14106
1828.612798,58.079000,57.671541,14107
1828.660960,65.331291,64.876000,14108
1828.680869,42.731792,42.185792,14109
1828.727435,67.526083,66.949458,14110
1828.751416,53.616208,52.943042,14111
1828.794175,44.915208,44.107292,14112
1828.892832,32.499542,31.995250,14113
1829.059872,105.334250,104.512041,14114
1829.063713,92.130791,91.519166,14115
1829.155696,73.043250,71.622542,14116
1829.267104,73.427375,72.880209,14117
1829.344092,94.038875,93.129750,14118
1829.390273,107.829167,107.252834,14119
1829.455683,150.815000,149.094458,14120
1829.487473,123.143709,122.613167,14122
1829.499865,167.658750,166.828667,14121
1829.577756,200.225958,198.688000,14123
1829.607817,80.678500,80.115291,14126
1829.657513,241.612000,240.099709,14124
1829.728710,90.589042,88.274375,14127
1829.769900,344.613208,343.031500,14125
1829.794721,68.035042,65.902666,14128
1829.815626,66.148833,65.493750,14129
1829.929962,37.635208,37.236208,14131
1829.936178,75.823417,75.308917,14130
1830.018755,47.291708,46.848083,14132
1830.126205,43.622542,43.130500,14133
1830.191144,41.036042,40.560334,14134
1830.243835,50.150042,49.581875,14135
1830.348158,43.344583,42.956667,14136
1830.386259,43.967000,43.306083,14137
1830.484555,68.644042,68.303084,14138
1830.566593,75.772667,75.357041,14139
1830.583205,59.823750,58.856292,14140
1830.596437,69.399751,68.600583,14141
1830.628552,69.851834,69.192667,14142
1830.670512,50.672708,49.971833,14143
1830.686581,48.473250,47.908000,14144
1830.787597,38.323833,37.643667,14145
1830.836390,32.225083,31.759875,14146
1830.903307,42.980583,42.459083,14147
1830.949601,60.720041,60.112792,14148
1831.006734,35.272708,34.654084,14149
1831.109915,27.322750,26.856959,14150
1831.233359,39.664042,39.151291,14151
1831.355920,51.118083,50.396500,14152
1831.460066,44.180792,43.649084,14153
1831.524797,38.441083,38.063958,14154
1831.575973,48.976084,48.566875,14156
1831.596290,74.932667,74.178125,14155
1831.607136,48.875167,48.363292,14158
1831.646134,91.519167,90.755583,14157
1831.666647,28.546000,28.009042,14159
1831.739429,75.188167,74.386958,14160
1831.772520,28.464625,27.949833,14161
1831.825490,76.206667,75.449500,14162
1831.906348,45.994084,45.368458,14163
1831.932356,52.115875,51.402459,14164
1832.006267,34.827917,34.547333,14165
1832.116122,45.740042,45.285625,14166
1832.134415,51.828875,51.166500,14167
1832.239881,46.181042,45.529458,14168
1832.350085,45.290000,44.723875,14169
1832.470390,54.479541,54.019875,14170
1832.486664,49.769125,49.297500,14171
1832.533854,33.628292,32.980208,14173
1832.568798,41.743334,41.174875,14174
1832.569882,76.471500,75.985000,14172
1832.677402,39.272625,38.595375,14176
1832.678152,55.885083,55.378166,14175
1832.791738,42.471625,41.751791,14177
1832.814417,44.652708,44.074042,14178
1832.882046,68.712000,68.097167,14179
1832.915587,55.228834,54.502875,14180
1832.955971,43.353333,42.708458,14181
1833.051905,80.420667,79.950792,14182
1833.097581,46.092959,45.552208,14184
1833.113072,72.043708,71.369083,14183
1833.143148,60.573333,59.894042,14185
1833.265784,72.089208,71.499750,14186
1833.298852,54.303375,53.692333,14187
1833.379075,74.312875,73.664500,14188
1833.400387,32.588792,32.179001,14189
1833.501771,85.834875,85.141291,14190
1833.565801,38.782916,38.493875,14191
1833.628344,36.552542,36.031042,14192
1833.685362,47.244458,46.739583,14193
1833.791179,49.889583,49.236250,14194
1833.806098,56.826584,56.071750,14195
1833.820401,47.979750,47.332250,14196
1833.902939,42.570792,41.909291,14197
1833.957288,40.507833,39.922167,14199
1833.968416,54.938042,54.376584,14198
1834.042631,70.371875,69.625791,14200
1834.159271,76.709792,76.198791,14201
1834.208426,93.951667,93.204709,14202
1834.270394,76.542958,75.864250,14203
1834.388019,80.937209,79.358125,14204
1834.485494,119.089541,118.188584,14205
1834.510904,128.827709,125.747708,14206
1834.532431,116.534250,114.965083,14207
1834.605304,109.941416,109.052416,14208
1834.668914,169.443458,167.570084,14209
1834.673885,146.843958,143.389167,14210
1834.740101,101.402583,100.519708,14212
1834.768810,217.673167,217.001459,14211
1834.784438,96.371333,95.558167,14213
1834.811572,62.328001,61.566750,14214
1834.821328,32.422833,32.041042,14215
1834.896474,36.089083,35.310917,14216
1834.997374,25.904375,25.190958,14217
1835.029732,25.085666,24.637959,14218
1835.117372,34.788833,34.247208,14219
1835.155275,68.883209,68.229000,14220
1835.222845,32.593750,32.239959,14221
1835.257778,64.053791,63.396667,14222
1835.283605,53.118916,52.482500,14223
1835.341208,32.319000,31.876541,14225
1835.374601,69.795542,69.227958,14224
1835.458760,32.526667,32.117750,14227
1835.477468,61.566458,61.001792,14226
1835.531267,50.342833,49.758334,14228
1835.576756,49.713417,49.101209,14229
1835.620356,70.714292,70.000875,14230
1835.662766,96.703250,96.272750,14231
1835.666798,67.537750,67.013041,14232
1835.686145,48.023209,47.346541,14233
1835.793535,44.315250,43.792000,14234
1835.808465,44.628791,43.970792,14235
1835.831146,62.070459,61.278292,14236
1835.903464,43.122625,42.547750,14237
1836.010739,39.291875,38.929917,14238
1836.123793,41.218041,40.760708,14239
1836.192761,41.176917,40.831875,14240
1836.239430,45.731000,45.164584,14241
1836.284895,27.563375,27.097000,14242
1836.344055,39.277583,38.900458,14243
1836.434924,48.350167,47.752250,14244
1836.457054,52.107709,51.507167,14245
1836.483369,78.162292,77.662375,14246
1836.500904,84.996625,84.224292,14247
1836.544883,97.156792,96.395833,14248
1836.583107,56.072916,55.428625,14249
1836.691162,47.175041,46.298583,14251
1836.704107,65.948750,65.445041,14250
1836.711874,61.415958,60.653834,14252
1836.740725,79.844333,79.225709,14253
1836.792151,118.413167,117.637334,14254
1836.804783,57.834292,57.199625,14255
1836.828728,79.495209,78.853250,14256
1836.864488,102.735209,102.136709,14257
1836.895269,43.991209,43.399126,14258
1836.924088,63.744917,63.144376,14259
1836.942982,39.271167,38.684042,14260
1837.010673,43.481958,42.813459,14261
1837.012382,40.887292,40.391167,14262
1837.153482,70.921667,70.361084,14263
1837.242688,49.020709,48.564834,14264
1837.368511,63.711083,63.095083,14265
1837.464368,72.035834,71.510834,14266
1837.469224,53.300333,52.916791,14267
1837.512537,91.372167,90.680042,14268
1837.513907,40.625083,40.052541,14269
1837.569047,42.023917,41.508834,14270
1837.678831,45.864000,45.167500,14271
1837.695806,57.625750,56.902417,14272
1837.787954,38.726917,38.301083,14273
1837.832568,72.602833,71.965250,14274
1837.851645,31.034208,30.633167,14275
1837.888350,27.976958,27.187708,14276
1837.944028,43.641208,43.132833,14277
1838.015320,43.827583,43.137208,14278
1838.109290,43.518125,42.962208,14279
1838.135511,52.920583,52.347459,14280
1838.205112,47.952625,47.578708,14281
1838.233955,51.984917,51.363375,14282
1838.259476,65.810500,64.994125,14283
1838.280294,53.795292,53.016834,14284
1838.340128,35.330750,34.803125,14285
1838.393148,41.927666,41.461583,14286
1838.409872,41.885666,41.381375,14287
1838.450484,45.753459,45.362334,14288
1838.478619,62.701917,62.011250,14289
1838.545686,31.160500,30.697625,14290
1838.585549,58.498125,57.734834,14291
1838.684048,45.918250,45.433208,14292
1838.801076,75.275666,74.724417,14293
1838.813639,64.421292,63.723625,14294
1838.818083,67.638083,67.029375,14295
1838.912212,53.732291,52.822875,14298
1838.914420,66.342209,65.770833,14296
1838.949401,96.735917,96.190792,14297
1838.960440,100.106416,99.473791,14299
1838.971102,52.452166,51.674583,14301
1839.063926,163.424917,162.639167,14300
1839.082877,110.049625,109.132333,14302
1839.177400,108.805667,108.304000,14303
1839.212427,128.854250,128.333334,14304
1839.233141,104.082416,102.999750,14305
1839.275319,81.582959,79.811958,14306
1839.401505,96.649000,95.550583,14307
1839.428170,110.204500,109.600750,14308
1839.467776,118.345208,117.804458,14309
1839.500209,84.269500,83.075125,14310
1839.602948,75.799792,75.154333,14311
1839.712770,74.590250,72.384667,14312
1839.730882,58.718625,58.095625,14313
1839.766346,87.797208,86.633458,14314
1839.784128,83.643292,82.757208,14315
1839.793169,57.182709,56.653917,14316
1839.841038,91.796250,91.266292,14317
1839.886254,53.344375,52.626291,14319
1839.896212,146.485791,145.748458,14318
1839.913035,52.712625,52.059291,14320
1839.953248,74.655292,73.874208,14321
1839.984352,42.439542,41.834041,14322
1840.008149,36.667458,36.067209,14323
1840.070101,24.990000,24.479000,14324
1840.125189,42.588875,41.940209,14325
1840.228595,34.903750,34.225625,14326
1840.268825,26.171542,25.673084,14327
1840.354151,49.354958,48.781833,14328
1840.369349,40.156667,39.676583,14329
1840.492298,43.009167,42.266292,14331
1840.498096,82.211792,81.716542,14330
1840.519154,53.530459,52.998458,14332
1840.571947,43.010625,42.194833,14334
1840.576068,49.010792,48.610625,14333
1840.615361,42.972417,42.268917,14335
1840.672584,34.462167,33.955833,14336
1840.712984,35.875000,35.358459,14337
1840.765296,40.030375,39.589958,14338
1840.802181,52.962583,52.223500,14339
1840.804697,45.103625,44.528750,14340
1840.917651,41.477333,40.938333,14342
1840.918948,58.595542,58.131500,14341
1841.027211,65.527875,65.047791,14343
1841.028161,56.704375,56.158667,14344
1841.060418,67.694667,66.891417,14345
1841.132864,50.290042,49.775833,14346
1841.212980,53.323958,52.655167,14347
1841.229605,35.888125,35.336584,14348
1841.257075,24.844750,24.432917,14349
1841.340854,36.033375,35.544542,14350
1841.432513,51.742250,49.358750,14351
1841.466984,59.514291,58.944667,14352
1841.482072,71.739208,71.054375,14353
1841.493498,77.615709,76.790583,14354
1841.588030,61.034459,60.507417,14355
1841.676275,38.864000,38.468791,14356
1841.701602,63.496708,62.953625,14357
1841.802751,53.490209,52.905417,14358
1841.892237,74.290417,73.492125,14359
1841.909716,49.411833,48.924750,14361
1841.914752,69.177500,68.645208,14360
1842.015507,44.040792,43.345167,14362
1842.055148,47.348583,46.604833,14363
1842.125104,42.522666,41.938167,14364
1842.187274,43.197292,42.653333,14365
1842.230492,36.827875,36.360333,14366
1842.334687,29.911875,29.479625,14367
1842.451919,36.004792,35.498166,14368
1842.574596,47.556834,46.866458,14369
1842.588879,29.626625,29.208958,14370
1842.643488,57.397666,56.581875,14371
1842.680703,42.566709,41.804292,14372
1842.762974,42.480667,41.952750,14373
1842.792203,42.973875,42.370709,14374
1842.843515,61.836541,61.145583,14375
1842.913530,73.723125,73.159333,14376
1842.919531,52.645833,52.078541,14378
1842.925487,65.112541,64.540583,14377
1843.010125,38.637083,37.984334,14379
1843.033130,48.938167,48.237584,14380
1843.084389,51.279958,50.876875,14381
1843.123893,41.314292,40.669125,14382
1843.145082,52.272208,51.498416,14383
1843.237683,43.995583,43.411667,14384
1843.253601,50.424500,49.782250,14385
1843.282550,56.212042,55.452542,14386
1843.372166,67.386375,66.859917,14387
1843.458582,42.672000,41.955083,14388
1843.597562,70.542500,70.019833,14389
1843.648221,43.266417,42.813458,14390
1843.686571,48.427167,47.578125,14391
1843.694991,53.630792,52.868083,14392
1843.811278,62.045959,61.521833,14393
1843.904255,43.930542,43.472625,14394
1843.909704,48.929125,48.418417,14395
1844.040485,96.024834,95.472417,14396
1844.073328,101.803625,100.328375,14397
1844.133226,84.096541,83.364167,14398
1844.178367,95.735791,94.830750,14399
1844.233962,87.844750,87.373708,14400
1844.278734,85.043000,84.283500,14401
1844.419679,114.775791,112.256667,14402
1844.425612,115.962875,115.360875,14403
1844.487151,153.818584,153.175459,14404
1844.525152,171.453334,168.063875,14405
1844.617912,149.924542,147.501959,14408
1844.639520,148.383667,147.704667,14409
1844.642963,262.081167,261.457584,14406
1844.767621,349.442626,348.191084,14407
1844.780731,160.943417,159.362875,14411
1844.810087,281.894375,281.015292,14410
1844.821271,181.722333,140.534917,14412
1844.848253,146.043625,145.101833,14413
1844.899336,150.035958,149.234750,14414
1844.914248,70.441875,69.698708,14415
1844.927608,67.262417,66.888792,14416
1845.013840,42.356708,41.959167,14417
1845.161967,79.379417,78.782959,14418
1845.224023,53.676583,52.933125,14419
1845.240639,46.944334,46.449375,14420
1845.285193,44.361042,43.856459,14421
1845.318815,46.320458,45.706500,14422
1845.363632,58.833250,58.116625,14423
1845.445747,31.359708,30.830625,14424
1845.472349,56.434291,55.919792,14425
1845.487464,36.667750,35.953167,14426
1845.571498,39.551166,38.878291,14428
1845.575905,48.834042,48.308459,14427
1845.612967,57.448708,57.011208,14429
1845.620116,57.014417,56.345625,14430
1845.685835,47.720166,46.970291,14431
1845.689414,49.892500,49.387917,14432
1845.769317,42.144375,41.558125,14433
1845.794092,44.828584,44.298334,14434
1845.821567,50.036292,49.560583,14435
1845.858306,59.605292,59.181208,14436
1845.885705,78.942500,78.350416,14437
1845.917759,57.440542,56.824833,14438
1846.012863,40.327000,39.727042,14440
1846.024712,53.248709,52.727792,14439
1846.127819,45.238375,44.702875,14441
1846.133483,43.639458,42.881417,14442
1846.182471,38.394125,38.034500,14443
1846.214268,62.419875,61.781125,14444
1846.236470,42.783417,42.112291,14445
1846.260616,42.709625,42.188709,14446
1846.337854,43.295583,42.684833,14447
1846.361139,29.364708,28.864209,14449
1846.380977,76.150375,75.432291,14448
1846.451589,35.695334,35.312958,14450
1846.488331,59.978333,59.295834,14451
1846.551986,24.933417,24.467333,14452
1846.660219,32.064667,31.376625,14453
1846.684207,46.062917,45.403458,14454
1846.784219,34.970834,34.473250,14455
1846.901172,40.791917,39.937916,14457
1846.917496,62.669542,62.144833,14456
1846.937052,37.012208,36.493917,14458
1847.010452,38.991458,38.608500,14459
1847.120764,38.205417,37.678084,14461
1847.144501,67.286625,66.746750,14460
1847.271053,77.335416,76.768125,14462
1847.384531,79.725042,79.126833,14463
1847.406426,28.248209,27.682084,14464
1847.465446,39.365958,38.778833,14466
1847.468959,53.055333,52.484833,14465
1847.578118,51.113417,50.631292,14467
1847.614347,61.922583,60.357500,14470
1847.619707,73.943041,73.430875,14469
1847.638320,94.491250,93.943500,14468
1847.658229,54.403709,53.629625,14471
1847.680713,42.596750,42.154291,14472
1847.787835,38.589542,38.216792,14473
1847.825291,52.421833,51.879916,14474
1847.826859,43.637417,43.101916,14475
1847.907506,47.125750,46.510917,14476
1848.027262,55.766958,55.193542,14477
1848.037376,44.075500,43.511416,14478
1848.126375,43.797542,43.238708,14479
1848.140321,42.711083,42.124250,14480
1848.237316,43.624875,42.939166,14481
1848.331853,49.352917,48.725833,14482
1848.339881,35.035583,34.481416,14483
1848.466305,50.417208,49.854000,14484
1848.503791,45.273959,44.731750,14485
1848.536837,74.018000,73.362625,14486
1848.553434,51.683625,51.199750,14487
1848.572288,50.918291,50.090541,14488
1848.612630,85.563625,84.996625,14489
1848.638466,56.651875,56.129500,14490
1848.650797,64.509667,63.707584,14491
1848.680323,42.176166,41.524875,14492
1848.792504,43.235792,42.538417,14493
1848.895084,68.908000,68.168917,14494
1848.897055,36.647917,36.116500,14495
1848.948708,63.559708,63.226625,14496
1848.969095,64.165792,63.317917,14497
1848.994403,63.040541,62.263250,14498
1849.055900,84.487375,83.885667,14499
1849.116794,79.408292,76.716791,14500
1849.177806,95.197083,94.480750,14501
1849.256604,117.564125,116.937333,14502
1849.280534,126.424083,125.769583,14503
1849.306632,111.328000,110.950875,14504
1849.394994,88.593167,88.179000,14506
1849.398504,193.742500,191.571042,14505
1849.490337,74.424292,73.361459,14507
1849.615842,88.823583,88.104917,14508
1849.697449,117.992000,117.602916,14509
1849.706395,111.262375,110.621291,14510
1849.738146,99.920917,99.436750,14511
1849.776579,27.318667,26.783167,14512
1849.843172,28.472792,27.878083,14513
1849.900363,39.988084,39.456667,14514
1849.931157,60.513250,59.507875,14515
1849.996233,43.352167,42.650417,14516
1850.013784,42.343875,41.914833,14517
1850.130959,48.386625,47.698291,14518
1850.236992,43.281000,42.814916,14519
1850.331105,57.889708,57.228209,14520
1850.364551,55.500958,54.885542,14522
1850.372881,68.077333,67.440333,14521
1850.405310,50.482833,49.919334,14523
1850.455155,39.221292,38.731875,14525
1850.466805,50.875417,49.986708,14524
1850.502532,36.031625,35.581584,14526
1850.576711,49.653042,49.133583,14527
1850.684926,46.783333,46.161791,14528
1850.749526,38.627750,38.091083,14529
1850.760529,45.238083,44.422584,14530
1850.785275,36.071291,35.480667,14531
1850.832937,47.274208,46.581208,14532
1850.852965,36.787917,36.369958,14533
1850.895644,35.287875,34.835792,14534
1850.943563,44.323125,43.759042,14535
1850.999390,27.935542,27.586708,14537
1851.004095,70.304208,69.699875,14536
1851.142352,59.757250,59.219708,14539
1851.143635,64.809792,64.167834,14538
1851.155250,48.664000,47.995791,14540
1851.223955,63.522666,62.886541,14541
1851.226386,42.746959,42.345334,14542
1851.271337,77.655084,76.969375,14543
1851.365866,61.086958,60.527542,14544
1851.370473,42.943542,42.449750,14545
1851.436462,58.715125,58.150459,14546
1851.457307,41.399459,40.968084,14547
1851.517106,54.327584,53.658500,14548
1851.539250,43.124958,42.511875,14550
1851.555129,69.216000,68.393792,14549
1851.579148,52.079417,51.507751,14551
1851.711365,73.210083,72.521459,14552
1851.790865,41.619083,41.337333,14553
1851.901272,40.921417,40.467583,14554
1851.981608,42.305667,41.691708,14555
1852.007426,35.974459,35.417666,14556
1852.048346,40.083167,39.363042,14557
1852.118013,35.405125,35.028583,14558
1852.218488,24.797500,24.324416,14559
1852.344949,45.728667,45.066584,14560
1852.355656,50.857334,50.172791,14561
1852.448336,50.866375,50.405542,14562
1852.448649,32.739000,32.037542,14563
1852.523614,36.774792,36.306958,14564
1852.558383,34.281041,33.849083,14565
1852.581644,54.588917,53.810750,14566
1852.615259,77.792166,77.159250,14567
1852.690353,52.214458,51.521459,14568
1852.785811,36.587833,36.162583,14569
1852.810725,57.747375,57.157625,14570
1852.837105,28.266875,27.503000,14571
1852.901577,41.220083,40.591250,14572
1853.008656,62.131709,61.569376,14573
1853.009145,37.680417,37.144625,14574
1853.129363,59.284458,58.272667,14575
1853.135987,53.393083,52.754917,14576
1853.156636,58.682458,57.992083,14577
1853.230642,49.538708,48.885083,14578
1853.234489,40.817583,40.280041,14579
1853.293352,53.260083,52.747333,14580
1853.326063,74.158875,73.538791,14581
1853.346660,76.804291,76.285709,14582
1853.352601,47.806500,47.201292,14583
1853.394460,78.344000,77.697958,14584
1853.458832,42.914083,42.180250,14586
1853.461358,49.573125,49.122209,14585
1853.563481,62.632209,62.020292,14587
1853.567886,40.828375,40.317375,14588
1853.686619,48.484333,47.965167,14589
1853.793560,44.335375,43.909834,14590
1853.906558,46.194750,45.686375,14591
1853.967340,56.276208,55.645042,14592
1854.025296,53.831458,52.743250,14593
