timestamp,response_ms,inference_ms,request_id
653.800803,115.788458,114.849000,2
653.807126,126.149625,125.493667,1
653.825767,131.660375,130.728208,3
653.922956,75.106208,73.816458,4
653.968941,80.633584,79.204125,5
654.094129,79.605167,78.332334,6
654.185738,84.224000,83.457208,7
654.253439,102.603375,101.458000,8
654.268981,87.834250,87.189667,9
654.396963,49.111125,48.445250,10
654.427360,57.315417,56.501959,11
654.559113,44.630541,44.223666,12
654.726614,45.500292,45.011458,13
654.732463,47.473708,46.715375,14
654.825988,36.810958,36.339334,15
654.886179,38.425042,37.860667,16
655.051887,37.473917,36.945708,17
655.102477,54.650166,53.906125,18
655.208830,62.845125,62.412583,19
655.234556,53.472417,52.879166,20
655.389147,41.368833,40.843833,21
655.539257,24.810333,24.352417,22
655.645990,24.819667,24.308375,23
655.706126,25.026750,24.511667,24
655.885174,37.375916,36.796666,25
656.056442,41.997666,41.307000,26
656.148064,35.690667,35.155458,27
656.207396,37.976459,37.460209,28
656.224599,43.478166,42.730333,29
656.370575,46.872875,46.365958,30
656.409069,61.303958,60.832334,31
656.447587,48.749167,48.075417,32
656.502586,46.802292,46.319875,33
656.543732,29.288291,28.614833,34
656.600774,37.473042,36.802500,35
656.652628,37.260125,36.596875,36
656.706422,39.635167,38.965792,37
656.724343,43.214500,42.604916,38
656.839260,55.418708,54.903334,39
656.844450,47.311541,46.667833,40
656.887904,34.818000,34.175751,42
656.913435,65.659709,65.037292,41
656.968348,48.008625,47.561791,43
657.023100,59.024583,58.374458,44
657.069630,55.173417,54.502584,45
657.071774,42.389958,41.930583,46
657.179812,74.081875,73.404916,47
657.243666,62.550542,62.057041,48
657.389825,42.063000,41.333541,51
657.399252,66.046750,65.411792,49
657.422328,76.553167,75.935709,50
657.438570,60.683000,60.029667,52
657.562955,48.498917,47.814667,53
657.706402,49.479791,49.047834,54
657.729539,57.760209,56.957834,55
657.733350,52.294958,51.694708,56
657.798158,42.860416,42.338334,57
657.859019,46.302666,45.704167,59
657.880032,69.903458,68.795125,58
657.913597,71.470292,71.026084,60
657.920141,59.624833,58.907333,62
657.952584,104.848917,104.176334,61
657.991375,113.489834,112.773500,63
658.054767,35.767375,35.246458,65
658.082746,68.306875,67.866750,64
658.159157,37.720084,37.044584,67
658.167464,78.856458,78.499458,66
658.222409,68.652500,67.991584,69
658.227102,82.758084,82.213833,68
658.237742,56.611625,56.049875,70
658.287861,34.825584,34.378459,71
658.390579,42.820750,42.388500,72
658.420565,43.344292,42.732375,73
658.556247,41.780375,41.310791,74
658.759511,78.403209,77.680750,75
658.821892,65.664667,65.132375,76
658.901894,80.208041,79.697917,77
658.944943,96.831584,95.951625,78
658.991075,82.071500,81.370917,79
659.070970,79.657375,79.101458,80
659.112926,97.544125,96.976250,81
659.203693,120.061667,119.258417,82
659.217557,125.690833,124.510750,83
659.243737,122.378667,121.934167,85
659.283250,173.159000,172.642750,84
659.359446,229.478667,228.872583,86
659.475996,118.042166,117.287333,90
659.480714,132.821500,130.517625,89
659.489236,341.953208,341.398166,87
659.536296,352.020958,351.344875,88
659.573148,51.809042,51.328959,93
659.599690,153.081542,152.302209,91
659.618525,104.078334,103.329917,92
659.630552,53.936458,53.213125,94
659.662331,43.054084,42.504000,95
659.672697,47.630334,46.751541,96
659.730320,65.060042,64.530959,97
659.745780,54.783458,54.207709,99
659.748272,67.169083,66.754917,98
659.789187,57.766041,57.163458,100
659.916175,68.424709,67.759708,101
660.060548,46.083917,45.430000,102
660.089058,47.955250,47.511333,103
660.108493,58.968584,58.265375,104
660.203436,74.242875,73.823166,105
660.232696,51.582417,51.058875,106
660.385336,37.564042,36.822626,107
660.429144,43.305792,42.724500,108
660.494209,74.565750,73.891416,109
660.541883,27.421042,26.964292,110
660.653166,48.353958,47.693625,111
660.657194,46.698458,46.048916,112
660.725623,44.485875,43.685250,114
660.726249,48.274334,47.812917,113
660.780600,34.018833,33.507250,115
660.828784,77.114042,76.164958,116
660.920886,73.111500,72.447667,117
661.013698,71.500041,70.836209,118
661.054977,40.509584,40.059542,119
661.111335,44.509792,43.983042,120
661.212597,31.491250,31.191708,121
661.260352,51.776959,51.160667,122
661.389147,41.369125,40.940084,123
661.419413,51.835291,51.306500,124
661.555495,41.073084,40.478666,125
661.594938,50.155000,49.394042,127
661.604142,82.392625,81.725000,126
661.620280,52.958500,52.483667,128
661.661161,86.172333,85.629541,129
661.726541,45.479000,45.098666,130
661.750489,54.993750,54.386208,131
661.778244,52.363792,51.542167,132
661.806981,71.087626,70.268333,133
661.869141,48.487541,48.029041,134
661.883959,60.479125,59.954416,135
661.905333,57.578208,56.765042,136
661.956363,38.619875,38.155250,137
662.091164,76.774834,76.228542,138
662.159799,53.151875,52.640000,139
662.205883,41.357459,40.820791,140
662.223240,42.137958,41.435041,141
662.244615,26.149666,25.748334,142
662.303962,40.570542,40.050500,143
662.330068,43.764000,43.107458,144
662.383931,38.838041,38.179750,145
662.408268,60.483792,59.966375,146
662.439991,45.726042,45.037125,147
662.478801,42.469584,41.702501,148
662.506556,43.996750,43.420709,149
662.569283,60.166458,59.412500,151
662.580035,75.542834,74.810166,150
662.594820,80.432917,79.809042,152
662.613834,70.936833,70.445958,153
662.665790,50.091708,49.393750,154
662.689592,53.649458,53.084500,155
662.731976,50.874542,50.313084,156
662.733731,44.815167,43.906334,157
662.777734,34.486375,33.863083,158
662.801885,39.934708,39.281084,159
662.902753,54.979750,54.371625,160
663.014593,29.237833,28.812000,161
663.089643,54.854042,54.214125,163
663.093360,78.868417,78.133416,162
663.129967,75.720750,75.369583,164
663.139541,55.134333,54.563541,165
663.157982,44.261583,43.611459,166
663.201584,75.928126,75.228125,167
663.227954,49.748125,49.060375,168
663.246350,65.228916,64.514625,169
663.299274,46.001667,45.574666,170
663.326065,42.962500,42.289625,171
663.345422,43.034250,42.382958,172
663.378919,48.485208,48.025834,173
663.395391,47.633542,47.044083,174
663.535818,41.903750,41.533917,175
663.583596,69.152125,68.485084,176
663.751819,70.717208,70.073208,177
663.856513,63.996334,63.337167,178
663.970300,123.555542,123.069042,179
663.977436,108.659542,107.922208,181
663.997567,149.324292,146.395083,180
664.082998,181.347542,179.486125,182
664.129970,115.317708,114.544208,186
664.190560,155.508500,154.000583,187
664.219325,281.421584,279.983083,183
664.281583,151.588209,109.992167,191
664.313814,362.993167,362.100958,184
664.365304,174.711250,130.992167,192
664.444300,162.684666,121.771417,194
664.456065,142.227167,99.077416,195
664.511415,465.586333,464.771709,188
664.541201,175.864208,135.146958,196
664.572269,127.945417,86.862417,197
664.592595,540.668917,538.603917,189
664.611204,99.761375,59.122001,199
664.650175,108.932833,67.189792,200
664.690305,79.079875,37.835291,203
664.702226,129.916792,89.275375,201
664.715209,632.126250,589.955042,190
664.746327,96.110875,55.189750,204
664.781220,561.861709,517.731375,193
664.785364,819.312959,818.759375,185
664.792264,101.930791,60.514709,205
664.812304,97.060833,56.166833,207
664.873215,417.116875,374.661584,198
664.899186,51.388750,50.770417,208
664.922151,329.521500,288.826708,202
664.947904,89.592416,89.172417,209
665.004153,301.892208,261.102334,206
665.064140,49.705250,49.178208,210
665.093133,47.535542,46.780417,211
665.152224,40.133333,39.687666,212
665.173703,50.662208,50.047667,213
665.208133,27.044500,26.763042,214
665.265836,58.624417,57.926750,215
665.383074,35.300125,34.787666,216
665.427748,35.753666,35.166834,217
665.474371,58.174667,57.294708,219
665.478890,67.483792,66.728084,218
665.496484,47.347125,46.784500,220
665.544757,75.575792,70.312667,221
665.576188,61.730375,61.192250,222
665.592253,69.943125,69.222416,223
665.608105,82.509875,81.553209,224
665.659489,41.500375,40.952042,225
665.705927,45.967250,45.593041,226
665.742149,61.065667,60.647125,227
665.755997,58.242042,57.608250,228
665.882411,66.624833,66.062209,229
665.913150,65.354042,64.722583,230
665.914162,47.601167,46.883959,231
665.956967,42.507792,42.062709,232
665.997198,63.036167,62.349875,233
666.030867,59.324417,58.853958,234
666.047178,45.140958,44.572208,235
666.090552,76.102250,75.317959,236
666.134228,43.275750,42.714292,239
666.151058,73.348041,72.884875,238
666.153177,87.190834,86.714834,237
666.197499,61.331958,60.750958,240
666.217878,75.613708,74.990417,241
666.259632,78.512292,77.881708,242
666.290265,67.635458,67.034917,243
666.313540,28.749291,28.224584,244
666.378361,69.873417,69.261500,245
666.390548,42.797125,42.394625,246
666.438332,47.690708,47.163666,247
666.478594,41.784750,41.140458,249
666.493581,69.950125,69.203166,248
666.538943,60.867917,60.056208,250
666.554985,69.271417,68.641417,251
666.569649,55.236708,54.684292,252
666.665887,36.428584,35.761250,253
666.722384,41.302333,40.803000,254
666.832199,77.674917,76.974041,255
666.868525,40.293750,39.823875,256
666.900603,52.818500,52.193750,257
666.951299,34.696667,34.108375,258
666.996411,70.481834,69.852709,259
667.023508,42.826584,42.357875,260
667.084709,70.244708,69.561625,261
667.154233,52.932834,52.102458,263
667.164481,66.864875,65.533125,262
667.179533,54.544000,53.622625,264
667.238244,105.113166,104.304083,265
667.238594,67.103750,66.540833,266
667.244610,63.547459,62.870500,267
667.319347,30.431917,29.683500,268
667.375380,27.608001,27.311084,269
667.432360,28.265708,27.722625,270
667.474742,45.962291,45.338708,271
667.551740,37.272375,36.848875,273
667.573907,62.448459,61.852000,272
667.622342,62.033416,61.219667,274
667.719994,38.866625,38.185583,275
667.749376,50.580541,50.094625,276
667.893466,45.704167,42.916708,278
667.903340,56.399000,56.009917,277
667.939951,58.547125,57.868417,279
667.980303,83.771041,83.017958,280
668.001365,101.770084,100.851625,281
668.007455,46.193000,45.589542,282
668.065340,94.365251,93.709584,283
668.075040,72.736417,72.027084,284
668.084419,69.948083,69.146292,285
668.118297,91.334834,90.427167,286
668.130839,46.793833,46.357209,290
668.171812,137.208750,136.684626,287
668.224588,184.706667,184.236500,288
668.258378,77.258417,76.580291,291
668.279861,86.228333,85.472917,292
668.279962,237.773375,236.992292,289
668.316385,114.974125,114.514458,293
668.401904,54.156958,53.743666,294
668.477796,50.195833,49.659458,295
668.495458,44.015708,43.411958,296
668.545934,27.554625,27.197625,298
668.598102,83.632500,83.081250,297
668.617757,56.370708,55.817125,300
668.645747,94.529167,93.947000,299
668.656468,77.884916,77.324916,301
668.669366,50.070708,49.486792,302
668.771752,90.664000,90.018542,303
668.810528,87.125792,84.786625,304
668.902962,55.164084,54.243875,305
669.075450,122.721084,122.228166,306
669.096887,143.528000,143.087584,307
669.100627,140.444500,139.337041,308
669.219790,115.698333,115.092833,310
669.221186,206.768916,206.161667,309
669.256680,123.775458,123.126208,311
669.306386,133.421750,132.589333,312
669.420797,239.363250,238.749292,313
669.420985,134.213625,133.554750,316
669.446093,133.430792,132.213083,317
669.495122,290.955000,290.164001,314
669.555786,41.375250,40.723666,321
669.560195,349.684417,348.111750,315
669.569341,65.419375,64.783250,320
669.614622,41.205208,40.781417,322
669.623911,276.132500,275.340917,318
669.679257,64.946000,63.327541,323
669.687206,303.104084,302.208084,319
669.699785,80.639709,80.083500,324
669.746070,111.896750,111.225917,325
669.757193,76.102250,75.380667,326
669.769414,62.451667,61.791917,327
669.807249,43.725500,42.981750,328
669.891387,66.309542,65.634042,329
669.901123,69.435042,68.658917,330
669.907435,59.695417,59.024000,331
669.934386,65.295709,64.646458,332
669.983323,35.011959,34.322459,336
670.010347,67.617958,67.080417,335
670.014000,129.334333,128.681875,333
670.081022,66.563000,65.944375,337
670.084364,66.218541,65.635791,338
670.089243,203.109375,196.768542,334
670.140140,82.887292,82.027750,339
670.167160,30.051292,29.465334,340
670.247139,66.043833,65.498416,341
670.262440,71.765166,71.054083,342
670.263811,57.564792,56.934500,343
670.393588,51.399250,50.743000,344
670.424202,76.430083,75.852875,345
670.439350,63.160416,62.583500,347
670.446252,77.385000,76.627833,346
670.500573,41.604208,40.969833,348
670.549591,35.144084,34.695208,349
670.641906,54.533208,53.802292,350
670.694675,34.436500,33.910625,352
670.712880,59.462667,58.868250,351
670.735424,54.329333,53.848083,353
670.849615,75.217625,74.855375,354
670.850728,39.533084,39.207875,355
670.892267,44.523792,43.717042,356
671.022739,53.083625,52.607916,357
671.064324,49.903000,49.499625,358
671.089403,47.271583,46.706917,360
671.105993,67.773125,67.040167,359
671.202431,69.471792,68.913833,361
671.236077,54.980333,54.456791,362
671.313851,54.651334,54.119625,364
671.317338,65.438041,64.887958,363
671.334512,72.264209,71.346333,365
671.378115,56.544250,55.960625,366
671.396625,48.867292,48.336458,367
671.413162,59.039167,58.465458,368
671.467624,50.964083,50.403209,369
671.568309,53.870542,53.185125,370
671.664132,67.789166,67.115708,371
671.717779,36.651416,36.189125,372
671.813855,43.010041,42.216125,375
671.835713,73.687833,73.110917,374
671.837258,88.805208,88.286334,373
671.860582,81.326583,80.770959,376
671.908096,60.308792,59.474041,377
671.917359,40.624500,40.019291,378
671.955769,34.769583,34.059083,379
671.997644,54.857250,54.119625,380
672.032162,51.072583,50.425375,382
672.038753,74.313167,73.585459,381
672.066488,52.070083,51.284333,383
672.138385,41.580875,41.083291,384
672.236710,55.575041,55.153584,385
672.247490,41.235833,40.699458,386
672.312105,32.519083,31.850875,388
672.321413,60.538917,60.040166,387
672.381423,33.665042,33.117292,390
672.392588,64.288875,63.784000,389
672.407134,25.683875,25.144291,391
672.560987,48.694917,48.213958,393
672.579143,75.150834,74.430709,392
672.603614,89.225500,88.855084,394
672.619986,93.315541,92.602709,395
672.643805,40.871541,39.995959,396
672.680034,38.194625,37.547125,397
672.724378,43.273417,42.561458,398
672.783758,41.503000,41.034583,399
672.813166,51.125958,50.462708,400
672.846385,53.107250,52.462375,401
672.859651,42.828917,42.235375,402
672.891269,43.536209,43.104833,403
672.948411,74.788291,74.163833,404
672.984555,43.486626,42.891917,405
673.020755,33.482750,32.733167,408
673.056697,94.862541,94.269875,407
673.059627,45.213000,44.458750,409
673.062586,114.911417,114.305334,406
673.088328,65.057416,64.464750,410
673.139635,86.588833,86.024459,411
673.229770,73.331417,73.025167,412
673.238038,54.284125,53.795000,414
673.244861,63.763875,63.282625,413
673.287088,41.968209,41.487834,417
673.294510,97.976084,97.291250,415
673.325378,95.426625,94.262000,416
673.357389,28.485041,27.803708,418
673.398138,50.333792,49.556792,419
673.432969,42.963958,42.389375,420
673.448625,53.051250,52.469667,421
673.491047,35.106167,34.602750,422
673.591145,76.704541,76.110708,423
673.633704,64.596875,64.093458,425
673.634571,78.055833,77.513916,424
673.648399,72.785416,72.294542,426
673.718921,108.743833,106.944251,427
673.748523,90.704833,89.742334,428
673.782548,112.389958,111.753833,429
673.813709,132.599541,131.907125,430
673.936300,119.318500,118.267333,433
673.936332,124.763625,124.105042,432
673.940384,228.877541,227.436708,431
674.017738,194.169791,193.034625,434
674.119378,135.415000,134.866083,436
674.137939,128.075791,127.178625,437
674.141526,293.570083,292.842375,435
674.253534,238.019250,237.230583,438
674.295781,130.936750,130.180750,442
674.301198,130.923625,130.243166,443
674.343357,319.477667,317.591167,439
674.436180,411.466708,410.837875,440
674.440190,92.383375,91.512167,446
674.539070,458.090501,457.276459,441
674.563506,97.953917,97.383416,447
674.565556,81.449375,80.793708,448
674.612855,431.777792,431.073126,444
674.635274,47.114375,46.595792,451
674.671224,422.275583,421.544667,445
674.692999,55.296791,54.704417,452
674.736027,220.643791,220.123459,449
674.747140,82.906542,82.170959,453
674.765692,48.905500,48.482583,455
674.795366,271.712583,271.153750,450
674.851564,170.489084,169.755542,454
674.901414,53.643625,52.742958,456
674.973849,53.963291,53.416125,457
675.066863,52.381000,51.796792,458
675.151346,36.557209,36.027834,459
675.219282,38.189958,37.839666,461
675.220124,68.983250,68.477208,460
675.309348,53.093834,52.410750,462
675.372896,25.113959,24.637958,463
675.436060,65.125959,64.549041,464
675.459547,60.383750,59.688708,465
675.466577,50.782958,50.210417,466
675.549070,34.677708,34.262959,467
675.602736,65.386709,64.632458,469
675.603706,76.402084,75.833916,468
675.611655,65.012209,64.443167,470
675.654273,98.711375,97.991833,471
675.673642,50.936375,50.426250,473
675.712268,141.232000,140.642250,472
675.732958,51.870000,51.238542,474
675.818164,59.633000,59.227875,475
675.838249,48.833166,48.260041,477
675.842667,70.048125,69.393625,476
675.894390,62.101666,61.273916,478
675.902368,54.632375,54.101250,479
675.929957,66.733917,66.023417,480
675.958426,53.125916,52.595667,481
675.970211,61.432583,60.818916,482
676.021332,96.628000,96.037083,483
676.080310,65.877000,65.433375,486
676.094970,84.078458,83.462458,485
676.107453,179.976125,179.245209,484
676.144431,45.438750,45.048209,490
676.156660,141.715875,141.104250,487
676.175231,90.294750,89.800083,489
676.215053,180.349750,179.450250,488
676.254404,73.303125,72.690625,492
676.267399,65.298916,64.879791,493
676.285333,144.555834,143.845917,491
676.339136,134.586959,133.981167,494
676.348385,53.581791,53.053875,495
676.392193,44.384375,43.681458,496
676.584482,70.021583,69.478500,497
676.617965,45.403166,44.989584,498
676.634354,46.837583,46.200000,499
676.710841,29.727833,29.261166,500
676.756781,25.925083,25.400375,501
676.803624,29.683500,29.140125,502
676.900110,52.336375,51.716583,503
676.956354,40.709375,40.253500,504
677.087468,38.688125,38.118792,506
677.090689,76.258875,75.620416,505
677.194922,80.005917,79.433083,507
677.223167,42.093625,41.466833,508
677.362560,67.494292,66.878292,509
677.409103,61.341583,60.652084,510
677.424345,37.465458,37.126833,511
677.554016,59.072417,58.372708,512
677.573265,58.288417,57.723166,514
677.574826,60.369167,59.784083,513
677.668604,47.908583,47.301625,515
677.694154,48.763167,48.040417,516
677.736154,55.042750,54.331083,517
677.894086,41.605958,40.927541,519
677.911281,63.536667,63.008167,518
678.072336,67.185125,66.756959,520
678.074721,60.282834,59.566500,521
678.095656,62.973458,62.279000,522
678.179293,63.718959,63.187541,523
678.191044,65.608375,65.036125,524
678.206954,74.013042,73.432041,525
678.249408,68.280334,67.520833,526
678.386382,38.585458,38.101875,527
678.414539,43.196125,42.419417,528
678.457498,40.950875,40.497333,529
678.524828,45.764541,45.139792,530
678.568530,54.100376,53.448792,531
678.684723,58.351417,57.709750,532
678.760210,79.108167,78.351291,533
678.808601,75.930458,75.171833,534
678.913066,92.755541,92.233167,535
678.937037,88.963292,88.245209,536
679.088249,73.719333,72.869709,537
679.279938,98.774667,97.786209,538
679.289106,91.661209,90.744501,539
679.340547,74.843417,73.155542,540
679.388979,41.188584,40.767125,542
679.401527,53.753292,53.192125,541
679.455079,53.357208,52.683458,543
679.505563,43.177459,42.565250,545
679.510297,49.879083,49.267167,544
679.555472,41.082708,40.621000,546
679.576379,49.975916,49.369541,547
679.623453,68.198375,67.682417,548
679.728414,47.284417,46.774000,549
679.828523,40.962833,40.460875,550
679.891791,44.033500,43.620500,551
679.952334,49.237125,48.818292,552
680.060435,46.010708,45.386541,553
680.094345,46.557292,45.717875,554
680.172269,34.996792,34.544709,555
680.224048,42.922250,42.488250,557
680.230088,56.160125,55.535959,556
680.292490,45.881500,45.440792,558
680.357267,34.028459,33.311250,560
680.357820,56.330458,56.022459,559
680.389284,41.182750,40.371333,561
680.568582,30.842583,30.421416,563
680.582210,67.747750,67.026750,562
680.616622,52.082625,51.454666,564
680.684464,41.113042,40.472542,565
680.694281,41.215709,40.614000,566
680.754083,72.958958,72.227458,567
680.875422,27.627542,27.085917,568
681.050649,36.205750,35.521500,569
681.111422,39.600750,38.904250,570
681.220588,39.475041,38.801583,571
681.291669,37.334208,36.641500,572
681.343864,38.262001,37.624416,573
681.374157,52.183833,51.262167,574
681.398792,51.005500,50.176584,575
681.405356,31.747625,31.208917,576
681.544825,40.903333,40.361709,577
681.578873,64.418083,63.736750,578
681.719787,51.187792,50.553708,579
681.723445,42.322000,41.667500,580
681.768080,59.725458,59.056375,581
681.881450,33.694792,33.210917,583
681.902892,74.868500,74.363917,582
681.982195,38.946834,38.376042,585
681.986821,48.552000,48.102250,584
682.067828,64.839834,64.077417,586
682.068863,54.412459,53.812500,587
682.077897,47.824875,47.334292,588
682.165850,46.042500,45.367875,589
682.174681,41.825000,41.266750,590
682.235106,53.998000,53.558166,591
682.354328,30.782209,30.113125,592
682.422908,75.055167,74.262125,593
682.561428,46.963000,46.252792,594
682.662657,51.490833,50.992375,595
682.722307,41.202875,40.856375,596
682.894826,47.072958,46.414083,597
682.918471,43.630125,42.998959,599
682.927365,73.383333,72.706375,598
683.055126,40.688375,40.008791,600
683.219308,38.205708,37.659709,601
683.377069,29.296166,28.786625,602
683.422765,33.044375,32.324833,603
683.546587,32.135541,31.667708,604
683.604094,48.177792,47.634417,605
683.733916,52.810041,52.035667,606
683.916380,68.599125,67.821833,607
684.057859,73.052292,72.381458,608
684.100808,86.361041,85.449875,609
684.151749,79.599625,78.708583,610
684.267816,86.684792,86.218125,611
684.322288,97.717667,95.909041,612
684.342681,103.515416,102.664333,613
684.383421,35.646917,34.824416,614
684.560347,45.912709,45.305750,615
684.724760,59.948292,59.250917,616
684.730417,49.324625,48.988625,617
684.874971,27.220959,26.917625,618
684.929931,47.535833,46.852458,619
685.021519,54.401084,53.876375,620
685.030260,57.753208,57.127292,621
685.059736,61.197209,60.469791,622
685.086707,72.296583,71.632458,623
685.140435,115.854084,114.992208,624
685.236311,47.675542,46.921875,626
685.250234,69.149500,68.602625,625
685.273123,52.235458,51.478291,627
685.421542,73.774750,73.200167,628
685.440918,35.237125,34.549666,629
685.517493,44.618875,43.750875,630
685.551528,37.100001,36.687875,631
685.731874,50.766625,50.141875,632
685.777065,28.826291,28.208833,633
685.883574,35.769125,35.149042,634
685.939555,27.029625,26.572000,635
686.033568,52.568250,51.916375,636
686.044093,57.441125,56.827750,637
686.076115,61.666500,60.832334,638
686.216818,35.736750,35.227500,639
686.302871,24.737709,24.277167,640
686.390399,35.854583,35.323750,642
686.408424,60.630208,60.021500,641
686.471107,43.163750,42.647792,643
686.556907,42.464042,41.964417,644
686.715526,34.424542,33.963417,645
686.748933,62.022333,61.366375,646
686.843683,67.907583,67.343792,647
686.901474,53.746875,53.171125,648
686.905192,46.552625,45.974833,649
686.987630,28.391417,27.774833,650
687.051543,37.124500,36.612042,651
687.218361,37.277333,36.811833,652
687.300394,40.024834,39.419625,653
687.383726,35.952291,35.452666,654
687.453206,35.230416,34.559583,655
687.559571,45.136292,44.629083,656
687.720028,38.950917,38.436709,657
687.881694,50.218583,49.461708,658
687.886221,38.438458,37.735541,660
687.920146,46.567792,45.811500,661
687.920715,80.225833,79.710750,659
688.021570,60.669000,60.019458,662
688.076418,61.997250,61.263417,663
688.218326,37.218125,36.787916,665
688.219189,44.085125,43.665125,664
688.402507,54.731250,54.239209,666
688.467386,35.848750,35.462875,667
688.550607,36.196708,35.701750,668
688.594510,33.115542,32.436833,669
688.748974,67.899708,67.397458,670
688.779249,76.282500,75.607000,671
688.914079,66.236917,65.705792,672
689.105071,90.557251,89.805334,673
689.132799,78.388625,77.538125,674
689.273970,89.781708,89.095125,675
689.288615,104.391875,103.856958,676
689.344369,71.398542,70.846125,677
689.388721,40.945916,40.468167,678
689.555256,40.820209,40.329334,679
689.713590,32.461041,31.973958,680
689.811253,41.334708,40.800958,681
689.875101,27.321000,26.884958,682
689.916944,48.643583,47.864542,683
689.938443,31.266959,30.666708,684
690.041690,27.226791,26.743209,685
690.082489,45.689875,45.072708,686
690.218127,37.025041,36.462125,687
690.384777,36.992958,36.319208,688
690.550862,36.447833,36.145375,689
690.720819,39.740750,39.264459,690
690.757735,54.803000,54.133041,691
690.808115,67.900000,67.167917,692
690.876433,44.677500,44.176125,693
690.893553,45.772125,45.275125,694
691.031914,45.046750,44.404792,695
691.055943,41.473250,40.821958,696
691.223197,42.094791,41.536833,697
691.395704,47.906833,47.349750,698
691.563115,48.672167,47.938042,699
691.727715,46.605708,45.916500,700
691.749801,46.926833,46.337375,701
691.890680,42.912625,42.415334,702
691.933119,70.097708,69.424250,703
692.040353,25.885125,25.217208,704
692.123521,30.016292,29.336708,705
692.202141,40.505209,40.036792,706
692.243058,61.966334,61.228417,707
692.398611,50.838083,50.330583,708
692.550846,36.373459,35.899209,709
692.625048,37.988708,37.261000,710
692.714611,33.497334,32.799375,711
692.753430,42.841167,42.219625,712
692.865630,51.533709,50.839250,713
692.890063,60.659375,59.928166,715
692.895713,76.023791,75.494708,714
692.919112,71.356542,70.879958,716
692.969071,105.629417,104.824708,717
693.063500,49.066208,48.401500,718
693.199553,41.153292,40.732125,719
693.235895,54.797459,54.101834,720
693.299224,32.950458,32.471541,721
693.386034,38.238375,37.572792,723
693.395975,56.415916,55.902583,722
693.520988,74.551750,73.854083,724
693.552640,38.205417,37.670500,725
693.586162,42.577208,41.812459,726
693.667351,48.051500,47.542833,727
693.738818,57.717625,57.113583,728
693.861599,89.105625,85.741833,729
693.935449,124.018126,122.447500,730
693.973338,142.775500,141.453084,731
693.974966,126.836792,125.937876,732
694.081543,66.090208,65.509209,733
694.253061,71.732208,71.005375,734
694.397697,49.924875,49.364000,735
694.441981,46.870834,46.235584,736
694.447685,39.614750,39.213125,737
694.589147,74.701959,74.181625,738
694.724774,43.671833,43.323875,739
694.893744,45.966958,45.448958,740
695.076427,61.988792,61.354417,741
695.174640,53.001375,52.382167,742
695.222159,41.032250,40.534083,743
695.384527,36.780042,36.471750,744
695.421058,28.295166,27.787666,746
695.447224,67.801125,67.128542,745
695.488467,54.908000,54.225208,747
695.564566,50.128750,49.525583,748
695.694820,47.238042,46.716834,749
695.717363,36.246875,35.779917,750
695.765047,27.975500,27.594292,751
695.840955,42.306833,41.709792,752
695.882486,34.717375,34.258000,753
695.962257,50.445500,49.938291,754
696.070670,56.211750,55.751792,755
696.154154,59.375166,58.783083,756
696.218240,37.135583,36.600958,757
696.385867,38.078541,37.592917,758
696.448213,70.875000,70.255209,759
696.563436,49.023625,48.513500,760
696.753914,72.836167,72.337125,761
696.908149,60.378792,59.836000,762
697.061542,47.081417,46.621750,763
697.128747,38.421833,38.073292,764
697.219754,36.388917,35.998375,766
697.230333,49.263084,48.557542,765
697.382969,35.224583,34.762000,767
697.403065,41.760541,41.003666,768
697.545353,30.922500,30.457291,770
697.572586,60.260083,59.597417,769
697.707522,26.448625,26.056041,771
697.772568,41.469750,40.837417,772
697.892357,44.585917,44.115458,773
698.046133,36.117667,35.746667,774
698.076693,62.270542,61.740000,775
698.162669,41.773667,41.307584,776
698.192966,60.814250,60.014208,777
698.203835,40.589208,39.958334,778
698.236963,55.838708,55.068417,779
698.385560,37.804083,37.322250,780
698.575046,60.609792,60.105791,781
698.640122,70.492333,69.774541,782
698.736721,55.615000,55.240500,783
698.863444,103.199833,102.575667,784
698.884692,107.560542,106.476417,785
698.929883,124.771792,124.066833,786
698.969917,141.715000,140.522375,787
699.028355,126.433125,125.824125,790
699.074618,226.853375,225.712375,788
699.109756,102.970584,101.726041,792
699.153054,279.785334,279.059958,789
699.239360,318.507583,316.581125,791
699.274592,93.420833,92.694583,795
699.314973,300.724375,299.455041,793
699.392156,377.767833,376.972458,794
699.452811,104.965583,100.517375,796
699.503941,110.336917,109.714792,797
699.532139,122.035084,121.215500,798
699.558820,47.247667,39.146042,800
699.583292,68.881750,67.942584,801
699.596261,108.287375,106.422750,799
699.620706,85.803375,85.163750,802
699.712456,52.175667,51.589416,803
699.724281,43.169292,42.608708,804
699.883616,35.869167,35.302167,805
700.055899,41.478792,40.837417,806
700.222899,41.769876,40.811750,807
700.375145,27.376125,26.908583,808
700.513509,36.003333,35.168583,809
700.585538,71.103958,70.382083,810
700.615735,37.642500,36.833709,811
700.689478,41.986875,41.528958,812
700.756619,75.499083,74.861209,813
700.805037,53.800542,53.233250,814
700.880157,58.841708,58.226000,815
700.892455,44.681875,44.035833,816
700.915059,63.578083,62.680042,817
701.040551,37.235333,36.603292,818
701.060354,45.887625,44.762375,819
701.231338,50.226750,49.742292,820
701.231356,44.425791,43.705958,821
701.395179,47.405458,46.981375,822
701.562357,47.901875,47.530292,823
701.719935,38.824916,38.363500,824
701.811750,44.653291,44.147250,825
701.885765,37.992792,37.381750,826
701.937866,45.059000,44.492584,827
701.954342,43.180667,42.711375,828
702.049584,43.770125,43.248916,829
702.067767,53.352250,52.740917,830
702.155741,36.821750,36.319500,831
702.206765,25.679208,25.165875,832
702.389640,41.871667,41.252458,833
702.486957,27.049458,26.535250,834
702.557169,42.727708,42.207084,835
702.713272,37.783083,37.207042,836
702.729019,47.896042,47.320292,837
702.884978,37.226000,36.852667,838
703.013750,51.068792,50.559542,839
703.052753,38.278333,37.805542,840
703.221691,40.581334,40.183500,841
703.282699,46.447042,45.950625,842
703.329876,63.178791,62.540041,843
703.370866,53.319583,52.486875,844
703.409100,61.326708,60.495167,845
703.422789,55.464208,54.971291,846
703.589888,75.449209,74.941125,847
703.751947,70.835042,70.297792,848
703.927600,92.532417,91.984667,849
703.929138,81.311709,79.952541,850
704.073867,83.127334,82.287334,851
704.103707,89.097458,88.078083,852
704.259647,78.451042,77.639333,853
704.395706,47.862208,47.066542,854
704.555917,41.474125,41.076583,855
704.589139,36.087625,35.328125,856
704.642360,40.573750,40.102416,857
704.753180,72.076958,71.437916,858
704.798919,36.921500,36.502375,859
704.838141,62.139000,61.333417,860
704.838967,54.197208,53.484375,861
704.894630,46.864709,46.139916,862
704.899061,49.606375,49.235958,863
705.055919,41.476750,40.813208,864
705.212781,31.697750,31.178291,865
705.265544,27.166125,26.878833,866
705.349820,32.326583,31.890250,867
705.402501,54.718417,53.929750,868
705.467878,42.570209,42.003791,869
705.561192,46.780417,46.372667,870
705.577563,47.735333,47.126333,871
705.723865,42.763291,42.143792,872
705.763818,43.260000,42.423791,874
705.768571,68.848792,68.063042,873
705.900608,61.657167,61.237750,875
705.919679,67.802000,67.178125,877
705.923977,76.172250,75.537000,876
706.044466,53.974375,53.454333,878
706.077475,68.840333,68.280334,879
706.089117,74.681250,74.025875,880
706.106843,61.693333,61.287042,881
706.244163,63.034416,62.472375,882
706.294829,57.985667,57.494208,883
706.334331,56.793916,56.220500,884
706.372600,24.819667,24.524500,885
706.439381,40.125750,39.718292,886
706.497299,70.740250,70.173541,887
706.558335,43.885333,43.379583,888
706.589184,45.982417,45.391208,889
706.723346,42.240625,41.736625,890
706.891434,43.660750,43.130792,891
706.960469,53.131167,52.631542,892
707.055057,40.573750,40.117000,893
707.136320,53.566917,52.999333,894
707.156488,48.223875,47.729500,895
707.212456,38.394709,37.889250,896
707.222934,41.795542,41.244292,897
707.276841,54.649000,53.785375,898
707.370491,32.903208,32.382000,899
707.412394,64.603875,63.901250,900
707.564533,50.086166,49.597334,901
707.633099,61.906541,61.529709,902
707.651164,33.884666,33.229584,903
707.720734,39.633125,39.102875,904
707.763030,40.953500,40.424417,905
707.789591,48.545875,47.944750,906
707.898648,50.877167,50.138959,907
708.044892,34.805750,34.268791,908
708.082186,67.742792,67.028209,909
708.127829,34.886250,34.393625,910
708.223504,42.391708,41.918917,911
708.389313,41.519916,40.829250,912
708.431403,41.708917,40.987625,913
708.550815,36.394459,35.664708,914
708.600254,30.334208,29.648792,915
708.731310,50.174834,48.841917,916
708.915365,66.361166,65.549459,917
708.996234,68.133333,67.417291,918
709.084865,70.381209,69.574167,919
709.254517,72.634917,71.846834,920
709.426952,79.168833,78.358291,921
709.522698,41.421333,41.040416,922
709.574612,60.151875,59.461500,923
709.724175,43.047958,42.353792,924
709.767326,57.568292,56.943250,925
709.876047,28.238000,27.457500,926
709.917328,27.994750,27.454583,927
710.060988,46.544458,46.081875,928
710.233239,52.161667,51.671375,929
710.367547,75.902750,75.165417,930
710.406131,58.347917,57.612333,931
710.555082,40.627708,40.015500,932
710.759865,78.737459,78.066626,933
710.817565,28.090708,27.613250,935
710.822555,59.774750,59.285041,934
710.884115,36.341667,35.877625,936
711.049337,34.913375,34.623458,937
711.231419,50.332333,49.744625,938
711.395636,47.858125,47.505500,939
711.571042,56.553291,55.890333,940
711.685991,79.092125,78.279542,941
711.734700,53.568083,53.056208,942
711.859780,45.394708,44.884875,943
711.889179,41.305833,40.576375,944
711.938045,35.546875,35.028292,945
711.987282,27.155042,26.858416,946
712.054896,40.458250,39.928292,947
712.161312,36.327375,35.558542,948
712.216335,35.201541,34.722625,950
712.225359,53.448500,52.797791,949
712.271519,31.109167,30.572209,952
712.276849,74.390458,73.741791,951
712.372599,24.854958,24.567083,953
712.523633,37.245250,36.554292,954
712.542678,40.059833,39.642167,955
712.583681,69.250708,68.609042,956
712.730435,49.321708,48.650875,957
712.838685,61.221417,60.720917,958
712.884571,36.795208,36.320958,959
712.948336,47.241542,46.778666,960
713.052255,37.793291,37.321958,961
713.134720,51.244667,50.563334,962
713.220151,39.064083,38.636208,963
713.304453,45.129292,44.658542,964
713.389197,40.550417,39.906708,966
713.405814,58.042250,57.313667,965
713.561904,47.438417,46.884834,967
713.562536,46.822708,46.369750,968
713.685172,50.454250,49.931583,969
713.759663,96.134209,95.592875,970
713.813292,132.182750,131.429959,971
713.814624,122.397917,121.668750,972
713.876393,94.592750,93.444167,973
713.918869,70.577500,69.928834,974
714.081799,80.746750,79.876125,975
714.110955,96.505500,95.617958,976
714.172682,86.760625,86.039625,977
714.237386,89.401084,88.709250,978
714.257308,76.150958,75.186417,979
714.411769,85.688750,84.882875,980
714.445741,97.659333,97.073083,981
714.449707,92.449875,91.937417,982
714.465116,60.987792,60.290709,983
714.562571,48.135500,47.431125,984
714.653543,51.861541,51.344416,985
714.704041,46.424000,45.970750,986
714.727162,46.039583,45.562708,987
714.881382,33.589208,33.048750,988
714.949900,43.209250,42.548041,989
715.052353,37.921625,37.365417,990
715.124485,42.560584,42.078459,991
715.169094,33.242125,32.636042,992
715.197154,34.686750,34.020875,993
715.222792,41.677708,40.907416,994
715.320125,36.919750,36.431792,995
715.392153,44.364542,43.813291,996
715.410311,47.602916,46.916625,997
715.442883,41.436209,41.006583,998
715.584756,70.315584,69.812750,999
715.712613,47.447750,46.874917,1000
715.723642,42.528209,41.838417,1001
715.865715,27.331208,27.028750,1002
715.900255,52.451583,51.828000,1003
716.045302,30.907334,30.550916,1005
716.081186,68.730083,68.154333,1004
716.091481,47.836250,47.191083,1006
716.121355,57.078875,56.392000,1007
716.136311,54.743208,54.198667,1008
716.221855,40.747292,40.285000,1009
716.291625,36.106583,35.390542,1010
716.385187,54.149666,53.396291,1011
716.385285,37.491417,37.063250,1012
716.486927,60.394542,59.728666,1013
716.552840,38.402000,37.774917,1014
716.622304,80.053458,79.245833,1015
716.755477,74.348750,73.714959,1016
716.875301,39.151000,38.743542,1017
716.901832,54.059542,53.634000,1018
716.974378,62.074542,61.554791,1019
717.046818,44.161541,43.582583,1020
717.055920,41.456041,40.743792,1021
717.124267,32.414667,31.666250,1023
717.138812,53.059416,52.392958,1022
717.209935,44.649792,44.116333,1024
717.234748,53.624375,53.150416,1025
717.343571,50.419250,49.719834,1026
717.395887,48.093500,47.400500,1027
717.497369,46.152167,45.442250,1028
717.560128,45.675875,45.292042,1029
717.722548,41.459542,40.915875,1030
717.789582,27.209000,26.702083,1031
717.825195,34.679167,34.129666,1032
717.896025,48.254500,47.733875,1033
718.016222,43.164042,42.643417,1034
718.055250,40.794833,40.378625,1035
718.092862,29.972250,29.507333,1037
718.136802,75.961958,75.247667,1036
718.220669,39.536000,38.934583,1038
718.245987,48.155916,47.453584,1039
718.340902,43.403500,42.791000,1040
718.352036,49.947625,49.430792,1041
718.418528,70.808792,70.250251,1042
718.522184,36.140708,35.399584,1043
718.570137,55.717375,55.116833,1044
718.747418,66.314209,65.696458,1045
718.938418,90.606250,90.141042,1046
718.961965,80.255584,79.504541,1047
719.090781,76.337625,75.770625,1048
719.255453,74.288958,73.534125,1049
719.427284,79.527291,78.925584,1050
719.521823,51.724459,51.357834,1051
719.570355,55.894708,55.238458,1052
719.655382,50.974292,50.297333,1053
719.725152,44.048083,43.497709,1054
719.740996,50.896708,50.360625,1055
719.785442,59.984166,59.363792,1056
719.861724,64.314833,63.796250,1057
719.895132,47.357917,46.590250,1058
719.947631,47.303084,46.825916,1059
719.983574,37.066750,36.329708,1060
720.058253,42.088083,41.685292,1062
720.075228,60.790042,60.247250,1061
720.117089,67.111041,66.409000,1063
720.130522,43.683500,43.169292,1064
720.226437,45.366708,44.693250,1065
720.235381,47.508125,47.018709,1066
720.390736,43.008583,42.655667,1067
720.519451,36.639750,36.208375,1068
720.553347,38.872750,38.269875,1069
720.689669,49.310333,48.629875,1070
720.735778,54.645792,54.086083,1071
720.889976,42.224291,41.797875,1072
720.917566,33.826333,33.380958,1073
720.965607,68.312416,67.707792,1074
721.052552,41.597500,41.111583,1075
721.066426,51.975875,51.265958,1076
721.106684,36.976625,36.466208,1077
721.162722,34.931750,34.588750,1078
721.209428,28.343584,27.838125,1079
721.235473,53.529292,52.966667,1080
721.255266,42.150791,41.606250,1081
721.291062,55.791459,55.124417,1082
721.309351,32.955125,32.498375,1083
721.366193,35.745500,35.274458,1084
721.400405,52.599750,52.042375,1085
721.408958,43.598625,42.958125,1086
721.470379,29.069834,28.599083,1087
721.502119,43.546709,42.967750,1088
721.529401,45.576125,45.076791,1089
721.558533,44.070250,43.511125,1090
721.652750,46.835542,46.376459,1091
721.699235,58.246125,57.726083,1092
721.720430,39.313459,38.781750,1093
721.818383,40.743208,40.182916,1094
721.837348,49.878208,49.406875,1095
721.911235,35.529667,34.916001,1098
721.916625,68.830126,68.188167,1096
721.935223,66.498542,65.998626,1097
721.975356,75.987917,75.498500,1099
722.000923,46.467750,45.983875,1100
722.055217,40.757500,40.277709,1101
722.166395,56.980875,56.383541,1102
722.222044,40.954375,40.547208,1104
722.225621,59.442833,58.837042,1103
722.352055,24.872167,24.445167,1105
722.406532,58.724458,57.944834,1106
722.407382,33.901291,33.576375,1107
722.480963,27.912208,27.465958,1108
722.528612,39.204667,38.719916,1109
722.562672,48.211625,47.593292,1110
722.584135,63.438375,62.601583,1111
722.662689,39.461042,38.866625,1112
722.732528,51.406833,50.947167,1113
722.771357,60.701083,60.222167,1114
722.787724,59.276875,58.223667,1116
722.805213,77.495541,76.988625,1115
722.828281,89.788125,89.160166,1117
722.879293,47.415375,47.042625,1118
722.906182,58.387292,57.804250,1119
722.936861,68.481000,68.086958,1120
722.959156,67.251625,66.455375,1121
722.989772,42.128333,41.615875,1122
723.056163,41.729333,41.133459,1123
723.078324,43.415750,42.657417,1124
723.161174,55.303500,54.612541,1125
723.178362,27.902875,27.371458,1126
723.219045,37.962167,37.435125,1128
723.240185,61.512792,60.870833,1127
723.308631,43.777417,43.053792,1129
723.316445,48.276084,47.631792,1130
723.389170,41.409375,40.933666,1131
723.404498,44.454959,43.778000,1132
723.446347,48.354250,47.794250,1133
723.450651,42.673458,42.090125,1134
723.549368,34.953916,34.343167,1135
723.589273,70.112292,69.423958,1136
723.713182,45.101584,44.268584,1137
723.799557,118.444375,117.859292,1139
723.799719,122.396750,121.921625,1138
723.855988,97.844834,97.162334,1140
723.939330,91.613667,90.867000,1142
723.954792,185.236333,184.524667,1141
724.036453,89.669125,89.027458,1143
724.142495,135.566083,135.070833,1144
724.157095,113.943375,113.077416,1147
724.159978,145.529417,144.935292,1145
724.265704,249.395417,248.608208,1146
724.279630,121.588542,120.703917,1150
724.302107,139.067833,137.928583,1151
724.356773,309.148000,307.853291,1148
724.484313,140.578375,140.078166,1156
724.485931,140.826292,140.044917,1157
724.500257,358.810084,357.791292,1149
724.602201,424.131750,380.752166,1152
724.617209,132.848042,89.633250,1159
724.625258,139.288917,97.445833,1160
724.671148,490.048125,448.463750,1153
724.677377,472.629500,471.784541,1154
724.700150,97.932626,57.162292,1162
724.732208,114.960417,73.824917,1163
724.765222,94.048209,52.169542,1165
724.769134,503.411125,462.345917,1155
724.822302,90.075125,49.124833,1168
724.834213,477.418958,435.825542,1158
724.858216,158.039000,116.509750,1167
724.884299,384.021459,341.931917,1161
724.923254,100.912000,59.853500,1171
724.949356,324.073167,281.993834,1164
724.961342,127.087917,86.242042,1172
724.993343,315.922250,271.917917,1166
724.998242,113.905750,72.380000,1174
725.017301,252.040250,211.069250,1169
725.069331,127.030459,85.486917,1175
725.087307,118.409375,77.335417,1177
725.100341,331.185459,290.084667,1170
725.137327,279.075709,237.899667,1173
725.174292,224.881708,183.359458,1176
725.210305,198.701708,157.592750,1178
725.215568,34.491916,33.947375,1180
725.268306,253.860250,212.883709,1179
725.283720,43.683208,43.322709,1181
725.384482,36.703333,36.107750,1182
725.410172,60.515584,60.107542,1183
725.439810,42.011667,41.482875,1184
725.505108,65.196250,64.410791,1185
725.546364,46.387250,45.582833,1186
725.566805,52.363500,51.827417,1187
725.587224,54.730083,54.203333,1188
725.698713,57.647625,57.104834,1189
725.721404,43.225000,42.790708,1190
725.757397,76.340542,75.756333,1191
725.767158,53.963875,51.292500,1192
725.785717,41.397417,40.738250,1193
725.829127,77.745792,76.807791,1194
725.869441,51.745167,51.256042,1196
725.890991,73.545500,73.128125,1195
725.916867,69.081834,65.277625,1197
725.940730,80.954416,80.380125,1198
725.956409,86.743417,86.130042,1199
725.975368,28.720417,28.181416,1200
726.014716,37.635500,37.237375,1201
726.087300,72.809333,68.907709,1202
726.093230,56.070292,55.503001,1203
726.111156,68.196625,67.155084,1204
726.123311,78.950959,78.453958,1205
726.223147,42.021875,41.495708,1206
726.284720,52.194041,51.740792,1207
726.407923,60.118041,59.627458,1208
726.449839,59.604125,59.142416,1209
726.542628,41.083875,40.559458,1210
726.593077,78.623417,77.839125,1211
726.660201,43.306375,42.728000,1212
726.717701,36.575000,36.106292,1213
726.784454,38.765125,38.211542,1214
726.805819,50.903125,50.284208,1215
726.890431,42.676083,42.174708,1216
727.024664,57.430042,56.881417,1217
727.062515,48.117125,47.467000,1218
727.101264,44.086583,43.362084,1219
727.162114,55.557833,55.043041,1220
727.171933,63.755417,63.078166,1221
727.200768,68.984708,68.124000,1222
727.228458,47.368708,47.017250,1224
727.252268,72.046625,71.448125,1223
727.323567,139.035459,138.112625,1225
727.346766,40.875333,40.225209,1227
727.362188,85.726375,85.095500,1226
727.401113,53.349625,52.730125,1230
727.417887,81.091209,80.554834,1228
727.435975,38.322667,37.629375,1231
727.490993,145.889917,145.387375,1229
727.506435,59.336958,58.640167,1232
727.509389,59.422125,58.608959,1233
727.543368,28.928666,28.400459,1237
727.565611,110.839167,110.310083,1234
727.616271,160.429209,159.793667,1235
727.641838,43.474083,42.757167,1239
727.653945,69.692000,68.863667,1238
727.685608,187.078792,186.416125,1236
727.722902,41.783875,41.005416,1240
727.788180,46.211375,45.822292,1241
727.855151,63.743750,63.041417,1242
727.888253,40.496750,40.092792,1243
727.946847,27.291541,26.837416,1244
727.992645,41.581167,40.907417,1245
728.059360,53.253959,52.732166,1246
728.067609,53.130875,52.492417,1247
728.096467,63.740833,63.098875,1248
728.186253,51.225708,50.702459,1249
728.219259,72.179042,71.629250,1251
728.224342,80.556292,79.985792,1250
728.246928,91.153125,90.455750,1252
728.300056,140.614250,139.955667,1253
728.339504,158.445000,158.012458,1254
728.354055,70.748417,69.769000,1255
728.356760,73.304875,72.828875,1256
728.381108,46.393667,45.903375,1257
728.409542,61.755167,61.107667,1258
728.425356,65.650083,65.170292,1260
728.460770,109.762334,109.165584,1259
728.503230,45.773291,45.064250,1261
728.507842,44.916084,44.149875,1262
728.564330,49.941208,49.323459,1264
728.574538,71.403500,70.682792,1263
728.628067,95.254834,94.567083,1265
728.636364,70.602000,70.175583,1266
728.647064,67.358666,66.599750,1267
728.692696,88.482334,87.946250,1268
728.724082,89.252625,88.494875,1269
728.792382,111.272000,109.613584,1270
728.808483,100.722708,99.774500,1271
728.913101,101.672958,99.472042,1272
728.970712,133.525292,132.672459,1273
728.983281,133.903584,133.359334,1274
729.017511,115.614334,115.104208,1275
729.086582,72.076667,71.380167,1276
729.187057,78.123500,77.385291,1277
729.279552,98.374500,97.324208,1278
729.364405,135.989875,135.379708,1279
729.370620,139.300875,137.220125,1280
729.411699,99.234625,96.956125,1281
729.447910,99.874542,99.224417,1282
729.506069,40.235417,39.589375,1283
729.553935,39.489334,38.987666,1285
729.569509,58.080167,57.511708,1284
729.732757,51.641333,50.957375,1286
729.842990,36.904875,36.554000,1288
729.892888,45.126667,44.739041,1289
729.898697,93.325750,92.574709,1287
729.926991,75.424417,74.123584,1290
729.958083,41.097584,40.548959,1292
729.962712,58.859500,58.061500,1291
730.003562,39.855667,39.286625,1293
730.015263,48.045083,47.488000,1294
730.048468,34.015334,33.232209,1295
730.069908,29.046791,28.351750,1297
730.110992,82.246208,81.648584,1296
730.226804,45.697167,45.011750,1298
730.231797,33.725125,33.248542,1299
730.404665,55.603625,55.160583,1302
730.411806,64.025792,63.466958,1301
730.421270,88.428667,87.938375,1300
730.454674,41.476459,40.980625,1303
730.493857,35.800333,35.300125,1304
730.553173,38.716709,38.254125,1305
730.582499,45.767750,44.987833,1306
730.633134,46.009542,45.468500,1307
730.695848,49.664416,49.113750,1308
730.719377,38.265791,37.671959,1309
730.777923,45.170125,44.509500,1311
730.780245,49.023917,48.446709,1310
730.885921,59.770083,59.285917,1312
730.905242,70.140292,69.512334,1314
730.907187,77.091000,76.406166,1313
730.948279,106.559541,105.688041,1315
730.989780,64.838667,64.182125,1320
731.011914,168.319958,167.599834,1316
731.048196,106.073917,64.426542,1321
731.074677,226.903250,226.350834,1317
731.112319,122.499417,81.744833,1324
731.113698,217.075834,216.610042,1318
731.124292,109.836417,68.322917,1325
731.151058,251.503000,250.954083,1319
731.153979,58.815167,58.103500,1326
731.217769,260.997042,260.448125,1322
731.225842,53.071667,52.304583,1328
731.234342,73.506125,72.927166,1327
731.270254,41.104583,40.613709,1332
731.305388,124.257583,123.464541,1329
731.310198,340.664626,299.390583,1323
731.341387,143.306333,142.800875,1330
731.365435,43.876292,43.316291,1333
731.406274,190.141000,189.785750,1331
731.413242,65.454666,64.721417,1334
731.443035,50.877750,50.234917,1335
731.492150,43.784708,43.079167,1336
731.508957,43.309875,42.658000,1337
731.561903,47.461750,47.014625,1338
731.606909,36.916250,36.429167,1339
731.624518,47.063333,46.485250,1340
731.708272,37.104376,36.591917,1341
731.730797,49.658292,48.982500,1342
731.840550,38.299041,37.836458,1343
731.871567,30.252833,29.868125,1345
731.888854,63.766208,63.205917,1344
731.905090,57.304916,56.628542,1346
731.947671,57.177166,56.885791,1347
732.003567,55.532459,54.937458,1348
732.053286,38.846791,38.460625,1349
732.089484,61.731250,61.124583,1350
732.107194,67.173459,66.525083,1351
732.144378,68.346834,67.640416,1352
732.168309,85.643541,85.211000,1353
732.170570,65.499000,64.981875,1354
732.227911,46.815125,46.301209,1355
732.253744,47.961375,47.268083,1356
732.305367,33.418292,32.669584,1358
732.333503,64.627208,64.051167,1357
732.372115,51.897708,51.267708,1359
732.392609,44.849875,44.382042,1360
732.459851,61.801250,61.280625,1361
732.557376,42.900375,42.268041,1362
732.639943,43.079458,42.382667,1363
732.705930,41.743041,41.227375,1364
732.732396,51.272958,50.706833,1365
732.761592,37.413542,36.890000,1366
732.819761,74.533958,73.773875,1367
732.868914,52.488625,51.935625,1368
732.884562,45.869541,45.416875,1369
732.924149,32.903792,32.240542,1371
732.927604,79.858917,79.115459,1370
733.055066,40.348291,39.859750,1373
733.068434,53.990708,53.559333,1372
733.096763,39.408542,39.033750,1374
733.164861,44.880500,44.355791,1375
733.204691,55.090292,54.468167,1376
733.246949,65.863583,65.382333,1377
733.392294,44.527000,43.857917,1378
733.524036,29.899042,29.261458,1379
733.571373,56.903000,56.195708,1380
733.610177,41.715042,41.000750,1381
733.650461,41.691417,41.048583,1382
733.738920,57.789375,57.132542,1383
733.848468,108.258501,107.188959,1384
733.850492,107.706959,106.533875,1385
733.911794,136.943917,136.099834,1386
733.948919,101.166625,100.492583,1387
734.002244,88.074000,87.449542,1388
734.110632,96.108250,95.449667,1389
734.165994,123.344667,122.657209,1390
734.198454,151.955708,151.094708,1391
734.231538,174.958583,174.459250,1392
734.302613,121.081917,120.331166,1395
734.342898,136.057833,135.279959,1396
734.347497,259.774958,258.883625,1393
734.431621,83.821500,82.776459,1399
734.441288,283.453917,282.177291,1394
734.535297,97.870209,97.032542,1400
734.550416,334.787542,332.826084,1397
734.567578,100.009000,99.515792,1401
734.603304,366.258375,365.550500,1398
734.615513,78.181542,77.639333,1404
734.654450,75.953208,75.152292,1406
734.663680,187.842083,186.996834,1402
734.715833,34.733125,34.117708,1407
734.722440,207.726167,207.133791,1403
734.773499,71.733375,71.086167,1408
734.787855,52.563875,52.140959,1409
734.791318,237.701041,237.332667,1405
734.855097,63.600542,62.985125,1410
734.873963,71.841583,71.481375,1411
734.890225,67.803167,67.103166,1412
734.929610,55.878375,54.588625,1417
734.936185,103.702959,102.927709,1413
734.971110,65.249625,64.519000,1418
734.975706,127.965542,127.150333,1414
735.029679,172.438000,171.901042,1415
735.048284,62.107792,61.445417,1420
735.072550,58.118958,57.572666,1421
735.075357,210.585375,210.111125,1416
735.110833,192.169541,191.339750,1419
735.222453,41.326833,40.935417,1422
735.256872,49.019542,48.455458,1423
735.298320,30.260708,29.557209,1424
735.387565,39.809583,39.458125,1425
735.475995,39.414375,38.819375,1426
735.556867,42.456750,41.773666,1427
735.698918,54.631500,52.247125,1428
735.746401,79.480333,78.934917,1429
735.746728,77.732958,77.166541,1430
735.761233,80.113542,79.388750,1431
735.876401,28.655084,28.183750,1432
736.045585,31.140083,30.620042,1433
736.084037,28.697375,28.014875,1434
736.117142,36.496542,35.950250,1435
736.216325,35.180541,34.703666,1436
736.289426,34.197042,33.700917,1438
736.293729,52.328791,51.977625,1437
736.341744,25.038417,24.596834,1439
736.381854,34.072500,33.328167,1440
736.435729,69.444375,68.971000,1441
736.448923,47.454167,47.024250,1443
736.461233,76.942542,76.455166,1442
736.568561,54.091917,53.572167,1444
736.698968,49.014000,48.439708,1445
736.728401,47.309208,46.728208,1446
736.787575,66.535000,65.883125,1447
736.888788,41.034875,40.746125,1448
737.044328,35.431666,35.118708,1449
737.069653,55.151541,54.359667,1450
737.226962,45.853208,45.339583,1451
737.242595,45.684041,45.113250,1452
737.303663,32.771666,32.239959,1453
737.326398,49.669083,48.985417,1454
737.382420,71.290334,70.640792,1456
737.390528,100.954584,100.386125,1455
737.403887,56.144375,55.514375,1457
737.567602,53.144875,52.667709,1458
737.570789,46.716833,46.129708,1459
737.644568,77.389083,76.596334,1460
737.657448,46.630209,46.093542,1461
737.689600,68.059250,67.495750,1462
737.750298,51.690625,51.086875,1464
737.773622,92.495958,91.942958,1463
737.782731,72.278208,71.643250,1465
737.799301,42.769416,42.091875,1466
737.898399,50.604458,50.066333,1467
737.959320,56.992541,56.438666,1468
737.979784,53.323375,52.775625,1469
738.008672,61.990542,61.547209,1471
738.011252,75.261084,74.423125,1470
738.091743,77.289916,76.776875,1472
738.180898,46.967958,46.644792,1473
738.227189,30.434250,29.903417,1476
738.244335,63.198042,62.796125,1474
738.263161,66.976292,66.055209,1475
738.287292,29.362667,28.943834,1477
738.347206,53.972625,53.204667,1479
738.365736,76.483750,76.073959,1478
738.379190,68.407208,67.403875,1480
738.399164,51.382625,50.774792,1482
738.441082,95.965042,95.296250,1481
738.469517,65.146958,64.485166,1483
738.478953,67.832333,67.242875,1484
738.527771,70.650125,69.898500,1485
738.550535,61.328750,60.620292,1488
738.551187,79.615083,79.257791,1486
738.593761,115.992042,115.192583,1487
738.632496,118.084750,117.475459,1489
738.686108,70.308000,69.687625,1490
738.747875,66.714666,66.072416,1491
738.801256,75.562375,75.092792,1492
738.932422,82.815833,81.765250,1493
738.961542,85.220625,84.609292,1494
739.046309,103.703833,100.524083,1495
739.089905,122.264916,121.458458,1496
739.150623,134.831667,132.834625,1497
739.151935,133.895416,133.249667,1498
739.264640,195.887416,195.316333,1499
739.311923,130.671334,129.780875,1500
739.330052,143.682875,143.035083,1501
739.378746,162.943959,161.753959,1502
739.468924,126.194834,125.641834,1507
739.470718,132.759376,132.100208,1506
739.493985,245.553584,244.865834,1503
739.536493,251.410250,250.685167,1504
739.586691,73.941292,70.473375,1511
739.609457,95.029958,94.267250,1512
739.610234,312.468042,311.665958,1505
739.699430,329.035292,328.252167,1509
739.709180,360.674417,318.176251,1508
739.727443,269.785833,269.084083,1510
739.728169,118.678875,75.689250,1516
739.728169,141.448417,100.648625,1515
739.767030,225.756125,224.892208,1513
739.786764,43.793167,43.267584,1518
739.819541,239.760208,239.153542,1514
739.844944,163.858625,163.458458,1517
739.882659,34.835208,34.372333,1519
739.922444,64.176292,63.496125,1520
739.975902,47.966625,47.303375,1521
739.990851,48.401500,47.761875,1522
740.061551,47.108834,46.603666,1523
740.171526,57.472917,56.951125,1524
740.182952,48.053250,47.625375,1525
740.224600,43.154708,42.639041,1527
740.232925,51.817500,51.136459,1526
740.293671,41.244583,40.674375,1528
740.391375,48.521375,48.042750,1529
740.410459,62.652916,61.719583,1530
740.421499,55.084459,54.430250,1531
740.524487,38.832500,38.304583,1532
740.588671,74.200000,73.582250,1533
740.591899,62.654083,62.133459,1534
740.612748,63.230416,62.123541,1535
740.636501,82.964875,78.638292,1536
740.678530,43.146833,42.676958,1539
740.691729,78.728125,78.255042,1538
740.716759,142.111666,141.608833,1537
740.730740,49.640208,49.173542,1540
740.776956,41.225626,40.730667,1541
740.847859,32.136708,31.728959,1542
740.913872,66.080000,65.586791,1543
740.942269,41.672750,41.199083,1544
740.988630,42.947917,42.449750,1546
740.994766,49.089833,48.517583,1545
741.055458,41.000166,40.399333,1547
741.208368,27.263833,26.790167,1548
741.314252,27.431542,26.934542,1549
741.386670,41.309625,40.853167,1550
741.393296,45.521583,44.910250,1551
741.451074,65.830916,65.066750,1552
741.477133,59.807417,59.054334,1553
741.492375,73.210084,72.454667,1554
741.560775,46.328917,45.816166,1556
741.566139,51.703166,51.039041,1555
741.684186,44.586792,44.071125,1557
741.717203,55.157667,54.336917,1558
741.718075,36.977209,36.482250,1559
741.792509,47.649875,47.092208,1560
741.892890,45.096916,44.458750,1561
741.940100,47.452417,46.958917,1562
742.048314,43.382208,42.945291,1563
742.073075,58.654750,57.887375,1564
742.138890,36.460958,36.007417,1565
742.221966,44.118667,43.445208,1566
742.227579,46.433042,45.903083,1567
742.352570,77.794500,77.066791,1568
742.380111,32.349042,31.914458,1569
742.499481,74.948417,74.346417,1570
742.561565,47.118750,46.534250,1571
742.563690,38.581667,38.138333,1572
742.722102,41.026708,40.623333,1573
742.809506,54.682541,54.170959,1574
742.839101,61.855791,61.138000,1575
742.842594,45.897250,45.097500,1576
742.899214,51.422292,50.876292,1577
743.004972,41.213959,40.624208,1578
743.054276,39.834375,39.199417,1580
743.057223,62.903458,62.254500,1579
743.216304,35.179375,34.741292,1581
743.392121,53.861791,53.161500,1582
743.394150,46.388416,45.882084,1583
743.481991,57.211583,56.770584,1584
743.522932,43.477584,42.904166,1585
743.564089,49.612792,48.878667,1586
743.655925,47.311541,46.843125,1587
743.707330,65.163292,64.145083,1589
743.711966,75.740875,75.321166,1588
743.762125,81.006625,79.768791,1590
743.937562,89.772958,89.264291,1591
743.959600,94.773875,93.983750,1592
744.009381,81.306750,79.384083,1593
744.078441,62.867584,62.218041,1594
744.164287,67.000500,66.298458,1595
744.248815,67.671042,67.010125,1596
744.404701,62.441167,62.073084,1598
744.409474,67.345542,66.718750,1597
744.415297,67.502750,66.584000,1599
744.562283,47.850250,47.285292,1600
744.608347,37.240583,36.652875,1601
744.718356,37.279375,36.738917,1602
744.894219,46.416417,45.563000,1603
745.052472,38.028375,37.253708,1604
745.209153,28.044042,27.493958,1605
745.392170,44.400417,43.576750,1606
745.414291,44.084250,42.346792,1608
745.444997,78.600375,77.988459,1607
745.584496,70.077584,69.740125,1609
745.652856,43.638292,43.136917,1610
745.673322,38.471417,37.870876,1611
745.717896,36.791708,36.049125,1612
745.833921,41.550250,40.894875,1613
745.872984,25.216041,24.758125,1614
745.963092,37.522916,37.075792,1615
746.051077,36.664250,36.150916,1616
746.115090,47.201291,46.644209,1617
746.218057,36.929375,36.451625,1618
746.369123,43.230542,42.695626,1619
746.400638,52.850000,52.099250,1620
746.553174,38.735958,38.350083,1621
746.733901,52.799833,52.331709,1622
746.915515,67.748333,67.181916,1623
746.918648,38.746167,38.092541,1624
747.039304,67.837583,67.391625,1625
747.061845,47.425292,46.741042,1626
747.095342,64.011209,63.368375,1627
747.106998,40.257000,39.575958,1628
747.224462,43.360042,42.663833,1629
747.387835,40.044375,39.266208,1630
747.551606,37.217542,36.696333,1631
747.747842,66.755209,66.222333,1632
747.892252,44.479167,44.101458,1633
748.004654,52.238083,51.881958,1634
748.057161,42.729750,42.213500,1635
748.206638,42.060959,41.342292,1636
748.227499,46.379083,45.634459,1637
748.384124,36.347791,35.602584,1638
748.542698,28.235375,27.550833,1639
748.734046,52.937500,51.988125,1640
748.805915,77.288458,76.654083,1641
748.923958,75.740583,75.212375,1642
749.094821,80.310709,79.649500,1643
749.199383,80.327042,79.026792,1644
749.271255,89.634416,88.699333,1645
749.306918,84.186083,83.586417,1646
749.389961,42.186958,41.719125,1647
749.543196,28.731500,28.010500,1648
749.708433,27.304667,26.630042,1649
749.804760,53.605708,52.928459,1650
749.817633,45.943334,45.234584,1651
749.853101,56.506334,55.895584,1652
749.915920,68.143250,67.785376,1653
750.071412,38.866334,38.299917,1655
750.077526,63.090709,62.598958,1654
750.207983,66.091375,65.535166,1656
750.219561,38.468791,37.971792,1657
750.368383,41.132000,40.646667,1658
750.401928,54.179417,53.569833,1659
750.431504,57.262917,56.723042,1660
750.517410,41.438250,40.812041,1661
750.556904,42.428167,41.891792,1662
750.612770,37.080458,36.618750,1663
750.716465,44.134125,43.768375,1664
750.731157,50.050875,49.413000,1665
750.809921,78.455709,77.795667,1666
750.915161,67.401542,66.863125,1667
751.050443,36.004208,35.500208,1668
751.103282,35.386458,34.792333,1669
751.222408,41.339083,40.821667,1670
751.257170,36.086459,35.294875,1671
751.383143,35.352916,34.791458,1672
751.554679,40.235125,39.717416,1673
751.626654,27.405291,26.899250,1674
751.719159,46.323083,45.607041,1675
751.726750,45.607042,44.875833,1676
751.883440,35.631458,35.045792,1678
751.887437,48.957417,48.318083,1677
752.021444,56.632041,56.121917,1679
752.052932,38.488334,37.965959,1680
752.101472,35.380917,34.894125,1681
752.225373,44.262750,43.838083,1683
752.238366,65.603417,64.974291,1682
752.341044,68.685166,68.081417,1684
752.394175,46.399208,45.746750,1685
752.556979,42.560583,42.197458,1686
752.617151,74.757083,74.085084,1687
752.709338,28.208541,27.496000,1688
752.879376,31.603250,30.878459,1689
753.051273,36.836625,36.290333,1690
753.252938,71.827875,71.225583,1691
753.429934,82.154042,81.419333,1692
753.474450,52.113833,51.692666,1693
753.553822,39.381708,38.878583,1695
753.579470,74.763208,74.152166,1694
753.694999,64.210417,63.231875,1696
753.746514,65.389334,64.638291,1697
753.896051,93.759459,92.845375,1698
753.944433,113.472917,112.584209,1699
753.964931,117.113500,115.271625,1700
754.090325,75.813792,74.185708,1701
754.256149,74.942291,74.079834,1702
754.391844,44.048083,43.424500,1703
754.553355,38.922625,38.194625,1705
754.569027,58.630250,58.056541,1704
754.724426,43.330000,42.712250,1706
754.886166,38.410166,37.863875,1707
755.066229,51.796791,51.265375,1708
755.075740,47.095417,46.559917,1709
755.123164,40.845875,40.339250,1710
755.159032,54.295792,53.516166,1711
755.224974,43.897583,43.551083,1712
755.401103,53.342041,52.635333,1713
755.432859,53.833792,53.247834,1714
755.461457,44.956625,44.485584,1715
755.553247,38.808292,38.330833,1716
755.717851,36.776541,36.145667,1717
755.781547,38.974250,38.292041,1718
755.877394,47.573750,46.904375,1719
755.881093,33.284417,32.649167,1720
756.064521,50.101916,49.730625,1721
756.094755,53.694958,53.100250,1722
756.210602,29.521333,28.998667,1723
756.343179,34.807209,34.324792,1724
756.381223,33.435208,32.942000,1725
756.468657,36.966709,36.446958,1726
756.555705,41.259166,40.745833,1727
756.672387,37.200333,36.686417,1728
756.709278,28.170917,27.522834,1729
756.789460,40.632083,40.021333,1730
756.871970,49.586542,49.063875,1731
756.891230,43.457459,42.844375,1732
757.010344,51.984917,51.513000,1733
757.056203,41.782416,41.269375,1734
757.155313,37.633458,37.146667,1735
757.218271,37.171167,36.476417,1736
757.389556,41.762583,41.064625,1737
757.541883,27.415792,26.927834,1738
757.650652,46.551458,45.985625,1739
757.709802,28.683666,28.212625,1740
757.767387,76.297084,75.684875,1741
757.798220,38.653417,38.236334,1742
757.841313,41.374666,40.908584,1743
757.904424,56.628833,55.899083,1744
758.072507,58.043125,57.376084,1745
758.210283,38.943042,38.364083,1746
758.239355,58.231834,57.747958,1747
758.251618,59.874792,59.222042,1748
758.398109,50.330292,49.930125,1749
758.556320,41.933791,41.467709,1750
758.655627,41.386334,40.846167,1751
758.692583,44.034083,43.001875,1752
758.758620,85.624000,84.954334,1753
758.798391,117.274792,116.475625,1754
758.859497,138.079958,137.058542,1756
758.859809,139.409084,138.724834,1755
758.921176,72.637542,71.890291,1757
758.998259,78.803375,77.858376,1758
759.093392,78.926167,78.375208,1759
759.223129,110.781708,109.923917,1760
759.229445,109.791208,109.269125,1761
759.291379,126.935958,126.217584,1762
759.334866,152.224042,151.679208,1763
759.355899,109.344666,108.100708,1764
759.418905,71.077709,70.553583,1765
759.491446,45.498250,44.923958,1766
759.539359,24.924666,24.460333,1767
759.578980,25.757375,25.074583,1768
759.721232,40.084625,39.494000,1770
759.734214,54.534375,53.975541,1769
759.848303,38.889958,38.576417,1771
759.921106,73.278917,72.521750,1772
759.952332,32.132334,31.314791,1773
760.049069,34.618791,33.931333,1774
760.206988,41.744500,41.435334,1775
760.240150,59.061916,58.270334,1776
760.286616,28.779625,28.107916,1777
760.388932,41.160583,40.584542,1778
760.444709,74.987500,74.195042,1779
760.541579,27.141041,26.477208,1780
760.712326,31.245084,30.733500,1781
760.895345,47.567334,46.912250,1782
761.035404,38.595083,38.163125,1783
761.080724,66.305167,65.761208,1784
761.208150,27.019125,26.547500,1785
761.400123,52.326458,51.573958,1786
761.439144,57.919750,57.372000,1787
761.547214,32.750084,32.082458,1788
761.711707,30.603417,29.976625,1789
761.790281,80.898125,80.090209,1790
761.818214,37.130333,36.571500,1791
761.898810,40.403417,39.659667,1793
761.900129,52.379833,51.891291,1792
762.094393,79.922208,79.195375,1794
762.187836,41.580000,41.082708,1795
762.238961,57.837792,57.190875,1796
762.249472,51.945250,51.471875,1797
762.267660,40.372208,39.725583,1798
762.361589,35.522084,35.045209,1799
762.389820,42.035875,41.469750,1800
762.591490,77.024792,76.338208,1801
762.713416,57.040375,56.731792,1802
762.724832,43.741250,43.154708,1803
762.825497,37.288708,36.619625,1804
762.887463,39.708375,39.279042,1805
763.051427,36.974000,36.455125,1806
763.085350,27.562500,27.060833,1807
763.225825,44.700542,44.130333,1808
763.383385,35.637292,35.097417,1809
763.427378,57.255333,56.655958,1810
763.563997,49.562917,48.869625,1811
763.687095,38.992625,38.409000,1812
763.740884,59.744708,59.031583,1813
763.826539,68.576667,68.173291,1814
763.918773,69.924458,68.961083,1815
764.057620,84.994292,83.313125,1816
764.099644,85.053209,84.138250,1817
764.282031,100.578041,99.964084,1819
764.296102,114.828875,113.877459,1818
764.344035,117.867458,116.502167,1820
764.381761,68.164834,67.477083,1821
764.387848,40.041166,39.419917,1822
764.587790,73.369333,72.837626,1823
764.715656,34.553458,34.090000,1824
764.820475,36.846250,36.317167,1825
764.895757,47.976542,47.252334,1826
765.046093,31.670333,31.073583,1828
765.064846,65.086292,64.428583,1827
765.217636,36.529208,36.021125,1829
765.383445,35.678417,35.129500,1830
765.562942,61.325250,60.701667,1831
765.570781,50.325042,49.954625,1833
765.594345,79.906458,79.170291,1832
765.741520,60.388708,59.789334,1834
765.792676,43.176000,42.539875,1835
765.863252,61.717834,61.304541,1836
765.890960,43.220625,42.669667,1837
766.086373,71.917417,71.268458,1838
766.216975,35.886958,35.473083,1839
766.275157,84.906209,84.136791,1840
766.281254,75.306583,74.684166,1841
766.295465,61.017250,60.275834,1842
766.335999,40.637042,40.229291,1843
766.393051,45.278333,44.508042,1844
766.556353,41.898500,41.434166,1845
766.683288,79.733209,78.968167,1846
766.723396,42.280583,41.560167,1847
766.900980,53.214000,52.699209,1848
766.903956,46.132625,45.527708,1849
766.980460,37.322833,37.041375,1850
767.079644,35.371000,34.923292,1852
767.085720,71.277791,70.669958,1851
767.128146,42.671708,42.120750,1853
767.213888,32.808417,32.152750,1854
767.379168,31.388584,30.951667,1855
767.465557,36.881542,36.361208,1856
767.494173,53.086250,52.368750,1857
767.540336,25.876959,25.186000,1858
767.714171,33.065375,32.525500,1859
767.890185,42.433708,41.886833,1860
767.972334,45.742958,45.292042,1861
768.087197,72.731167,72.048667,1862
768.262393,81.263000,80.584292,1863
768.334277,63.405125,62.701041,1864
768.400773,53.039583,52.469375,1865
768.563928,49.511875,48.934375,1866
768.779318,98.227501,97.529834,1867
768.791712,76.325667,75.853459,1868
768.875395,78.614959,77.758625,1869
768.926727,78.882416,78.071875,1870
769.034054,89.148500,88.528416,1871
769.120703,129.109459,128.299792,1873
769.120801,139.342292,138.759250,1872
769.154165,139.720875,138.050500,1874
769.233658,84.594125,83.625208,1875
769.262233,80.788166,80.163125,1876
769.419162,71.341667,70.766500,1877
769.561750,47.337791,46.884833,1878
769.616160,55.310500,54.744958,1879
769.722327,41.198500,40.713750,1880
769.799273,43.967291,43.485166,1881
769.818245,54.535250,53.834667,1882
769.913293,65.532250,64.770125,1883
770.061991,47.557709,46.937917,1884
770.254551,73.462375,72.886917,1885
770.317667,42.202708,41.761417,1886
770.391636,43.892333,43.164334,1887
770.580284,75.472250,74.919833,1888
770.581542,67.121250,66.377792,1889
770.587370,68.444541,67.757083,1890
770.728475,47.381542,46.950166,1891
770.738352,38.993500,38.464417,1892
770.814071,49.217292,48.495125,1893
770.884940,37.149000,36.469416,1894
770.968756,34.391292,33.757792,1895
771.055966,41.530417,40.868625,1896
771.139574,35.838833,35.142625,1897
771.203283,40.156375,39.671917,1898
771.226384,45.295834,44.680416,1899
771.268138,45.856417,45.529166,1900
771.421656,73.885583,73.377208,1901
771.569952,55.510876,55.081833,1902
771.722156,41.050042,40.559750,1903
771.893031,45.282417,44.832375,1904
772.057320,42.858958,42.258417,1905
772.179686,51.726500,51.232417,1906
772.266699,85.563334,84.910001,1907
772.400076,52.330250,51.841417,1908
772.552702,42.759500,42.298375,1909
772.564471,50.022292,49.365750,1910
772.663461,64.507334,64.053500,1911
772.670457,34.522541,34.014459,1912
772.722364,41.230291,40.783750,1913
772.895281,42.928375,42.195417,1915
772.898121,50.323875,49.827750,1914
773.071365,56.944125,56.529083,1916
773.137621,45.960542,45.515459,1917
773.256579,28.511875,27.974625,1919
773.259928,78.821166,78.360334,1918
773.361265,73.162250,72.608375,1920
773.390144,42.358167,41.851542,1921
773.555735,41.292709,40.817000,1922
773.586415,48.778916,48.182750,1923
773.754054,71.399125,70.819292,1925
773.774799,93.684500,93.069958,1924
773.974986,127.213917,126.597041,1926
773.983728,129.030125,128.344416,1927
773.993860,135.706667,133.464625,1928
774.088554,74.122416,73.119667,1929
774.259840,78.630417,77.792750,1930
774.382845,35.039084,34.484917,1931
774.551366,36.923834,36.375792,1932
774.729759,39.972042,39.487292,1934
774.738649,57.547875,56.964542,1933
774.854269,77.629708,77.034708,1935
774.884124,36.377541,35.704959,1936
774.949366,40.775000,40.313291,1937
775.064903,50.463000,49.895417,1938
775.075475,56.340084,55.697250,1939
775.108700,32.725000,32.283125,1940
775.144373,61.645500,60.864125,1941
775.218848,37.715125,37.102042,1942
775.394668,46.889791,46.523166,1943
775.539814,25.387542,24.943916,1944
775.600702,35.571083,35.074375,1945
775.660917,38.522750,38.035083,1946
775.717125,36.027250,35.343875,1947
775.874465,27.614125,27.100792,1948
775.921606,36.566833,36.008583,1950
775.921722,73.929625,73.522458,1949
776.039364,53.306167,52.796333,1951
776.077901,63.470750,62.834041,1952
776.204998,35.829791,35.214666,1953
776.236523,55.444375,54.838000,1954
776.383470,38.593334,37.786000,1955
776.404148,56.393458,55.820917,1956
776.426327,42.040834,41.680626,1957
776.567553,53.102583,52.430584,1958
776.582216,56.422041,55.658167,1959
776.603869,60.165292,59.467333,1960
776.671530,51.494625,50.915666,1961
776.708355,27.247209,26.810875,1962
776.770688,43.449583,42.812875,1963
776.825397,40.976833,40.475750,1964
776.883413,35.642542,34.991250,1965
776.921448,37.051291,36.423042,1966
777.057399,42.959583,42.449750,1967
777.221667,50.121166,49.489708,1968
777.223766,42.627958,41.897042,1969
777.268607,42.781959,42.216417,1970
777.287171,50.053792,49.375375,1971
777.416330,68.546333,67.885417,1972
777.434431,44.503667,43.855000,1973
777.466312,47.509875,47.082000,1974
777.520490,65.043708,64.493916,1975
777.553826,39.391333,38.832791,1976
777.652882,60.415833,59.845041,1977
777.726880,45.787292,45.413375,1978
777.744222,54.034750,53.377334,1979
777.829568,55.490750,54.832459,1980
777.888401,40.632667,39.881625,1981
777.975496,26.407500,26.101833,1982
778.035653,74.548541,73.844750,1983
778.050502,36.042417,35.502250,1984
778.094577,41.125292,40.673500,1985
778.213182,32.096458,31.548416,1986
778.311529,29.412833,28.733834,1987
778.392567,44.800583,44.070833,1988
778.421290,48.872541,48.407917,1989
778.514708,52.553083,52.172750,1990
778.569856,55.424833,54.756334,1991
778.600816,63.847292,63.366333,1992
778.602686,64.834584,64.153833,1993
778.686906,44.176125,43.526583,1994
778.720341,60.944917,60.331542,1995
778.773117,92.009167,90.318959,1996
778.837409,84.544250,83.251875,1997
778.901110,92.635083,91.986709,1998
778.958536,109.673667,109.094125,1999
778.965791,112.165667,111.605084,2000
779.105760,109.628459,108.919417,2001
779.127168,112.483875,111.523709,2002
779.149170,129.607917,128.968875,2003
779.199259,118.098458,116.953667,2004
779.272224,90.004834,89.247376,2005
779.334635,101.953542,101.196667,2006
779.340519,97.405583,96.404000,2007
779.442046,94.237209,93.299208,2008
779.468721,115.813834,114.865916,2009
779.492682,100.774042,100.098542,2010
779.547077,41.350458,40.753708,2011
779.555759,41.327125,40.853166,2012
779.718918,37.817209,37.116333,2013
779.825046,37.925708,37.403625,2014
779.866700,63.659750,63.114041,2015
779.905257,57.462708,56.814042,2016
780.018916,36.008000,35.504875,2017
780.063981,49.531708,49.023334,2018
780.079778,53.810458,53.018583,2019
780.101785,38.080000,37.607208,2020
780.236390,55.254500,54.575500,2022
780.249383,72.195959,71.685542,2021
780.257188,71.684667,70.857792,2023
780.285903,75.555959,75.112333,2024
780.341924,63.046666,62.241083,2025
780.342988,40.720750,40.232208,2026
780.375154,27.416084,26.945333,2027
780.417590,57.794334,57.244834,2028
780.438965,46.400958,45.847083,2029
780.508671,35.182875,34.676834,2031
780.510390,61.046125,60.354000,2030
780.539306,24.857292,24.396166,2032
780.717976,70.245583,69.665166,2033
780.744807,63.678709,63.188417,2034
780.745334,46.083042,45.641167,2035
780.884248,36.471750,36.096083,2036
780.948128,40.288791,39.782166,2037
781.081396,66.962875,66.212708,2038
781.156294,51.480333,50.741833,2039
781.179579,39.845750,39.335917,2040
781.222610,41.505917,41.020000,2041
781.248166,52.044416,51.590875,2043
781.270263,85.758750,84.924875,2042
781.300085,26.964292,26.582208,2044
781.382697,54.426458,54.029208,2045
781.400412,52.635334,52.019917,2046
781.407868,53.270875,52.371083,2047
781.508651,41.233500,40.789292,2048
781.555830,41.393041,40.709375,2049
781.616636,35.265708,34.741000,2050
781.647495,59.843000,59.080292,2051
781.711166,30.046917,29.565667,2052
781.763185,45.426500,44.921917,2053
781.802827,41.231750,40.751084,2054
781.833077,51.881667,51.217542,2055
781.892563,44.792417,44.205583,2056
781.929472,50.384833,49.848167,2057
781.957452,72.147250,71.365291,2058
781.977904,81.167625,80.453334,2059
781.986273,55.519042,54.795416,2061
782.031682,109.225667,108.423001,2060
782.060363,45.938375,45.507292,2062
782.162496,51.812250,51.363083,2063
782.179415,45.014958,44.421708,2064
782.214604,33.495000,32.976417,2065
782.246255,44.982000,44.145500,2066
782.276705,42.335708,41.940209,2067
782.324119,69.710667,68.959042,2068
782.393396,45.618417,44.985792,2069
782.401622,48.255958,47.508125,2070
782.426986,32.247833,31.773291,2071
782.541399,49.881708,49.345625,2072
782.569535,42.061250,41.564542,2074
782.573080,58.635500,58.105250,2073
782.720741,39.623792,39.241417,2075
782.860680,46.771375,46.092667,2076
782.885143,51.102917,50.452792,2077
782.893158,45.372834,44.716875,2078
782.994928,52.217375,51.841416,2079
783.066755,52.317709,51.867375,2080
783.214889,33.794250,33.364041,2082
783.231196,69.495125,68.862500,2081
783.315733,41.455458,41.112458,2083
783.381077,33.298708,32.770208,2085
783.401776,62.042750,61.550125,2084
783.522256,41.162916,40.676708,2086
783.562986,48.563667,48.005125,2087
783.627757,49.915250,49.228667,2088
783.763566,82.459125,81.756792,2089
783.802824,100.410917,98.658583,2090
783.847897,79.780167,79.225708,2091
783.921713,73.917667,73.447792,2092
784.131620,117.162501,116.673375,2093
784.134684,111.207542,110.337209,2094
784.170855,121.142584,120.327959,2095
784.218060,154.716626,153.284542,2096
784.276450,95.323667,94.534125,2097
784.357541,121.477417,120.638292,2098
784.409160,121.192750,120.242209,2100
784.433491,176.444917,174.983083,2099
784.463538,135.622083,133.839709,2101
784.515928,98.455875,97.961208,2103
784.527395,89.117875,87.153500,2104
784.543785,196.019833,195.541500,2102
784.586475,56.177625,55.662541,2108
784.596863,68.381833,67.589375,2107
784.608616,158.925666,158.152166,2105
784.651528,137.082167,136.277458,2106
784.718587,37.510084,36.989167,2109
784.746560,49.471917,48.979000,2110
784.773098,38.150000,37.547125,2111
784.802875,55.578833,55.222125,2112
784.844403,54.713167,53.988959,2113
784.873365,34.763750,34.207541,2114
784.893778,45.971334,45.445750,2115
785.032867,61.957583,61.278584,2116
785.040625,43.417209,42.877917,2117
785.082204,67.796167,67.156833,2118
785.113655,58.910833,58.266250,2119
785.218514,37.409458,37.050708,2120
785.259525,29.535916,28.972417,2122
785.266706,72.531375,71.903125,2121
785.372710,24.945083,24.493583,2123
785.423409,39.708959,39.244042,2124
785.488170,41.064625,40.529416,2125
785.550638,36.173375,35.556792,2126
785.722637,41.522250,41.069000,2127
785.751939,60.232958,59.637375,2128
785.793631,41.067250,40.617500,2129
785.828156,35.567875,34.981917,2130
785.879883,32.112792,31.638542,2131
786.053627,39.165584,38.566500,2132
786.080569,54.204500,53.515000,2133
786.099092,41.220084,40.569083,2134
786.136939,32.026750,31.530333,2135
786.219165,38.063667,37.495792,2136
786.377335,57.875417,57.331166,2137
786.411200,62.528083,61.991708,2139
786.428588,80.810334,80.190541,2138
786.435090,56.927208,56.550958,2140
786.512340,39.068167,38.586917,2142
786.517205,74.149541,73.465584,2141
786.546462,32.058542,31.575542,2143
786.661603,40.177375,39.700792,2144
786.699368,37.820416,37.460209,2145
786.742878,61.722500,61.115833,2146
786.833754,42.890458,42.411542,2147
786.844176,42.243250,41.570958,2148
786.892960,45.180917,44.637833,2149
786.928141,45.755208,45.097501,2150
786.972193,63.616875,63.107333,2151
787.010717,68.353250,67.939083,2152
787.028399,50.316292,49.722458,2154
787.050327,94.388292,93.715416,2153
787.069472,55.067834,54.414500,2155
787.164567,74.254250,73.617833,2156
787.211567,50.182708,49.570208,2157
787.228069,50.887375,50.381333,2158
787.271617,93.789500,93.055666,2159
787.277280,96.163958,95.429834,2160
787.289090,74.192708,73.194625,2161
787.321055,82.071500,81.510625,2162
787.366480,100.984042,100.399250,2163
787.393299,75.857250,75.106208,2164
787.408975,61.193709,60.324833,2165
787.543236,35.314417,34.764625,2166
787.565453,50.972833,50.424792,2167
787.624928,41.215417,40.632958,2168
787.673491,56.155750,55.604792,2169
787.712870,54.408959,53.759708,2170
787.730208,49.103833,48.520500,2172
787.739462,76.545875,75.938042,2171
787.910072,62.319834,61.778208,2173
787.958795,37.549458,36.941917,2175
787.998499,78.119709,77.590333,2174
788.051743,34.334125,33.896333,2177
788.067643,53.207875,52.803917,2176
788.128332,43.692250,43.230250,2178
788.229865,48.716792,48.186542,2179
788.252341,41.130250,40.566459,2181
788.265166,77.890167,77.420583,2180
788.295350,57.394167,56.862166,2182
788.336726,54.413042,53.932667,2184
788.378346,127.804250,120.851501,2183
788.388417,67.920417,67.175208,2185
788.401068,53.322208,52.843875,2186
788.443725,37.879917,37.465750,2188
788.447199,78.982750,78.348375,2187
788.479177,56.208250,55.591083,2189
788.491405,48.365625,47.858708,2190
788.523951,37.977042,37.185750,2191
788.566506,52.044417,51.302125,2192
788.630642,51.877875,51.443875,2193
788.668863,42.725667,42.161292,2194
788.804746,123.646250,119.323166,2195
788.823316,132.280458,131.454167,2196
788.852807,158.922458,157.990292,2197
788.930121,186.652958,185.589833,2198
788.951380,122.037125,121.259541,2200
788.995675,137.685333,137.040750,2202
789.027417,279.906084,278.385333,2199
789.131237,116.826792,115.801875,2204
789.149680,301.963084,301.474542,2201
789.167889,121.214042,120.472042,2205
789.282977,354.341167,353.966667,2203
789.290738,116.228000,115.756083,2207
789.311253,130.139334,129.362041,2208
789.380377,287.637000,287.067959,2206
789.484502,136.674709,135.914333,2211
789.499654,148.135750,147.623875,2212
789.505294,272.357166,270.847500,2209
789.565071,326.246958,325.372542,2210
789.575037,59.904250,58.977625,2214
789.608510,165.638959,164.789625,2213
789.705701,49.367792,48.738667,2215
789.711410,30.314667,29.787042,2216
789.822705,78.163167,77.638750,2217
789.846321,43.065166,42.590042,2218
789.869372,64.653166,64.058459,2219
789.897974,45.401125,44.458458,2221
789.910130,62.358042,61.834792,2220
790.077351,62.937000,62.395958,2222
790.089837,44.501625,44.039917,2223
790.160997,65.400709,58.821291,2224
790.179817,75.288792,74.702542,2225
790.181195,66.505250,65.692083,2226
790.221531,73.351542,67.034042,2227
790.253201,69.923875,69.239333,2230
790.255669,74.603083,73.857000,2229
790.277642,120.872792,119.963375,2228
790.318878,106.310750,105.959583,2231
790.393796,46.048042,45.772709,2232
790.575354,64.951541,64.337292,2234
790.577463,66.070667,65.533416,2235
790.588507,78.282459,77.581292,2233
790.641178,126.734417,125.989208,2236
790.706782,167.220083,166.559458,2237
790.727282,46.195333,45.628625,2239
790.752520,78.435292,77.972125,2238
790.765947,39.663458,39.190958,2240
790.802925,32.428083,32.088875,2241
790.849645,37.650958,37.021250,2242
790.887517,39.740167,39.015958,2244
790.888472,63.919625,63.261625,2243
791.055544,41.097583,40.631792,2245
791.213092,36.610292,35.867125,2248
791.216515,58.897417,58.156584,2247
791.235817,84.069416,83.462750,2246
791.294893,113.706250,112.928375,2249
791.301815,61.545167,60.772542,2251
791.311040,71.656958,70.771458,2250
791.325264,62.724375,62.166708,2252
791.389494,41.721166,41.224459,2253
791.441133,42.301875,41.616750,2254
791.526852,43.302875,42.483875,2256
791.538977,67.019750,66.334333,2255
791.546248,38.582541,38.045000,2257
791.601050,86.642500,85.773917,2258
791.719904,38.824333,38.367291,2259
791.786700,35.118708,34.667208,2260
791.902920,69.585541,68.886125,2261
791.907894,60.142250,59.626583,2262
791.929120,66.969584,66.507583,2263
791.974645,42.088667,41.422792,2264
792.000413,56.205625,55.661666,2265
792.045403,30.965084,30.441542,2266
792.234756,53.619708,53.070500,2268
792.247712,64.806584,64.318333,2270
792.252127,77.685417,76.841041,2267
792.290839,108.152625,107.547708,2269
792.327576,82.189625,81.476791,2271
792.355576,60.326584,59.460917,2273
792.363815,71.687000,71.106000,2272
792.380181,32.469208,31.898417,2274
792.556364,41.945750,41.588167,2275
792.596388,38.796042,38.260542,2276
792.636620,68.690125,68.120791,2277
792.690709,48.541209,48.013584,2278
792.723071,41.983083,41.194125,2279
792.767044,33.121958,32.695833,2280
792.879756,31.952375,31.420666,2281
792.980837,34.887416,34.444375,2282
793.007615,56.624166,55.846000,2283
793.059137,44.673125,44.137625,2284
793.071453,49.146125,48.545875,2285
793.124282,40.809708,40.339542,2286
793.188159,42.987584,42.585083,2287
793.222590,76.719125,76.199376,2288
793.223502,63.519167,63.130667,2289
793.241456,60.338542,59.723417,2290
793.280395,45.160209,44.417625,2292
793.295370,92.893208,92.364416,2291
793.336985,40.800083,40.510750,2293
793.388635,40.890209,40.433750,2294
793.436208,45.857583,45.323834,2295
793.443860,46.986917,46.498375,2296
793.525262,59.838625,59.211833,2297
793.536364,49.072042,48.384291,2298
793.594430,80.033917,79.536625,2299
793.604845,57.729000,57.185917,2300
793.623810,58.428125,57.953000,2301
793.756894,77.891625,77.288458,2302
793.758842,77.733834,77.270375,2303
793.934274,112.300709,108.889667,2304
793.970564,121.665250,120.452792,2305
793.973973,123.323376,120.159084,2306
794.031296,140.231000,139.567458,2307
794.139201,124.649292,124.057500,2309
794.152595,196.373334,195.771625,2308
794.169053,131.299583,130.459584,2310
794.271707,88.665792,88.005459,2312
794.276236,96.690708,95.851292,2311
794.397190,130.910208,130.365375,2313
794.417538,139.601875,138.786958,2314
794.421815,113.953000,113.321250,2315
794.504275,181.209291,180.556250,2316
794.526092,79.753916,79.164167,2320
794.564420,50.032500,49.509250,2321
794.564906,215.566458,211.125250,2317
794.599063,248.008542,246.715000,2318
794.637881,70.707292,69.956542,2322
794.654174,64.026375,63.579542,2323
794.656046,292.086959,289.811667,2319
794.728096,46.985458,46.406792,2324
794.843748,36.025208,35.286708,2325
794.882872,35.132709,34.756458,2326
794.937625,54.492375,54.072666,2327
794.960249,48.379333,47.954667,2328
795.006236,65.665834,65.138208,2329
795.022456,51.943500,51.384083,2330
795.050472,36.092583,35.694458,2332
795.078986,84.271542,83.776291,2331
795.170140,51.779584,51.007541,2335
795.173038,67.470375,66.938083,2333
795.190077,82.555084,81.903500,2334
795.240544,100.135583,99.502958,2336
795.257345,76.226792,75.479833,2338
795.273348,79.222500,78.603000,2340
795.288226,128.287834,127.717042,2337
795.332983,149.462834,148.853542,2339
795.338667,45.335500,44.566958,2343
795.382964,35.180250,34.610333,2344
795.441202,244.920083,203.013126,2341
795.462604,38.767458,38.225541,2345
795.471224,256.659667,256.065251,2342
795.588664,74.226250,73.565625,2346
795.735746,44.223083,43.291500,2348
795.747217,66.123750,65.456417,2347
795.766666,50.437625,49.915250,2349
795.850088,42.206792,41.640666,2350
795.886331,38.555708,38.047625,2351
795.919656,48.184500,47.714042,2352
796.001213,72.752751,72.208209,2353
796.078791,64.359167,63.680166,2354
796.113643,38.983584,38.042959,2355
796.148149,60.539209,59.831625,2356
796.224642,46.348166,45.755208,2357
796.231378,50.219750,49.646042,2358
796.269543,55.776875,54.970416,2359
796.396126,48.362417,47.668833,2360
796.406515,33.865417,33.191958,2361
796.498015,43.861125,43.216541,2362
796.524741,29.551375,29.068667,2363
796.554118,39.651500,39.022083,2364
796.576511,60.438000,58.489083,2365
796.649609,42.172375,41.718833,2366
796.675899,62.701334,62.065792,2367
796.717850,36.738042,36.257667,2368
796.797474,38.476667,37.875541,2369
796.864105,53.050083,52.294959,2372
796.878867,73.216792,69.610917,2371
796.891219,97.855041,97.119167,2370
796.906130,58.381750,57.578208,2373
796.965260,39.363625,38.602959,2374
797.026526,30.105833,29.418666,2375
797.055734,41.253334,40.553041,2376
797.235701,42.681917,42.264542,2378
797.245395,64.289750,63.775833,2377
797.361157,43.376375,42.916417,2380
797.367261,56.475417,55.893250,2379
797.409168,61.401084,60.735209,2381
797.505271,36.364417,35.631167,2382
797.550478,36.026083,35.472208,2383
797.624112,40.929292,40.584250,2384
797.718747,37.639292,37.039333,2385
797.754725,64.468541,63.915541,2386
797.806695,37.585917,37.073167,2387
797.893906,46.098792,45.409000,2388
798.041760,27.290959,26.803584,2389
798.094580,57.907501,57.148292,2390
798.198052,64.365583,63.911458,2391
798.224689,43.602125,42.861875,2392
798.320459,35.889875,35.213209,2393
798.387225,39.449667,38.900167,2394
798.403716,47.328750,46.694667,2395
798.449118,71.676500,71.164625,2396
798.455852,32.277292,31.725458,2397
798.550228,35.761834,35.095084,2398
798.654664,41.534792,40.879125,2399
798.752121,71.010334,70.298666,2400
798.928096,79.724167,79.061791,2401
798.953222,83.728750,82.555375,2402
799.094646,87.693375,87.139208,2403
799.108715,93.742250,88.263583,2404
799.168402,79.191291,78.268750,2405
799.259910,77.042584,75.314750,2406
799.384576,55.827916,55.341417,2407
799.391819,60.606583,60.102583,2408
799.416100,68.325542,67.694666,2409
799.502764,64.385125,63.855750,2410
799.528982,45.723709,45.096625,2411
799.557160,42.695625,42.205917,2412
799.585265,46.966208,46.111625,2413
799.706210,67.217208,66.360583,2414
799.722936,41.812750,40.827208,2415
799.898106,50.358875,49.855750,2416
799.904761,37.388750,36.815625,2417
800.040902,26.508416,26.090458,2419
800.053471,71.375792,70.746083,2418
800.204644,55.884500,55.503875,2420
800.241933,55.286000,54.341875,2422
800.251678,70.561459,69.559583,2421
800.276204,48.590792,47.927250,2423
800.383927,36.122042,35.640208,2424
800.569195,54.778500,54.419167,2425
800.580152,57.381042,56.905042,2426
800.606310,76.950708,76.337625,2427
800.694460,53.867042,53.259500,2428
800.732692,51.591750,50.967292,2429
800.895776,48.002792,47.481875,2430
801.055499,41.070458,40.624208,2431
801.086784,50.825542,50.082084,2432
801.092666,54.266042,53.550291,2433
801.221583,40.476625,40.124584,2434
801.244779,38.341917,37.859500,2435
801.277478,54.418292,53.924500,2436
801.405944,58.148125,57.472041,2437
801.450683,46.804333,46.062916,2438
801.525898,45.543750,45.021375,2439
801.569761,55.288917,54.588917,2440
801.746841,65.736709,65.138500,2441
801.926492,78.737750,77.733542,2442
802.067989,39.280791,38.561250,2445
802.081425,60.443833,59.928750,2444
802.115171,100.752750,100.230667,2443
802.213233,69.346667,68.859000,2446
802.219694,38.611125,37.983750,2447
802.255357,39.146041,38.694250,2448
802.395440,47.680791,47.183209,2449
802.424600,47.541958,46.937334,2450
802.551434,44.134125,43.461834,2451
802.554679,40.246792,39.790042,2452
802.669131,78.862875,78.348667,2453
802.760160,79.070833,78.551958,2454
802.843154,55.225625,54.767417,2455
802.886166,51.066458,50.393583,2456
802.892109,44.317292,43.799000,2457
802.976859,60.726458,60.294792,2458
802.995328,42.698250,42.170042,2459
803.042916,28.465500,27.884792,2461
803.081851,73.172750,72.679541,2460
803.147635,64.950083,64.349250,2462
803.209067,47.657458,47.160459,2463
803.249375,68.274208,67.662875,2464
803.255820,70.412417,69.869334,2465
803.274557,63.453833,62.911625,2466
803.309563,67.595208,66.791375,2467
803.343389,66.553666,65.855417,2468
803.355255,44.697917,44.027084,2469
803.383525,35.750458,35.161291,2470
803.562786,48.321875,47.867750,2471
803.759258,78.144208,77.678709,2472
803.825195,85.648791,83.146875,2473
803.926939,79.074625,78.354500,2474
804.091817,77.324625,76.665750,2475
804.198308,78.857333,78.488667,2476
804.260047,78.690209,77.397833,2477
804.353105,45.931083,45.351250,2479
804.362382,56.662083,55.922416,2478
804.405939,58.199459,57.596584,2480
804.456605,59.196667,58.579208,2481
804.497864,43.696333,43.129041,2482
804.563135,48.691709,48.101084,2483
804.568144,47.400792,46.821542,2484
804.686360,36.886792,36.382791,2485
804.761444,80.331708,79.573083,2486
804.895964,48.167292,47.590958,2487
804.916682,54.922584,54.365209,2488
804.929344,54.230458,53.609791,2489
805.056565,42.147292,41.648541,2490
805.222053,40.925792,40.336042,2491
805.399128,51.377958,50.740667,2492
805.454068,36.953875,36.508500,2494
805.460893,63.808791,63.317041,2493
805.494485,59.367292,58.792125,2495
805.505718,43.633625,43.115916,2496
805.590090,75.716083,75.194584,2497
805.717373,36.263792,35.968333,2498
805.894812,47.025125,46.493417,2500
805.898707,53.607167,53.056209,2499
806.040998,60.024708,59.484542,2501
806.058875,44.445917,43.930542,2502
806.206997,25.885708,25.195041,2503
806.375604,27.877791,27.349875,2504
806.500572,27.536542,27.015333,2505
806.560151,45.717875,45.260250,2506
806.686399,65.984042,65.383500,2507
806.728318,47.254667,46.718292,2508
806.909154,61.403417,60.666375,2509
806.962734,38.558042,38.105375,2510
807.057807,43.373167,42.871791,2511
807.130091,37.124791,36.387750,2512
807.218173,37.087459,36.528625,2513
807.380572,32.826792,32.118334,2514
807.488081,38.756667,38.269875,2515
807.573215,58.816917,58.187208,2516
807.710644,29.509667,29.054083,2517
807.803051,34.972291,34.407333,2519
807.806859,58.075792,57.435292,2518
807.901651,43.110958,42.609292,2521
807.905287,57.547000,56.942376,2520
808.057667,45.787875,45.173625,2522
808.064970,50.509958,50.035709,2523
808.226710,45.621625,45.246250,2524
808.300078,43.038333,42.424083,2525
808.390745,42.967166,42.502833,2526
808.557827,43.406709,42.902708,2527
808.756370,76.836375,76.343167,2528
808.760520,79.326625,78.536792,2529
808.837433,82.400208,80.876834,2530
808.913091,64.908667,64.070125,2531
808.963824,64.992667,64.523958,2532
809.081402,66.843875,65.834417,2533
809.275626,94.486292,93.109333,2534
809.288453,92.138376,91.476583,2535
809.378886,81.526666,80.622792,2536
809.408290,84.077583,83.216875,2537
809.417460,60.439166,59.265209,2539
809.444571,76.683542,75.899542,2540
809.463450,115.572334,115.050541,2538
809.562902,48.449334,47.781125,2541
809.710213,48.335292,47.751958,2542
809.728345,47.234541,46.541541,2543
809.884131,36.364125,35.810833,2544
810.050893,36.480208,36.007125,2545
810.152776,41.025250,40.307750,2546
810.224237,43.112708,42.472208,2547
810.379827,32.057667,31.631834,2548
810.434128,79.610708,78.641792,2549
810.504385,45.873917,45.363500,2550
810.523722,47.320000,46.821250,2551
810.570453,47.343042,46.748333,2553
810.587151,72.648333,71.893792,2552
810.725474,44.386125,44.009000,2554
810.755122,64.809500,64.230542,2555
810.762734,50.903125,50.483125,2556
810.793417,50.526875,49.671708,2557
810.842498,41.615292,40.900708,2558
810.872775,24.974542,24.556292,2559
811.051234,36.814750,36.364125,2560
811.080645,47.492667,46.802875,2561
811.244910,63.802375,63.117542,2562
811.393589,45.841834,45.319459,2563
811.555735,41.293000,40.800666,2564
811.704289,59.263459,58.637542,2565
811.713694,32.578875,32.009542,2566
811.894235,46.466583,45.827542,2567
811.905403,46.802583,46.307042,2568
811.977647,47.342750,46.992459,2569
812.051332,53.328625,52.624250,2570
812.063162,48.724958,48.070167,2571
812.217485,36.397667,35.955792,2572
812.272377,65.526125,64.686125,2573
812.395288,47.533791,47.000042,2574
812.439267,44.912875,44.333625,2575
812.470055,59.208042,58.762083,2576
812.477275,57.138666,56.564667,2577
812.524068,42.443333,42.019834,2578
812.576287,61.863375,61.434917,2579
812.642211,77.254333,76.670416,2580
812.753309,59.163125,58.673416,2583
812.754542,73.421542,73.019917,2581
812.768329,86.216375,85.620792,2582
812.802140,76.759375,75.951459,2584
812.856512,36.570625,35.837667,2585
812.889816,42.057458,41.475291,2586
812.923835,36.833125,36.052917,2587
813.010648,36.035125,35.492334,2588
813.051509,37.067917,36.431792,2589
813.139114,27.820916,27.277834,2590
813.208931,27.820625,27.304083,2591
813.253039,27.981042,27.335583,2592
813.391884,44.109042,43.686416,2593
813.493187,41.030792,40.653667,2594
813.541081,26.646666,26.096875,2595
813.661274,24.890542,24.573208,2596
813.750614,69.485208,68.946209,2597
813.823103,69.673334,68.910042,2598
813.917904,70.089542,69.433292,2599
814.038846,98.434291,97.962959,2600
814.125172,135.135291,134.023750,2601
814.141400,136.075333,135.337416,2602
814.154718,140.275041,138.389416,2603
814.300693,119.536375,118.751792,2604
814.318513,132.372042,131.291416,2605
814.330221,141.208667,139.436209,2606
814.418521,70.627375,69.539750,2607
814.503054,37.013375,36.422167,2608
814.542698,28.259000,27.744208,2609
814.599159,41.380792,40.643750,2610
814.721126,40.041166,39.569542,2611
814.817239,29.744167,29.192625,2613
814.849171,69.665750,68.968375,2612
814.872800,25.062333,24.744417,2614
815.053758,39.342333,38.977167,2615
815.216544,35.440417,34.967333,2616
815.393716,45.967250,45.459458,2617
815.473715,51.912291,51.272083,2618
815.560896,46.458416,45.931083,2619
815.605097,47.373375,46.825334,2620
815.717276,36.175125,35.489125,2621
815.883327,35.528792,34.790292,2622
816.003407,43.218292,42.567583,2623
816.059695,44.283750,43.799000,2625
816.084552,70.107334,69.307292,2624
816.098645,72.663208,71.859959,2626
816.145394,28.266875,27.571833,2627
816.230999,49.916708,49.339500,2628
816.279728,45.326459,44.809917,2629
816.298827,49.220792,48.627251,2630
816.405286,57.495958,56.798875,2631
816.558907,44.465750,43.785583,2632
816.721091,39.988084,39.482625,2633
816.891153,43.352750,42.833875,2634
817.053919,39.468041,38.918250,2635
817.224627,43.528625,42.881709,2636
817.243951,53.446167,52.827542,2637
817.392684,44.894500,44.501333,2638
817.527076,48.765791,48.206375,2639
817.567391,52.949750,52.390916,2640
817.646346,45.969000,45.287083,2641
817.710192,29.057875,28.514500,2642
817.773018,43.865500,43.381333,2643
817.875685,27.916000,27.405000,2644
818.057353,42.908542,42.266291,2645
818.174671,36.359167,35.887541,2646
818.222365,41.254209,40.835958,2647
818.339993,37.147834,36.647917,2648
818.390944,43.174251,42.670251,2649
818.556947,42.480375,41.956250,2650
818.585970,57.120584,56.610750,2651
818.748165,67.061750,66.234583,2652
818.833693,69.643000,69.222417,2653
818.937278,89.464666,88.843125,2654
818.945675,93.995125,93.343542,2655
819.089144,74.644792,73.913000,2656
819.247668,64.975167,64.391250,2657
819.375063,27.274917,26.688958,2658
819.555460,41.015625,40.483625,2659
819.632067,42.005834,41.351916,2660
819.643157,42.287000,41.612667,2661
819.745132,64.025209,63.235375,2662
819.772744,48.993583,48.656709,2663
819.883876,36.099000,35.578667,2664
820.038657,41.155042,40.590083,2665
820.052263,37.808459,37.325458,2666
820.231149,50.023167,49.511875,2667
820.384263,60.552042,60.013625,2668
820.386351,38.623375,38.199000,2669
820.556311,41.873125,41.130250,2671
820.559375,47.369584,46.879292,2670
820.720197,39.116292,38.759291,2672
820.775899,48.002791,47.569084,2673
820.900207,52.431458,51.927459,2674
821.066472,52.033042,51.542167,2675
821.137908,52.199000,51.910542,2676
821.231025,49.888125,49.424083,2677
821.270084,46.149833,45.560375,2678
821.425274,77.482125,76.741583,2679
821.541381,26.940375,26.482459,2680
821.675720,32.652667,31.919708,2681
821.709033,27.955375,27.438250,2682
821.792834,24.793708,24.332291,2683
821.872604,24.836583,24.349500,2684
821.922748,38.635333,37.959250,2685
822.003871,26.811167,26.344209,2686
822.042558,28.112875,27.600416,2687
822.161754,39.460166,38.945083,2688
822.223205,42.109083,41.407333,2689
822.379525,31.804792,31.509625,2690
822.471700,41.531583,40.895750,2691
822.542884,28.432833,28.004083,2692
822.708894,27.794666,27.153292,2693
822.824543,38.782625,38.276584,2694
822.884241,36.469125,35.969500,2695
822.932511,46.458417,46.026458,2696
822.950328,37.025917,36.566542,2697
823.020668,52.772709,52.357666,2698
823.062700,48.276375,47.722792,2699
823.144678,81.781875,81.267666,2700
823.235036,53.923916,53.337666,2701
823.401163,53.393667,52.697750,2702
823.526264,34.092917,33.420333,2704
823.539579,55.231750,54.596208,2703
823.558728,44.309709,43.621375,2705
823.749718,68.609625,67.874042,2706
823.884267,89.587167,88.200875,2707
823.925806,77.926917,76.927375,2708
824.085725,71.178334,70.408333,2709
824.251671,70.464042,69.742458,2710
824.390906,43.121750,42.521208,2711
824.433874,39.122709,38.633875,2712
824.456407,48.458666,47.864542,2713
824.562301,47.839167,47.254084,2714
824.596748,40.674958,40.273041,2715
824.689846,48.938167,48.339376,2716
824.722057,40.852292,40.243292,2717
824.886615,38.864583,38.338125,2718
825.062378,47.910625,47.168042,2719
825.180134,53.194458,52.447792,2720
825.231918,50.835458,50.224125,2721
825.255824,39.720334,39.082458,2722
825.394430,46.678042,46.331542,2723
825.557300,42.863042,42.322000,2724
825.692520,47.219375,46.683583,2725
825.728545,47.421500,46.657333,2726
825.897187,49.416500,48.943708,2727
825.995117,63.936542,63.273292,2728
826.057588,39.233542,38.593042,2730
826.064493,50.049709,49.632333,2729
826.191243,49.331333,48.720291,2731
826.213750,32.655000,32.036083,2732
826.312076,42.044916,41.322458,2733
826.376835,45.867208,45.371083,2734
826.404951,57.219458,56.742000,2736
826.410619,66.632709,65.951958,2735
826.551871,37.427542,36.932584,2738
826.558165,48.198500,47.751084,2737
826.720106,49.654208,48.965292,2739
826.722422,41.291541,40.806792,2740
826.910413,62.636291,61.792791,2741
826.951522,75.800667,74.715666,2742
826.966169,89.268375,88.288958,2743
826.969641,54.279458,53.646542,2744
827.067969,53.530167,52.868083,2745
827.215204,55.617042,55.157959,2746
827.237318,56.228667,55.761417,2747
827.397988,50.219166,49.561459,2748
827.458094,39.649458,39.293334,2749
827.562990,48.554333,48.033708,2750
827.707714,45.111208,44.602542,2751
827.742095,60.940542,60.120667,2752
827.761905,38.505542,38.169542,2753
827.876199,28.440708,27.706584,2754
828.050264,35.828333,35.283792,2755
828.216692,35.582750,35.075250,2756
828.361474,42.427000,41.753834,2757
828.390346,42.560875,42.000875,2758
828.470306,42.870042,42.222541,2759
828.510331,40.204208,39.669875,2760
828.555415,40.950584,40.317375,2761
828.574286,52.059000,51.354042,2762
828.747625,66.523916,64.726958,2763
828.945139,90.503000,88.287791,2765
828.950554,102.774583,102.212250,2764
829.089532,88.913125,88.214584,2766
829.099863,85.071875,84.570500,2767
829.241800,60.702541,60.127375,2768
829.388590,40.803292,40.399042,2769
829.555879,41.415209,40.698584,2770
829.721902,40.799500,40.334584,2771
829.874097,55.811583,55.235541,2772
829.891577,43.784708,43.155292,2773
830.031059,62.539458,62.225334,2774
830.066528,52.083208,51.472750,2775
830.147799,55.530417,55.235541,2776
830.175293,43.053500,42.360792,2777
830.197329,58.210833,57.543500,2778
830.221844,40.784041,40.255834,2779
830.387896,36.841875,36.284500,2781
830.413084,65.312042,64.631875,2780
830.467118,43.672125,43.020542,2782
830.511136,31.215333,30.631417,2783
830.541902,27.459541,26.997542,2784
830.712525,31.425916,30.975583,2786
830.756394,76.716500,76.213959,2785
830.829249,37.032917,36.537375,2787
830.884135,36.334666,35.725667,2788
830.910179,61.726000,61.060709,2789
831.043680,37.178750,36.701875,2790
831.080154,63.408333,62.820333,2792
831.089134,74.696125,74.009250,2791
831.213282,32.158291,31.609666,2794
831.213957,53.851583,53.404750,2793
831.341925,70.783416,70.129500,2795
831.383054,35.240042,34.783583,2796
831.431871,42.176458,41.616458,2797
831.562356,47.918500,47.378334,2798
831.723257,42.158667,41.759959,2799
831.764154,63.799750,63.161583,2800
831.888629,40.829833,40.353250,2801
831.934174,66.052875,65.463708,2802
832.060401,45.958500,45.500875,2803
832.223836,42.705250,42.064167,2804
832.237105,43.535333,42.904750,2805
832.383334,35.556208,34.795542,2806
832.541806,27.368250,26.905667,2807
832.602761,47.532916,47.049333,2808
832.726997,45.895500,45.444875,2809
832.780489,67.163542,66.549000,2810
832.863695,57.237833,56.602292,2811
832.895218,47.423833,46.700500,2812
832.900270,42.746375,42.148458,2813
833.041971,27.522250,27.052083,2814
833.173909,28.296625,27.621417,2815
833.221261,40.152875,39.690875,2816
833.409334,61.581334,61.028042,2817
833.440688,52.083208,51.580083,2818
833.447675,52.354167,51.669916,2819
833.507369,69.459833,68.779083,2820
833.558095,43.654916,42.831834,2821
833.571289,41.548792,40.884375,2822
833.619662,29.908667,29.247750,2824
833.656762,70.975041,70.349708,2823
833.792655,111.526042,110.774708,2825
833.833902,140.331625,139.921250,2827
833.836951,150.049667,149.204708,2826
833.877889,164.838042,164.243917,2828
833.972299,124.535833,123.911667,2830
833.986507,232.331750,231.357875,2829
834.007190,136.220292,135.163583,2831
834.085508,178.383917,177.675458,2832
834.110562,96.003833,95.327458,2833
834.229965,84.487666,83.774250,2834
834.258553,77.136500,76.503875,2835
834.435815,87.933709,87.146500,2836
834.440402,89.122542,87.925250,2837
834.490665,43.512583,43.000708,2838
834.551119,71.868416,71.170750,2839
834.557902,45.231083,44.868250,2840
834.585881,71.448417,70.955500,2841
834.709405,28.300125,27.589042,2842
834.884857,37.078417,36.386000,2843
834.993147,27.868167,27.310500,2844
835.042607,28.177041,27.497167,2845
835.110776,30.491417,30.034375,2847
835.130958,56.636708,55.999417,2846
835.152250,34.846292,34.349584,2848
835.183704,30.146375,29.516958,2849
835.248188,67.067583,66.425625,2850
835.297920,63.985250,63.475125,2851
835.389236,41.462750,40.777625,2852
835.550257,35.810250,35.221959,2853
835.702103,64.995000,64.537958,2854
835.721499,40.397584,39.844291,2855
835.865379,45.806542,45.451584,2856
835.908471,60.693208,60.025584,2857
836.055809,41.382542,40.815834,2858
836.209400,41.311959,40.878250,2859
836.243755,62.633959,61.751959,2860
836.245171,57.425375,56.613375,2861
836.280651,45.039750,44.165333,2862
836.344707,44.488500,43.911000,2863
836.367540,47.042042,46.502167,2864
836.393729,45.986792,45.538500,2865
836.503771,41.790875,41.067250,2866
836.556122,41.683250,40.988792,2867
836.653428,43.356542,42.643416,2868
836.683312,43.877750,43.185333,2869
836.724713,43.598916,42.910875,2870
836.785058,48.900542,48.270834,2871
836.894222,46.464833,46.040750,2872
836.929996,60.853625,60.244333,2873
836.950529,38.876834,38.224958,2875
836.955645,74.215750,73.613458,2874
836.990390,44.124791,43.504125,2876
837.055913,41.495417,41.027000,2877
837.107178,44.400417,43.860834,2878
837.217443,36.307541,35.828916,2879
837.389954,42.168584,41.662833,2880
837.433580,42.520041,42.026834,2881
837.556175,41.711542,41.203458,2882
837.592388,62.630459,61.781708,2883
837.613142,46.240833,45.600625,2885
837.615413,58.385542,57.921209,2884
837.658569,81.190084,80.531208,2886
837.683355,38.136000,37.397791,2887
837.722153,41.001917,40.413333,2888
837.891249,43.477583,42.947041,2889
838.069209,51.826542,51.107292,2891
838.079865,65.442125,64.648208,2890
838.085991,51.774334,51.176709,2892
838.259892,78.808333,78.292084,2893
838.398705,50.909250,50.445208,2894
838.501112,61.715792,61.182333,2895
838.521185,49.054833,48.589917,2896
838.559982,49.097708,48.345208,2897
838.587570,73.111500,72.534291,2898
838.595615,54.107958,53.318709,2899
838.683035,53.113083,52.439626,2900
838.747829,66.690459,66.044708,2901
838.932840,83.566000,82.649292,2902
839.080745,98.436042,97.993000,2903
839.117833,103.344792,102.555834,2904
839.144598,106.535333,105.710208,2905
839.268217,105.300125,104.500375,2906
839.289698,108.444000,106.076250,2907
839.316112,108.987375,108.390333,2908
839.398110,50.221792,49.244708,2909
839.399193,48.723208,48.127625,2910
839.576771,62.310500,61.861625,2911
839.717362,56.956959,56.508958,2912
839.723305,42.208833,41.628416,2913
839.881260,61.026000,60.501292,2914
839.925473,77.728000,77.029458,2915
839.933592,80.735667,80.098083,2916
839.943076,48.512333,47.990542,2917
839.992396,35.792167,35.391125,2919
839.997305,51.177584,50.677375,2918
840.066697,52.295833,51.837042,2920
840.223323,42.217875,41.500958,2921
840.303998,27.170208,26.684875,2922
840.388691,40.919375,40.534958,2923
840.464498,57.829042,57.275167,2924
840.510892,50.894084,50.108334,2925
840.526575,41.370291,40.783459,2926
840.582526,63.434875,62.928833,2928
840.600521,78.550792,77.825125,2929
840.605563,91.110834,90.363875,2927
840.654257,111.510584,110.754875,2930
840.708356,146.613542,146.042459,2931
840.730557,49.443917,48.789125,2932
840.843611,41.747417,41.201125,2933
840.852550,42.499333,41.926208,2934
840.876966,29.186791,28.675792,2935
841.004782,45.583708,45.079708,2936
841.021758,48.805750,48.147167,2937
841.061967,47.531750,46.972916,2938
841.125962,57.108042,56.579542,2939
841.205222,31.059875,30.605458,2940
841.241253,60.121250,59.528875,2941
841.247716,47.604084,46.944041,2942
841.285523,35.289333,34.815667,2943
841.365802,35.335708,34.850958,2944
841.381176,33.430834,32.896792,2945
841.487547,39.101417,38.494166,2946
841.538775,51.352291,50.714125,2948
841.539628,68.347709,67.802291,2947
841.576163,61.703250,60.999167,2949
841.592733,59.361458,58.810792,2950
841.707144,67.522875,67.109875,2951
841.736167,55.064625,54.657167,2952
841.765360,58.777833,57.883000,2953
841.862121,62.697541,62.081833,2954
841.905916,67.295375,66.781167,2955
841.921377,42.129209,41.569792,2957
841.943852,96.100958,95.281375,2956
842.024945,42.899791,42.290500,2958
842.077399,31.179167,30.601375,2961
842.091881,77.426125,76.819167,2959
842.095929,74.647417,73.863417,2960
842.139672,64.658417,64.132251,2962
842.159078,58.318459,57.530667,2963
842.218565,37.462250,36.789375,2964
842.375028,27.233792,26.776166,2965
842.543429,49.093041,48.478500,2966
842.574836,60.408541,59.942458,2967
842.697164,48.359791,47.748750,2968
842.726823,45.702708,45.074458,2969
842.815165,40.786959,40.510750,2970
842.897160,49.373917,48.820334,2971
842.903999,48.038667,47.478375,2972
842.980632,64.640333,64.278667,2973
843.059562,45.117625,44.496959,2974
843.093468,46.392500,45.690750,2975
843.199306,49.548917,48.742458,2976
843.214485,33.374833,32.771083,2977
843.280859,39.777791,39.219542,2978
843.301029,50.898167,50.321250,2979
843.377281,43.092584,42.466667,2980
843.409465,61.721333,60.878417,2981
843.415080,37.421709,36.889416,2982
843.452305,36.931708,36.192042,2984
843.467501,70.515667,69.891500,2983
843.557491,43.046208,42.503709,2985
843.591720,31.656916,31.362334,2986
843.751533,70.421166,69.804583,2987
843.883823,83.379917,82.859875,2988
843.922486,111.316042,110.594167,2989
843.991471,103.374542,101.660125,2991
843.991486,142.315834,141.672125,2990
844.103299,134.537083,133.390833,2992
844.130614,114.854250,113.731625,2994
844.142950,138.362583,137.630500,2993
844.235992,126.504876,124.169792,2997
844.255541,123.486709,123.058250,2999
844.260432,199.256750,198.387875,2995
844.338812,268.085126,267.024625,2996
844.451074,103.292583,102.245500,3003
844.457579,347.166167,343.075542,2998
844.516706,115.495625,114.834125,3004
844.536857,66.524208,65.663792,3005
844.586302,449.481959,407.573542,3000
844.592807,37.454375,36.824084,3007
844.600257,417.676584,416.798084,3001
844.656730,61.794541,61.030375,3008
844.661547,61.443666,60.929750,3009
844.667618,480.482917,478.073750,3002
844.710221,195.828208,195.386917,3006
844.745982,64.871625,64.021125,3011
844.753997,106.123208,105.546584,3010
844.890402,41.976375,41.417250,3013
844.896531,48.759375,48.206084,3012
844.965374,38.024292,37.461958,3014
844.995878,67.203500,66.547542,3015
845.012709,39.766417,39.332125,3016
845.058930,44.451167,43.757292,3017
845.080995,44.184000,43.619042,3018
845.121873,47.107958,46.349041,3019
845.154261,38.379833,37.691208,3021
845.163108,76.493667,76.015041,3020
845.201882,53.836416,53.218958,3022
845.222151,41.093791,40.613125,3023
845.309992,28.132708,27.606541,3024
845.350436,60.778666,59.902500,3025
845.393580,63.576625,62.999125,3026
845.404135,56.413292,55.851250,3027
845.437645,69.174584,68.643750,3028
845.484816,61.137125,60.502750,3029
845.499776,60.858000,60.286334,3030
845.513266,58.689458,58.007833,3031
845.547513,51.225416,50.640917,3032
845.563724,49.281750,48.736042,3033
845.616712,49.727708,48.958875,3035
845.632329,47.036501,46.480876,3036
845.635708,75.186417,74.622626,3034
845.709272,39.004000,38.702709,3037
845.741286,60.152166,59.331125,3038
845.760097,41.659042,41.123541,3040
845.770911,66.619583,66.061916,3039
845.896539,48.794375,48.267042,3041
845.939188,60.443250,59.843583,3042
845.959271,68.601458,68.136833,3043
845.965051,49.200375,48.653209,3044
845.993738,53.793834,53.417292,3045
846.042044,27.591084,27.150667,3047
846.053698,70.455000,69.731083,3046
846.223233,42.165083,41.597792,3050
846.250781,72.564041,71.967292,3048
846.255628,76.887125,75.914125,3049
846.286047,48.059959,47.498500,3053
846.292479,100.384083,99.834584,3051
846.321808,28.657709,27.781834,3055
846.382218,181.430376,181.059375,3052
846.382321,56.180541,55.745667,3056
846.403216,76.457500,75.851125,3057
846.417758,175.207084,174.738084,3054
846.480395,132.627542,131.810000,3058
846.504172,44.424917,43.944542,3059
846.549039,54.746417,54.058375,3060
846.570187,61.721625,61.284125,3061
846.575488,61.092500,60.575667,3062
846.635640,47.775291,47.351500,3063
846.666351,59.733625,59.015250,3064
846.728202,47.093084,46.628166,3065
846.774172,39.491375,38.969291,3066
846.837750,31.216500,30.708125,3067
846.902939,55.169917,54.459417,3068
846.927038,53.571875,53.066709,3069
846.973562,33.659208,33.051958,3071
846.986864,70.586833,69.927667,3070
847.050347,35.915833,35.252001,3072
847.185093,53.486708,53.113959,3073
847.192309,46.612417,46.005750,3074
847.212768,50.624875,49.837666,3075
847.239711,71.850041,71.024625,3076
847.271148,45.727792,45.286208,3078
847.316157,135.044875,134.548458,3077
847.354204,46.177833,45.581667,3079
847.385885,38.088166,37.324000,3080
847.559406,33.840917,33.139750,3082
847.595221,42.512458,41.930875,3083
847.595263,80.846208,70.902417,3081
847.642431,83.909875,83.478791,3084
847.681780,58.190416,57.821458,3085
847.713163,73.672666,72.846958,3086
847.720896,39.779834,39.068167,3087
847.776561,43.154708,42.488250,3088
847.795539,55.456333,54.831875,3089
847.826087,56.376833,55.780375,3090
847.869984,34.594583,34.197625,3091
847.896183,48.409667,47.761292,3092
847.925354,55.483750,54.778209,3093
848.006190,66.712041,66.173917,3094
848.037197,50.497708,49.957541,3095
848.090372,75.950000,75.469625,3096
848.096214,75.300750,74.406792,3097
848.123575,66.998458,66.295250,3098
848.128525,70.282917,69.129375,3099
848.187783,59.357375,57.108625,3103
848.191377,116.854208,116.063792,3100
848.198926,73.217958,72.487041,3102
848.231822,138.223166,137.457834,3101
848.273657,102.746000,100.184875,3104
848.284575,47.966625,47.376292,3107
848.345348,60.879583,60.247542,3108
848.351209,176.050000,174.663416,3105
848.364104,65.150750,64.580250,3109
848.397039,215.955833,215.275958,3106
848.406371,58.583000,57.862000,3110
848.432362,75.805626,75.240667,3111
848.521662,43.718208,43.166083,3112
848.578351,63.883167,62.997375,3113
848.591571,59.979208,59.411916,3115
848.607100,78.863166,78.220625,3114
848.623288,28.217584,27.847166,3116
848.740056,79.711333,78.825250,3117
848.783228,102.111042,101.577583,3118
848.788384,103.918500,103.400209,3119
848.927800,107.453500,106.737459,3120
848.954726,113.102208,112.315875,3121
848.978011,130.228000,129.518375,3122
849.048142,114.291917,113.731042,3123
849.088689,112.684542,109.292750,3124
849.132694,117.834500,116.148375,3125
849.162172,143.228750,141.648792,3126
849.275514,129.031292,128.332166,3129
849.298342,117.094250,116.508292,3131
849.298518,250.684292,249.366834,3127
849.421378,118.673625,117.035625,3133
849.426568,362.150542,361.126208,3128
849.437827,106.132250,105.457625,3134
849.523673,342.614125,339.021667,3130
849.538710,98.592666,97.770166,3136
849.575502,392.764167,390.822250,3132
849.581871,67.214583,66.048500,3137
849.610401,262.281542,261.376792,3135
849.679787,51.117500,50.509084,3138
849.730953,49.840584,49.207959,3139
849.764978,36.607959,36.177750,3140
849.889060,41.293291,40.791625,3141
849.980204,37.769375,37.390209,3142
850.023219,69.073958,68.430542,3143
850.051458,60.633417,59.963458,3144
850.083697,59.368458,58.941750,3147
850.089287,83.985708,83.442041,3145
850.121969,107.544792,106.909541,3146
850.158925,59.271625,58.728833,3151
850.174183,147.105875,146.442042,3149
850.178898,64.197000,63.588000,3152
850.234109,64.530667,63.813750,3153
850.245217,218.391250,217.427000,3148
850.260515,79.405958,78.739500,3154
850.286318,220.693375,220.041500,3150
850.320193,129.211833,128.491416,3155
850.366074,64.792875,64.200791,3158
850.408240,216.141625,175.215834,3156
850.408532,60.805500,60.313458,3159
850.439724,72.965667,72.076958,3161
850.457868,48.246917,47.765958,3163
850.500201,289.398083,248.206000,3157
850.500904,136.805958,136.142708,3160
850.544184,70.608709,69.919792,3166
850.557230,76.565417,75.860750,3167
850.574607,174.064042,172.855375,3162
850.619588,205.351709,204.548459,3164
850.692332,273.792167,232.868417,3165
850.711334,196.921375,196.081375,3168
850.735183,54.064792,53.280500,3169
850.751323,50.992375,50.194375,3170
850.850354,36.241625,35.841458,3171
850.887397,39.611250,39.095875,3172
850.900830,52.612292,51.108459,3173
851.003588,54.488583,53.841375,3174
851.011928,48.986000,48.436500,3175
851.051072,36.615833,36.126125,3177
851.052193,58.634041,57.884167,3176
851.209160,28.086625,27.515833,3178
851.270311,83.392459,82.556542,3179
851.285146,44.255167,43.891458,3180
851.316087,59.619583,58.893625,3181
851.324587,58.902959,58.264208,3182
851.401928,54.151708,53.606000,3183
851.421658,32.402708,31.873042,3184
851.525112,68.224625,67.370625,3185
851.560611,46.166167,45.734792,3186
851.597797,46.067000,45.593917,3187
851.624891,71.988875,71.331459,3188
851.680726,45.764833,45.066583,3189
851.725764,44.640167,44.178459,3190
851.765842,53.840792,52.967541,3191
851.780678,57.288292,56.394625,3192
851.805789,39.108125,38.521584,3193
851.901644,53.869375,53.362459,3194
851.953685,34.513500,34.059958,3195
852.077667,38.957625,38.410750,3197
852.078468,64.035125,63.341250,3196
852.123767,59.172459,51.046042,3199
852.145923,84.671708,84.077292,3198
852.155344,60.223917,59.411334,3201
852.170052,86.937083,86.327792,3200
852.200389,50.862000,50.200791,3202
852.235755,69.808667,68.831875,3203
852.260955,79.867959,79.412375,3204
852.285848,100.443583,99.678250,3205
852.289463,71.306667,70.737917,3207
852.335239,37.017167,36.625750,3209
852.344797,146.591959,146.002500,3206
852.390638,42.902709,42.133292,3210
852.397628,157.883542,157.220875,3208
852.563893,49.446542,48.816542,3211
852.594414,45.936041,45.324709,3212
852.614291,65.308833,64.745917,3213
852.720676,39.561959,38.949167,3215
852.722418,54.107375,53.527833,3214
852.905903,58.127708,57.531250,3216
852.945161,67.373250,66.365250,3217
852.953854,38.431459,37.907042,3218
853.054030,44.556750,44.001416,3219
853.065972,51.499000,50.797541,3220
853.104337,61.828959,61.408084,3221
853.146964,63.387625,62.377875,3222
853.235712,54.610500,54.047584,3223
853.277986,39.463666,38.665375,3226
853.300304,69.611209,68.970125,3224
853.312139,81.414375,80.796042,3225
853.353709,75.415959,74.722375,3227
853.383074,35.292541,34.457500,3228
853.444278,50.986833,50.470583,3229
853.476581,61.731250,61.096583,3230
853.557792,43.344583,42.717500,3231
853.572171,45.476667,44.857458,3232
853.626669,52.568250,51.803209,3233
853.649608,72.356958,71.267584,3234
853.663047,63.760666,63.096542,3235
853.677173,55.915709,55.406750,3236
853.766147,95.383167,94.666542,3237
853.800641,119.577208,118.959167,3238
853.826521,116.635750,115.904250,3239
853.874182,84.629416,83.999417,3240
853.917497,69.602458,68.886125,3241
854.046133,115.363792,113.536792,3242
854.100092,132.675375,131.954667,3243
854.117329,130.780417,130.142833,3244
854.151517,136.628042,134.660750,3245
854.203940,84.490584,83.915708,3246
854.262201,81.064666,80.122583,3247
854.326561,84.318500,83.475000,3248
854.401051,85.134583,83.222417,3249
854.430864,82.441917,81.985167,3250
854.499934,71.174541,70.469875,3251
854.515997,45.252958,44.543334,3252
854.561532,47.110000,46.320750,3253
854.579938,59.714667,59.209500,3254
854.609357,69.005417,68.121375,3255
854.715947,34.826167,34.369709,3256
854.754587,50.355958,49.706126,3257
854.766785,43.435292,42.902125,3258
854.855907,50.086166,48.931166,3259
854.856324,47.161625,46.735792,3260
854.901971,54.192833,53.175500,3261
854.921176,47.342167,46.653250,3263
854.928637,61.271583,60.595209,3262
855.008192,41.438833,40.912375,3264
855.056837,40.100375,39.464542,3266
855.073612,59.140958,58.625583,3265
855.095474,36.575875,35.961042,3267
855.220695,39.592291,39.136708,3268
855.308056,36.593083,36.138958,3269
855.349622,35.316458,34.909291,3270
855.403151,80.485416,79.722708,3271
855.406366,58.564042,57.905459,3273
855.411187,72.541583,71.737167,3272
855.446876,36.538542,36.213042,3274
855.555085,40.680500,40.042334,3275
855.583767,63.175875,62.426583,3276
855.718906,37.802333,37.317875,3278
855.724241,56.158667,55.538583,3277
855.830717,49.657125,49.159541,3279
855.907602,59.829000,59.104792,3280
855.933122,44.580375,44.159209,3281
855.946843,44.325750,43.771292,3282
856.044950,36.507042,35.985250,3283
856.065519,51.029708,50.409917,3284
856.160487,48.990375,48.330042,3285
856.189323,76.014167,75.335458,3286
856.191668,71.185625,70.636417,3287
856.231220,78.227917,77.654792,3288
856.234773,41.998833,41.518166,3291
856.304872,123.798209,123.131458,3289
856.316205,41.884500,41.391875,3292
856.355931,171.086709,170.424625,3290
856.398696,50.911000,50.276917,3293
856.470968,41.637458,41.020000,3294
856.527256,61.040583,60.470666,3296
856.530531,49.886666,49.208833,3297
856.534429,73.856416,72.932125,3295
856.577663,95.663750,95.027333,3298
856.629461,85.465333,84.806458,3300
856.636378,70.891625,70.215542,3301
856.650870,136.433792,135.929208,3299
856.677601,37.685958,37.104666,3304
856.736853,55.751792,55.089417,3305
856.739195,42.288167,41.524000,3306
856.746159,152.499375,151.910792,3302
856.787867,174.832291,174.395083,3303
856.807664,68.605834,67.962125,3309
856.835943,111.807501,111.151834,3307
856.868344,135.393125,134.802792,3308
856.905424,57.677959,56.932458,3310
856.912344,60.078958,59.493291,3311
857.050810,36.399416,36.109500,3312
857.226449,36.212167,35.711958,3314
857.244767,63.666459,63.074958,3313
857.320717,42.630583,42.117542,3315
857.386560,69.222708,68.745541,3316
857.400548,62.678584,61.966625,3317
857.404944,57.184167,56.529375,3318
857.563665,49.205625,48.804583,3319
857.601889,53.921583,53.375583,3320
857.716657,35.526458,34.850083,3321
857.803603,40.007042,39.213709,3323
857.814129,53.561959,52.916208,3322
857.911434,63.692708,62.968792,3324
857.983516,50.208959,49.591209,3325
857.985492,39.560792,38.862542,3326
858.058207,43.765166,42.999250,3327
858.140785,46.288958,45.612000,3328
858.143266,47.397875,46.754458,3329
858.219808,38.688709,38.131042,3331
858.222870,60.884833,60.268833,3330
858.292972,51.095333,50.434125,3332
858.398293,50.515500,49.831541,3333
858.413152,38.086417,37.448542,3334
858.461141,49.146416,48.577958,3335
858.512914,68.909459,68.135375,3336
858.555839,41.395375,40.869792,3337
858.618024,66.299041,65.577166,3338
858.641598,44.819542,44.266542,3339
858.710083,57.212167,56.370709,3340
858.772370,91.234500,89.754875,3341
858.806138,78.767500,78.101333,3342
858.953236,105.121042,100.100583,3343
858.996505,120.165209,118.594001,3344
859.041640,135.363666,134.583750,3345
859.066238,133.422333,132.592542,3346
859.120184,105.203875,104.141334,3348
859.150351,157.718750,156.657666,3347
859.260017,78.806000,78.023458,3349
859.397146,100.656209,100.106125,3350
859.443756,112.300709,111.827334,3351
859.454747,106.160833,105.589459,3352
859.476891,55.666042,54.975667,3353
859.555684,41.245167,40.767125,3354
859.575371,46.088000,45.484541,3355
859.724381,43.276041,42.748708,3356
859.790498,46.320458,45.748208,3357
859.812460,46.395416,45.908917,3358
859.886851,39.103459,38.690458,3359
860.057081,42.607833,41.912791,3361
860.064630,55.533916,54.990250,3360
860.172986,57.897000,57.261166,3362
860.216975,37.717458,37.115458,3363
860.231243,50.121458,49.697666,3364
860.386939,40.576958,39.979625,3365
860.395845,48.079791,47.569667,3366
860.567430,39.109583,38.400250,3368
860.575551,61.120208,60.464541,3367
860.604527,33.124291,32.648000,3369
860.646211,73.927583,73.227291,3370
860.734928,53.825917,53.183083,3371
860.822842,37.081916,36.616709,3372
860.903835,56.044917,55.330625,3373
861.013713,36.476709,35.977959,3374
861.058210,43.756416,43.098709,3375
861.212282,50.168708,49.718375,3376
861.229893,48.756459,47.867166,3378
861.234949,61.628291,61.093666,3377
861.401024,53.276709,52.738000,3379
861.429842,45.525958,45.042083,3380
861.453404,44.914334,44.434541,3381
861.576173,61.758958,61.199250,3382
861.620405,47.986166,47.486541,3383
861.739420,58.313792,57.779459,3384
861.786558,56.336875,55.626375,3387
861.791268,87.274250,86.921916,3385
861.803963,85.357708,84.715750,3386
861.909117,61.353833,60.593167,3388
862.067336,52.893459,52.417750,3389
862.211386,40.021042,39.327750,3390
862.234171,53.085375,52.680250,3391
862.398320,50.562458,50.132834,3392
862.478673,78.507333,78.009750,3393
862.594356,79.899458,79.214625,3394
862.719415,38.303709,37.999208,3395
862.748822,56.023916,55.325959,3396
862.846268,38.402584,37.885459,3397
862.891151,43.376083,42.801792,3398
863.050450,29.197291,28.589459,3400
863.070766,56.326084,55.814500,3399
863.149453,36.884167,36.489250,3401
863.202430,69.788542,69.042167,3402
863.219261,39.834375,39.419042,3403
863.253391,72.286667,71.834000,3404
863.389184,41.416083,40.663291,3405
863.571357,56.885500,56.131542,3406
863.742998,61.855208,61.091625,3407
863.813102,83.533042,82.674959,3408
863.896117,48.289500,47.651625,3409
864.092125,76.941083,76.330333,3410
864.239207,85.918875,85.354209,3411
864.263755,81.905542,81.014792,3412
864.388649,40.875625,40.154333,3413
864.471734,38.551333,37.958375,3414
864.505771,46.207876,45.661292,3415
864.544101,29.638000,28.976208,3416
864.602330,40.912375,40.455042,3417
864.748355,67.244917,66.504666,3418
864.900658,52.878292,52.447792,3419
864.996869,41.492500,41.034292,3420
865.082447,68.022209,67.372375,3421
865.222312,41.232334,40.758958,3422
865.387750,39.988958,39.394542,3423
865.425371,47.296958,46.581500,3424
865.482659,41.274625,40.776167,3425
865.571652,57.213042,56.537834,3426
865.722256,41.155916,40.692750,3427
865.888879,41.121208,40.503167,3429
865.893377,51.800000,51.274417,3428
866.055528,41.083875,40.621583,3430
866.250278,69.172542,68.629459,3431
866.254700,42.150500,41.690833,3432
866.388868,41.103708,40.640833,3433
866.440238,49.133000,48.621125,3434
866.553056,38.622500,38.211833,3435
866.708224,43.233750,42.727125,3436
866.731104,60.627292,59.943333,3437
866.733811,52.700083,52.296417,3438
866.921207,73.427375,72.723584,3439
867.050574,55.582333,55.002208,3440
867.056859,42.440125,41.853291,3441
867.089748,49.562042,48.946917,3442
867.142359,65.950792,65.340042,3443
867.240385,59.274834,58.850167,3444
867.251224,45.920291,45.389166,3445
867.385671,37.899750,37.443292,3446
867.438881,46.779250,46.089166,3447
867.491826,38.826375,38.420375,3448
867.558866,44.460500,43.939291,3449
867.720064,44.611000,44.064125,3450
867.729089,47.999292,47.476625,3451
867.922145,74.368583,73.634459,3452
868.066081,51.691208,51.336542,3453
868.227874,46.770208,46.193583,3454
868.255916,60.633416,60.206708,3455
868.310832,62.678875,61.979750,3456
868.322610,47.111167,46.567208,3457
868.391032,43.261750,42.731792,3458
868.466667,54.632375,53.979334,3459
868.587487,73.050250,72.531375,3460
868.754735,73.633584,72.993959,3461
868.874583,72.594084,71.927333,3462
868.933829,86.046625,85.189417,3463
869.004717,73.232833,72.784541,3464
869.093971,78.148000,77.191625,3465
869.147482,69.525458,68.914125,3466
869.262428,96.328459,95.184250,3467
869.311452,129.880333,128.028250,3468
869.343763,128.182250,127.465042,3469
869.367447,150.865167,148.794917,3470
869.416431,68.649876,67.904083,3471
869.441360,43.653167,42.796542,3472
869.539351,24.910666,24.444875,3473
869.705866,24.785542,24.326750,3474
869.829682,37.463709,37.095917,3475
869.884064,36.272834,35.767375,3476
869.991141,43.625458,42.900084,3477
870.062009,47.557708,46.957750,3478
870.184577,44.346458,43.815042,3479
870.224769,43.682916,43.131375,3480
870.377625,29.848875,29.414000,3481
870.553616,39.165292,38.730708,3482
870.570191,54.684000,54.070041,3483
870.651029,28.745208,28.274458,3484
870.725481,44.376208,43.885041,3485
870.765480,30.580667,29.849166,3486
870.885373,37.604875,37.024458,3487
870.955050,79.960125,79.365125,3488
871.056376,41.929125,41.449917,3489
871.120883,41.187708,40.738542,3490
871.233307,52.211834,51.762083,3491
871.295339,57.630417,57.050583,3492
871.374756,26.964583,26.426458,3493
871.572784,34.993875,34.361541,3495
871.578629,64.211000,63.723333,3494
871.682869,81.163541,80.542000,3496
871.709539,38.415125,37.786292,3497
871.734603,53.481750,52.682292,3498
871.762688,40.135083,39.661417,3499
871.893263,45.505250,45.070958,3500
871.941774,73.663334,72.911125,3501
872.074387,59.933709,59.486584,3502
872.083579,64.542625,63.907375,3503
872.113900,89.040583,88.172000,3504
872.236554,55.469750,55.046834,3505
872.267156,52.992625,52.511667,3506
872.390619,42.852250,42.285834,3507
872.457736,44.971791,44.518834,3508
872.554932,40.493542,40.043209,3509
872.724514,43.400000,42.728000,3510
872.835598,41.246334,40.562958,3511
872.889287,41.538001,41.005417,3512
873.041848,27.415208,26.947375,3513
873.086408,35.314417,34.831708,3514
873.179545,60.673375,59.981250,3515
873.232222,51.138792,50.593375,3516
873.409608,61.879417,61.316792,3517
873.502867,70.194542,69.696959,3518
873.580069,65.619458,65.035250,3519
873.600911,32.388417,31.913876,3520
873.729711,63.513625,63.046375,3521
873.759183,78.067791,77.545708,3522
873.917437,67.730833,66.905125,3523
874.103520,89.001208,88.322500,3524
874.117511,92.394459,91.635833,3525
874.250043,68.910042,68.303959,3526
874.411653,63.884333,63.399875,3527
874.445507,41.454875,40.891083,3528
874.593101,78.684375,78.086459,3529
874.722481,41.377000,40.705291,3530
874.888682,40.929292,40.560625,3531
875.041523,49.099458,48.662542,3532
875.076874,62.437959,61.959917,3533
875.083392,40.279167,39.854209,3534
875.119317,58.022417,57.231708,3535
875.234444,53.335917,52.665083,3536
875.395699,47.059542,46.577416,3538
875.416730,68.979750,68.542833,3537
875.435115,66.012625,65.415584,3539
875.527344,68.235708,67.717125,3540
875.544356,29.924125,29.509958,3541
875.723727,42.619208,41.986584,3542
875.762108,45.921166,45.245083,3543
875.779393,56.293416,55.671584,3544
875.926635,78.857041,78.159083,3545
876.080324,65.853375,65.209083,3546
876.155696,38.245375,37.643666,3547
876.225261,44.143459,43.554584,3548
876.297854,38.753167,38.304875,3549
876.382606,34.809542,34.467417,3550
876.422126,67.058834,66.450125,3551
876.489265,59.982125,59.284458,3552
876.554134,39.727625,39.281666,3553
876.723567,42.434875,41.770458,3554
876.730606,43.436167,42.891917,3555
876.896070,48.298833,47.762750,3556
877.010590,36.488959,36.191166,3557
877.055161,40.672334,40.175041,3558
877.195384,31.470542,30.947583,3559
877.231349,50.234333,49.443042,3560
877.318441,42.789542,42.221084,3561
877.392481,44.706375,44.284042,3562
877.408649,41.354834,40.694792,3563
877.490026,42.206209,41.688208,3564
877.557472,43.027542,42.511875,3565
877.725612,44.488792,43.850042,3566
877.773381,38.059292,37.667000,3568
877.777326,69.610334,68.874458,3567
877.891154,43.401167,42.836500,3569
878.072259,57.821750,57.160250,3570
878.096397,52.259375,51.547708,3571
878.225209,44.083667,43.456584,3574
878.236331,56.383542,55.812459,3573
878.240941,80.767458,80.183542,3572
878.267911,47.091917,46.466875,3575
878.383174,35.421458,34.865250,3576
878.440816,41.365625,40.769458,3577
878.479073,27.605959,27.135501,3578
878.557612,43.178041,42.648375,3579
878.560222,43.818833,43.327667,3580
878.640256,32.000500,31.507000,3581
878.688084,33.284709,32.723250,3582
878.766693,85.576458,83.878958,3583
878.782703,92.162583,90.941084,3584
878.962794,110.812625,109.534542,3586
878.976129,127.906333,126.533750,3585
878.991784,132.596917,131.258750,3587
879.067136,197.737458,196.861291,3588
879.099281,84.659750,83.920666,3589
879.258490,76.250125,75.431125,3590
879.397621,49.831833,49.221959,3591
879.550333,44.466917,43.839542,3593
879.582581,84.154583,77.660333,3592
879.603986,89.537292,89.005875,3594
879.627392,65.682459,65.102917,3596
879.630478,70.087208,69.326542,3595
879.718896,37.771709,37.388459,3597
879.902757,54.956417,54.439000,3599
879.902893,66.452459,65.870583,3598
879.913127,63.143792,62.203750,3600
880.017542,37.910833,37.409459,3601
880.063184,48.725250,47.908292,3602
880.073832,42.729458,42.204166,3603
880.212573,46.662583,45.980958,3604
880.223467,42.360792,41.628416,3605
880.349551,33.887292,33.148791,3606
880.377727,29.915375,29.357709,3607
880.443384,41.722625,41.177209,3608
880.554075,39.615041,39.219250,3609
880.625828,53.399500,52.723708,3610
880.714234,33.100666,32.610667,3612
880.746051,65.433958,64.717625,3611
880.784837,45.467334,44.906750,3613
880.862702,50.153542,49.543667,3614
880.897413,49.642542,49.005542,3615
880.975186,46.103750,45.666250,3616
881.065336,50.852958,50.177167,3617
881.196508,53.582375,53.058541,3618
881.214649,33.539042,32.860917,3619
881.281638,30.525542,30.016584,3620
881.386355,38.604125,38.136875,3621
881.415376,49.823958,49.193375,3622
881.424437,57.746792,57.030458,3623
881.447661,24.739458,24.406083,3624
881.547257,38.112375,37.579791,3625
881.584887,70.437500,69.817417,3626
881.698257,40.365792,39.764958,3627
881.759464,78.374042,77.828917,3628
881.884097,36.327084,35.900667,3629
882.052957,66.549875,66.000375,3630
882.068152,57.001000,56.395792,3631
882.071904,57.522208,57.047958,3632
882.220384,39.278458,38.640583,3633
882.384143,36.391542,35.694458,3634
882.441903,38.971042,38.512542,3635
882.551638,37.176125,36.641500,3636
882.624638,45.210083,44.910834,3637
882.738689,57.609708,57.080917,3638
882.865412,50.850042,50.306666,3639
882.894824,47.102125,46.506833,3641
882.897767,52.185292,51.661459,3640
882.979829,26.054583,25.321917,3642
883.049443,34.998834,34.694334,3643
883.081224,52.465583,51.773458,3644
883.200449,37.342667,36.807459,3645
883.243814,62.710375,62.134625,3646
883.254118,44.978792,44.432500,3647
883.291778,51.129750,50.409917,3648
883.352291,37.323709,36.575292,3649
883.409865,73.691042,73.276875,3650
883.412224,64.475834,63.696792,3651
883.422536,65.583876,65.054501,3652
883.466780,40.877084,40.414208,3654
883.471245,81.680667,80.832500,3653
883.545147,30.714542,30.257500,3655
883.749526,74.002834,73.495625,3656
883.758350,77.194541,76.311084,3657
883.926832,79.066167,78.407291,3658
883.952156,94.432041,93.701125,3659
884.013998,78.552542,77.926625,3660
884.097138,82.592126,81.837875,3661
884.165924,93.065291,92.464459,3662
884.196344,96.404292,95.880166,3663
884.251363,70.246458,69.118583,3664
884.320837,69.481417,68.800375,3665
884.400526,52.677625,52.226125,3666
884.507172,39.321625,38.661583,3667
884.563426,49.015458,48.493666,3668
884.708373,39.245208,38.802458,3669
884.746870,65.761500,65.253416,3670
884.771364,51.327500,50.826417,3671
884.782466,56.202417,55.702792,3672
884.884131,36.359166,35.665875,3673
885.055821,41.383125,40.908000,3674
885.202436,60.134958,59.538791,3675
885.219146,38.028667,37.559959,3676
885.389888,42.132708,41.592542,3677
885.470043,43.294125,42.774667,3678
885.552151,37.723000,37.127125,3679
885.720832,39.747458,39.382292,3680
885.895832,48.034000,47.564709,3681
885.998580,46.110167,45.610542,3682
886.057408,42.961041,42.273000,3683
886.158038,32.349916,31.892000,3684
886.228922,47.821666,47.476625,3685
886.257327,57.291209,56.708750,3686
886.377922,50.320083,49.538125,3687
886.392925,45.133959,44.484125,3689
886.404606,61.513084,60.954834,3688
886.581063,66.628041,65.892750,3690
886.602424,30.023000,29.687583,3691
886.718945,37.858625,37.299500,3692
886.905930,58.182251,57.722292,3693
887.004801,44.842000,44.095917,3694
887.056824,42.414458,41.903750,3695
887.235187,54.088708,53.351083,3696
887.388800,41.031084,40.570833,3697
887.470127,72.452625,71.763708,3698
887.567045,52.600334,51.970917,3699
887.611823,63.690375,62.995334,3700
887.635159,41.215125,40.469334,3701
887.667727,27.147459,26.683125,3702
887.708066,26.956416,26.643458,3703
887.836342,47.221709,46.868208,3704
887.876258,53.935291,53.394541,3705
887.895778,48.018250,47.426167,3706
888.066081,51.620917,51.053625,3707
888.225271,37.366875,36.785875,3709
888.240365,59.256458,58.692666,3708
888.382318,34.564542,34.082125,3711
888.393821,51.206458,50.660750,3710
888.509809,41.524583,41.015917,3712
888.551375,36.923833,36.461833,3713
888.593337,56.532291,55.831125,3714
888.752844,71.756125,71.269333,3715
888.923364,75.527375,74.924500,3716
888.995843,70.152542,69.594000,3717
889.082720,68.199833,67.528417,3718
889.213124,82.084334,81.396000,3719
889.260268,79.085417,78.483417,3720
889.398213,50.435000,49.835334,3721
889.570449,55.988917,55.508541,3722
889.738184,57.082958,56.541042,3723
889.927418,79.650667,78.888250,3724
890.029800,77.169167,76.754416,3725
890.063545,49.147875,48.064916,3727
890.063655,50.488958,49.968625,3726
890.148936,37.067333,36.461250,3728
890.166766,47.823709,47.108250,3729
890.238868,57.748541,57.290042,3730
890.373244,25.487292,24.928750,3731
890.547552,33.140333,32.624375,3732
890.713305,37.918709,37.523208,3733
890.726401,45.289417,44.774041,3734
890.779965,43.257375,42.618042,3735
890.889589,41.794667,41.134334,3736
891.010947,59.092542,58.486458,3737
891.051600,37.140250,36.471167,3738
891.229119,47.994041,47.458250,3739
891.235108,52.388000,51.684792,3740
891.251580,38.180625,37.442708,3741
891.315156,32.804042,32.189209,3742
891.372771,25.001375,24.551916,3743
891.544244,29.801333,29.288291,3744
891.732418,51.306209,50.613208,3745
891.741043,39.137875,38.612000,3746
891.921918,74.146041,73.416000,3747
892.055737,41.295334,40.837709,3748
892.233193,52.082333,51.538667,3749
892.347027,53.575375,52.875375,3750
892.379681,31.915333,31.448667,3751
892.587686,73.264625,72.674875,3752
892.695472,36.658708,36.347500,3753
892.720901,39.772541,39.365667,3754
892.882792,35.044041,34.569500,3755
892.950914,63.669084,63.135625,3756
892.995273,55.038083,54.572584,3757
893.049638,35.196292,34.732250,3758
893.226417,45.304583,44.876708,3759
893.271351,65.845208,65.083667,3760
893.364323,55.827625,55.274041,3761
893.388877,41.100209,40.533791,3762
893.563498,49.077000,48.489875,3763
893.585166,44.528458,43.953875,3764
893.743824,62.715333,62.253333,3765
893.921435,73.596833,72.715417,3766
894.042894,96.497334,95.606000,3767
894.068361,90.372334,89.355291,3768
894.123689,109.004583,108.279792,3769
894.171389,76.449333,75.095417,3770
894.253937,72.815167,72.256625,3771
894.356419,58.331584,57.525125,3772
894.385142,37.382917,36.885625,3773
894.419366,52.834833,52.305166,3774
894.546311,31.875084,31.468500,3775
894.580947,55.639501,55.005709,3776
894.635367,66.756375,65.944083,3777
894.644349,39.720333,38.997292,3778
894.734277,53.166458,52.469667,3779
894.782605,37.467500,36.958250,3780
894.880981,39.768750,39.305875,3781
894.897780,49.995750,49.311792,3782
895.040501,26.035333,25.353125,3783
895.066390,25.878417,25.253084,3784
895.098844,38.348625,37.816625,3785
895.160986,42.413000,41.738084,3786
895.222072,40.978584,40.362000,3787
895.388521,40.739708,40.188750,3788
895.547632,33.216458,32.754167,3789
895.722110,41.004541,40.484500,3790
895.776518,41.110417,40.657167,3791
895.890892,43.145958,42.646041,3792
896.014588,39.442375,38.849125,3793
896.056365,41.916291,41.292709,3794
896.147515,47.037375,46.537459,3795
896.211688,42.459375,41.783875,3797
896.231188,64.226458,63.485334,3796
896.250125,69.016500,68.460000,3798
896.300889,118.144541,117.613417,3799
896.323631,39.914583,39.231500,3800
896.417147,69.394208,68.958458,3801
896.576311,36.357125,35.745500,3803
896.585762,71.302584,70.624459,3802
896.706951,25.845750,25.165875,3804
896.814922,36.476708,35.927792,3805
896.874522,69.177209,68.463500,3806
896.887901,40.131875,39.497209,3807
897.048729,34.287166,33.806791,3808
897.222355,41.271125,40.910625,3809
897.392684,44.955751,44.391959,3810
897.498041,50.495958,49.944125,3811
897.514547,42.613958,42.140583,3812
897.547371,32.923042,32.327750,3814
897.558885,55.771042,55.199083,3813
897.606403,30.424334,29.908375,3815
897.670955,79.735542,78.964959,3816
897.719519,38.411333,37.751583,3817
897.855788,40.229291,39.650041,3818
897.895240,47.437833,46.741917,3819
897.995752,45.763667,45.167791,3820
898.057972,43.521042,42.920792,3821
898.094872,68.401376,67.913125,3822
898.129326,46.450541,46.039875,3823
898.210899,29.796959,29.261458,3824
898.348516,35.771459,35.206792,3825
898.355733,39.115417,38.245667,3826
898.400270,52.461209,51.869416,3827
898.429438,27.344625,26.880000,3828
898.473314,45.738000,44.974125,3829
898.512044,39.666083,39.148958,3830
898.563673,49.285542,48.779792,3831
898.757649,79.557334,79.151625,3832
898.763196,82.085209,81.329501,3833
898.919106,71.293833,70.684541,3834
899.096129,97.885958,97.118583,3835
899.127697,113.070416,112.079042,3836
899.174378,114.939125,114.264208,3837
899.202975,104.025833,103.257875,3838
899.257309,76.003958,75.212667,3839
899.329753,74.750375,74.119500,3840
899.373648,91.676959,90.667208,3841
899.421633,90.096708,89.644625,3842
899.448475,100.697917,99.969333,3843
899.541815,27.354250,26.751084,3844
899.622920,29.613500,29.103375,3845
899.721913,41.976083,41.398584,3846
899.729330,48.247208,47.681083,3847
899.891852,44.086291,43.621667,3848
899.984944,53.701958,52.997875,3849
900.010459,28.625917,28.058625,3850
900.050931,36.467375,36.000417,3851
900.102468,29.887375,29.209833,3852
900.213353,52.061333,51.516500,3853
900.235470,54.328166,53.618250,3854
900.242319,56.240042,55.623458,3855
900.318923,68.351792,67.814250,3856
900.376693,66.982417,66.376917,3857
900.385049,37.314959,36.752333,3858
900.515369,55.779792,54.866292,3861
900.526356,76.140459,75.713459,3859
900.539558,81.277292,80.779125,3860
900.578960,103.212375,102.188042,3862
900.636082,44.094459,43.394458,3866
900.652868,67.711875,67.162958,3865
900.658468,181.561917,180.944167,3863
900.708415,193.978750,193.448500,3864
900.713305,32.185416,31.529750,3867
900.888765,40.987333,40.290833,3868
900.936263,37.210542,36.747375,3869
900.993259,75.471959,74.665500,3870
901.054153,39.701666,39.036958,3871
901.098095,48.037791,47.395250,3872
901.134602,51.972959,51.543625,3873
901.207113,53.472417,52.874500,3875
901.215853,63.784875,63.114625,3874
901.269442,88.334458,87.903375,3876
901.275611,50.875125,50.254750,3877
901.284249,56.333083,55.852708,3878
901.393116,45.353291,44.800584,3879
901.556068,31.815875,31.382750,3881
901.589245,37.711625,37.033500,3882
901.593549,79.114000,78.415751,3880
901.745384,64.285375,63.605792,3883
901.748355,66.502041,64.451333,3884
901.749276,59.194041,58.708709,3885
901.786397,63.339208,62.774250,3886
901.838359,42.078166,41.616458,3887
901.890072,42.301000,41.894416,3888
901.911326,43.230250,42.730042,3889
902.056415,41.951000,41.419875,3890
902.094333,49.625333,49.151083,3891
902.208093,75.646959,75.207708,3892
902.233398,62.079792,61.604084,3893
902.253983,59.125792,58.316126,3895
902.279526,98.480083,97.927959,3894
902.373922,36.719667,36.280125,3896
902.397714,49.938583,49.312375,3897
902.475545,64.816792,64.319791,3898
902.561777,47.336625,46.875500,3899
902.678461,68.553625,68.107959,3900
902.698924,43.714708,43.313375,3901
902.729510,48.387500,47.778500,3902
902.817238,50.022000,49.559708,3903
902.845900,66.971916,66.297000,3904
902.862458,56.890167,56.401042,3906
902.873810,75.352959,74.621750,3905
902.888855,41.073958,40.513375,3907
902.945660,48.278417,47.693626,3909
902.963859,67.081583,66.606459,3908
902.968986,65.678375,65.028542,3910
903.026408,37.435708,36.477000,3912
903.055303,76.619958,75.942417,3911
903.057471,43.066333,42.525292,3913
903.158857,49.330166,48.634250,3914
903.176326,32.159458,31.607625,3915
903.231413,44.044291,43.483125,3918
903.265992,97.377292,96.688666,3916
903.270381,89.295500,88.754750,3917
903.284485,53.059417,52.277459,3920
903.326878,122.728958,122.067167,3919
903.372188,132.363000,131.381833,3921
903.393134,45.357084,44.609250,3922
903.450036,47.393500,47.042041,3923
903.492382,42.881417,42.125125,3924
903.553383,42.723625,42.259292,3925
903.576232,61.760416,60.975541,3926
903.693444,60.022084,59.414833,3927
903.764262,94.717583,94.295542,3928
903.778654,97.531584,96.792791,3929
903.840708,106.131959,104.386333,3930
903.901400,113.082667,112.366916,3931
903.965026,117.246792,116.047750,3932
903.975831,122.767458,122.160208,3933
904.038570,131.935709,131.099208,3936
904.067160,207.976125,207.483208,3934
904.121333,114.340333,113.615834,3938
904.179485,110.665042,109.844583,3940
904.185992,288.080333,287.226917,3935
904.292647,139.201417,138.608750,3941
904.298909,117.058667,116.285458,3942
904.299908,337.574709,336.907959,3937
904.402959,387.189251,386.579667,3939
904.423057,105.535209,103.558292,3944
904.476072,127.712667,126.975625,3945
904.520970,258.056459,257.371917,3943
904.564424,130.426625,129.754333,3946
904.585928,86.765000,86.148125,3947
904.614886,111.158833,109.963292,3948
904.664399,48.137833,47.667083,3951
904.665990,150.984167,148.749416,3949
904.705281,172.195625,171.704750,3950
904.742954,61.854625,61.288208,3952
904.771450,80.110333,79.488500,3953
904.783855,37.810500,37.323125,3954
904.891174,43.411666,42.719833,3955
904.989739,45.955583,45.322375,3956
905.022730,50.413125,50.010334,3957
905.082727,68.281792,67.531334,3958
905.149552,34.839000,34.497750,3959
905.223606,42.492333,41.972584,3960
905.230231,38.693667,38.102750,3961
905.277890,42.636125,42.043750,3962
905.391921,64.000417,63.479500,3963
905.405279,57.501792,56.854875,3965
905.416432,75.652208,74.867041,3964
905.428144,47.142084,46.544458,3966
905.544750,30.312333,29.795792,3967
905.726769,45.666250,45.261125,3968
905.741108,52.979208,52.150292,3969
905.805254,34.488125,34.138125,3970
905.840068,69.277834,68.817875,3971
905.886971,39.173750,38.526250,3973
905.895343,60.103458,59.586333,3972
905.950289,37.447667,36.985084,3974
905.997284,67.920709,67.140208,3975
906.068456,54.020750,53.331834,3976
906.089226,38.548125,37.913166,3977
906.207837,26.708208,26.229000,3978
906.269448,31.011750,30.438625,3979
906.322329,77.669958,76.906375,3980
906.375760,40.140334,39.681542,3981
906.416817,69.033708,68.293750,3982
906.541242,49.742875,44.860958,3983
906.583149,76.978125,76.439417,3985
906.583809,69.367666,68.689250,3986
906.594554,91.782833,91.016625,3984
906.625040,54.559750,53.893000,3987
906.673532,98.612208,97.998833,3988
906.704457,55.285708,54.368417,3989
906.724990,43.869584,43.415167,3990
906.871249,50.939875,50.373167,3992
906.872691,56.830083,56.253750,3991
906.902810,55.032250,54.320875,3993
906.953553,73.971041,73.315667,3994
907.063735,49.292833,48.866709,3995
907.109430,40.054583,39.664333,3996
907.222150,41.067250,40.610500,3997
907.250410,52.775917,52.119958,3998
907.386949,57.292667,56.636708,3999
907.387763,39.987792,39.378208,4000
907.437602,77.811417,77.224875,4001
907.456561,57.680875,57.008291,4003
907.467516,73.013500,72.442125,4002
907.504835,58.112250,57.516959,4005
907.508462,90.771334,90.082708,4004
907.563066,48.665750,48.253333,4006
907.586269,47.521250,46.797333,4007
907.624323,37.936500,37.000834,4009
907.628830,78.102500,76.937000,4008
907.667386,60.942292,60.092667,4010
907.739336,58.227458,57.446375,4012
907.746702,67.310542,66.711166,4011
907.748120,59.456541,58.275583,4013
907.790814,79.090958,78.398250,4014
907.821983,62.020583,61.273041,4015
907.828495,43.446667,42.202709,4016
907.885135,33.305417,32.252208,4018
907.912659,64.882125,64.353917,4017
907.974719,44.867667,44.316708,4019
908.000959,53.038709,52.383625,4020
908.045095,34.579709,34.080958,4021
908.073662,59.250042,58.679542,4022
908.151478,71.399125,70.981458,4023
908.166873,62.596625,62.140458,4024
908.176219,49.871500,49.492625,4025
908.224572,43.524542,43.111541,4026
908.235145,50.258250,49.606958,4027
908.274581,47.292584,46.804917,4028
908.336051,49.917292,49.471334,4029
908.382364,34.618208,34.004833,4030
908.432408,46.704291,46.006333,4031
908.482497,36.391833,35.944708,4032
908.559192,44.759750,44.155708,4033
908.595192,49.980291,48.959750,4035
908.601733,62.965000,62.352209,4034
908.631059,48.740708,47.959625,4036
908.778344,97.237875,90.366208,4037
908.806298,121.457291,120.018208,4038
908.854037,136.154084,133.356708,4039
908.875141,123.044250,122.430875,4040
908.934161,87.107417,86.297458,4041
908.960877,113.137500,110.116417,4042
909.062117,106.490709,104.927667,4043
909.078749,104.471791,103.821083,4044
909.110217,130.734917,130.173458,4045
909.198369,183.965834,182.410084,4046
909.244046,127.497709,125.490459,4049
909.247541,131.908000,131.107084,4048
909.296081,275.214334,273.662084,4047
909.384637,99.698375,98.835042,4054
909.418957,274.523375,273.443334,4050
909.454546,142.428125,141.715000,4055
909.551086,402.847376,400.203417,4051
909.556916,172.238209,130.374417,4058
909.596409,416.961126,416.282709,4052
909.603254,148.682333,106.467375,4060
909.641994,460.933084,460.404292,4053
909.669212,118.106625,77.347375,4061
909.697685,382.244916,381.639125,4056
909.727129,130.692625,88.079541,4063
909.763222,121.148417,77.193959,4065
909.792227,94.518375,53.242000,4067
909.803150,477.173959,435.173666,4057
909.855195,91.932166,51.086875,4069
909.861350,134.192917,93.060042,4068
909.873228,454.240792,410.939666,4059
909.933282,376.322916,335.093208,4062
909.972153,368.855083,328.079791,4064
909.972171,110.786084,69.713292,4073
909.981167,125.934667,85.358583,4072
910.017280,83.952458,42.893375,4075
910.050308,381.063375,340.156251,4066
910.108232,315.990209,274.897584,4070
910.120200,118.911625,77.470750,4076
910.124180,113.573542,72.499000,4077
910.163138,359.964792,319.344667,4071
910.175547,34.333250,33.759250,4079
910.229176,48.116833,47.587458,4080
910.245238,347.111917,306.067417,4074
910.286087,271.625084,230.977250,4078
910.334527,40.207125,39.914584,4081
910.379153,46.667833,45.994959,4082
910.410688,62.971708,62.362708,4083
910.427805,27.534209,27.128500,4084
910.563194,48.762000,48.054708,4085
910.623725,65.294833,64.512875,4086
910.628478,60.154500,59.689000,4087
910.656252,70.904459,70.422334,4088
910.667931,79.840833,79.258667,4089
910.698254,68.494125,67.680959,4090
910.730398,49.299834,48.736625,4091
910.803615,54.497333,54.018417,4092
910.881418,33.617500,33.134500,4093
910.920385,24.694542,24.229625,4094
911.018139,50.975750,50.496834,4095
911.056060,41.623458,41.055875,4097
911.081164,67.662584,67.230334,4096
911.119212,61.411583,60.543583,4101
911.125480,108.982125,108.208916,4098
911.142355,52.887625,52.168084,4102
911.164170,146.269375,140.820750,4099
911.226367,45.244792,44.811959,4104
911.235839,206.273667,205.627042,4100
911.268085,56.479791,55.831125,4105
911.290263,181.743916,181.119166,4103
911.362541,49.564667,48.913084,4106
911.384633,36.857625,36.305792,4107
911.439855,40.850541,40.343625,4108
911.528875,35.406000,34.805458,4109
911.589621,75.178834,74.459000,4110
911.619110,32.405334,31.806542,4111
911.669069,43.082375,42.490583,4112
911.713210,43.503833,42.915542,4113
911.736346,55.232334,54.749917,4114
911.759453,36.242500,35.844958,4115
911.794109,52.075333,51.641917,4116
911.811159,51.422875,50.754667,4117
911.878988,39.724417,39.305875,4118
911.905094,57.323584,56.685125,4119
911.918880,58.140542,57.521333,4120
911.971616,37.327209,36.647333,4121
912.050898,43.406125,42.940042,4122
912.075219,36.951250,36.347208,4124
912.086199,71.715583,70.990792,4123
912.149346,34.804000,34.408209,4125
912.194255,68.135667,67.626416,4126
912.218133,50.371416,49.545125,4128
912.223585,57.234917,56.482417,4127
912.288924,107.845791,107.278500,4129
912.298233,62.508250,61.819625,4131
912.298297,67.266792,66.752584,4130
912.380948,58.687417,58.173500,4132
912.393433,45.688125,45.077958,4133
912.527761,54.609625,54.072375,4134
912.578682,64.284792,63.781667,4136
912.580642,68.562083,67.986041,4135
912.601924,80.608209,79.970917,4137
912.651566,36.350708,36.072166,4138
912.737302,49.699126,49.255500,4140
912.737859,56.751626,56.291958,4139
912.767483,50.848875,50.215375,4141
912.821393,33.473416,32.930333,4142
912.878319,30.530500,30.004042,4143
912.911950,49.243250,48.617625,4144
912.932591,43.701000,43.263208,4145
913.049521,35.083417,34.619083,4146
913.114722,53.176958,52.558917,4147
913.212506,31.370791,30.827125,4149
913.228607,62.759083,62.258875,4148
913.259915,32.161792,31.616958,4150
913.314198,47.127500,46.505958,4152
913.328358,61.607292,60.980791,4151
913.387765,40.001208,39.567500,4153
913.436193,49.546292,48.964126,4154
913.503477,49.569625,48.864084,4155
913.567567,37.222208,36.606500,4158
913.595132,83.307875,82.640834,4156
913.602647,88.205833,87.560958,4157
913.616450,42.238875,41.700167,4159
913.747666,66.553084,65.905583,4160
913.886743,103.003542,101.532083,4161
913.893956,94.076208,93.602542,4162
913.971981,123.637500,121.625584,4163
914.043567,150.247708,149.506875,4165
914.055241,185.110042,182.774083,4164
914.082151,110.202458,109.572166,4168
914.200175,286.563667,285.842375,4166
914.221339,177.753625,136.091375,4172
914.245746,163.560542,121.898000,4174
914.322847,386.776250,385.651292,4167
914.356346,156.125375,114.833542,4175
914.377326,155.951542,114.848125,4176
914.452716,462.290209,461.442625,4169
914.516325,193.448792,152.111750,4178
914.520322,163.935625,122.453333,4179
914.528323,520.962167,520.501917,4170
914.596575,581.659167,580.230292,4171
914.620294,99.939000,58.493167,4183
914.635130,118.770167,77.247917,4182
914.674281,619.001542,577.172459,4173
914.685243,88.633125,47.353250,4185
914.736231,55.143667,54.449208,4186
914.751204,486.948292,445.860625,4177
914.772811,71.719667,71.083542,4187
914.797333,419.981333,378.440125,4180
914.834207,381.443417,338.397792,4181
914.853411,59.326458,58.755375,4189
914.868321,79.062667,78.404667,4188
914.914186,385.816958,344.696625,4184
914.952692,118.038083,117.473708,4190
915.004376,156.632292,155.904584,4191
915.066843,52.431167,51.936792,4192
915.154137,63.180250,62.482875,4193
915.158818,37.275292,36.877750,4194
915.227152,45.969000,45.323250,4195
915.354289,53.575958,52.911250,4196
915.395946,48.219208,47.720750,4198
915.399699,61.730084,61.149667,4197
915.418883,53.746000,52.851166,4199
915.444125,43.551375,42.918459,4201
915.469206,90.991250,90.421917,4200
915.554825,40.384750,39.900000,4202
915.585856,61.916750,61.350625,4203
915.716992,35.884917,35.383833,4204
915.743359,50.379875,49.723333,4205
915.761337,39.472125,38.691042,4206
915.808107,33.995791,33.697709,4207
915.887147,39.389000,38.889375,4208
915.936932,68.138875,67.506834,4209
915.952100,40.618958,40.143833,4210
915.988178,48.244291,47.442500,4211
916.055338,40.895750,40.461458,4212
916.221109,46.368000,45.779416,4213
916.226807,45.679083,45.133375,4214
916.282550,47.489167,47.071208,4215
916.297554,47.211208,46.526375,4216
916.395606,46.642458,46.144000,4218
916.397913,50.138958,49.770875,4217
916.492103,41.730209,41.045375,4219
916.550682,36.230834,35.727417,4220
916.657425,45.712625,45.103333,4221
916.666903,43.971958,43.268459,4222
916.738247,57.140125,56.500500,4224
916.745897,52.792833,52.357083,4225
916.764614,84.397542,83.862916,4223
916.802893,81.907291,81.226833,4226
916.847220,122.584292,122.081458,4227
916.880542,67.059125,66.672667,4228
916.906490,84.387042,83.637166,4229
916.913695,65.920750,65.331291,4230
916.931261,45.390333,44.573084,4231
917.056286,56.039083,55.595459,4232
917.060335,45.876250,45.374875,4233
917.116346,47.157542,46.716250,4234
917.220566,57.962042,57.208958,4236
917.221754,69.453709,64.981000,4235
917.251195,42.567875,41.902583,4238
917.264562,83.450792,82.864250,4237
917.310577,38.794000,38.290875,4239
917.341766,51.519125,51.019208,4241
917.344249,69.605666,68.999291,4240
917.421157,73.377791,72.715417,4242
917.577488,63.043458,62.619083,4243
917.612225,52.490375,52.023125,4244
917.723376,44.477708,43.747375,4245
917.745200,64.072458,63.442166,4246
917.761952,73.821417,73.175666,4247
917.793109,28.363709,27.721167,4249
917.795346,83.967625,83.386625,4248
917.900052,52.284167,51.645125,4250
917.990281,61.447166,61.047875,4251
918.060647,42.734416,42.066208,4253
918.068290,53.827375,53.372958,4252
918.118122,53.078375,52.168375,4254
918.153106,48.282500,47.653667,4255
918.219286,38.179458,37.541583,4256
918.283157,86.769667,86.054791,4257
918.317763,36.993250,36.274584,4258
918.395655,47.884375,47.164541,4259
918.446349,36.549334,36.028125,4261
918.464293,60.478833,59.997583,4260
918.495933,46.578000,46.088875,4262
918.555658,41.240792,40.741750,4263
918.611967,37.753916,37.225708,4264
918.656687,39.959792,39.432167,4266
918.666804,60.542417,59.909500,4265
918.772809,91.683375,91.238292,4267
918.821231,121.696167,121.290458,4268
918.853979,141.990333,140.613375,4269
918.884398,137.082167,136.661292,4270
918.937486,89.229583,88.426916,4271
918.950278,97.980458,97.146584,4272
919.089101,73.912125,73.351542,4273
919.269179,87.969291,87.394416,4274
919.297102,92.271667,91.331916,4275
919.385529,100.010458,95.058542,4276
919.414064,120.804542,118.003959,4277
919.455804,108.037125,107.245833,4279
919.460522,165.565750,164.396459,4278
919.490865,79.074333,76.577667,4282
919.493841,135.064708,133.722167,4280
919.526461,148.027542,147.361667,4281
919.575498,61.069459,60.480292,4283
919.580928,49.121917,48.779208,4284
919.621538,66.436125,65.674875,4285
919.671205,45.787583,45.246833,4286
919.713800,32.690000,32.175209,4287
919.765367,37.319042,36.620500,4288
919.902889,55.097584,54.281500,4290
919.908888,66.678209,66.015542,4289
919.935750,67.007500,66.130459,4291
919.972274,45.361167,44.772875,4292
920.047194,43.155000,42.618917,4293
920.057215,42.746958,42.142333,4294
920.224763,43.653458,42.973875,4297
920.236054,66.532083,66.090792,4295
920.252760,72.763833,72.242625,4296
920.281777,52.358833,51.814583,4298
920.387523,39.769625,39.416125,4299
920.443532,43.339042,42.780792,4300
920.477472,41.008625,40.223750,4301
920.564294,39.178708,38.577000,4303
920.571072,56.653625,56.007583,4302
920.599905,35.988458,35.374208,4304
920.642605,40.646959,40.147334,4305
920.730380,57.633042,57.091708,4307
920.745379,78.494209,78.012667,4306
920.747238,66.108583,65.578625,4308
920.895395,47.601166,47.126625,4309
921.050986,36.547000,36.080334,4310
921.208370,46.816584,46.340000,4311
921.227733,46.623208,45.982708,4312
921.254519,30.156583,29.759625,4313
921.396162,48.417250,47.737375,4314
921.446123,57.045042,56.443334,4315
921.446471,35.615417,35.054833,4316
921.561851,47.412750,46.895917,4317
921.655259,53.315208,52.770958,4318
921.749629,68.498791,67.885125,4319
921.918709,70.931875,70.402500,4320
921.975760,35.382667,34.776000,4322
921.979212,64.125542,63.746083,4321
922.054822,40.394375,39.948417,4323
922.089584,59.560667,58.875250,4324
922.192232,73.979500,73.438459,4325
922.222500,41.349875,40.733000,4326
922.424133,76.365334,75.661542,4327
922.501960,37.281125,36.754667,4328
922.548801,63.345917,62.934084,4329
922.561252,46.852751,46.256583,4330
922.589257,52.035375,51.453208,4331
922.624604,44.744292,44.065000,4332
922.714653,73.747917,72.937667,4333
922.721358,40.265458,39.557583,4334
922.741754,37.030000,36.369666,4335
922.786554,35.618917,35.084292,4336
922.837149,27.538292,26.973917,4337
922.894736,56.580708,56.121042,4338
922.906493,58.758000,57.912458,4340
922.914276,71.558375,71.005666,4339
923.051764,37.327500,36.779458,4341
923.220780,39.672208,39.037251,4342
923.379178,51.863292,51.114583,4344
923.380305,55.395667,54.812916,4343
923.413442,65.655042,65.031458,4345
923.441040,50.034833,49.559708,4346
923.552435,37.989584,37.620917,4347
923.605828,41.998250,41.372625,4348
923.640261,25.128834,24.831625,4349
923.746111,64.997917,64.315416,4350
923.912941,64.507625,64.075958,4351
924.092461,77.945292,77.297208,4352
924.162752,83.067833,82.589791,4353
924.231503,89.609041,89.030375,4354
924.265976,84.854000,83.645333,4355
924.384874,37.093583,36.310750,4356
924.423759,36.179208,35.715166,4357
924.562060,47.590958,47.104750,4358
924.728164,47.048750,46.681541,4359
924.900882,42.756875,42.320542,4361
924.919182,71.408459,70.817542,4360
924.933932,51.996000,51.211125,4362
925.051133,36.689042,36.177750,4363
925.227480,46.354584,45.746459,4364
925.281718,36.060791,35.489125,4365
925.352924,41.527209,41.033417,4366
925.386769,38.988834,38.193750,4367
925.423727,42.281458,41.575041,4369
925.432350,55.752667,55.071917,4368
925.560649,46.174625,45.682583,4370
925.564596,33.901000,33.385916,4371
925.702759,37.744291,37.390791,4372
925.727538,46.447041,45.970750,4373
925.835793,35.817833,35.204167,4374
925.883194,35.391417,34.890625,4375
926.055690,41.237875,40.797166,4376
926.216904,35.792459,35.245583,4377
926.249435,65.883708,65.169709,4378
926.269253,27.274041,26.700333,4379
926.387182,39.421375,38.913291,4380
926.573939,59.470833,58.924541,4381
926.713942,32.858001,32.439167,4382
926.895257,47.486250,46.960667,4383
927.042137,86.083083,85.331459,4384
927.057540,43.114459,42.698542,4385
927.100855,82.647250,80.892000,4386
927.173916,35.292250,34.831417,4387
927.216367,35.231292,34.771625,4388
927.383744,35.970667,35.197458,4389
927.503344,29.209833,28.746375,4390
927.549816,35.379750,34.900833,4391
927.612391,53.717125,53.221000,4392
927.727627,46.488750,45.972208,4393
927.811868,41.920375,41.374375,4394
927.888535,40.761875,40.299292,4395
928.055299,40.862500,40.409834,4396
928.230528,49.418542,48.859709,4397
928.230775,42.871500,42.435750,4398
928.345145,38.102458,37.576292,4399
928.395674,47.925791,47.415667,4400
928.552720,38.292917,37.872916,4402
928.555733,55.869916,55.169333,4401
928.748754,67.672792,67.094416,4403
928.920997,73.172750,72.340917,4404
929.006607,91.698250,90.736916,4405
929.031900,85.417500,84.548916,4406
929.094792,80.286208,79.615084,4407
929.134022,85.042708,84.443917,4408
929.237065,96.211791,95.400959,4409
929.312133,130.695833,129.636500,4410
929.318998,128.201792,127.396792,4411
929.369313,115.814709,114.822458,4412
929.422245,74.357209,73.717292,4413
929.552494,38.066000,37.350833,4415
929.556689,47.054000,46.608917,4414
929.722745,41.607125,40.931916,4416
929.846205,28.223417,27.464791,4417
929.876343,28.560292,27.892667,4418
929.926377,65.131209,64.320375,4419
929.988888,38.701542,38.217084,4420
930.032169,57.418666,56.661208,4421
930.059343,44.894792,44.070833,4422
930.222175,41.081834,40.646959,4423
930.323794,78.174250,77.506333,4424
930.410551,62.782417,62.139583,4425
930.487560,41.557833,40.959916,4426
930.556267,41.861750,41.226500,4427
930.628173,74.903209,74.312292,4428
930.728023,46.922166,46.315792,4429
930.789490,56.200666,55.479375,4430
930.895623,47.852583,47.086375,4431
931.051545,37.103500,36.580250,4432
931.223089,41.962083,41.220083,4433
931.332543,46.197958,45.532666,4434
931.375360,27.594000,27.194708,4435
931.440755,80.859333,80.063958,4436
931.490781,39.036375,38.553667,4438
931.494735,49.619791,49.147292,4437
931.539437,24.970458,24.525375,4439
931.716426,35.289916,34.818292,4440
931.810283,35.133292,34.852417,4441
931.916732,68.975375,68.558000,4442
932.039103,49.210875,48.629000,4443
932.058838,44.424625,44.025333,4444
932.111206,55.211041,54.559166,4445
932.147827,50.595125,50.000125,4446
932.159353,40.352958,39.877250,4447
932.218478,37.351125,36.856166,4449
932.244691,65.895375,65.190709,4448
932.384287,36.537083,36.235792,4450
932.421387,32.488750,31.827833,4452
932.446719,67.676291,66.893458,4451
932.558826,44.398375,43.965542,4453
932.581499,42.453542,41.868167,4454
932.716074,34.990375,34.306708,4455
932.887475,39.700208,38.956750,4456
932.928097,42.408334,41.720875,4457
932.954247,44.326917,43.591917,4458
932.994784,48.337334,47.873000,4459
933.033380,35.948208,35.517708,4460
933.065345,50.862000,50.121750,4461
933.230036,38.420958,37.947584,4463
933.236587,55.484042,54.974792,4462
933.390502,42.749292,42.279709,4464
933.568424,54.011709,53.368000,4465
933.740084,58.933292,58.407708,4466
933.925803,77.924000,77.014000,4467
934.089710,75.205667,74.731709,4468
934.248717,67.304125,66.627458,4469
934.380742,32.968541,32.465708,4470
934.419080,67.866167,67.069042,4471
934.516638,27.844542,27.326542,4472
934.587580,73.103625,72.324875,4473
934.598916,38.625417,37.967417,4474
934.635385,32.200000,31.515459,4476
934.653149,57.515500,56.765916,4475
934.724093,47.473125,47.059542,4477
934.727361,46.214875,45.554542,4478
934.878261,30.482958,30.069084,4479
935.011245,61.743500,61.088416,4480
935.060249,45.806250,45.360875,4481
935.234731,53.648583,53.122708,4482
935.412585,64.813583,64.222375,4483
935.416020,39.207292,38.746459,4484
935.549702,35.263375,34.804292,4485
935.692607,35.545708,35.065042,4486
935.722100,40.983542,40.555084,4487
935.893129,45.378959,44.828583,4488
936.060355,45.919417,45.437875,4489
936.178455,52.415125,51.817500,4490
936.208548,27.441459,27.001625,4491
936.390409,44.733500,44.207916,4492
936.418457,70.669375,69.807792,4493
936.430949,55.500667,54.989958,4494
936.507491,59.000667,58.441542,4495
936.539940,42.562916,42.018375,4496
936.573943,59.485125,58.839667,4497
936.657518,48.308458,47.773834,4498
936.741975,60.851000,60.210791,4499
936.830881,63.258709,62.539458,4500
936.897222,49.447709,48.772792,4501
937.052792,38.348625,37.881959,4502
937.204456,46.349334,45.579626,4503
937.225884,44.776667,44.181667,4504
937.338928,69.209292,68.631500,4505
937.426592,78.800459,78.143042,4506
937.583341,68.881166,68.134500,4507
937.729400,48.287459,47.930750,4508
937.840547,42.645458,42.232167,4509
937.884359,36.564208,36.062833,4510
937.968328,36.323000,35.677542,4511
938.049106,34.678583,34.300875,4512
938.210153,29.019084,28.479792,4513
938.373290,46.935583,46.453459,4514
938.410676,62.888292,62.226500,4515
938.540297,25.831167,25.155375,4516
938.592601,38.212125,37.603125,4517
938.747434,66.306917,65.757709,4518
938.847876,75.175916,74.504208,4519
938.902285,54.465834,53.822416,4520
939.002241,67.561375,65.573667,4521
939.113158,98.629708,97.796417,4522
939.140999,124.037375,123.439750,4523
939.170752,130.909917,126.959583,4524
939.239162,99.820875,98.500792,4525
939.291073,109.892417,109.218666,4526
939.305381,104.089417,103.485959,4527
939.405827,57.958833,57.351292,4528
939.539294,24.851750,24.368167,4529
939.722416,41.286583,40.624208,4530
939.889023,41.241959,40.725125,4531
940.011412,24.853500,24.387126,4532
940.055897,41.479958,40.939208,4533
940.096520,51.320208,50.568000,4534
940.224378,43.266709,42.596458,4535
940.379391,31.643500,31.128708,4536
940.562263,47.800666,47.424709,4537
940.723695,42.560584,41.878667,4538
940.886883,39.087708,38.600916,4539
941.030308,58.643375,58.021250,4540
941.042251,27.808375,27.463917,4541
941.134281,40.478958,39.927708,4542
941.148068,47.655125,47.004709,4543
941.208664,27.536250,27.068125,4544
941.338699,74.250459,73.691916,4545
941.412721,64.948917,64.262042,4546
941.570150,55.709500,55.146291,4547
941.716297,35.192208,34.735166,4548
941.876920,29.171334,28.747250,4549
941.934777,27.378750,26.931625,4550
942.014480,59.537916,58.873208,4551
942.060430,46.002541,45.434375,4552
942.196511,36.069834,35.434292,4553
942.225371,44.230083,43.620792,4554
942.393741,45.968417,45.453625,4555
942.506611,32.404750,31.746750,4556
942.540325,25.882208,25.183083,4557
942.653620,40.794541,40.299292,4558
942.716983,35.900375,35.225750,4559
942.886127,38.374291,37.620333,4560
943.060755,46.315208,45.850875,4561
943.076256,51.052750,50.274291,4562
943.234097,52.972791,52.345708,4563
943.289390,45.836875,45.142125,4564
943.389930,42.154875,41.686459,4565
943.557092,42.648666,41.925042,4566
943.633698,44.837625,44.270333,4567
943.669442,60.739291,59.988833,4568
943.758261,77.137083,76.230583,4569
943.784811,85.145959,84.556208,4570
943.907098,59.099250,58.169417,4571
944.085951,71.414291,70.157208,4572
944.253230,72.038459,71.298500,4573
944.355589,48.069292,47.268958,4574
944.396617,48.841334,48.259166,4575
944.479480,79.478000,78.771292,4576
944.554346,59.070375,58.557041,4577
944.555859,41.440000,40.886416,4578
944.722652,41.541500,41.128500,4579
944.757251,41.576500,41.017958,4580
944.925757,78.037459,77.513625,4581
945.052774,38.327625,37.896833,4582
945.191162,28.690958,28.365459,4583
945.246543,65.394875,64.626916,4584
945.385965,38.218250,37.712208,4585
945.558616,44.202083,43.645291,4586
945.709662,58.207625,57.546125,4587
945.723714,42.619792,42.046083,4588
945.887185,39.399208,38.705042,4589
946.009930,46.465417,46.046000,4591
946.023994,72.434834,72.040500,4590
946.043852,72.265667,71.841583,4592
946.077259,51.505709,50.630125,4594
946.081431,67.003417,66.532666,4593
946.223408,82.875333,82.143833,4595
946.228722,47.639375,47.109125,4596
946.253914,49.172083,48.479375,4597
946.421121,73.398500,73.026917,4598
946.451432,55.439417,54.886708,4599
946.556983,42.539292,42.115208,4600
946.721369,40.254667,39.578000,4601
946.890723,42.983791,42.319667,4602
947.056620,42.179667,41.662834,4603
947.108802,46.290417,45.607333,4604
947.146447,47.950583,47.541084,4605
947.220672,39.566625,39.116000,4606
947.406354,58.585333,57.908958,4607
947.467566,47.351792,46.912834,4608
947.555941,41.525167,40.989958,4609
947.657733,36.949500,36.443167,4610
947.729606,48.517001,47.850834,4611
947.735265,51.166500,50.552542,4612
947.895839,48.095833,47.374833,4613
947.992108,42.156334,41.527792,4614
948.023156,61.751959,61.095709,4615
948.062592,48.167875,47.843250,4616
948.243722,62.618792,62.066666,4617
948.324524,52.911833,52.410750,4618
948.407365,59.583125,59.165750,4619
948.549851,35.435167,34.973458,4620
948.639355,27.129958,26.668542,4621
948.754109,73.000375,72.079292,4622
948.812959,78.596875,78.012375,4623
948.907624,59.758125,58.639292,4624
949.013016,96.023375,94.265500,4625
949.047358,109.695250,109.239667,4626
949.112251,97.785042,97.198209,4628
949.133332,137.018583,135.530792,4627
949.181771,85.621083,84.038500,4629
949.266268,85.088500,84.424083,4630
949.295327,87.825500,86.979375,4631
949.416917,69.081250,68.434625,4632
949.478901,31.099541,30.585333,4633
949.559611,45.149709,44.531667,4634
949.738283,57.122917,56.489125,4635
949.897880,50.128458,49.543667,4636
950.045204,30.736416,30.077541,4637
950.219272,38.169833,37.633750,4638
950.388738,40.967791,40.471666,4639
950.448254,26.529125,25.986333,4640
950.555640,41.190625,40.666791,4641
950.646490,45.586041,45.000375,4642
950.693155,77.126292,76.528375,4643
950.719065,37.969459,37.507750,4644
950.916177,68.423542,67.884541,4645
951.065651,51.215209,50.755250,4646
951.217325,42.234209,41.852708,4647
951.243544,62.442042,61.946209,4648
951.270802,67.007208,66.427667,4649
951.386260,38.481916,37.926292,4650
951.541741,30.529916,29.890292,4651
951.577424,62.973167,62.290083,4652
951.600834,54.583375,54.063625,4653
951.656665,35.905334,35.509250,4654
951.688970,61.417125,60.691166,4655
951.719909,38.803042,38.131041,4657
951.722026,60.888041,60.454042,4656
951.833098,83.097291,82.465833,4658
951.889324,41.555208,41.098751,4659
952.033766,59.250625,58.762666,4660
952.057665,43.217125,42.679875,4661
952.208384,27.254792,26.781416,4662
952.287203,34.855334,34.373500,4663
952.335044,27.150084,26.604959,4664
952.381497,33.725708,33.200708,4665
952.401672,48.269667,47.543416,4666
952.474173,36.087333,35.552125,4667
952.560140,45.700667,45.392958,4668
952.734691,30.034375,29.465917,4670
952.750049,68.947083,68.579875,4669
952.885348,37.555583,37.071709,4671
953.015295,36.459500,35.982917,4672
953.088385,73.934875,73.313334,4673
953.126216,60.441792,59.703000,4674
953.248085,66.981542,66.242458,4675
953.395638,47.869500,47.367833,4676
953.439581,44.255458,43.539125,4677
953.478481,52.929917,52.345125,4678
953.559225,44.774333,44.241750,4679
953.730104,67.530750,66.865750,4680
953.763840,82.748167,82.135666,4681
953.907251,59.443708,58.722417,4682
954.116665,102.136125,101.525084,4683
954.150620,111.256833,110.831000,4684
954.175230,132.337916,131.398458,4685
954.250099,68.672334,68.034750,4686
954.391355,43.597167,43.037750,4687
954.504897,70.690375,70.001167,4688
954.522814,40.722209,40.236000,4689
954.593315,78.883292,78.113875,4690
954.628592,39.603375,39.181041,4691
954.722120,41.044500,40.535834,4692
954.898309,50.511709,49.772625,4693
954.969923,60.640709,60.087417,4694
955.052641,38.205416,37.678666,4695
955.095368,64.494208,63.732666,4696
955.214516,33.387666,32.935583,4697
955.374781,26.983542,26.462042,4698
955.453213,47.109708,46.549416,4699
955.460282,38.383333,37.646875,4700
955.527063,58.643375,57.860542,4701
955.580466,49.524417,47.416541,4704
955.597660,83.214250,82.569667,4702
955.603067,83.149792,82.639958,4703
955.639884,93.299500,92.529500,4705
955.722200,41.073667,40.442500,4707
955.730394,54.128375,53.620292,4706
955.871298,42.445666,42.044625,4708
955.907912,58.004041,56.932458,4710
955.913034,65.224250,64.732208,4709
956.058324,43.883875,43.520167,4711
956.240675,59.570000,58.985500,4712
956.409515,61.767708,61.240958,4713
956.444617,57.833125,57.141292,4714
956.573266,58.827416,58.121000,4715
956.581364,27.295916,26.666791,4716
956.700275,59.922333,59.212125,4717
956.721826,40.712584,40.155500,4718
956.742850,45.614916,45.063375,4719
956.863323,41.956250,41.302333,4720
956.880762,32.977291,32.257750,4721
957.084361,69.932042,69.491625,4722
957.093798,33.921125,33.519208,4723
957.163066,44.701125,44.161542,4724
957.223253,44.501334,43.904584,4725
957.235603,54.470500,53.787125,4726
957.253900,47.782000,47.157250,4727
957.308377,54.333708,53.630792,4728
957.392072,44.304458,43.799875,4730
957.399466,87.697750,87.197834,4729
957.415842,49.442166,48.909292,4731
957.486544,34.076875,33.672333,4733
957.505143,66.649917,66.193167,4732
957.550665,36.244541,35.883750,4734
957.593467,72.159792,71.430333,4735
957.601348,31.931958,31.339292,4736
957.722289,41.207542,40.669125,4737
957.888149,35.825709,35.171792,4739
957.896226,48.448166,48.037208,4738
957.957917,70.113750,69.614125,4740
958.026948,35.016041,34.654375,4741
958.072378,57.908083,57.360917,4742
958.145967,40.677000,40.010542,4743
958.190631,32.741625,32.343792,4744
958.254961,73.821125,73.088166,4745
958.382398,46.702250,46.127083,4746
958.407571,59.792250,59.012042,4747
958.415735,39.637208,39.031125,4748
958.573269,58.835583,58.315250,4749
958.580952,59.336959,58.413250,4750
958.595744,48.139875,47.018125,4751
958.688399,37.722125,37.081334,4752
958.749670,68.488583,67.716834,4753
958.906321,85.483709,84.133001,4754
958.934972,87.075917,86.289001,4755
958.991030,79.558792,78.868125,4756
959.101390,86.868250,85.342542,4757
959.131938,98.072042,97.248083,4758
959.203816,105.588584,104.730792,4759
959.250044,107.796500,107.021833,4760
959.285076,117.212083,115.964333,4761
959.354129,122.768625,121.977042,4763
959.369527,187.306875,186.574208,4762
959.415125,103.560333,102.916042,4764
959.464981,117.216167,115.949166,4765
959.487922,105.611916,104.870500,4766
959.510840,36.584333,36.043291,4768
959.522199,119.739667,118.374667,4767
959.543621,29.190291,28.699125,4769
959.627715,69.462459,68.827500,4770
959.628028,60.403000,60.015084,4772
959.631331,66.032167,64.977792,4771
959.731219,50.096958,49.443625,4773
959.771258,52.300500,51.737000,4775
959.790304,78.878042,78.248625,4774
959.807516,69.163791,67.835833,4776
959.844264,47.329625,46.941709,4777
959.860765,56.778458,55.859708,4778
959.900705,52.925542,52.311000,4779
959.968126,72.268291,71.483417,4780
959.986485,27.334125,27.001625,4781
960.059969,45.553958,45.145041,4782
960.106055,34.344333,33.740583,4783
960.134875,40.891083,40.313875,4785
960.166862,76.818875,76.045958,4784
960.244176,63.076417,62.338792,4786
960.370241,53.483500,52.990584,4787
960.393234,53.432166,52.761625,4788
960.410548,62.774541,62.183916,4789
960.429588,45.948292,45.199000,4790
960.465667,52.799250,52.278625,4791
960.482321,41.565125,41.146583,4792
960.536282,41.395084,40.831292,4793
960.568479,53.974375,53.352834,4794
960.716085,34.976667,34.684125,4795
960.775870,47.010541,46.277875,4797
960.782706,63.977666,59.733917,4796
960.807032,72.298333,70.884042,4798
960.816486,54.900708,54.352959,4799
960.899542,51.795917,51.229500,4800
961.052723,38.269291,37.788333,4802
961.078804,73.539083,72.960417,4801
961.213450,75.972459,75.568792,4803
961.222523,41.436209,40.919375,4804
961.362561,61.881458,61.204209,4805
961.390169,42.420875,41.671292,4807
961.402741,62.865541,62.376125,4806
961.535364,66.929916,66.251208,4808
961.557227,42.803834,42.278250,4809
961.672440,65.331583,64.930251,4810
961.708279,47.185251,46.141959,4811
961.729295,48.212792,47.210334,4812
961.840281,42.793916,42.099167,4813
961.855509,50.778875,50.150042,4814
961.884398,36.589875,35.797125,4815
961.947175,43.687000,42.799458,4817
961.950394,53.588208,53.143125,4816
962.002612,56.971250,54.138000,4819
962.017762,95.598417,95.126792,4818
962.031895,78.152375,77.485334,4820
962.053754,68.880291,68.186709,4821
962.094821,80.370208,79.237083,4822
962.116751,58.583000,57.778292,4823
962.196180,47.059833,46.489625,4824
962.211975,30.835583,30.436875,4825
962.398463,50.691084,49.826292,4826
962.416651,42.870042,42.281458,4827
962.445785,68.714625,67.993917,4828
962.540240,25.795000,25.264166,4829
962.650845,41.018542,40.467000,4830
962.718760,37.705792,37.145500,4831
962.796345,43.138375,42.703500,4832
962.805265,44.334209,43.611458,4833
962.918145,70.396083,69.922416,4834
963.066201,51.760042,51.226876,4835
963.182238,36.210125,35.925750,4836
963.237396,56.277958,55.491625,4837
963.375741,50.703917,50.175125,4838
963.399413,51.626750,51.107292,4840
963.405309,60.967084,60.448208,4839
963.574283,59.863708,59.092250,4841
963.581936,65.245834,64.658125,4842
963.594925,73.202209,72.663791,4843
963.661979,61.136834,60.649166,4844
963.683202,62.612958,62.002500,4845
963.718163,91.778166,90.890042,4846
963.757463,118.428916,117.788125,4847
963.778401,92.847125,92.267876,4849
963.860548,108.257626,107.751001,4851
963.867758,186.628459,185.909792,4848
963.943853,110.416542,107.632292,4853
963.970633,282.787167,282.246125,4850
964.001257,80.714375,80.135417,4855
964.069606,313.763042,312.781584,4852
964.110673,96.168625,95.512959,4856
964.169408,321.643000,320.476334,4854
964.253200,140.818708,140.340375,4857
964.256486,133.692708,133.133291,4858
964.279841,156.535459,154.390541,4859
964.341920,161.140875,159.789291,4860
964.459541,278.447167,277.180750,4861
964.471643,123.430417,121.345875,4863
964.497149,147.286708,145.974501,4864
964.543591,313.124584,312.420208,4862
964.591089,197.589876,196.693876,4865
964.594537,79.313792,78.800167,4867
964.628569,59.430000,58.701125,4868
964.633782,174.568625,173.889917,4866
964.700080,112.842041,112.073208,4869
964.742285,61.192541,60.840500,4871
964.765745,173.490042,173.053417,4870
964.766707,84.435750,83.676542,4872
964.806311,89.371917,88.767584,4873
964.831310,62.280458,61.662417,4874
964.881388,33.637333,33.063333,4875
964.897442,39.057667,38.366708,4876
964.993222,32.063208,31.508459,4877
965.022443,41.269375,40.506667,4878
965.066782,52.285625,51.426083,4879
965.071206,44.859209,44.198000,4880
965.119712,55.444083,54.779666,4881
965.121180,44.265375,43.636833,4882
965.174277,27.421334,26.940667,4883
965.232262,51.172625,50.603875,4884
965.271450,53.197084,52.501458,4887
965.284707,84.210000,83.602459,4885
965.288312,80.935167,80.199584,4886
965.383377,35.588000,35.040833,4888
965.441800,46.065542,45.501458,4890
965.469516,75.212375,74.399209,4889
965.473841,61.778792,61.269833,4891
965.556030,41.593708,40.960792,4892
965.579282,47.405750,46.800250,4893
965.691035,49.058334,48.687041,4894
965.721613,47.982959,47.579000,4895
965.732383,51.267125,50.740667,4896
965.888891,41.093500,40.375125,4897
965.992758,45.164291,44.636084,4898
966.047284,56.849625,56.142917,4899
966.047370,32.926250,32.560208,4900
966.140841,57.066917,56.431667,4901
966.157897,60.264167,59.706500,4902
966.189761,55.807500,55.358333,4903
966.192243,51.088625,50.445792,4904
966.235168,51.225417,50.022000,4906
966.259566,78.482250,77.750458,4905
966.264081,64.622834,63.726833,4907
966.337517,37.874666,37.317292,4908
966.380524,68.769459,68.188166,4909
966.408767,60.990125,60.173167,4911
966.426717,81.027333,80.373708,4910
966.438158,57.827291,57.113583,4912
966.465626,78.437333,77.662375,4913
966.507953,35.406000,34.941375,4914
966.550361,35.941500,35.324333,4916
966.551601,53.522291,53.057084,4915
966.635375,46.563417,45.861667,4917
966.700979,43.165500,42.743167,4918
966.741138,60.034041,59.452167,4919
966.752177,37.948167,37.357542,4920
966.814857,65.422875,64.525708,4921
966.831737,65.981125,65.480917,4922
966.834559,63.502541,62.769292,4923
966.895527,123.761167,116.973791,4924
966.908541,60.754459,60.184542,4926
966.925112,65.042542,64.528333,4927
966.937010,159.245625,158.632250,4925
966.977688,94.593917,93.820708,4928
967.008641,116.370917,115.847666,4929
967.042969,28.523541,27.833750,4930
967.113944,37.320208,36.599208,4931
967.182411,32.071083,31.483375,4932
967.218267,37.144333,36.665125,4933
967.279415,40.863376,40.491500,4934
967.305413,66.510209,65.853667,4935
967.416353,68.577250,67.955416,4936
967.531788,63.662084,63.192500,4937
967.585330,70.896875,70.294291,4938
967.628674,38.176833,37.448833,4939
967.713978,32.892708,32.333000,4940
967.796656,43.451916,42.745500,4941
967.835855,47.475750,46.939083,4942
967.889328,32.494000,31.873916,4944
967.918992,71.245417,70.739959,4943
967.958356,43.818542,43.327084,4945
968.032514,33.605833,33.222583,4946
968.056288,41.848333,41.304666,4947
968.125100,41.581459,40.984417,4948
968.186180,42.297500,41.665750,4949
968.236230,55.106625,54.533792,4950
968.237934,45.000959,44.477125,4951
968.385721,38.003000,36.997334,4953
968.395419,73.605000,73.258500,4952
968.420967,44.710458,43.996750,4954
968.561209,50.497709,49.863042,4956
968.569435,65.022417,64.570042,4955
968.575868,61.426458,60.725875,4957
968.612240,41.827917,41.372625,4958
968.804921,123.805500,123.082167,4959
968.818676,108.192292,107.598750,4960
968.858320,110.574625,109.986917,4961
968.926421,78.650542,77.829208,4962
969.111363,107.968000,106.688750,4963
969.167377,152.044666,151.202041,4964
969.179851,148.900209,148.322709,4965
969.221776,166.282375,164.891708,4966
969.290930,109.579166,108.953250,4970
969.321709,243.920541,243.058375,4967
969.395426,134.666000,134.220625,4971
969.427730,129.599167,128.980251,4973
969.436936,303.600792,302.626917,4968
969.498422,341.881459,340.926251,4969
969.536205,72.711333,72.168541,4977
969.547812,264.556250,263.005750,4972
969.572263,261.484708,260.764000,4974
969.575196,110.429083,69.229417,4978
969.616855,282.243792,280.747834,4975
969.669030,71.145375,70.454417,4980
969.672521,66.072125,65.644542,4981
969.724216,376.439875,335.208125,4976
969.743393,228.948417,228.282834,4979
969.746957,65.807583,65.025625,4982
969.764676,62.562500,61.901875,4983
969.810216,66.219709,65.693542,4984
969.813916,37.834708,37.228917,4985
969.870346,55.655542,54.940375,4986
969.903457,76.462750,75.965458,4987
969.912560,64.794042,64.096959,4988
969.923541,57.971958,57.129042,4989
970.042319,36.166375,35.643708,4990
970.065865,51.437167,50.731917,4991
970.085306,38.170126,37.664084,4992
970.201942,42.392000,41.697542,4993
970.217239,36.120875,35.569333,4994
970.345869,31.259375,30.791541,4995
970.386686,63.359333,62.718250,4996
970.392883,45.114125,44.489083,4997
970.469380,50.875417,50.362959,4998
970.550683,36.248917,35.769708,4999
970.590042,36.157042,35.745208,5000
970.658590,39.316958,38.822000,5002
970.679118,68.398166,67.857417,5001
970.737147,56.051625,55.484625,5003
970.795192,44.493750,43.804833,5004
970.824970,27.173125,26.707334,5005
970.876118,28.338041,27.635417,5006
971.048341,33.881750,33.346250,5007
971.123051,42.273292,41.714167,5008
971.236533,55.405583,54.798042,5009
971.351417,39.740750,39.198542,5010
971.389684,41.904625,41.398292,5011
971.424447,48.988625,48.433583,5012
971.563356,38.801584,38.384792,5014
971.588230,73.766000,72.942042,5013
971.592568,65.445334,64.573250,5015
971.649965,45.276875,44.769666,5018
971.664454,115.707375,110.237750,5016
971.677178,83.454000,82.826625,5017
971.701584,77.419125,76.931750,5019
971.741378,60.317250,59.760458,5020
971.750409,34.552583,34.056750,5021
971.805706,33.789875,33.180583,5022
971.834933,57.381334,56.493209,5023
971.877172,57.053792,56.267750,5025
971.885439,89.331375,88.800542,5024
971.901368,53.589083,52.770959,5026
971.946667,52.911833,52.273083,5027
971.989333,53.465125,52.825208,5029
971.990653,87.306917,86.748375,5028
972.037271,70.453250,69.884500,5030
972.075089,63.665583,62.990959,5031
972.085537,71.057583,70.437209,5032
972.114744,78.883000,78.075958,5033
972.246669,65.557333,65.090958,5034
972.279290,57.513167,57.029292,5035
972.294375,70.616291,70.014292,5036
972.318177,36.355083,35.747833,5038
972.324115,53.349625,52.778833,5037
972.390558,42.734417,42.256667,5040
972.393796,49.709041,49.146125,5039
972.542051,55.252459,54.730667,5041
972.570171,39.252209,38.461209,5043
972.571055,56.637000,56.134167,5042
972.678813,36.934625,36.359750,5044
972.716561,35.455000,34.869917,5045
972.784867,74.765833,74.140791,5046
972.796930,38.602084,38.067458,5047
972.871998,62.832000,62.305542,5048
972.883481,35.723626,35.131542,5049
973.065869,51.410333,50.913333,5051
973.078900,64.863750,64.378417,5050
973.082330,60.132625,59.301083,5052
973.120481,67.974667,67.322792,5053
973.147235,44.828875,44.070542,5055
973.197903,134.873084,134.202542,5054
973.207243,74.048041,73.388583,5056
973.222141,57.321833,56.712542,5057
973.267828,86.701125,86.002875,5058
973.339279,58.074042,57.428000,5059
973.404983,57.208083,56.672875,5060
973.440897,63.375083,62.883625,5061
973.457977,52.290875,51.649500,5062
973.498516,89.830417,88.852459,5063
973.505949,65.299500,64.682333,5066
973.534685,105.554167,104.763166,5064
973.585595,152.399917,151.749500,5065
973.591870,74.653834,74.140500,5068
973.607155,92.705667,92.035417,5067
973.626700,104.215709,103.297251,5069
973.666703,133.697958,133.180542,5070
973.752219,214.078375,202.797292,5071
973.811066,129.962000,129.302542,5073
973.829837,140.170333,139.618208,5074
973.853863,285.488000,283.798083,5072
973.949146,100.030292,99.272834,5078
973.959813,137.561958,135.194500,5077
973.976627,225.197000,224.177334,5075
974.076385,286.866708,285.176792,5076
974.145029,131.329625,130.608334,5081
974.160136,145.688667,144.542125,5082
974.190180,336.509541,335.825875,5079
974.306108,384.990083,384.288626,5080
974.353351,172.245792,130.371209,5087
974.397149,211.878917,171.089626,5088
974.413847,360.766292,359.485000,5083
974.466058,118.011833,116.841375,5090
974.519264,411.615167,410.739875,5084
974.550437,116.040750,115.363500,5091
974.582210,469.176167,467.832751,5085
974.592800,76.909000,76.293291,5092
974.631816,499.586792,498.957959,5086
974.670493,100.129167,99.405833,5094
974.686247,436.351708,435.679125,5089
974.688704,65.640750,64.899917,5096
974.735460,54.325834,53.807542,5098
974.742499,210.440417,209.895000,5093
974.796314,66.101584,65.291625,5099
974.812363,65.156292,64.660458,5100
974.816462,241.570291,240.998042,5095
974.900866,256.643333,255.885584,5097
974.926139,81.417291,80.678208,5102
974.926487,78.709459,78.030167,5103
974.955911,195.264125,194.244459,5101
974.999758,123.029375,122.429125,5104
975.013383,61.429958,60.852750,5107
975.045240,157.926709,157.354459,5105
975.083674,69.275791,68.796875,5108
975.111374,64.470583,63.592958,5109
975.114775,190.578792,189.924875,5106
975.223408,42.301292,41.574458,5110
975.317181,54.978875,54.427041,5112
975.320161,71.792583,71.190292,5111
975.331315,64.033083,63.360208,5113
975.394979,47.212375,46.839625,5114
975.436553,41.691125,41.169041,5115
975.461064,59.815875,59.179167,5116
975.496754,47.528542,47.129542,5117
975.535151,52.756667,51.828875,5118
975.563350,48.935541,48.344917,5119
975.605107,48.708041,48.069583,5120
975.659359,33.457959,32.881917,5122
975.666075,64.647042,63.862459,5121
975.711129,64.534458,63.848167,5123
975.725045,43.911875,43.367625,5124
975.765184,64.890875,64.134000,5125
975.842372,50.263208,49.809666,5126
975.897153,49.401334,48.986875,5127
975.909174,40.675833,40.097167,5128
975.992185,41.869917,41.236125,5129
976.071438,57.021417,56.438959,5130
976.081862,35.573417,35.176167,5131
976.156468,40.460291,39.955125,5132
976.244866,63.752209,63.298958,5133
976.268237,76.964125,76.171959,5135
976.272727,83.508542,82.974500,5134
976.288862,89.880000,89.181458,5136
976.331980,107.331000,106.880959,5137
976.401378,82.685458,82.138000,5138
976.405809,65.390209,64.764292,5139
976.416265,68.484792,67.777791,5140
976.533390,41.635708,41.243416,5141
976.570174,55.709208,54.911792,5142
976.601065,37.363958,36.955333,5143
976.712099,31.021959,30.486167,5145
976.732448,51.643958,51.237667,5144
976.852419,43.266417,42.820750,5146
976.890704,42.944125,42.354084,5147
976.952579,54.190500,53.489625,5148
976.983236,36.758750,36.195250,5149
977.085164,70.735292,70.168584,5150
977.126255,43.881250,43.411375,5151
977.146248,46.599292,45.997583,5152
977.173374,43.918000,43.487500,5153
977.230049,48.967041,48.271417,5154
977.249787,29.200500,28.718084,5155
977.364333,42.066792,41.504458,5156
977.385816,38.016709,37.400417,5157
977.472767,35.979417,35.406000,5158
977.500258,28.865666,28.328709,5159
977.567051,52.578750,51.116042,5160
977.599069,65.861541,58.768500,5161
977.601959,64.862583,63.917000,5162
977.655472,76.041583,75.559459,5163
977.674135,42.321125,41.598375,5164
977.737603,56.503708,56.060375,5165
977.766755,58.206459,57.594834,5166
977.806204,45.107417,44.611875,5167
977.806209,38.837750,38.383333,5168
977.848575,35.931875,35.350000,5169
977.890108,42.328125,41.730500,5170
977.915256,57.217125,56.536084,5171
977.984357,49.745792,49.301583,5172
978.078589,64.143042,63.620375,5173
978.151612,40.579291,40.174458,5174
978.222151,41.056750,40.658333,5175
978.270980,62.240500,61.678167,5176
978.350348,41.879542,41.440000,5177
978.374496,26.703250,26.124000,5178
978.445522,57.311917,56.702625,5179
978.461125,44.156000,43.502083,5180
978.498225,25.037250,24.573500,5181
978.540510,41.567167,40.813500,5182
978.590439,37.817500,37.202084,5185
978.605246,90.800500,90.337625,5183
978.613494,92.946583,92.187375,5184
978.660311,89.398458,88.595209,5186
978.762587,81.463084,80.795458,5187
978.817191,104.844833,104.085042,5188
978.837728,87.404916,86.617125,5189
978.962467,111.950125,110.821958,5191
978.976323,127.845375,127.431500,5190
978.992886,113.586958,112.978833,5192
979.054875,131.478084,130.865000,5193
979.098748,83.867000,83.160000,5194
979.152108,83.300292,82.521542,5195
979.265835,84.344458,83.779208,5196
979.329767,95.644792,95.042208,5197
979.402173,121.333333,120.733958,5198
979.445356,141.254167,138.972167,5199
979.456495,119.380917,117.616333,5200
979.494518,155.122041,154.594708,5201
979.527815,72.089500,71.516667,5205
979.564482,216.713000,215.963417,5202
979.571740,57.305500,56.874416,5206
979.610332,67.273791,66.654875,5207
979.612158,224.453833,223.830250,5203
979.693034,252.447417,251.836083,5204
979.722797,41.730792,40.913250,5208
979.742973,41.167000,40.379500,5210
979.765089,77.193375,76.651459,5209
979.792790,37.592042,37.021542,5211
979.819655,39.928875,39.536875,5212
979.885170,37.385834,36.918875,5214
979.898625,66.914750,66.442251,5213
979.988158,73.164000,72.465459,5215
980.051265,49.753959,49.209125,5216
980.062296,47.862208,47.369583,5217
980.217060,35.919625,35.350000,5218
980.286739,43.376083,42.754834,5219
980.383802,36.053500,35.557958,5220
980.451369,25.004000,24.529750,5221
980.550116,35.674042,35.159250,5222
980.716514,35.382959,34.771916,5223
980.755193,33.285000,32.872875,5225
980.773564,69.705709,69.032250,5224
980.785697,32.560209,31.962000,5226
980.820338,35.365167,34.727000,5227
980.873830,36.683500,36.313959,5228
980.915820,68.054583,67.604833,5229
981.042528,28.091000,27.377000,5230
981.101283,37.128875,36.586375,5231
981.181390,36.691959,35.966000,5232
981.215384,42.318209,41.708041,5233
981.228868,47.745250,47.122250,5234
981.356282,45.378666,44.878167,5235
981.411140,63.380625,62.552583,5238
981.416588,69.875167,69.360375,5237
981.417345,80.551916,80.096334,5236
981.523441,61.649875,60.984875,5239
981.556949,42.502834,41.899375,5240
981.730465,49.334833,48.652042,5241
981.873962,38.537333,38.014375,5242
981.916541,68.747583,68.047000,5243
982.005449,56.222541,55.612958,5244
982.053892,39.463083,39.013042,5245
982.084748,51.320792,50.767500,5246
982.245714,64.590750,63.886667,5247
982.366654,29.816209,29.180667,5248
982.406922,59.142708,58.443875,5249
982.485920,50.841584,50.358292,5250
982.556967,42.523834,42.018375,5251
982.723641,42.537542,41.875167,5252
982.884077,36.304334,35.814042,5253
982.999245,38.811791,38.140958,5254
983.050621,36.186791,35.739083,5255
983.200977,44.821875,44.337125,5256
983.238449,57.371708,56.856917,5257
983.264774,50.829333,50.028417,5258
983.273680,51.561416,51.143166,5259
983.308640,60.265041,59.728375,5260
983.347909,88.781292,88.095876,5261
983.399313,51.537500,50.903125,5262
983.551241,36.770417,36.141583,5263
983.650154,43.246000,42.492334,5264
983.746889,65.783958,65.079583,5265
983.792155,78.786750,77.896291,5266
983.913185,64.038041,62.307000,5267
984.088083,73.588375,72.866500,5268
984.194758,90.037791,89.244458,5269
984.240093,95.251916,94.458584,5270
984.285118,104.007167,103.207125,5271
984.329216,78.017917,76.008625,5272
984.390737,42.775250,41.986292,5273
984.417637,61.521542,60.808417,5274
984.567817,53.382000,52.708833,5275
984.722103,40.973333,40.461166,5276
984.841418,39.267958,38.722833,5277
984.868725,50.296750,49.640209,5278
984.885584,37.811667,37.283166,5279
984.927535,76.323041,75.529125,5280
984.976784,41.406167,40.818750,5281
985.013936,36.079750,35.385000,5282
985.045964,31.524791,30.916959,5283
985.206083,24.952375,24.474041,5284
985.383127,35.334541,34.811875,5285
985.540240,37.267416,36.726083,5286
985.583575,69.103125,68.407208,5287
985.711340,30.230375,29.764583,5288
985.890724,43.001584,42.474542,5289
986.072530,58.113125,57.410208,5290
986.113898,47.536708,46.993625,5291
986.221387,40.289375,39.868792,5292
986.272941,62.597208,61.830125,5293
986.319364,27.521958,27.026708,5294
986.383728,35.954625,35.224583,5295
986.523343,52.988541,52.142708,5296
986.554671,55.007458,54.413917,5297
986.565290,65.394000,65.088917,5298
986.582744,79.288125,78.520167,5299
986.628917,37.042833,36.625458,5301
986.643549,129.103042,128.398958,5300
986.755519,74.408541,73.868375,5302
986.898765,50.992084,50.291791,5303
987.057118,50.783542,50.165792,5304
987.067068,52.619875,51.977916,5305
987.112945,68.723959,68.001500,5306
987.226990,45.912125,45.307500,5307
987.380559,32.783042,32.202042,5308
987.542025,27.570959,26.993750,5309
987.616109,35.272125,34.689958,5310
987.662198,72.027375,71.366750,5311
987.717882,36.800166,36.297042,5312
987.875851,28.098000,27.568916,5313
988.058991,44.550625,43.929958,5314
988.163122,32.348167,31.790500,5315
988.210631,56.832709,56.041125,5316
988.226737,45.631541,45.068917,5317
988.412614,64.814750,64.157334,5318
988.482822,56.467250,56.035875,5319
988.504885,39.473875,38.852917,5320
988.555365,40.955250,40.518916,5321
988.641385,79.316709,78.810375,5322
988.752407,71.327083,71.019084,5323
988.810280,81.797917,80.854958,5324
988.908631,60.761750,59.999041,5325
988.993829,80.287084,79.488792,5326
989.083339,68.797458,67.131166,5327
989.211315,95.594042,94.103333,5328
989.284699,103.591250,102.900875,5330
989.295263,117.847042,116.963000,5329
989.360676,74.917500,74.494875,5331
989.408658,59.929625,59.366416,5332
989.449059,49.811417,49.023917,5333
989.490022,40.888750,40.595625,5334
989.588721,74.278167,73.618708,5335
989.710990,36.733667,36.334667,5336
989.756804,75.649000,74.826500,5337
989.819251,42.823667,42.265708,5338
989.886737,38.936916,38.237208,5339
989.951604,57.779750,57.184750,5340
990.068336,53.877542,53.166459,5341
990.222558,41.441167,40.812916,5342
990.262694,55.814209,55.181584,5343
990.396125,48.368833,47.752833,5344
990.550785,36.316583,35.839709,5345
990.745230,64.156459,63.568458,5348
990.745337,77.264833,76.636000,5346
990.747367,71.840708,71.436166,5347
990.795342,94.028083,93.324875,5349
990.807331,43.164625,42.337750,5350
990.906456,58.706959,58.273541,5351
990.930172,48.860000,48.375541,5352
990.962074,43.729000,43.325334,5353
990.995649,55.461000,54.870084,5354
991.070537,56.127750,55.617626,5355
991.091680,52.773292,52.216791,5356
991.108916,69.506791,68.926667,5357
991.228482,47.423250,46.857417,5358
991.325866,45.769209,45.361750,5359
991.370147,60.191542,59.502334,5360
991.393379,45.615208,45.024584,5361
991.482483,42.376834,41.713000,5362
991.506310,55.624042,54.946208,5363
991.515652,49.446542,48.909584,5364
991.567482,53.062625,52.466166,5365
991.657351,63.470750,62.979875,5366
991.699085,56.449167,55.688792,5367
991.728313,47.212084,46.304709,5368
991.746946,65.431334,65.013375,5369
991.799571,68.388250,67.613875,5370
991.808217,74.746000,73.401417,5371
991.813244,60.914000,60.270291,5372
991.854297,77.900667,77.250542,5373
991.884509,36.758459,36.043583,5374
991.999112,39.862375,39.275250,5375
992.051694,37.277625,36.695459,5376
992.114541,28.040833,27.363875,5377
992.215461,34.378750,34.017375,5378
992.251315,61.394958,60.598125,5379
992.293530,55.564541,54.945334,5380
992.415290,67.517625,67.166459,5381
992.451638,38.940708,38.291458,5383
992.457115,56.421458,55.973167,5382
992.502080,43.916542,43.395041,5384
992.523676,55.012416,54.377750,5385
992.553513,39.091500,38.478125,5386
992.631429,47.991417,47.313292,5387
992.723287,42.206500,41.856792,5388
992.875134,27.337625,26.849083,5389
992.973127,42.404250,41.713583,5390
993.054666,40.252625,39.571583,5391
993.166547,38.718750,38.100125,5392
993.216818,35.736459,35.230125,5393
993.389090,41.316625,40.971000,5394
993.539348,24.908917,24.442833,5395
993.743247,62.156500,60.949000,5396
993.912485,83.785333,82.839458,5397
993.937661,89.808834,88.976708,5398
994.065102,88.697583,87.927875,5399
994.097456,82.847917,81.858000,5400
994.247327,66.108291,65.356667,5401
994.412175,64.401750,63.678417,5402
994.556304,39.439167,38.829292,5404
994.580142,65.724750,65.203542,5403
994.745081,64.019084,63.419417,5405
994.840242,47.609625,46.954833,5406
994.884058,36.291791,35.819000,5407
995.056242,41.821208,41.520791,5408
995.222471,41.339959,40.864834,5409
995.429035,81.226250,80.562125,5410
995.558751,44.310292,43.717333,5411
995.659161,27.348709,26.857542,5412
995.733193,52.091667,51.437458,5413
995.875167,36.741833,36.251541,5414
995.907259,59.477250,58.777542,5415
995.924736,40.067708,39.457833,5417
995.942430,86.629375,85.768667,5416
996.025840,47.225500,46.666084,5418
996.055497,67.801709,67.089750,5419
996.065870,51.424625,50.871333,5420
996.246532,65.444750,65.003750,5421
996.277751,45.839500,45.394417,5422
996.390744,42.993416,42.495542,5423
996.475170,41.631333,41.034000,5424
996.514231,52.381583,51.588250,5425
996.557656,43.211583,42.701167,5426
996.724491,43.380458,42.880833,5427
996.884361,36.556917,36.068083,5428
997.057214,42.763583,42.168000,5429
997.096056,46.112208,45.453625,5430
997.220505,39.442958,38.851750,5431
997.389782,42.026833,41.667500,5432
997.540986,50.360625,49.893958,5433
997.571336,56.915250,56.156333,5434
997.585929,36.484875,35.909417,5435
997.695431,42.305375,41.794958,5436
997.748265,67.143708,66.533542,5437
997.847231,69.255083,68.576084,5438
997.895123,47.351792,46.601333,5439
998.059539,43.416041,43.022292,5441
998.068299,53.859167,53.455791,5440
998.140710,76.906375,76.148625,5442
998.230413,49.309166,48.602458,5443
998.402385,54.618375,53.952208,5444
998.423629,32.297416,31.735375,5445
998.478974,29.334084,28.866542,5446
998.506613,53.024417,52.301083,5447
998.560402,45.986209,45.504083,5448
998.743223,62.118876,61.523584,5449
998.906087,81.415833,80.188792,5450
998.924612,76.802250,76.016500,5451
999.092044,77.520917,76.804292,5452
999.253923,72.767041,72.177875,5453
999.323930,27.268792,26.734458,5454
999.376262,28.492625,27.766666,5455
999.536249,37.161833,36.706542,5456
999.553307,38.844750,38.116458,5457
999.586965,50.183292,49.697084,5458
999.612112,49.113750,48.499209,5459
999.706392,38.939541,38.469667,5460
999.749918,68.797459,68.191375,5461
999.788231,36.626916,36.133709,5462
999.884368,36.598333,36.131958,5463
1000.066764,52.346291,51.647459,5464
1000.089189,41.939916,41.365042,5465
1000.150875,41.318083,40.801251,5466
1000.221164,40.093083,39.687083,5467
1000.286119,68.863083,68.056333,5468
1000.387887,40.110000,39.662584,5469
1000.576388,61.931041,61.236875,5470
1000.589297,26.643458,26.034750,5471
1000.722149,41.073666,40.566750,5472
1000.836925,65.805834,65.450584,5473
1000.861482,47.415375,46.930916,5474
1000.899635,51.853958,51.255458,5475
1001.056382,41.955958,41.297375,5476
1001.092586,50.046500,49.358750,5477
1001.165294,47.838000,47.137708,5478
1001.173590,39.602500,38.915334,5479
1001.224187,43.081791,42.530833,5480
1001.373512,25.727917,25.130583,5481
1001.550274,37.307375,36.755542,5482
1001.578525,64.106000,63.515083,5483
1001.649893,39.583542,39.083916,5484
1001.721758,40.628875,40.114958,5485
1001.838271,53.742209,53.038416,5486
1001.904410,56.628250,56.060083,5487
1001.921388,68.275375,67.394542,5489
1001.922472,71.486333,70.932459,5488
1001.979937,45.818792,45.178583,5490
1002.060402,45.937208,45.462667,5491
1002.224216,43.128458,42.579251,5492
1002.320141,42.618917,41.915417,5493
1002.384726,36.951542,36.332333,5494
1002.537527,43.834875,43.396208,5495
1002.588835,31.108291,30.430167,5497
1002.590381,75.935125,75.242708,5496
1002.632073,38.724000,38.252375,5498
1002.732965,51.836167,51.075792,5499
1002.764064,31.390042,30.963041,5501
1002.805597,81.783042,80.971042,5500
1002.840212,37.693542,37.154250,5502
1002.888838,41.080083,40.574334,5503
1003.068436,53.989833,53.502458,5504
1003.198159,53.052125,52.445167,5505
1003.217355,36.233750,35.572541,5506
1003.407189,59.413958,58.693833,5507
1003.440992,36.731625,36.320083,5508
1003.497285,69.293875,68.597375,5509
1003.593798,79.352000,78.866375,5510
1003.763466,90.804875,90.349583,5511
1003.825501,144.360417,143.500875,5512
1003.863673,133.684542,132.930000,5514
1003.863774,170.597000,168.039958,5513
1003.920904,73.133959,72.547125,5515
1004.078836,64.300541,63.620958,5516
1004.157637,75.763625,74.972333,5517
1004.248076,66.901917,66.398792,5518
1004.359924,68.769750,68.209459,5519
1004.397182,49.293416,48.839875,5520
1004.432521,64.318041,63.484458,5521
1004.451990,41.526625,40.959625,5522
1004.491933,35.547167,34.951000,5523
1004.553697,39.236459,38.683167,5524
1004.656293,48.908708,48.232333,5525
1004.691390,45.538792,44.838792,5526
1004.722744,41.661084,41.024084,5527
1004.767930,42.903291,42.396667,5528
1004.887944,40.175917,39.471834,5529
1004.925978,33.903333,33.420333,5531
1004.949034,58.629375,57.989166,5530
1005.073085,58.619166,58.076959,5532
1005.123381,51.249333,50.585209,5533
1005.205353,46.752709,46.117167,5534
1005.241124,60.056500,59.392666,5535
1005.382916,35.169166,34.443500,5536
1005.549237,34.830833,34.161750,5537
1005.585696,25.629625,24.954125,5538
1005.722370,41.287751,40.675834,5539
1005.785133,42.564375,42.009042,5540
1005.884199,36.427416,35.959000,5541
1006.056585,42.143792,41.475000,5542
1006.186658,47.378041,46.837875,5543
1006.234437,53.351667,52.801292,5544
1006.292440,46.065833,45.598000,5545
1006.388704,40.929291,40.230750,5547
1006.402657,42.205334,41.640667,5548
1006.404700,69.213958,68.550417,5546
1006.539267,62.974334,62.444375,5549
1006.555072,40.623042,40.033000,5550
1006.711262,44.359583,43.916542,5551
1006.745136,64.036875,63.374209,5552
1006.885519,37.765000,37.186917,5553
1006.954943,36.914792,36.403791,5554
1007.047248,32.813667,32.118042,5555
1007.214090,33.013167,32.165875,5556
1007.381806,34.059666,33.630041,5557
1007.413917,62.518750,61.332541,5558
1007.556199,41.774833,41.125292,5560
1007.560133,53.615625,53.099375,5559
1007.717938,36.814459,36.193208,5561
1007.761411,75.770333,74.937042,5562
1007.775901,35.960167,35.409209,5563
1007.832758,50.838667,50.064000,5564
1007.873798,51.533125,50.981584,5565
1007.904644,56.873250,56.149625,5566
1007.982208,28.620083,28.274750,5568
1007.999920,78.518708,78.033958,5567
1008.056064,41.605667,40.984708,5569
1008.209144,28.042875,27.507375,5570
1008.266558,26.609042,26.084917,5571
1008.391180,43.409625,42.858958,5572
1008.428380,56.296333,55.605375,5573
1008.522284,45.671208,45.299917,5574
1008.560708,46.265917,45.568542,5575
1008.635167,71.976333,71.336417,5576
1008.746102,64.991791,64.518708,5577
1008.916975,69.110709,67.704292,5578
1008.987160,79.211125,78.409041,5579
1009.077290,62.717958,61.841500,5580
1009.254592,73.375167,72.805833,5581
1009.402194,54.397291,53.588208,5582
1009.422890,45.669458,45.210666,5583
1009.563854,49.382667,48.706000,5584
1009.705812,44.815750,44.255750,5585
1009.733735,52.597125,51.669916,5586
1009.757507,34.878667,34.337625,5587
1009.859863,33.427916,32.853625,5588
1009.894777,46.970292,46.239666,5589
1009.985780,36.837791,36.218292,5590
1010.014442,54.792500,54.104166,5591
1010.042043,27.592250,27.111000,5592
1010.223096,42.009333,41.473250,5593
1010.386402,50.091125,49.385000,5594
1010.396950,49.206791,48.605375,5595
1010.426841,31.777083,31.433500,5596
1010.463114,32.795292,32.139042,5597
1010.520071,45.790500,44.942042,5598
1010.546397,31.943042,31.345417,5599
1010.706216,25.130875,24.649334,5600
1010.796579,33.045833,32.374708,5601
1010.821309,56.048125,55.602167,5602
1010.901196,53.455500,52.570583,5603
1011.065503,51.062083,50.318333,5604
1011.223235,42.134750,41.686458,5605
1011.389153,41.381667,40.770042,5606
1011.479081,68.797167,68.226375,5607
1011.544599,30.154250,29.533291,5608
1011.586611,41.820917,41.370875,5609
1011.676675,53.892708,53.270875,5610
1011.699164,54.662125,53.811917,5611
1011.721976,40.858708,40.146167,5612
1011.767616,36.930542,36.097250,5613
1011.863085,39.573916,38.992333,5614
1011.893627,45.812375,45.169250,5615
1011.940168,41.103708,40.288791,5616
1012.088469,74.030833,73.338125,5617
1012.135457,48.641542,48.041292,5618
1012.180541,50.160834,49.573125,5619
1012.208322,27.188583,26.720167,5620
1012.296251,46.070792,45.380417,5621
1012.334748,28.350875,27.936125,5622
1012.384762,36.991791,36.546125,5623
1012.427448,32.719459,32.271458,5624
1012.518298,46.816292,46.046000,5625
1012.560537,46.094125,45.190542,5626
1012.566992,38.675000,38.252958,5627
1012.601412,25.197083,24.735667,5628
1012.711532,34.260917,33.782584,5629
1012.744415,63.299542,62.542375,5630
1012.814331,43.829917,43.157916,5631
1012.892376,39.285750,38.817333,5633
1012.901366,53.587916,53.088583,5632
1013.005909,36.502667,36.022875,5634
1013.050829,36.389208,35.921375,5635
1013.222173,41.047417,40.662125,5636
1013.373247,43.222375,42.776417,5637
1013.399475,51.695001,50.947167,5638
1013.572693,58.247292,57.800750,5639
1013.742662,61.560625,60.727625,5640
1013.945893,98.027416,97.123250,5641
1013.951421,97.912208,97.439125,5642
1014.080470,65.465458,64.803375,5643
1014.267068,83.655250,82.381542,5644
1014.300724,77.803833,77.317625,5645
1014.390721,42.945292,42.376250,5646
1014.562939,48.500375,47.702666,5647
1014.605241,49.202708,48.594292,5648
1014.729498,48.415500,47.895458,5649
1014.877271,29.504125,28.782250,5651
1014.904440,60.629333,60.060583,5650
1014.926148,46.305584,45.686375,5652
1014.966981,50.617875,49.887834,5653
1015.020116,52.831917,52.299042,5654
1015.058182,43.712083,43.219167,5655
1015.088486,56.876166,56.335708,5656
1015.207757,44.262458,43.629541,5657
1015.222776,53.874042,53.252791,5658
1015.247465,66.350666,65.574250,5659
1015.383793,35.987292,35.298375,5660
1015.555690,41.223875,40.760125,5661
1015.722364,41.253625,40.687792,5662
1015.808335,47.737083,47.259333,5663
1015.927350,79.573667,79.067334,5664
1016.056711,73.796333,73.271625,5665
1016.070306,55.879834,55.480834,5666
1016.115877,89.803584,89.140625,5667
1016.142310,41.205792,40.763334,5668
1016.218111,37.004334,36.465917,5669
1016.384308,36.518125,36.046208,5670
1016.566150,65.343250,64.842458,5671
1016.569601,55.153583,54.155792,5672
1016.595209,75.069750,74.473583,5673
1016.720601,39.464542,38.702417,5675
1016.735113,57.212458,56.521500,5674
1016.853475,47.508125,46.770209,5676
1016.907560,59.794292,59.041792,5677
1016.943474,45.789333,45.007375,5678
1017.029116,61.466125,60.765833,5679
1017.066673,52.245667,51.604875,5681
1017.078593,64.051167,63.515083,5682
1017.107644,105.432250,104.654083,5680
1017.123728,61.125459,60.620875,5683
1017.152268,85.651125,84.986708,5684
1017.212907,31.806833,31.326750,5685
1017.294997,86.136167,85.347500,5686
1017.376096,28.294875,27.689667,5687
1017.449560,45.950333,45.439917,5688
1017.555172,40.753125,40.312125,5689
1017.667977,53.036375,52.363500,5690
1017.721478,40.366666,39.878125,5692
1017.726816,55.766667,55.358625,5691
1017.830099,52.138625,51.522334,5693
1017.885316,41.619083,40.969834,5694
1017.894749,46.981375,46.344959,5695
1017.934531,41.189458,40.387959,5696
1018.063747,49.354958,48.985416,5697
1018.230426,49.350584,48.806041,5698
1018.275334,61.634125,61.142667,5699
1018.313412,48.932334,48.212501,5700
1018.331673,35.843208,35.066500,5701
1018.394833,47.080542,46.577125,5702
1018.397973,41.146292,40.588916,5703
1018.468377,36.003625,35.277667,5704
1018.542181,27.745958,27.260916,5705
1018.602153,80.581084,79.854542,5706
1018.735313,54.182625,53.562542,5707
1018.818164,71.604166,69.787375,5708
1018.939218,88.799084,88.037250,5710
1018.946671,98.500791,97.872833,5709
1019.087392,72.205000,71.452500,5711
1019.266840,85.606208,84.483583,5712
1019.334843,117.123125,116.440917,5713
1019.355307,96.565291,95.389000,5715
1019.370741,129.871583,127.254750,5714
1019.405424,93.310292,92.579667,5716
1019.411347,63.555333,62.962667,5717
1019.536551,51.922500,51.361042,5719
1019.546357,73.897250,73.276875,5718
1019.564852,50.407292,49.734125,5721
1019.611151,100.232708,99.491583,5720
1019.676779,36.527458,36.068667,5722
1019.713218,32.128542,31.690750,5724
1019.738166,59.749084,59.118209,5723
1019.749371,32.050375,31.553375,5725
1019.887376,39.577708,39.008667,5726
1020.068141,53.673083,53.071667,5727
1020.094605,54.557708,53.669292,5729
1020.096088,61.529125,60.822125,5728
1020.172102,55.434459,54.749917,5730
1020.223924,42.843500,42.443625,5731
1020.292565,77.209708,76.381375,5732
1020.306128,28.045791,27.689667,5733
1020.389019,41.253626,40.751083,5734
1020.439590,44.123041,43.812125,5735
1020.482471,35.147875,34.685291,5736
1020.553099,38.658666,38.058416,5737
1020.600836,77.181125,76.419000,5738
1020.609626,77.792458,77.065625,5739
1020.621391,77.514208,76.747125,5740
1020.718346,37.264500,36.717333,5741
1020.760967,38.364959,37.576875,5743
1020.778485,58.352291,57.803666,5742
1020.816300,66.650208,65.992792,5744
1020.890651,54.595333,54.205083,5745
1020.912326,64.549625,63.797708,5746
1020.916876,52.626875,51.941750,5747
1020.978172,63.266583,62.463333,5748
1021.044461,59.041209,58.439209,5749
1021.071939,56.982625,51.968875,5751
1021.096877,82.460292,81.687667,5750
1021.104552,59.135417,58.517667,5752
1021.150696,51.483542,50.920917,5753
1021.228446,47.351208,46.975250,5754
1021.324081,67.384916,66.737709,5755
1021.357991,45.052292,44.534583,5756
1021.415789,67.992458,67.239958,5757
1021.463064,46.036667,45.507583,5758
1021.529738,56.425250,55.910459,5759
1021.539763,45.830750,45.486875,5760
1021.585970,71.584333,71.027250,5761
1021.627296,33.820500,33.166000,5762
1021.712823,31.746458,31.236625,5763
1021.883555,61.684875,60.937916,5764
1021.886311,38.552792,37.815167,5765
1021.944054,52.885583,52.457708,5767
1021.951489,75.696542,75.007916,5766
1021.977113,64.769250,64.078584,5768
1022.001261,86.142584,85.047667,5769
1022.020286,57.290042,56.663833,5770
1022.065294,50.867542,50.432375,5771
1022.094151,53.833500,53.123584,5773
1022.094445,57.774792,57.311625,5772
1022.147013,53.149542,52.401125,5774
1022.205661,67.540083,66.981250,5775
1022.229256,48.147459,47.449500,5776
1022.345900,51.809625,51.269750,5777
1022.380405,53.608625,52.867791,5778
1022.388832,41.066958,40.627708,5779
1022.560617,46.225667,45.708833,5780
1022.629561,31.827250,31.377209,5781
1022.728177,47.073250,46.790917,5782
1022.779370,39.652667,39.131167,5783
1022.790503,46.281958,45.803625,5784
1022.856708,34.903750,34.531583,5785
1022.912396,64.607083,63.797417,5786
1022.919675,35.012834,34.556083,5787
1023.046257,49.699125,49.242667,5788
1023.077027,62.548208,62.105459,5790
1023.082840,83.316917,82.649584,5789
1023.101885,38.020792,37.382916,5791
1023.221982,40.880291,40.419458,5792
1023.252670,47.197500,46.440042,5793
1023.276843,51.569292,51.044292,5794
1023.356362,31.680250,31.236625,5795
1023.439172,91.357291,90.723791,5796
1023.446907,62.209291,61.785500,5797
1023.450260,56.444209,55.913083,5798
1023.500978,95.469500,94.797209,5799
1023.555342,149.424625,148.686416,5800
1023.562807,67.243166,66.406666,5803
1023.571956,57.507042,56.913208,5804
1023.615625,185.383334,184.774625,5801
1023.652309,222.062750,221.400083,5802
1023.679356,131.262250,130.697292,5805
1023.753533,72.398375,71.768958,5806
1023.851346,135.937083,135.533125,5807
1023.853329,125.773958,123.303250,5808
1023.886412,116.797334,116.061459,5809
1024.010622,178.531792,176.436750,5810
1024.011332,131.232208,130.086250,5813
1024.012911,138.264000,137.579167,5812
1024.129735,115.304292,114.622375,5817
1024.143579,295.421875,293.754417,5811
1024.186294,127.198750,126.810834,5818
1024.262504,363.289500,362.574041,5814
1024.311792,130.684458,130.113375,5821
1024.311896,110.967500,110.156375,5822
1024.383482,458.782916,454.667791,5815
1024.441989,122.277166,121.310292,5823
1024.457674,109.866750,109.026166,5824
1024.483757,486.548416,484.222083,5816
1024.582617,497.025375,496.222125,5819
1024.585347,70.649542,69.778042,5829
1024.616210,147.395209,105.852250,5828
1024.661169,537.060126,536.509167,5820
1024.709743,356.909292,356.034000,5825
1024.731083,64.158208,63.339500,5831
1024.741153,59.997000,59.384500,5832
1024.784729,409.934875,409.023708,5826
1024.817236,54.563542,54.087541,5834
1024.885249,61.657167,61.248250,5837
1024.887660,90.216000,89.543417,5835
1024.892240,483.152251,442.134875,5827
1024.924772,381.504667,381.065709,5830
1024.977126,271.838875,271.088125,5833
1024.978161,90.463625,49.124833,5841
1025.003904,199.405792,198.812250,5836
1025.006244,120.972250,80.516916,5840
1025.035498,188.299125,187.683416,5838
1025.114205,266.452666,225.636250,5839
1025.124318,109.864125,68.558000,5844
1025.151193,258.845416,217.907375,5842
1025.187145,262.350667,221.387250,5843
1025.206996,35.177625,34.655834,5845
1025.248207,67.061458,66.428834,5846
1025.306689,64.059625,63.393459,5847
1025.317420,49.471042,48.840751,5848
1025.345410,43.298209,42.613958,5849
1025.403763,33.871250,33.438708,5851
1025.413120,65.367166,64.757875,5850
1025.558669,44.217834,43.648500,5852
1025.635354,26.185542,25.491083,5853
1025.660834,38.160792,37.530208,5854
1025.746169,65.090666,64.545250,5855
1025.774032,44.089792,43.438500,5856
1025.887891,40.119041,39.537458,5857
1025.904857,54.929000,54.453875,5858
1025.971207,47.642291,46.983708,5859
1026.049637,53.299459,52.880625,5860
1026.078079,75.780250,75.073542,5861
1026.081858,67.418750,66.817333,5862
1026.105366,74.123000,73.600333,5863
1026.156512,122.031875,121.307083,5864
1026.184695,58.727083,58.148417,5866
1026.208103,51.944083,51.360750,5867
1026.217885,172.287791,171.650208,5865
1026.247965,68.645792,67.905541,5868
1026.289441,108.336666,107.696458,5869
1026.375364,27.592833,27.135500,5870
1026.466180,47.515708,46.924209,5871
1026.512400,50.892042,50.186792,5872
1026.513544,46.461333,46.144000,5873
1026.581606,55.202000,54.488000,5875
1026.583921,69.449333,68.996083,5874
1026.602840,49.810833,49.414750,5876
1026.673808,53.397458,52.734792,5877
1026.727933,46.842542,46.470084,5878
1026.763795,44.618000,43.830209,5879
1026.806373,44.523791,43.628084,5880
1026.811505,44.965667,44.406250,5881
1026.889163,44.359583,43.739500,5882
1026.916732,68.946791,68.345083,5883
1026.934197,81.459000,80.649041,5884
1026.943156,75.431416,74.855958,5885
1027.050200,35.755417,35.298375,5886
1027.089407,59.226125,58.553250,5887
1027.107059,39.739875,39.266208,5888
1027.209970,55.425125,55.004542,5889
1027.225947,44.835875,44.319917,5891
1027.248886,77.147000,76.386917,5890
1027.294366,61.934833,61.536125,5892
1027.313970,37.382625,36.834000,5893
1027.378615,63.145250,62.573001,5894
1027.397451,58.877000,58.218709,5896
1027.398761,74.171125,73.683750,5895
1027.455441,107.672250,107.098542,5897
1027.562249,47.817583,47.222000,5899
1027.575532,76.463917,71.245125,5898
1027.590081,60.854209,59.965792,5900
1027.626694,76.324500,75.542542,5901
1027.656577,47.889917,47.377750,5902
1027.661568,46.533667,45.705042,5903
1027.739237,58.152791,57.512875,5904
1027.756903,52.664500,52.071834,5906
1027.763141,66.600041,65.956333,5905
1027.893540,45.759875,45.258208,5907
1028.055815,41.372041,40.905666,5908
1028.157346,53.192125,52.476083,5911
1028.163452,63.635834,63.314125,5910
1028.168433,69.558709,68.913250,5909
1028.220157,39.031417,38.428834,5912
1028.246377,52.549875,51.859792,5913
1028.296705,41.447875,40.989375,5914
1028.358242,49.354666,48.823250,5915
1028.362791,47.751084,47.169209,5916
1028.395464,47.717542,47.205375,5917
1028.432118,52.111792,51.590584,5918
1028.446183,52.782333,52.175666,5919
1028.490721,64.477875,63.838250,5920
1028.498730,41.715041,41.166416,5921
1028.509156,44.984042,44.378250,5922
1028.577631,55.550542,54.695375,5924
1028.583822,69.429792,68.795125,5923
1028.590566,58.323417,57.807458,5925
1028.637391,94.998750,94.277750,5926
1028.682430,133.083125,132.382833,5927
1028.705354,67.242583,66.441084,5930
1028.729704,121.461666,120.713834,5929
1028.794565,223.639500,220.668875,5928
1028.847413,142.206751,100.065001,5935
1028.893165,254.854250,254.177583,5931
1028.956766,118.404125,116.802875,5936
1028.962856,114.475958,112.655958,5937
1028.995829,350.985250,350.225167,5932
1029.087928,407.930250,407.091417,5933
1029.115613,100.808166,99.496834,5940
1029.199358,518.287583,517.668375,5934
1029.254453,155.157625,154.311500,5941
1029.273331,143.151166,142.407125,5942
1029.304693,446.113208,444.503209,5938
1029.441690,122.070958,120.974583,5947
1029.458768,138.001792,137.166167,5948
1029.467819,607.058958,563.837167,5939
1029.543020,397.648125,394.066751,5943
1029.588282,146.549959,104.904625,5950
1029.590601,438.850417,438.168792,5944
1029.601276,142.465750,99.273417,5951
1029.638493,478.750417,478.019792,5945
1029.719286,519.887667,478.105834,5946
1029.719329,370.989501,370.317500,5949
1029.731313,50.189417,49.675208,5954
1029.796601,51.066750,50.505875,5955
1029.816790,63.245875,62.654083,5956
1029.827194,358.753209,316.524834,5952
1029.872172,329.132708,288.378125,5953
1029.906703,58.946709,58.287833,5958
1029.920658,47.489459,46.999458,5959
1029.926132,141.304917,140.585666,5957
1029.975348,83.558417,82.921125,5960
1030.002539,55.805458,55.366208,5962
1030.033851,141.058750,140.564083,5961
1030.062916,80.167208,79.522625,5963
1030.076075,61.645500,60.947542,5965
1030.081103,95.540958,93.991917,5964
1030.197887,48.269083,47.970709,5966
1030.219861,38.721958,38.180625,5967
1030.310756,49.617750,49.065333,5969
1030.322976,71.089667,70.624750,5968
1030.337652,73.571459,72.971500,5970
1030.357841,43.139834,42.568459,5971
1030.418612,51.789792,51.189541,5973
1030.434534,86.734375,86.158625,5972
1030.452302,78.684667,77.972417,5974
1030.502520,115.278042,108.599750,5975
1030.536689,121.559958,120.810958,5976
1030.553994,86.451750,85.668333,5978
1030.558671,89.174750,88.532792,5979
1030.600505,184.389333,183.847709,5977
1030.643325,132.611500,131.878250,5980
1030.655615,79.147250,78.404083,5983
1030.660777,80.522750,79.887208,5984
1030.692900,178.460041,177.814875,5981
1030.756777,219.259250,218.491292,5982
1030.760784,31.867208,31.336667,5989
1030.764261,83.158833,42.242958,5988
1030.798750,194.618375,194.008208,5985
1030.834273,35.750458,34.864666,5990
1030.851677,225.468250,224.539583,5986
1030.884133,240.986375,240.281417,5987
1030.912532,64.766042,64.179208,5991
1030.959063,38.841250,38.147959,5992
1031.010568,42.402500,41.891500,5993
1031.060716,46.274667,45.813541,5994
1031.083603,49.248792,48.710083,5995
1031.153059,74.932667,74.381416,5996
1031.192514,67.982250,67.360417,5997
1031.199709,69.576792,68.796875,5998
1031.217191,78.320667,77.622708,5999
1031.253912,61.841792,61.174458,6001
1031.273230,49.037042,47.982958,6003
1031.279666,98.561750,98.001459,6000
1031.320562,126.523250,125.938750,6002
1031.399577,51.794458,51.414416,6004
1031.412197,57.491000,55.920083,6006
1031.428423,75.061000,74.330666,6005
1031.441439,46.089458,45.671208,6007
1031.487373,55.371167,54.738250,6008
1031.510779,48.883625,48.272584,6009
1031.527804,49.897750,49.203292,6010
1031.556648,42.199792,41.558125,6011
1031.653381,52.941875,52.324125,6012
1031.692635,51.403625,50.739500,6013
1031.719620,61.073833,60.288958,6014
1031.745179,31.852334,31.183834,6016
1031.751794,70.720125,69.956250,6015
1031.901913,75.101250,74.397458,6017
1031.902211,54.457667,53.908750,6018
1031.922390,48.392750,47.761875,6019
1032.048502,34.083291,33.519500,6020
1032.118947,48.109541,47.488000,6021
1032.121974,30.555875,30.092708,6022
1032.221404,40.274500,39.778958,6023
1032.282854,69.320709,68.550417,6024
1032.337601,53.332125,52.665083,6025
1032.393150,45.364375,44.657958,6026
1032.427510,36.220625,35.494959,6027
1032.472492,54.665916,53.907875,6028
1032.550275,35.827750,35.290500,6030
1032.555246,70.187833,69.678583,6029
1032.622941,54.606125,54.189625,6031
1032.706834,59.567958,58.952250,6032
1032.718693,37.578917,36.897583,6033
1032.789065,52.135417,50.803375,6036
1032.799701,64.563916,63.805875,6035
1032.800375,73.140375,72.673417,6034
1032.847750,91.937417,91.209125,6037
1032.888349,40.566458,40.077917,6038
1032.932555,73.308083,72.555875,6039
1032.987991,38.704458,38.028084,6041
1033.004827,59.332584,58.805833,6040
1033.075764,42.621250,41.830834,6043
1033.084811,70.399584,70.008166,6042
1033.120591,53.885708,53.229458,6044
1033.130272,36.596291,36.068083,6045
1033.198553,62.566875,61.986167,6046
1033.220367,39.281083,38.749666,6047
1033.387459,39.730833,39.134083,6049
1033.390384,58.321958,57.834000,6048
1033.475817,74.207875,73.708542,6050
1033.537994,42.477458,42.079917,6051
1033.568432,53.982833,53.506834,6052
1033.598140,59.678208,59.134250,6053
1033.680216,50.003917,49.306542,6054
1033.724120,76.783875,76.048583,6055
1033.782215,110.794542,109.972916,6056
1033.792607,111.537417,110.989083,6057
1033.843458,115.901333,115.294666,6060
1033.889384,205.037292,203.717500,6058
1033.958319,110.550125,109.922458,6062
1033.979170,123.024417,120.615250,6063
1034.012516,295.032792,292.933959,6059
1034.090972,117.741750,116.862958,6066
1034.134243,119.732666,119.149042,6067
1034.141232,396.898833,394.991334,6061
1034.266341,125.806917,125.171083,6071
1034.269419,363.069000,361.400375,6064
1034.277791,150.930500,149.755375,6070
1034.394040,447.723500,444.252084,6065
1034.438326,160.493959,119.013709,6076
1034.446255,179.877542,139.121501,6074
1034.486520,462.629708,461.072500,6068
1034.580877,549.667708,549.096334,6069
1034.610262,163.989875,123.112792,6079
1034.620248,181.876042,139.745666,6078
1034.660264,79.367750,38.425042,6081
1034.703291,93.003750,51.619750,6082
1034.718211,553.720125,512.271083,6072
1034.732329,112.040542,71.089084,6083
1034.779351,75.484500,33.890209,6085
1034.806319,125.212791,84.472500,6084
1034.819404,44.926292,44.256625,6086
1034.824092,653.762376,611.423167,6073
1034.889262,619.821417,576.536626,6075
1034.889525,41.764042,41.123250,6087
1034.940129,546.066208,505.509083,6077
1035.020241,533.705084,487.722375,6080
1035.051803,49.578083,49.063292,6088
1035.055066,40.612250,40.109708,6089
1035.224456,43.330000,42.659458,6090
1035.395451,47.682250,47.148208,6091
1035.481264,42.445083,41.869042,6092
1035.556229,41.793500,41.264416,6093
1035.690562,36.659875,35.890750,6094
1035.720014,38.916500,38.331125,6095
1035.744124,43.444041,42.642541,6096
1035.821169,57.610000,56.858083,6098
1035.830332,71.651708,71.219751,6097
1035.836672,68.706458,67.917500,6099
1035.891486,119.961042,119.096250,6100
1035.899896,52.137458,51.499291,6102
1035.926498,141.458041,140.904750,6101
1035.942981,70.678709,70.064166,6103
1036.031599,40.023667,39.634584,6104
1036.081697,67.254833,66.558042,6105
1036.108170,42.784000,42.213208,6106
1036.171644,79.451750,78.774208,6107
1036.229230,48.116833,47.586584,6108
1036.288146,31.729833,31.272792,6109
1036.336558,44.291041,43.577625,6110
1036.377300,44.193333,43.701000,6111
1036.389898,42.114042,41.419000,6112
1036.452080,24.775041,24.463542,6113
1036.502111,41.345500,40.802126,6114
1036.579294,64.792292,63.775834,6116
1036.579573,68.708792,68.267500,6115
1036.586452,61.542250,60.895041,6117
1036.725296,44.195083,43.748250,6118
1036.753706,65.850750,65.341791,6119
1036.757291,31.100417,30.702875,6120
1036.862309,59.978333,59.420667,6121
1036.930317,82.568500,81.984584,6122
1037.041023,49.426709,48.857667,6123
1037.068015,53.563708,53.015375,6125
1037.080122,84.522375,83.699875,6124
1037.166535,42.502542,42.137375,6126
1037.186623,47.243876,46.699626,6127
1037.243678,41.515250,40.954959,6129
1037.258380,77.292833,76.729625,6128
1037.280957,28.331625,27.595750,6130
1037.390104,42.320250,41.843375,6131
1037.416852,50.180375,49.836791,6133
1037.441849,75.552458,74.858292,6132
1037.539460,35.440125,34.927375,6134
1037.576124,61.684000,60.924500,6135
1037.585191,36.735708,36.402042,6136
1037.623888,43.369958,42.598208,6137
1037.685415,45.101583,44.694125,6138
1037.704535,53.223334,52.533250,6139
1037.734418,53.284000,52.695416,6140
1037.900093,40.872709,40.250292,6142
1037.905706,57.932875,57.428000,6141
1037.925348,45.708250,45.095750,6143
1038.058531,44.083375,43.369959,6144
1038.135841,32.933541,32.341458,6146
1038.141313,67.570708,66.854375,6145
1038.197984,43.883875,43.230541,6147
1038.217737,36.631000,36.229375,6148
1038.384175,36.376958,35.857500,6149
1038.459571,42.645458,42.070584,6150
1038.491735,66.176250,65.408000,6151
1038.497448,59.217666,58.659709,6152
1038.539400,24.958208,24.487167,6153
1038.609065,43.374625,42.669958,6154
1038.670091,39.471250,38.938375,6155
1038.747539,66.425042,65.761792,6156
1038.798842,93.968875,93.217834,6157
1038.838144,87.775041,87.024292,6158
1038.925823,77.986125,77.376250,6159
1039.101242,104.511458,103.399625,6160
1039.106425,91.047542,90.112167,6161
1039.167383,74.346709,73.932250,6162
1039.271875,102.139917,100.305334,6163
1039.282562,101.229333,98.360208,6164
1039.354547,115.476958,114.763542,6165
1039.421971,111.154750,109.634875,6166
1039.436956,111.572125,110.423250,6167
1039.469839,124.527083,123.800833,6168
1039.485506,90.175167,89.417125,6171
1039.510672,161.466083,158.702542,6169
1039.526861,37.860958,37.264209,6174
1039.557175,42.718666,42.011959,6175
1039.583830,231.965125,231.416500,6170
1039.624648,219.982292,219.214042,6172
1039.652807,34.274334,33.643459,6176
1039.688438,275.228917,274.494500,6173
1039.728317,47.212667,46.796750,6177
1039.768132,61.704708,61.081708,6178
1039.829621,46.930041,46.588792,6179
1039.888939,41.164666,40.723667,6180
1039.919483,58.702291,57.998500,6181
1039.968850,25.047167,24.544917,6182
1040.012172,52.689875,51.881958,6183
1040.050872,36.408167,36.019375,6184
1040.080167,52.267834,51.547708,6185
1040.219436,38.356792,37.853083,6186
1040.393594,45.846791,45.324709,6187
1040.480232,42.398125,41.797583,6188
1040.537145,41.647375,41.079208,6189
1040.568102,53.627000,52.922333,6190
1040.579504,36.396500,35.932750,6191
1040.627064,36.137792,35.728292,6193
1040.628166,58.196250,57.619333,6192
1040.700731,58.744875,58.116625,6195
1040.706097,74.199417,73.454792,6194
1040.720664,65.038458,64.376375,6196
1040.753332,72.256917,71.633042,6197
1040.888949,41.187708,40.506667,6198
1040.920634,52.981250,52.432917,6199
1040.936167,45.047917,44.492583,6200
1041.060525,46.100833,45.577292,6202
1041.069601,55.977250,55.464208,6201
1041.108453,61.251750,60.693208,6203
1041.220476,39.376459,38.746458,6204
1041.253124,43.346625,42.520625,6205
1041.375432,27.642709,27.150667,6206
1041.440736,70.382667,69.779500,6207
1041.503413,43.727541,43.204292,6208
1041.526164,54.175041,53.547667,6209
1041.544344,67.770500,67.206417,6210
1041.595534,81.128833,80.343958,6211
1041.766510,85.404667,84.835917,6212
1041.839325,32.075167,31.566500,6214
1041.879148,82.356458,81.815125,6213
1041.920111,85.347208,84.503416,6215
1041.929529,81.805500,81.278458,6216
1041.933060,65.137042,64.392417,6217
1042.011580,42.173833,41.572708,6218
1042.028385,53.657041,53.017416,6219
1042.061385,46.964750,46.331250,6220
1042.076847,61.176500,60.041625,6221
1042.158297,41.253042,40.593584,6222
1042.210722,29.644416,29.296750,6223
1042.275380,41.097583,40.608750,6224
1042.327745,41.230583,40.775875,6225
1042.395787,47.992875,47.278292,6226
1042.444819,46.983125,46.449959,6227
1042.495619,46.095584,45.598875,6228
1042.555777,41.342292,40.735041,6229
1042.652413,27.508250,27.003375,6230
1042.712442,31.345709,30.731750,6231
1042.899189,51.419375,50.626625,6232
1042.910436,25.650334,25.084500,6233
1042.971824,33.453000,33.053708,6234
1043.005617,36.215084,35.516542,6235
1043.050963,36.532417,36.147417,6236
1043.124815,40.938625,40.289666,6238
1043.133496,56.335416,55.786208,6237
1043.208408,54.994042,54.466709,6239
1043.233953,52.831333,52.258791,6240
1043.268364,66.560666,65.976750,6241
1043.387269,39.513250,38.961417,6242
1043.454169,65.385834,65.018334,6243
1043.468262,51.234458,50.575875,6244
1043.487439,50.647334,50.102209,6245
1043.561148,46.711292,46.237333,6246
1043.758218,77.135916,76.039250,6247
1043.926776,78.918292,78.054667,6248
1044.060218,106.628083,105.807625,6249
1044.061854,104.253625,103.750792,6250
1044.139282,124.068000,123.463083,6251
1044.165312,99.985959,99.267001,6252
1044.206736,86.029417,84.473375,6253
1044.263613,82.509291,81.701958,6254
1044.353633,74.817750,74.362167,6255
1044.406210,58.439791,57.820583,6256
1044.498583,49.973875,49.480667,6257
1044.556634,40.406334,39.991292,6259
1044.565461,51.025042,50.459208,6258
1044.622031,55.307583,54.751083,6260
1044.649226,24.912709,24.448375,6261
1044.724133,43.007417,42.277666,6262
1044.832900,31.501458,31.147083,6263
1044.885799,38.056959,37.561125,6264
1044.910620,37.316125,36.717041,6265
1045.054686,40.246792,39.593750,6266
1045.170654,35.837667,35.301875,6267
1045.221523,40.396708,39.725583,6268
1045.300072,36.427416,35.857792,6269
1045.322490,51.618292,50.947166,6270
1045.403814,56.020417,55.308458,6271
1045.437823,42.452083,42.037625,6272
1045.470206,30.181666,29.808917,6273
1045.551164,36.719667,36.129042,6274
1045.658117,26.463208,26.073834,6275
1045.708259,27.175167,26.642875,6276
1045.872678,24.931375,24.448083,6277
1046.047228,33.100375,32.508292,6278
1046.069610,55.175750,54.915292,6279
1046.208670,27.584667,27.286000,6280
1046.393777,46.003125,45.479000,6281
1046.535279,52.209208,51.532250,6282
1046.553447,58.919875,58.096208,6283
1046.563055,48.670709,48.237875,6284
1046.604439,38.673542,38.316542,6285
1046.663346,39.529875,39.052125,6286
1046.726499,45.411625,44.849584,6287
1046.872924,25.134375,24.627750,6288
1046.989876,36.312500,35.689500,6289
1047.078339,28.607250,27.928833,6291
1047.081329,66.897250,66.398500,6290
1047.211335,44.166208,43.630417,6292
1047.224358,43.248625,42.662959,6293
1047.389240,41.458958,41.085333,6294
1047.535732,28.228375,27.759958,6295
1047.580308,65.835875,65.069375,6296
1047.581572,35.647500,35.291083,6297
1047.726950,45.842708,45.252666,6298
1047.841918,42.263375,41.660500,6299
1047.890385,42.609291,41.840458,6300
1047.959946,46.517042,45.927291,6301
1047.965318,40.704708,40.105916,6302
1048.064170,49.748416,49.277667,6303
1048.108943,65.479459,64.743583,6304
1048.220157,39.032583,38.379250,6305
1048.298816,28.345042,27.843958,6306
1048.356900,46.373250,45.576709,6307
1048.387172,45.048792,44.425209,6308
1048.408037,60.237041,59.366417,6309
1048.565349,50.901083,50.544958,6310
1048.572865,53.440042,52.773292,6311
1048.599607,79.669917,79.116042,6312
1048.749926,68.816708,68.260208,6313
1048.908670,80.250916,79.653584,6314
1048.962757,108.759583,107.054500,6316
1048.966308,118.486666,117.635584,6315
1049.101588,87.103917,86.436583,6317
1049.119374,91.755417,90.892084,6318
1049.184639,75.018125,74.431000,6319
1049.260251,94.578458,93.730000,6320
1049.266742,85.496542,84.123375,6321
1049.401644,53.819792,53.015375,6323
1049.404205,63.476875,62.594000,6322
1049.514744,65.185167,64.680583,6324
1049.555569,41.120625,40.646084,6325
1049.667358,59.685500,59.264625,6326
1049.749958,68.858708,68.308334,6327
1049.759138,33.091042,32.572459,6328
1049.874555,26.765958,26.362000,6329
1050.050860,36.414584,35.928667,6330
1050.226748,45.615500,45.144167,6331
1050.386493,38.693958,37.961875,6332
1050.541745,27.281041,26.805917,6333
1050.727581,46.454042,45.758417,6334
1050.886800,39.046583,38.738291,6335
1051.058893,44.476250,44.173209,6336
1051.110320,56.653916,56.151667,6337
1051.221836,40.737958,40.325542,6338
1051.375967,28.190459,27.472958,6339
1051.451886,27.893541,27.351625,6340
1051.551152,36.714416,36.201375,6341
1051.719417,38.308958,37.627333,6342
1051.873151,56.312667,55.771917,6343
1051.897110,49.309167,48.605375,6344
1051.988598,36.192041,35.739375,6345
1052.040555,26.086667,25.477084,6346
1052.165679,39.919250,39.246083,6347
1052.210516,55.023208,54.308042,6348
1052.240141,59.029542,58.401875,6349
1052.391618,43.845958,43.477292,6350
1052.494218,36.778000,36.005083,6351
1052.561765,47.316792,46.901167,6352
1052.718314,60.708083,59.916792,6353
1052.745321,64.176583,63.634375,6354
1052.760155,37.009292,36.563625,6356
1052.791964,83.505625,83.007750,6355
1052.823418,42.148166,41.474416,6357
1052.885146,37.367167,36.768375,6358
1052.902170,47.451250,46.697584,6359
1053.046342,31.874500,31.417167,6360
1053.223039,41.955666,41.564542,6361
1053.376713,28.942375,28.478625,6362
1053.543230,28.814917,28.301875,6363
1053.751394,70.289333,69.598667,6364
1053.841736,61.066834,60.278750,6365
1053.921773,73.909500,73.152917,6366
1054.092607,78.103667,77.326666,6367
1054.256982,75.881167,74.864708,6368
1054.395543,49.583917,48.848625,6369
1054.402760,55.006875,54.427917,6370
1054.546360,31.880625,31.475792,6372
1054.596895,82.425875,81.756792,6371
1054.692211,37.656500,37.103792,6373
1054.729152,48.033709,47.379208,6374
1054.786614,39.408541,39.050083,6375
1054.833605,71.932875,71.313958,6376
1054.882885,35.105291,34.535084,6377
1054.911401,36.216250,35.671125,6378
1055.055493,41.031375,40.577250,6379
1055.223897,42.818708,42.155167,6381
1055.229904,55.186250,54.676709,6380
1055.389755,41.976667,41.526917,6383
1055.412691,74.417000,73.770083,6382
1055.420731,51.935334,51.256333,6384
1055.478857,104.444084,103.754584,6385
1055.554248,39.805208,39.124166,6386
1055.626445,37.130625,36.618750,6387
1055.724587,43.479917,42.793917,6388
1055.901953,54.158417,53.366250,6389
1055.928337,34.734000,34.240500,6391
1055.954276,64.449000,63.732375,6390
1056.015345,40.567625,40.224917,6392
1056.049941,35.493209,34.976376,6393
1056.229972,48.854167,48.244000,6394
1056.384610,36.860542,36.402333,6395
1056.438872,36.492750,36.120583,6396
1056.563143,48.742167,48.197917,6397
1056.665722,49.502833,48.982792,6398
1056.730160,49.077292,48.607125,6399
1056.765269,47.056334,46.458417,6400
1056.860107,44.875542,44.223959,6401
1056.901732,53.946959,53.360125,6402
1056.961314,35.214667,34.532167,6403
1057.016581,62.676834,61.890500,6404
1057.056692,42.242375,41.680625,6405
1057.218529,37.418209,36.953583,6406
1057.331246,36.348666,35.818708,6407
1057.403974,56.177333,55.661375,6408
1057.421160,58.980542,56.543958,6410
1057.423416,65.306208,64.741250,6409
1057.507299,37.183125,36.530958,6411
1057.549342,34.899083,34.625500,6412
1057.694726,65.256042,64.739500,6413
1057.750772,69.711541,69.020000,6414
1057.801588,48.359208,47.684292,6415
1057.884330,36.573541,36.108625,6416
1057.973185,46.620875,46.067292,6417
1058.018603,60.173750,59.506417,6418
1058.076554,71.967292,71.251542,6419
1058.081131,66.633000,65.853083,6420
1058.094135,58.616250,57.717333,6421
1058.235873,54.770625,53.987209,6422
1058.242524,55.123833,54.372209,6423
1058.260470,48.638917,47.859583,6424
1058.363149,44.800583,44.267125,6425
1058.404415,56.660625,56.184625,6426
1058.562522,48.085042,47.471666,6427
1058.772162,91.037333,90.351917,6428
1058.822657,116.545625,115.889958,6429
1058.826172,109.753000,109.091500,6430
1058.916835,81.183375,77.895417,6431
1058.931447,83.561333,82.233083,6432
1059.080179,65.610125,64.376958,6433
1059.209260,95.296250,93.692084,6434
1059.239765,120.447542,119.474833,6435
1059.278534,97.368834,96.365791,6436
1059.405879,57.999959,56.936250,6437
1059.466054,35.623000,35.144959,6438
1059.553530,39.096167,38.436126,6439
1059.714116,33.034167,32.559625,6440
1059.852094,48.582917,47.895750,6441
1059.891473,43.719375,43.166083,6442
1060.071924,57.491875,56.804416,6443
1060.083407,41.649416,41.102833,6444
1060.188854,30.180792,29.695458,6445
1060.220046,38.920583,38.274542,6446
1060.339577,60.605708,60.092375,6447
1060.394980,47.234834,46.776917,6448
1060.525595,75.199541,74.680375,6449
1060.556139,41.694041,41.036333,6450
1060.728406,47.301042,46.756792,6451
1060.768689,63.975042,63.223709,6452
1060.826199,36.349542,35.573125,6453
1060.857127,51.494917,50.789375,6454
1060.896400,48.638334,48.105458,6455
1061.068463,54.000625,53.403875,6456
1061.260139,79.026792,78.465917,6457
1061.399620,51.846375,51.125375,6458
1061.539769,25.305875,24.824334,6459
1061.592069,57.539125,56.700000,6460
1061.717369,36.265834,35.564083,6461
1061.789891,35.045208,34.553167,6462
1061.909104,61.334000,60.566333,6463
1062.059076,43.527167,42.884042,6465
1062.068513,54.067708,53.568959,6464
1062.255607,74.503042,74.001958,6466
1062.424323,76.554042,76.143083,6467
1062.581048,66.609084,65.864750,6468
1062.665113,33.856667,33.323791,6469
1062.699182,56.849333,56.327541,6470
1062.725323,44.238542,43.775666,6471
1062.781235,45.838041,45.284458,6472
1062.855366,54.998708,54.507250,6473
1062.855403,32.368583,31.820834,6474
1062.919285,71.541459,70.842334,6475
1063.057157,42.690667,42.015750,6477
1063.058475,49.811125,49.238584,6476
1063.168131,45.688125,45.048500,6478
1063.227121,43.675041,43.006833,6480
1063.227204,46.105500,45.611125,6479
1063.332836,37.850750,37.173792,6481
1063.388784,41.012125,40.505792,6482
1063.445596,48.178958,47.513375,6483
1063.550907,36.446375,35.938292,6484
1063.681255,42.106167,41.554333,6485
1063.752071,70.947042,70.380917,6486
1063.818607,91.931000,91.207666,6487
1063.876047,82.089000,81.142250,6488
1063.949232,101.476084,101.007083,6489
1063.984036,108.060458,107.254875,6490
1064.042305,119.021875,114.888375,6491
1064.100333,133.076417,131.679916,6493
1064.106938,141.538250,139.874000,6492
1064.193404,132.792333,132.330042,6496
1064.206369,215.404291,214.825334,6494
1064.252590,115.231666,114.512708,6497
1064.284035,269.202209,266.868875,6495
1064.372572,190.289750,188.400333,6498
1064.414301,108.109459,107.390791,6499
1064.445370,97.516709,96.627709,6500
1064.542969,33.598250,33.001208,6501
1064.565647,51.214916,50.560125,6502
1064.746427,65.328667,64.612042,6503
1064.887360,39.570708,38.808292,6504
1064.947496,28.144084,27.518167,6505
1065.013620,50.794917,50.318917,6506
1065.018621,29.901667,29.301417,6507
1065.053939,39.500417,38.861667,6508
1065.244677,63.592667,63.064750,6509
1065.355195,47.048750,46.168791,6511
1065.355711,63.415917,63.057167,6510
1065.385346,37.566959,36.911292,6512
1065.434444,43.411083,42.755708,6513
1065.564814,50.398250,49.945583,6514
1065.720212,39.109292,38.574667,6515
1065.891311,43.537667,42.735875,6516
1066.055322,40.883792,40.357334,6517
1066.110205,43.011792,42.365458,6518
1066.193506,75.446292,74.867333,6519
1066.220049,38.964916,38.460042,6520
1066.297996,52.047916,51.550916,6521
1066.402245,54.501709,53.709542,6522
1066.564367,49.954042,49.448583,6523
1066.698282,40.449209,39.849250,6524
1066.746621,65.476250,64.715292,6525
1066.807377,45.904250,45.452458,6526
1066.906262,58.517084,57.872792,6527
1067.066680,52.239250,51.720084,6528
1067.228581,57.641792,56.935375,6529
1067.241141,59.402001,58.617709,6531
1067.254159,73.040042,72.392542,6530
1067.375891,28.121916,27.399750,6532
1067.486279,40.827500,40.439292,6533
1067.563718,49.279709,48.768708,6534
1067.689393,40.668833,40.186417,6535
1067.752564,71.457458,70.763583,6536
1067.859410,81.977000,81.290416,6537
1067.881709,33.955250,33.433750,6538
1068.066823,52.360875,51.965667,6539
1068.226117,44.998041,44.333625,6541
1068.228879,51.709875,51.212292,6540
1068.388336,61.863666,61.469041,6542
1068.393491,45.712333,45.275708,6543
1068.593309,78.831084,78.326500,6544
1068.752743,71.650542,71.056708,6545
1068.929370,79.835584,79.426083,6546
1069.095219,80.650792,79.850750,6547
1069.156269,93.602833,93.066750,6548
1069.217779,92.644416,91.814917,6549
1069.281049,99.842459,99.045334,6550
1069.290750,101.315375,100.644541,6551
1069.373823,34.761709,34.211042,6552
1069.417544,69.755583,68.980916,6553
1069.490441,47.467875,46.821250,6554
1069.562947,48.507084,47.915000,6555
1069.644971,73.790791,73.282125,6556
1069.722062,40.954375,40.560333,6557
1069.893893,46.150125,45.527708,6558
1069.909756,37.564625,37.156292,6559
1070.037844,56.748417,56.314126,6560
1070.060691,46.210792,45.624250,6561
1070.215845,34.739833,34.122667,6563
1070.241180,60.828834,60.177834,6562
1070.259412,32.071084,31.673833,6564
1070.388426,40.701791,40.325833,6565
1070.468068,56.777291,56.097125,6566
1070.522350,41.812167,41.331500,6567
1070.575817,61.375125,60.725875,6568
1070.736832,55.747126,55.235542,6569
1070.873842,65.662334,65.142292,6570
1070.889865,42.109959,41.519042,6571
1070.926308,41.541792,40.660667,6572
1070.969737,53.245209,52.819083,6574
1070.971153,60.831750,60.139334,6573
1071.093146,78.713833,78.069250,6575
1071.214699,33.621583,33.112625,6576
1071.384439,36.666875,36.204292,6577
1071.429370,36.679125,36.213333,6578
1071.537087,43.414292,42.699708,6579
1071.557982,43.530959,42.854000,6580
1071.587279,36.041834,35.475125,6581
1071.691034,65.206458,64.600667,6582
1071.722322,57.111833,56.443042,6583
1071.745735,64.612625,63.688625,6584
1071.783837,48.681500,48.140167,6585
1071.892356,44.561417,44.005500,6586
1071.997135,41.711833,41.228833,6587
1072.071063,56.648084,56.148167,6588
1072.234092,53.033167,52.435250,6589
1072.395389,47.665042,47.147625,6590
1072.427455,43.037459,42.504292,6591
1072.551354,36.934625,36.440250,6592
1072.622058,48.196167,47.688375,6594
1072.623945,78.978667,78.178625,6593
1072.664484,79.708417,79.044292,6595
1072.723452,42.343000,41.864958,6596
1072.892899,45.144167,44.681000,6597
1073.056693,42.262208,41.579125,6598
1073.089087,32.125042,31.486292,6599
1073.118523,50.279834,49.722458,6600
1073.220426,39.349334,38.688708,6601
1073.393876,46.092958,45.582542,6602
1073.536768,49.110833,48.527208,6603
1073.548170,49.639917,48.906375,6604
1073.585651,71.268750,70.698542,6605
1073.787028,105.929250,105.478333,6606
1073.842893,150.425333,149.887792,6607
1073.845390,135.131500,134.291792,6608
1073.895703,149.719500,148.208083,6609
1073.947123,99.298208,98.481541,6611
1073.992537,115.752292,115.021958,6612
1074.005648,202.261500,201.251167,6610
1074.130526,129.017292,128.299500,6614
1074.137630,216.194709,215.536125,6613
1074.146450,131.717833,130.983417,6615
1074.235674,213.443417,212.582125,6616
1074.294628,113.419250,112.610751,6618
1074.325198,111.782125,111.337917,6619
1074.335986,278.349750,277.652084,6617
1074.419081,188.031375,187.187875,6620
1074.449163,101.388875,100.974125,6622
1074.493455,223.341416,221.602500,6621
1074.559504,60.161792,59.621041,6624
1074.592372,97.202292,96.511042,6623
1074.609892,95.504792,94.521000,6625
1074.632692,66.582833,65.936209,6626
1074.654211,50.113292,49.491750,6627
1074.734745,53.648292,53.193292,6628
1074.825315,47.200417,46.548542,6629
1074.888430,40.684000,40.049333,6630
1074.952082,76.692875,75.958459,6631
1075.030107,56.796833,56.364583,6632
1075.031969,51.510958,50.973125,6633
1075.056063,41.620541,40.945625,6634
1075.173646,41.071625,40.391458,6635
1075.216051,34.938167,34.452833,6636
1075.334150,39.676583,39.239959,6637
1075.377048,29.269333,28.522375,6639
1075.379109,57.878333,57.177750,6638
1075.590992,76.549958,76.021167,6640
1075.639764,51.801459,51.233584,6641
1075.677743,43.308708,42.768250,6643
1075.683822,61.336041,60.909625,6642
1075.728998,47.265166,44.137333,6645
1075.731814,50.735709,49.972125,6644
1075.897239,49.499916,48.969375,6646
1076.063705,49.291958,48.774833,6647
1076.226967,45.850292,45.483375,6648
1076.383734,35.963375,35.455583,6649
1076.433939,41.401792,40.838291,6650
1076.500560,30.198875,29.592500,6651
1076.542391,27.949541,27.442333,6652
1076.645360,49.984083,49.463458,6653
1076.728465,47.384750,46.874917,6654
1076.796474,43.789083,43.413417,6655
1076.826481,49.021000,48.409375,6656
1076.833601,54.417708,53.637500,6657
1076.888941,41.184791,40.531750,6658
1077.057221,38.859917,38.399083,6660
1077.072540,58.097084,57.471166,6659
1077.181539,41.022042,40.704125,6661
1077.215038,42.805583,42.244416,6662
1077.228471,47.173875,46.626708,6663
1077.341928,48.158833,47.713167,6664
1077.378111,30.337417,29.871917,6666
1077.385809,64.711500,64.062250,6665
1077.549474,35.075250,34.610625,6667
1077.636506,34.052083,33.488000,6668
1077.695249,63.961333,63.310041,6669
1077.739451,58.331584,57.725792,6670
1077.775478,47.687792,47.090458,6671
1077.779230,34.215708,33.660083,6672
1077.818807,36.690500,36.220333,6673
1077.871180,42.342125,41.738666,6674
1077.900170,52.387125,51.856583,6675
1077.938697,86.306500,85.561583,6676
1077.981215,49.704083,49.154875,6677
1077.999995,40.513959,39.707792,6678
1078.061540,47.100959,46.437416,6679
1078.231639,50.529500,49.853709,6680
1078.282218,46.831459,46.293917,6681
1078.394915,47.135375,46.554667,6682
1078.423532,41.832876,41.375542,6683
1078.471198,45.689875,44.989875,6684
1078.516913,31.849708,31.550750,6685
1078.595735,81.302666,80.662459,6686
1078.689736,51.847250,51.173500,6687
1078.755374,74.260667,73.520125,6688
1078.871485,122.522750,119.880250,6689
1078.884756,100.948167,100.212291,6690
1078.928813,140.680167,138.960500,6691
1078.949050,110.929292,108.738292,6692
1079.035485,123.531042,121.647459,6695
1079.073864,225.939000,223.506791,6693
1079.080466,122.692500,122.124041,6696
1079.186422,307.476750,306.722792,6694
1079.223905,129.658083,128.715417,6699
1079.237444,142.680126,141.759626,6700
1079.304855,343.811417,343.168875,6697
1079.403889,162.730166,121.108458,6705
1079.413804,398.733709,397.302792,6698
1079.422814,170.808167,128.507166,6706
1079.504393,402.557751,401.800583,6701
1079.540155,136.224375,95.393958,6708
1079.574475,394.857750,394.243792,6702
1079.581568,66.637084,65.984916,6709
1079.603041,66.173917,65.492875,6710
1079.615806,433.990959,433.241958,6703
1079.703296,508.955125,467.468750,6704
1079.746385,65.282875,64.837209,6713
1079.752274,447.378750,398.623750,6707
1079.756971,82.740292,81.931792,6712
1079.771217,212.125083,211.342250,6711
1079.818838,98.034417,97.350459,6714
1079.835946,50.529792,49.765333,6716
1079.886901,161.217584,157.756667,6715
1079.898169,50.361792,49.644292,6719
1079.910038,86.491417,85.782666,6717
1079.924381,96.148791,95.697584,6718
1079.952413,94.932834,94.318583,6720
1079.994169,81.750667,81.117167,6722
1079.998186,121.923959,121.289583,6721
1080.025184,54.880000,54.215584,6723
1080.069505,87.542000,83.966458,6724
1080.088062,77.486500,76.922125,6725
1080.108190,74.683583,73.895208,6728
1080.128762,117.296375,115.642625,6726
1080.174164,159.712000,159.215291,6727
1080.226809,45.679375,45.221458,6729
1080.347729,41.772209,41.278125,6730
1080.393896,63.962792,63.257834,6731
1080.425233,77.474834,36.557500,6732
1080.437114,37.301542,36.628083,6733
1080.518437,43.117375,42.352917,6734
1080.541644,27.190917,26.833917,6735
1080.725175,44.088041,43.439375,6737
1080.725427,53.936167,53.538625,6736
1080.820325,30.188667,29.843917,6738
1080.886388,38.617541,38.057542,6739
1080.989703,61.798916,61.061584,6740
1081.010657,27.108083,26.594750,6741
1081.065495,51.056541,50.653166,6742
1081.108079,47.174750,46.436250,6743
1081.219526,38.425334,37.866501,6744
1081.265736,67.080417,66.533542,6745
1081.312112,48.335583,47.882333,6746
1081.346408,45.492125,45.010875,6747
1081.399457,51.678084,51.392542,6748
1081.478944,40.840916,40.340709,6749
1081.574554,29.100458,28.559417,6751
1081.586184,71.747666,71.088500,6750
1081.722817,41.710958,41.082416,6752
1081.874773,33.985000,33.320875,6753
1081.911694,48.654958,48.150084,6755
1081.927989,80.208334,79.529333,6754
1081.948839,60.472125,60.102292,6756
1081.962907,44.365417,43.681458,6758
1082.009178,60.332708,59.458292,6760
1082.012550,104.277250,103.599125,6757
1082.045447,31.042375,30.466917,6761
1082.067913,145.779667,145.139459,6759
1082.100429,66.374000,65.639292,6762
1082.119388,37.164750,36.684667,6763
1082.199222,54.410417,51.642500,6764
1082.252799,79.976750,79.193625,6765
1082.256890,75.798625,75.038833,6766
1082.257521,66.122583,65.654167,6767
1082.295372,96.546333,95.902917,6768
1082.326270,52.382459,51.745458,6770
1082.339514,109.165875,108.383625,6769
1082.406282,58.567542,58.128291,6771
1082.427318,54.319416,53.323958,6772
1082.449646,50.536792,49.954042,6773
1082.475896,37.923083,37.349666,6774
1082.593961,79.511250,78.941041,6775
1082.665791,36.627792,36.048250,6777
1082.677576,55.876334,55.272000,6776
1082.712953,31.840084,31.178583,6778
1082.786962,25.100542,24.599459,6779
1082.901933,48.960625,48.279583,6781
1082.920190,72.438916,71.761958,6780
1082.936974,63.719833,63.141750,6782
1082.980836,93.594667,93.020667,6783
1083.001747,59.301375,58.697625,6784
1083.009511,54.139750,53.455500,6785
1083.060153,45.749666,45.155250,6786
1083.090511,41.702791,41.180708,6787
1083.123850,61.025125,60.352834,6788
1083.154123,46.587917,46.156542,6789
1083.213788,32.659958,31.999042,6790
1083.246725,46.648583,46.064083,6791
1083.338136,31.071250,30.584750,6793
1083.369105,62.813917,62.176625,6792
1083.389988,42.245875,41.531000,6794
1083.556935,42.499625,41.943417,6795
1083.604028,39.116000,38.420083,6796
1083.680812,49.565542,48.984542,6797
1083.771119,90.006583,89.261375,6798
1083.816316,114.072000,113.311917,6799
1083.847967,129.412500,128.314958,6800
1083.893872,106.521916,98.211750,6801
1083.976550,128.562292,127.821167,6802
1083.989587,123.529584,123.151875,6804
1084.014329,149.012209,148.497417,6803
1084.113897,227.951208,227.211542,6805
1084.138184,138.989083,135.293958,6807
1084.148167,132.742458,131.992583,6808
1084.217209,270.845459,270.204667,6806
1084.254048,110.908583,110.242709,6812
1084.317304,260.255333,259.585084,6809
1084.317341,135.524375,134.949208,6813
1084.404918,111.235541,110.478958,6815
1084.453271,385.894834,383.866000,6810
1084.467998,131.742041,131.151416,6816
1084.568451,151.236750,149.531083,6819
1084.573526,490.553000,488.810291,6811
1084.622307,424.498375,421.350709,6814
1084.642269,153.959458,112.245292,6822
1084.658955,311.189375,309.769833,6817
1084.677338,108.868084,65.956625,6823
1084.733389,364.749875,364.137667,6818
1084.735917,64.915667,64.141584,6825
1084.791265,110.147333,68.678458,6826
1084.824185,398.689084,356.942542,6820
1084.883172,421.362376,379.870167,6821
1084.920287,330.067792,288.537958,6824
1084.921571,73.766875,73.031292,6827
1084.931775,36.225875,35.774958,6828
1085.021538,47.788417,47.273917,6829
1085.059266,44.828291,44.333917,6830
1085.100548,57.846834,57.226458,6831
1085.134514,38.943041,38.377500,6832
1085.243633,62.526042,62.035750,6833
1085.286782,64.718792,64.126417,6834
1085.297705,58.573958,57.912167,6835
1085.304411,46.631667,45.996125,6836
1085.373865,26.095125,25.609208,6837
1085.402484,38.931376,38.394709,6838
1085.464555,77.489709,76.820917,6839
1085.555311,68.468167,68.026584,6840
1085.568116,53.702250,53.113959,6841
1085.584151,65.675750,64.803375,6842
1085.629365,35.333667,34.789417,6843
1085.657146,49.434583,48.868458,6844
1085.724120,43.019667,42.488542,6845
1085.809631,40.142084,39.606583,6846
1085.838367,42.758917,42.202417,6847
1085.869185,55.911917,55.337334,6848
1085.886661,38.894333,38.418042,6849
1085.937727,51.620916,50.927042,6850
1085.989713,36.676791,36.203125,6851
1086.028975,40.823125,40.264000,6852
1086.052105,55.239041,54.409833,6853
1086.099921,91.296917,89.467000,6854
1086.104172,48.816250,48.203751,6856
1086.126804,112.388209,111.625209,6855
1086.167862,40.093375,39.463375,6857
1086.221509,40.388833,39.818334,6859
1086.224449,52.153209,51.753625,6858
1086.274865,47.434042,46.871125,6860
1086.361190,43.339042,42.921667,6861
1086.404421,56.621250,55.869333,6862
1086.437927,41.851542,41.289791,6863
1086.525326,61.135084,60.292166,6865
1086.529445,69.296209,68.671167,6864
1086.547604,80.184417,79.510375,6866
1086.565240,93.487333,92.882125,6867
1086.623054,108.598291,107.956333,6868
1086.632049,63.909708,63.371000,6869
1086.679767,77.344459,76.744500,6871
1086.686736,92.079458,91.408625,6870
1086.720107,78.465333,77.647500,6872
1086.731513,50.423041,50.043000,6873
1086.775371,72.513292,71.787916,6874
1086.786436,36.470583,35.942667,6875
1086.858914,40.851417,40.449209,6876
1086.914864,67.098792,66.177125,6877
1086.931446,37.496958,36.971375,6878
1087.001699,80.893458,80.417167,6879
1087.057040,47.164250,46.427500,6880
1087.065405,50.953584,50.215666,6881
1087.134763,49.286417,48.754416,6882
1087.231706,50.604750,49.991375,6883
1087.281395,45.970458,45.548416,6884
1087.292962,37.359291,36.894375,6885
1087.372031,56.958417,56.307709,6886
1087.393892,46.091500,45.600625,6887
1087.479127,74.492833,73.781750,6888
1087.576872,62.444667,61.838000,6889
1087.710625,58.948167,58.154541,6890
1087.727376,50.943958,50.409042,6891
1087.762366,81.281959,76.389250,6893
1087.764164,84.305667,83.533917,6892
1087.806288,64.662791,63.786333,6894
1087.834129,41.019125,40.427333,6895
1087.881927,30.881958,30.298333,6897
1087.913568,65.765875,65.377959,6896
1087.953126,45.842125,45.174792,6898
1087.965380,52.253542,51.367750,6899
1088.056139,41.691417,41.059375,6901
1088.060547,54.277708,53.645667,6900
1088.124034,51.239125,50.729875,6902
1088.247855,66.748209,66.223208,6903
1088.277422,35.081958,34.463042,6904
1088.301155,34.201417,33.630041,6905
1088.341050,52.559791,51.994833,6906
1088.372312,48.688500,47.968375,6907
1088.408167,60.392500,59.748500,6908
1088.551155,36.720250,36.212459,6909
1088.633426,42.350584,41.716500,6910
1088.754912,73.805958,73.402583,6911
1088.824191,118.974625,115.477834,6912
1088.882258,115.329083,114.517375,6914
1088.901289,148.677084,147.950542,6913
1088.953504,105.765042,104.977250,6915
1089.123377,116.807833,115.789916,6918
1089.126824,127.730750,126.939458,6916
1089.134484,131.437833,130.407958,6917
1089.224113,209.431542,207.119208,6919
1089.270909,118.776292,117.936875,6921
1089.311924,130.501292,129.698334,6922
1089.340754,294.486208,293.727875,6920
1089.426411,134.103084,133.465500,6924
1089.442735,121.452042,120.866958,6925
1089.461572,251.653500,249.483209,6923
1089.530979,194.266916,193.795875,6926
1089.570131,55.701917,55.200541,6929
1089.574618,226.821584,226.287250,6927
1089.611655,211.717625,210.821042,6928
1089.623938,60.384917,59.963459,6930
1089.648383,81.610375,80.967834,6931
1089.685481,79.499292,78.762542,6932
1089.699969,84.492625,84.032375,6933
1089.743700,52.122875,51.558209,6939
1089.754269,82.946792,82.329333,6935
1089.765267,146.414041,145.589209,6934
1089.806356,132.874584,132.381667,6936
1089.856158,180.182625,179.631375,6937
1089.882926,35.130958,34.720583,6941
1089.902817,221.764666,221.337667,6938
1089.937550,50.728708,50.015000,6942
1089.989086,267.643250,226.169708,6940
1090.085548,71.078875,70.436042,6943
1090.105465,36.631583,35.988750,6944
1090.225978,59.047625,58.239709,6946
1090.228920,47.803000,47.236584,6947
1090.232629,72.684792,72.230666,6945
1090.305128,43.128459,42.381209,6948
1090.391465,43.673000,42.923708,6949
1090.463539,42.052791,41.438833,6950
1090.495732,57.343417,56.690375,6952
1090.497258,62.772500,62.043917,6951
1090.543775,29.336708,29.090250,6953
1090.590170,47.026291,46.466292,6954
1090.646544,35.559125,35.029166,6955
1090.712832,44.522041,43.938125,6956
1090.717299,36.199625,35.733833,6957
1090.783784,63.130084,62.597500,6958
1090.867653,43.869000,43.460375,6959
1090.887592,39.790333,39.237917,6960
1090.927095,37.064125,36.550209,6962
1090.927924,65.195083,64.594833,6961
1091.056896,42.490875,42.054542,6963
1091.091443,68.419166,67.982250,6964
1091.125058,48.815084,47.981791,6965
1091.141197,63.052208,62.412291,6966
1091.199092,120.677667,120.145375,6967
1091.217923,36.832250,36.345459,6968
1091.280967,32.174041,31.811792,6969
1091.336270,78.192916,77.615125,6970
1091.410969,63.204750,62.646500,6972
1091.412166,65.292208,64.661042,6971
1091.436792,74.876083,74.168500,6973
1091.469108,58.864167,58.258959,6974
1091.487784,50.659583,50.068084,6976
1091.508609,91.884625,91.260750,6975
1091.554089,39.666958,39.225958,6977
1091.605284,39.487583,38.801292,6979
1091.615364,53.593458,52.848833,6978
1091.664229,36.989166,36.498000,6980
1091.741188,84.112001,83.364751,6981
1091.743374,78.682917,78.321542,6982
1091.744280,63.172667,62.477042,6983
1091.854776,42.559709,42.027416,6984
1091.870778,51.869416,51.198584,6985
1091.905812,58.033209,57.416042,6986
1091.971200,44.034666,43.582875,6987
1092.022881,69.624042,68.814958,6988
1092.046398,46.171125,45.551333,6989
1092.062575,48.162916,47.587750,6990
1092.191277,61.496458,61.068000,6991
1092.217864,36.768959,36.133125,6992
1092.303286,45.245375,44.792708,6993
1092.333314,56.761542,56.231000,6994
1092.394492,46.734917,46.326875,6995
1092.406793,54.111750,53.551750,6996
1092.440888,36.875416,36.445792,6997
1092.482556,42.466958,41.622583,6999
1092.494754,60.382292,59.806542,6998
1092.548592,34.149792,33.771500,7000
1092.602848,73.009416,72.235042,7001
1092.603828,58.053334,57.569750,7002
1092.667037,46.405041,45.798667,7004
1092.669242,88.138167,87.465875,7003
1092.698280,53.221583,52.818209,7005
1092.763081,82.028625,81.522583,7006
1092.776720,74.105500,69.333833,7007
1092.780989,67.445000,66.759000,7008
1092.823102,102.186584,101.466458,7009
1092.859773,85.416917,84.830084,7010
1092.906995,59.203667,58.530792,7011
1092.909362,44.881375,44.295708,7012
1092.963448,43.474958,42.824542,7013
1093.051133,36.715000,36.196416,7014
1093.097170,41.116834,40.551292,7015
1093.237669,56.564667,55.844542,7016
1093.260752,58.552083,57.912458,7017
1093.267996,62.487250,61.837709,7018
1093.334364,43.448709,42.953750,7019
1093.385415,78.587250,78.002459,7020
1093.393338,66.996708,66.642625,7021
1093.401014,64.811834,64.271667,7022
1093.464152,72.300083,71.453375,7024
1093.464485,116.681833,115.985625,7023
1093.477163,74.351958,73.485416,7025
1093.541843,43.002750,42.445375,7026
1093.561147,46.691458,46.021791,7027
1093.583185,66.834250,66.142125,7028
1093.649093,37.988708,37.594083,7029
1093.683044,45.332292,44.535167,7030
1093.758217,77.081084,76.312250,7031
1093.806392,102.749792,101.805667,7032
1093.840571,78.835459,78.217125,7033
1093.905896,58.111375,56.856625,7034
1094.099446,128.486750,127.550500,7037
1094.105537,140.282625,139.751500,7036
1094.108123,145.735625,145.221125,7035
1094.187208,172.807541,172.000500,7038
1094.281358,124.794250,124.177958,7042
1094.300783,124.282666,122.567667,7043
1094.310791,284.485250,283.395875,7039
1094.401312,355.325250,353.754042,7040
1094.454198,106.401458,105.442458,7047
1094.508947,456.448708,455.417375,7041
1094.524084,108.873042,106.049417,7049
1094.538709,71.824375,71.038917,7050
1094.577780,396.658500,395.931376,7044
1094.615193,401.137917,400.228209,7045
1094.639279,412.025833,411.383292,7046
1094.679252,41.773084,41.140167,7053
1094.691951,276.972501,273.827167,7048
1094.752279,41.573000,40.921125,7055
1094.758354,77.266292,76.680041,7054
1094.800187,326.595209,285.438709,7051
1094.836184,321.751500,277.307042,7052
1094.860050,122.764834,122.246542,7056
1094.895738,48.027875,47.628583,7057
1094.907167,47.781708,47.033584,7058
1094.977538,34.974625,34.515834,7059
1095.061329,46.859750,46.192125,7060
1095.156744,37.804375,37.127125,7061
1095.212479,61.950000,61.233667,7062
1095.241331,60.195042,59.724292,7063
1095.252299,47.952625,47.137708,7064
1095.405258,57.514042,57.014125,7065
1095.437415,52.034208,51.622958,7066
1095.449518,62.272000,61.303375,7067
1095.524136,46.782750,46.220125,7068
1095.571802,37.677500,37.214917,7070
1095.584606,70.154000,69.447291,7069
1095.629497,95.368292,94.901042,7071
1095.631383,67.240833,66.738875,7072
1095.667677,71.423625,70.555042,7074
1095.711245,61.669708,61.069167,7075
1095.715584,136.010583,135.377667,7073
1095.767375,86.298042,85.799292,7076
1095.779075,89.584541,88.727042,7077
1095.780669,69.324792,68.685459,7078
1095.822142,96.722791,96.167750,7079
1095.887176,39.396876,38.660417,7080
1095.947086,52.102458,51.550042,7081
1095.967476,47.670292,46.948708,7082
1096.000089,54.448042,53.883958,7083
1096.060687,46.249875,45.584000,7084
1096.224543,35.207375,34.607416,7086
1096.232063,50.978667,50.416917,7085
1096.324795,30.804084,30.490834,7087
1096.388815,58.405083,57.897875,7088
1096.398817,51.053042,50.464459,7089
1096.423792,35.434875,34.765791,7091
1096.428717,59.245959,58.742250,7090
1096.464637,47.996375,47.397000,7092
1096.529492,56.776125,56.356125,7093
1096.555117,40.698291,39.957750,7095
1096.574886,70.409792,69.779500,7094
1096.640229,30.389041,29.813291,7096
1096.708370,46.228583,45.620458,7097
1096.725855,44.733500,44.198000,7098
1096.818316,42.728000,42.070000,7099
1096.882708,78.708000,78.050875,7100
1096.894348,56.369250,55.761417,7101
1096.901525,53.767000,53.278459,7102
1097.009026,48.400917,47.766250,7103
1097.009649,40.212083,39.640416,7104
1097.048617,34.187125,33.668250,7105
1097.169079,38.392958,37.849292,7107
1097.183014,76.065792,75.533500,7106
1097.234912,31.810625,31.060167,7109
1097.242554,61.473417,60.894459,7108
1097.297126,40.376875,39.869083,7110
1097.422174,74.410000,73.748208,7111
1097.539563,25.126500,24.666250,7112
1097.569288,25.808125,25.166458,7113
1097.617476,29.183000,28.701459,7114
1097.657486,58.715417,58.091250,7115
1097.693752,47.336917,46.930625,7116
1097.749168,68.041750,67.394833,7117
1097.833151,36.070416,35.644875,7118
1097.921864,74.097042,73.433792,7119
1098.022326,70.839417,70.240625,7120
1098.064247,49.807917,49.146417,7121
1098.066941,35.322292,34.759083,7122
1098.218437,37.333041,36.743291,7123
1098.236784,42.452667,41.918334,7124
1098.355830,60.414958,59.881792,7125
1098.378417,62.987750,62.526042,7126
1098.401380,66.248292,65.523209,7127
1098.444457,56.405417,55.770750,7129
1098.453172,105.457334,104.991833,7128
1098.474141,68.995209,68.344208,7130
1098.571697,57.272541,56.706125,7131
1098.589942,49.198917,48.729917,7132
1098.752168,71.020250,67.815708,7133
1098.813780,89.411875,88.656458,7134
1098.854442,96.291416,95.460458,7135
1098.907403,90.235834,89.708500,7136
1098.942260,94.486000,93.465166,7137
1099.089604,75.065375,72.512708,7138
1099.180633,79.936792,78.570625,7140
1099.195590,99.679417,98.727125,7139
1099.282168,105.742291,104.339375,7141
1099.283588,102.464250,101.579625,7142
1099.429196,110.096584,108.664500,7143
1099.431502,108.434667,107.454959,7144
1099.454927,107.025042,106.241042,7145
1099.557472,43.008291,42.322583,7146
1099.729410,48.270250,47.729500,7147
1099.747911,42.544833,41.937292,7148
1099.850683,69.627250,69.089417,7149
1099.883745,35.987583,35.493791,7150
1099.912822,57.820000,57.099875,7151
1100.055920,41.454000,40.698000,7152
1100.127664,38.890250,38.459750,7153
1100.225194,57.821750,57.251833,7154
1100.237366,56.245875,55.552875,7155
1100.251053,67.869958,67.174625,7156
1100.397253,49.500792,48.965291,7157
1100.459447,50.527750,49.916708,7158
1100.504232,63.707000,63.265125,7159
1100.547125,32.676000,32.083042,7161
1100.552257,61.026291,60.503917,7160
1100.723169,42.088083,41.588750,7162
1100.831780,55.519041,55.001333,7163
1100.878397,49.797708,49.161000,7164
1100.892202,44.452334,43.848292,7165
1100.957735,41.414041,40.815250,7166
1101.041712,27.296792,26.918792,7167
1101.200660,35.086625,34.541209,7168
1101.251113,69.976958,69.308750,7169
1101.307996,44.743125,44.054792,7170
1101.387069,40.612833,39.815708,7171
1101.406568,58.785709,58.163291,7172
1101.553798,39.357791,38.822000,7173
1101.621555,52.226417,51.609250,7174
1101.661853,48.747708,48.250709,7175
1101.700611,41.944291,41.260625,7176
1101.737884,56.755709,55.961500,7177
1101.770082,49.781083,48.949541,7178
1101.775807,44.321375,43.608250,7179
1101.889263,41.472083,40.986750,7180
1102.094089,79.651542,78.946291,7181
1102.223362,42.260750,41.554916,7182
1102.321025,29.561292,28.885791,7183
1102.372781,24.987667,24.377791,7184
1102.543406,28.968625,28.570500,7185
1102.592178,68.799792,68.067417,7186
1102.729267,48.155917,47.708792,7187
1102.757277,40.054000,39.450250,7188
1102.837044,52.570875,52.172166,7189
1102.920707,72.958667,72.118083,7190
1102.991741,52.410750,51.957209,7191
1103.055904,41.456333,40.932791,7192
1103.220219,73.500583,73.107125,7193
1103.229609,41.481417,40.854042,7195
1103.255659,74.579750,73.973667,7194
1103.387111,39.335333,38.867209,7196
1103.467849,59.427084,58.904416,7197
1103.548643,54.803291,54.369292,7199
1103.550287,62.734875,62.272292,7198
1103.599884,85.489542,84.991667,7200
1103.765098,83.992125,83.365333,7201
1103.918874,70.817250,70.082250,7202
1104.094908,104.373208,103.619833,7203
1104.133412,129.794292,128.922792,7204
1104.147264,138.100958,137.582375,7205
1104.199262,184.158042,179.899708,7206
1104.241800,107.714250,104.793208,7207
1104.275773,94.646126,93.333333,7208
1104.391435,43.641791,42.978250,7209
1104.526320,41.575625,41.157375,7210
1104.577702,63.279417,62.739250,7211
1104.610432,45.350084,44.606916,7212
1104.688966,37.148125,36.517250,7213
1104.729322,48.214250,47.488292,7214
1104.756517,62.611208,61.990542,7215
1104.922757,74.967958,74.397750,7216
1104.925441,34.614125,34.221834,7217
1105.011137,40.085500,39.562542,7218
1105.040317,25.858292,25.068750,7219
1105.218040,36.943958,36.168709,7220
1105.391456,43.680583,42.923708,7221
1105.426453,48.540042,48.117125,7222
1105.571327,34.359208,34.003084,7224
1105.597570,83.130250,82.607000,7223
1105.627689,67.575084,67.134084,7225
1105.645382,34.953625,34.311959,7226
1105.731558,37.182542,36.764875,7228
1105.740763,59.659541,58.761500,7227
1105.828417,44.506000,44.088625,7229
1105.921924,74.152750,73.427375,7230
1106.055032,40.591833,40.285583,7231
1106.166536,64.919750,64.454541,7232
1106.205705,60.146625,59.500000,7233
1106.218687,37.573375,37.065000,7234
1106.389321,41.528959,40.821375,7235
1106.441058,45.971041,45.396459,7236
1106.453360,43.265542,42.586250,7237
1106.497265,58.860958,58.022709,7238
1106.528467,46.041625,45.648750,7239
1106.565850,51.382042,50.704208,7240
1106.720170,44.142584,43.584041,7241
1106.726340,45.215041,44.726791,7242
1106.805305,47.341875,46.573917,7243
1106.896106,48.333833,47.809125,7244
1106.969774,36.584333,36.127000,7245
1107.054795,40.189041,39.699917,7247
1107.062530,48.107208,47.463208,7246
1107.172350,74.358083,73.808291,7248
1107.222433,41.304084,40.850250,7249
1107.422350,74.550584,74.042500,7250
1107.556117,41.677125,41.051500,7251
1107.579959,38.264916,37.631708,7252
1107.626663,60.529584,59.789333,7253
1107.717469,36.343417,35.897167,7254
1107.823894,47.164833,46.505375,7255
1107.895685,47.891958,47.305709,7256
1107.946356,53.390167,52.589541,7257
1108.026949,47.832167,47.247083,7259
1108.027871,58.676917,58.144625,7258
1108.060114,45.688708,45.331709,7260
1108.133763,50.322708,49.906209,7261
1108.172604,52.808584,51.994250,7262
1108.260209,79.106708,78.409334,7263
1108.395029,47.209458,46.734916,7264
1108.565552,51.097083,50.479041,7265
1108.645928,27.438833,26.975958,7266
1108.749216,68.114375,67.410584,7267
1108.832697,73.795166,73.370500,7268
1108.940148,92.247750,90.769584,7269
1109.011721,105.788666,104.853583,7271
1109.013103,123.986917,123.130584,7270
1109.096203,81.738708,81.069333,7272
1109.178499,82.392334,82.011125,7273
1109.284301,140.206208,139.542667,7274
1109.298783,116.567500,115.583708,7276
1109.302136,145.269542,144.196209,7275
1109.411906,63.533750,62.900250,7277
1109.504067,57.211583,56.445083,7278
1109.550845,36.410209,35.953458,7279
1109.611199,48.108375,47.579292,7280
1109.736712,55.586709,54.779084,7281
1109.761960,35.502541,34.929125,7282
1109.805139,68.120792,67.568084,7283
1109.880778,33.011708,32.344667,7284
1109.916784,46.374416,45.770958,7285
1110.003506,46.099959,45.428541,7286
1110.063460,49.023625,48.360375,7287
1110.068620,40.576375,40.044667,7288
1110.154064,41.652916,41.351333,7289
1110.249745,68.652792,67.992458,7290
1110.380657,32.886000,32.399500,7291
1110.543473,43.768375,43.204291,7292
1110.585769,71.326792,70.775542,7293
1110.716215,35.108209,34.628417,7294
1110.868387,40.297250,39.666375,7295
1110.891653,43.851500,43.076834,7296
1111.061569,47.164250,46.773125,7297
1111.214456,33.349458,32.991000,7298
1111.276539,35.930417,35.495542,7299
1111.294507,49.973001,49.481834,7300
1111.414153,66.393250,65.711042,7301
1111.551053,36.546125,36.069542,7302
1111.721357,40.227542,39.707792,7303
1111.738369,49.456166,48.880708,7304
1111.905638,57.861125,57.348958,7305
1112.051826,37.390500,36.724625,7306
1112.096750,27.403250,26.936000,7307
1112.240289,59.208334,58.661166,7308
1112.388743,40.951167,40.458250,7309
1112.494118,28.730041,28.320833,7310
1112.543235,52.092250,51.412083,7311
1112.582656,68.224917,67.586166,7312
1112.596319,37.495792,37.021542,7313
1112.708350,27.239042,26.757500,7314
1112.764746,27.460125,26.989375,7315
1112.889416,41.611208,40.942709,7316
1112.948103,35.511000,35.102083,7317
1112.980444,63.736459,62.942542,7318
1113.066437,51.998333,51.398375,7319
1113.228230,47.148208,46.575375,7320
1113.351552,47.441041,46.984000,7321
1113.387557,39.803750,39.219833,7323
1113.402169,55.226209,54.472542,7322
1113.478512,51.177584,50.630709,7324
1113.546623,32.197375,31.843000,7326
1113.569781,63.380625,62.991250,7325
1113.700662,68.488875,68.104750,7327
1113.704363,52.108000,51.377083,7328
1113.772166,91.046667,90.303791,7329
1113.928604,83.414333,82.800083,7330
1113.942468,94.430583,93.528750,7331
1114.086138,71.644417,70.854584,7332
1114.262198,81.084208,80.575833,7333
1114.311687,68.895750,67.382000,7334
1114.372714,24.886750,24.350083,7335
1114.550137,35.695625,35.146125,7336
1114.605884,37.089792,36.538542,7337
1114.659155,31.094000,30.556458,7339
1114.671138,74.596959,73.896959,7338
1114.733976,52.839791,52.182959,7340
1114.878800,41.997666,41.507667,7341
1114.896380,48.616750,48.092625,7342
1114.954289,41.355416,40.872416,7343
1115.056062,41.600708,40.883500,7345
1115.056255,49.623000,49.136208,7344
1115.205671,53.247833,52.634458,7346
1115.231289,42.312959,41.744208,7348
1115.245726,64.619333,63.935667,7347
1115.295449,36.102500,35.499041,7349
1115.361356,29.128458,28.726250,7350
1115.393498,38.983583,38.255000,7352
1115.407324,59.518666,58.884875,7351
1115.557820,43.397667,42.814625,7353
1115.645672,53.449375,52.913875,7354
1115.652560,35.397542,34.847167,7355
1115.716638,35.532292,34.847750,7356
1115.785650,37.995416,37.363666,7357
1115.828488,50.597459,49.825417,7358
1115.890241,42.520625,41.988625,7359
1115.913315,60.554667,59.898125,7360
1116.051488,36.994125,36.519000,7361
1116.117856,81.082166,80.321500,7362
1116.174209,45.427667,44.847542,7363
1116.220860,62.446709,61.938333,7365
1116.221722,67.881333,67.230042,7364
1116.250612,69.542958,68.845875,7366
1116.300907,90.423667,89.647542,7367
1116.303305,44.271792,43.638000,7368
1116.375884,28.116375,27.599833,7369
1116.551552,37.139666,36.519583,7370
1116.711355,47.553917,47.115250,7371
1116.723465,42.370708,41.885375,7372
1116.779143,45.045584,44.596125,7373
1116.821880,36.745333,36.276333,7374
1116.901685,53.919833,53.202042,7375
1117.024945,64.625458,64.174833,7376
1117.080826,66.373125,65.754500,7377
1117.130581,61.596208,60.996542,7378
1117.252119,70.978833,70.247333,7379
1117.390187,42.415333,41.712417,7380
1117.428539,33.375416,32.762041,7381
1117.554263,39.819500,39.286334,7382
1117.726746,45.656333,45.185584,7383
1117.888588,40.836834,40.342750,7384
1117.920406,47.824583,47.100375,7385
1118.055494,41.051209,40.581042,7386
1118.228737,47.602625,47.131584,7387
1118.395421,47.641417,47.118750,7388
1118.486858,43.674458,43.081792,7389
1118.502513,54.058959,53.258917,7390
1118.552451,38.016708,37.564333,7391
1118.596782,66.268417,65.596125,7392
1118.620339,27.545000,27.216292,7393
1118.741193,60.098500,59.610833,7394
1118.910733,62.911041,62.042167,7395
1118.987606,73.412792,72.796209,7396
1119.061114,81.857708,80.918250,7397
1119.095908,81.429542,80.783791,7398
1119.293733,116.208750,115.668000,7399
1119.310498,129.313042,128.366875,7400
1119.336934,145.673500,143.497667,7401
1119.387664,193.429250,192.535875,7402
1119.418117,70.266875,69.400333,7403
1119.421054,71.652583,70.749875,7404
1119.505192,38.973958,38.504084,7405
1119.553597,39.184834,38.575834,7406
1119.626891,46.803458,46.283125,7407
1119.727209,46.107834,45.639709,7408
1119.896565,48.812167,48.240209,7409
1120.066434,52.002125,51.319041,7410
1120.089891,42.886958,42.446833,7411
1120.226166,45.065417,44.320500,7412
1120.267827,48.566875,47.805625,7413
1120.400833,53.081875,52.512250,7414
1120.587074,72.612167,72.061208,7415
1120.721677,41.016209,40.314750,7416
1120.730682,49.620375,49.243250,7417
1120.889863,42.141458,41.629584,7418
1121.051998,37.557333,37.202667,7419
1121.248158,67.053292,66.362333,7420
1121.417811,70.035583,69.320125,7421
1121.587569,73.129875,72.455834,7422
1121.747175,66.042376,65.359584,7423
1121.884555,36.800167,36.287417,7424
1121.953967,29.366458,28.861875,7425
1122.061179,46.733166,46.197375,7426
1122.232376,51.286083,50.669792,7427
1122.269812,43.066042,42.333375,7428
1122.333501,53.671625,53.107541,7429
1122.384384,36.606500,36.192916,7430
1122.561344,46.901458,46.370333,7431
1122.635149,51.082500,50.549625,7432
1122.731183,38.095458,37.670792,7434
1122.749688,68.583375,67.916917,7433
1122.811177,40.567625,40.044667,7435
1122.893389,50.084125,49.604334,7436
1122.896600,48.820333,48.071042,7437
1122.941780,38.852333,38.257625,7438
1122.973104,53.287209,52.857000,7439
1123.065408,50.963208,50.313958,7440
1123.068423,32.975834,32.407375,7441
1123.197286,48.828791,48.422792,7442
1123.251786,70.662958,69.910750,7443
1123.389842,42.066500,41.418417,7444
1123.566826,52.417458,51.945542,7445
1123.758429,88.106667,87.379833,7447
1123.761071,100.055958,99.591916,7446
1123.830921,149.841125,148.489834,7448
1123.877581,120.576751,119.362834,7449
1123.902769,108.689292,108.093709,7450
1123.933358,85.644417,85.120875,7452
1123.976545,176.275167,174.620250,7451
1124.054350,96.988500,96.019000,7454
1124.087364,214.482041,211.337875,7453
1124.114546,99.866375,99.226166,7455
1124.171191,71.766041,71.265250,7456
1124.257271,75.974208,75.440167,7457
1124.332966,77.796833,77.126000,7458
1124.429070,81.235291,80.460917,7459
1124.482897,60.909917,59.905125,7460
1124.540533,75.769750,74.091208,7461
1124.561713,47.280917,46.733751,7462
1124.601041,68.311250,67.645959,7463
1124.605474,38.636791,38.237791,7464
1124.747546,66.432041,65.999792,7465
1124.874846,27.041875,26.600583,7466
1124.910604,33.180875,32.553791,7467
1125.047479,33.047875,32.442375,7468
1125.228665,47.529416,46.834667,7469
1125.248024,35.511292,34.969084,7470
1125.283228,68.004125,66.609667,7471
1125.379685,35.346500,34.946334,7472
1125.425685,77.891916,76.958000,7473
1125.467521,50.154416,49.585959,7474
1125.480855,35.991375,35.349417,7475
1125.528304,49.182875,48.541792,7476
1125.555778,41.342291,40.856375,7477
1125.646591,44.121291,43.650833,7478
1125.723496,42.413000,41.909000,7479
1125.767889,37.463416,36.824666,7480
1125.884244,36.474959,35.995458,7481
1126.024227,42.032375,41.557250,7482
1126.063534,49.077291,48.600417,7483
1126.228902,47.775291,47.219375,7484
1126.274448,57.254458,56.833583,7485
1126.332680,67.873750,67.232083,7486
1126.369419,52.602375,52.098375,7487
1126.390817,43.035708,42.318209,7488
1126.551755,37.301833,36.624000,7489
1126.724804,43.739791,43.167250,7490
1126.811019,35.718667,35.208542,7491
1126.889473,41.700750,40.963125,7492
1127.054738,40.320000,39.850125,7493
1127.230723,49.594416,49.039666,7494
1127.389858,42.086625,41.563958,7495
1127.411957,53.746000,53.158875,7496
1127.445505,72.448250,71.828459,7497
1127.457161,52.957916,52.426500,7498
1127.488742,36.935500,36.267000,7499
1127.553679,46.946083,46.509750,7500
1127.564558,50.117958,49.474834,7501
1127.638550,49.303625,48.883333,7502
1127.663969,53.774584,53.260083,7503
1127.732840,51.710167,51.194500,7504
1127.900185,52.433209,51.885166,7506
1127.903120,71.492750,70.870625,7505
1127.920980,58.906459,58.215500,7507
1127.949058,57.746208,57.041542,7508
1128.070414,55.972584,55.467125,7509
1128.155272,31.666541,31.253250,7511
1128.172639,60.891250,60.317833,7510
1128.233232,52.123458,51.491125,7512
1128.380801,52.111792,51.584167,7513
1128.388944,41.184500,40.751375,7514
1128.468361,56.365458,55.661667,7515
1128.566486,52.034791,51.463708,7516
1128.567100,33.182042,32.451125,7517
1128.634438,24.893458,24.430292,7518
1128.756957,75.874750,75.397876,7519
1128.800671,90.797584,89.764792,7520
1128.939810,91.946750,91.217291,7521
1128.951506,86.202083,85.460666,7522
1129.091500,76.965875,76.117417,7523
1129.238149,77.830084,77.041417,7524
1129.275877,92.830500,90.401792,7525
1129.338203,71.361792,70.581291,7526
1129.390482,42.187250,41.213083,7527
1129.552852,38.440500,37.930958,7528
1129.706124,25.038708,24.521584,7529
1129.889275,41.504750,40.785209,7530
1130.050658,36.208958,35.777875,7531
1130.138349,45.090501,44.383209,7532
1130.156890,48.979000,48.414626,7533
1130.237408,56.322292,55.691416,7534
1130.320867,42.340959,41.834333,7535
1130.375695,27.903167,27.166125,7536
1130.462608,56.768542,56.299541,7537
1130.479132,48.864958,48.342583,7538
1130.513138,73.676750,72.890125,7539
1130.555798,41.361833,40.695083,7540
1130.708293,27.202875,26.901291,7541
1130.889787,42.019833,41.340542,7542
1131.041905,27.464208,26.932208,7543
1131.112187,27.297084,26.765083,7544
1131.179142,45.998750,45.310125,7545
1131.217632,36.553416,36.199333,7546
1131.292027,42.316459,41.913375,7547
1131.337444,81.417875,80.751708,7548
1131.396650,48.865834,48.363583,7549
1131.448638,35.534334,35.071167,7550
1131.492400,56.889583,56.120167,7551
1131.525852,31.850292,31.360292,7552
1131.570855,56.348250,55.687917,7553
1131.616490,42.530541,42.058334,7554
1131.731668,50.594833,49.991959,7555
1131.891686,43.916541,43.199625,7556
1131.928243,24.865750,24.392666,7557
1132.041433,27.001625,26.506666,7558
1132.169681,61.675250,61.015791,7559
1132.198658,37.940875,37.435125,7560
1132.232154,51.033209,50.442875,7561
1132.375310,27.534792,27.102542,7563
1132.391861,75.670292,75.058083,7562
1132.556658,42.268917,41.762875,7564
1132.708716,27.615292,27.106625,7565
1132.747085,56.777875,55.983083,7566
1132.800178,44.145791,43.800167,7567
1132.863477,42.665875,42.127459,7568
1132.919357,71.570333,70.913500,7569
1132.963481,24.921167,24.467625,7570
1133.045897,31.460625,30.900333,7571
1133.085971,67.734917,67.185417,7572
1133.153044,41.656709,41.185084,7573
1133.179406,45.552208,44.845500,7574
1133.222185,41.070750,40.600291,7575
1133.272421,49.067375,48.454000,7576
1133.330462,83.771334,83.272875,7577
1133.369169,44.093875,43.544667,7578
1133.405820,71.919750,71.119416,7579
1133.413871,48.715042,47.952041,7581
1133.425237,77.457042,76.754708,7580
1133.549450,35.032084,34.564542,7582
1133.730239,49.117833,48.624917,7583
1133.919821,71.947459,71.214208,7584
1133.995568,76.477042,75.432583,7585
1134.091272,76.287458,75.445416,7586
1134.278683,97.428042,96.532041,7587
1134.286255,87.085250,86.047208,7588
1134.360292,48.761709,47.972458,7589
1134.404189,56.420583,55.601000,7591
1134.405261,66.413083,65.763542,7590
1134.554970,40.533792,39.886584,7592
1134.742894,61.787250,61.203625,7593
1134.758347,28.674041,28.193375,7594
1134.914220,29.460083,28.797708,7597
1134.922298,74.536292,73.915917,7595
1134.948142,77.435458,76.792625,7596
1135.054657,40.203334,39.772251,7598
1135.234415,53.308500,52.741792,7599
1135.264619,48.574750,47.807958,7600
1135.391519,45.192000,44.584750,7601
1135.392449,44.664667,44.115167,7602
1135.481190,52.368166,51.713959,7603
1135.494704,36.214500,35.696791,7604
1135.563641,49.228375,48.670417,7605
1135.729317,48.231458,47.578417,7607
1135.730777,53.571875,53.075459,7606
1135.798992,44.995708,44.289583,7608
1135.799476,43.002166,42.482416,7609
1135.904651,56.855750,56.173542,7610
1135.944920,36.047667,35.511875,7611
1136.054892,40.470208,39.910792,7612
1136.148791,53.161500,52.538791,7613
1136.213980,32.851583,32.374708,7614
1136.264829,82.187875,81.507708,7615
1136.394843,54.695375,54.071500,7616
1136.420768,71.403791,70.805000,7618
1136.429201,81.427208,80.593917,7617
1136.441759,78.467084,77.962501,7619
1136.533801,43.676500,43.148000,7620
1136.567571,53.129708,52.532958,7621
1136.733932,52.833084,52.205708,7622
1136.885695,45.150000,44.534000,7623
1136.891837,44.055666,43.381917,7624
1136.933334,41.589042,40.914125,7625
1137.037375,41.200833,40.749916,7626
1137.063275,48.831416,48.207250,7627
1137.143671,46.316084,45.970167,7628
1137.224207,43.132833,42.567583,7630
1137.233112,75.690125,75.055167,7629
1137.268405,67.279334,66.676167,7631
1137.366101,46.422834,45.888792,7632
1137.382365,34.573875,33.776750,7634
1137.415972,84.869458,84.162750,7633
1137.436616,58.310000,57.534458,7635
1137.439404,45.645833,45.066292,7636
1137.561466,47.016958,46.461625,7637
1137.667193,45.082042,44.375916,7638
1137.706784,44.664083,44.008125,7639
1137.725183,44.060042,43.465917,7640
1137.834355,68.593292,68.104750,7641
1137.886792,38.995833,38.516916,7642
1137.922333,58.057125,57.138958,7643
1137.952890,49.816083,49.334542,7644
1137.982840,50.190875,49.613084,7645
1138.070467,55.993584,55.274333,7646
1138.088991,66.210084,65.510375,7647
1138.096332,67.170833,66.655750,7648
1138.123558,90.270250,89.553916,7649
1138.176581,61.814375,60.944916,7652
1138.178183,48.889750,48.493958,7653
1138.196616,152.643167,151.451125,7650
1138.242463,61.349750,60.764666,7655
1138.251509,73.929625,73.145042,7654
1138.264203,211.400875,210.907667,7651
1138.313587,50.021125,49.295458,7658
1138.332445,119.633792,118.738375,7656
1138.387922,170.420250,169.864916,7657
1138.388618,40.906542,40.445416,7659
1138.470493,42.430208,41.727000,7660
1138.489644,58.288417,57.732208,7661
1138.527874,51.111375,50.634792,7662
1138.569340,54.912083,54.083167,7663
1138.756124,75.010250,74.621167,7664
1138.848213,92.505584,91.778459,7665
1138.875019,105.024500,104.004541,7666
1138.934889,86.480042,85.938417,7668
1138.943816,98.699125,98.118417,7667
1139.058809,89.264583,88.816291,7669
1139.132434,117.900125,117.296958,7670
1139.161514,140.288166,139.603917,7671
1139.171084,124.813791,123.977583,7672
1139.264083,159.469626,158.469208,7673
1139.270432,89.161042,88.513250,7674
1139.364398,76.534209,75.484208,7675
1139.460759,112.456167,111.755000,7676
1139.489061,113.187084,108.240708,7677
1139.495984,98.939750,98.292834,7678
1139.529721,122.530333,121.750417,7679
1139.569784,60.715959,60.129416,7680
1139.594919,75.548666,74.912541,7682
1139.595897,81.460166,80.474333,7681
1139.645849,43.815625,43.490708,7683
1139.694492,57.928791,57.311041,7684
1139.733366,52.270166,51.837333,7685
1139.775121,56.362541,55.626667,7688
1139.778152,88.472417,87.686666,7686
1139.798900,91.546292,90.915125,7687
1139.886668,38.884416,38.214167,7690
1139.902854,66.945958,66.399667,7689
1139.985482,44.616250,44.037000,7691
1139.995653,44.166500,43.610000,7692
1140.041991,27.558416,26.914416,7693
1140.095555,24.819375,24.359416,7694
1140.121355,25.788875,25.063792,7695
1140.152075,25.771666,25.098208,7696
1140.216770,35.663833,35.296625,7697
1140.300941,62.266459,61.743500,7698
1140.319320,55.169625,54.460875,7700
1140.325635,67.326292,66.777375,7699
1140.390412,42.660333,42.249667,7701
1140.541712,51.725042,51.015125,7703
1140.548868,64.063708,63.373625,7702
1140.568695,54.288792,53.586167,7704
1140.594096,79.360458,77.903875,7705
1140.740556,58.324000,57.783250,7707
1140.752386,64.303750,63.523250,7708
1140.755443,74.361584,73.866042,7706
1140.796700,39.793541,39.203209,7710
1140.811780,114.667000,113.897583,7709
1140.839062,33.139459,32.478541,7711
1140.889257,70.219625,69.456042,7712
1140.892180,44.421417,43.826709,7713
1141.010134,72.930375,72.261875,7714
1141.039269,34.846584,34.435625,7715
1141.078712,64.263208,63.727125,7716
1141.147918,49.456750,48.846875,7717
1141.203424,47.283542,46.623208,7718
1141.218348,37.231834,36.468834,7719
1141.294390,45.715250,45.213292,7720
1141.386525,38.755500,38.061916,7721
1141.440148,28.170042,27.433583,7722
1141.469960,28.228958,27.528083,7723
1141.542358,74.244917,73.659250,7724
1141.546135,55.929417,55.411708,7725
1141.584748,70.312375,69.778041,7726
1141.731190,50.077417,49.606666,7727
1141.767267,47.014625,46.349333,7728
1141.824177,40.471375,39.958333,7729
1141.884671,36.903417,36.215083,7730
1142.008126,37.173208,36.587541,7731
1142.054169,39.730251,39.186876,7732
1142.091324,46.238500,45.833375,7733
1142.215948,34.842208,34.472667,7734
1142.355070,43.424208,43.017334,7735
1142.395356,47.573750,47.004416,7736
1142.413522,53.724125,53.142250,7737
1142.443488,45.388875,44.804958,7738
1142.478283,69.008042,68.208875,7739
1142.508425,63.586833,63.024791,7740
1142.560026,45.534708,44.838792,7741
1142.607811,64.472333,63.696500,7742
1142.664781,85.234625,84.754833,7743
1142.667817,80.104500,79.507750,7744
1142.686526,61.159875,60.591417,7745
1142.723710,42.609876,42.277667,7746
1142.906081,58.333625,57.852375,7747
1142.931964,45.288541,44.806125,7748
1142.956746,63.590917,62.801375,7749
1143.062097,47.651917,47.124875,7750
1143.108566,76.444959,75.854625,7751
1143.117587,77.940333,77.322000,7752
1143.132181,57.547000,53.605125,7753
1143.168880,63.304209,62.584667,7754
1143.171228,54.365208,53.797042,7755
1143.233399,39.462791,39.042792,7757
1143.255143,74.095875,73.514000,7756
1143.405275,57.502666,56.761250,7758
1143.459115,33.961667,33.504334,7760
1143.487123,63.116083,62.568333,7759
1143.514119,51.624708,50.988000,7761
1143.534580,39.413791,38.762792,7762
1143.557579,60.484375,59.847667,7763
1143.570664,56.214375,55.655542,7764
1143.626670,52.406375,51.968000,7765
1143.770441,89.358500,88.933250,7766
1143.841664,114.939709,114.428708,7767
1143.869323,96.792209,96.300458,7768
1143.953500,145.060125,144.296542,7769
1143.979038,128.771417,127.141875,7771
1143.991415,143.631250,142.620625,7770
1144.058163,120.205750,118.147166,7772
1144.097977,83.555791,83.103417,7773
1144.155482,84.997500,83.460709,7774
1144.223817,95.351667,94.512541,7775
1144.288793,112.545125,111.731958,7776
1144.316606,133.576041,132.050042,7777
1144.410823,189.532875,188.898791,7778
1144.432147,144.018000,142.723000,7779
1144.458115,139.006583,138.504333,7782
1144.504832,213.088459,212.611000,7780
1144.560901,88.553500,87.847083,7787
1144.573042,271.923750,271.174750,7781
1144.605355,90.058209,89.276834,7788
1144.635095,309.124375,308.070875,7783
1144.685141,124.201292,83.305542,7790
1144.701408,359.042833,358.424208,7784
1144.718235,104.183041,62.506792,7792
1144.725983,44.875250,44.292208,7793
1144.818126,470.358292,428.704791,7785
1144.891250,480.374709,436.692959,7786
1144.893117,45.329667,44.601667,7794
1144.937297,407.462417,366.089500,7789
1144.962360,54.691583,53.998875,7796
1144.974539,88.644208,87.831625,7795
1144.983282,391.118876,349.663125,7791
1144.999193,32.035791,31.509916,7797
1145.051709,49.311792,47.828667,7798
1145.083133,68.693042,68.085792,7799
1145.101163,81.953375,81.427792,7800
1145.102551,65.800000,65.184292,7801
1145.150164,92.131958,91.583333,7802
1145.168652,55.958583,55.468000,7803
1145.189905,31.736833,31.269291,7804
1145.235326,54.237459,53.547375,7805
1145.364522,43.710916,43.178042,7806
1145.397187,73.548709,72.881959,7807
1145.401091,72.489667,71.656375,7808
1145.428296,80.497084,79.627333,7809
1145.462333,49.845250,49.380917,7810
1145.498454,51.158625,50.435875,7811
1145.530105,42.243834,41.602750,7812
1145.555624,41.174000,40.560042,7813
1145.674702,58.343833,57.860542,7814
1145.710272,61.862792,61.250584,7815
1145.710301,61.184667,60.716833,7816
1145.757923,81.068750,80.568250,7817
1145.783100,48.915125,48.519334,7819
1145.806725,49.499917,48.500083,7820
1145.852663,69.845708,69.262375,7821
1145.869869,188.751209,188.234375,7818
1145.888856,71.089375,70.337167,7822
1145.931441,69.475875,68.759833,7825
1145.933361,99.893500,99.334375,7823
1145.978918,84.337459,83.699000,7826
1145.987522,139.744209,133.759208,7824
1145.999144,42.919625,42.240917,7827
1146.033652,63.598500,62.882750,7828
1146.053611,38.770083,38.194042,7829
1146.180250,27.544709,27.044792,7830
1146.226394,45.266667,44.558500,7831
1146.342610,46.440042,45.865166,7832
1146.351514,54.678750,54.052833,7833
1146.384548,36.772459,36.292083,7834
1146.429317,62.659042,61.985292,7835
1146.439730,48.331209,47.803000,7836
1146.481755,76.658458,76.071917,7838
1146.485343,82.221417,81.608042,7837
1146.527825,60.906417,60.205834,7839
1146.567799,53.327459,52.728083,7840
1146.635343,67.122417,66.731000,7841
1146.662501,61.462917,60.729375,7842
1146.691772,57.295291,50.367625,7844
1146.706548,87.953541,87.309542,7843
1146.732756,76.992416,76.565708,7845
1146.738077,56.959291,56.250833,7846
1146.784662,46.242583,45.732459,7847
1146.843045,40.225209,39.689709,7849
1146.861055,64.558958,63.663542,7848
1146.878432,30.669042,30.032041,7850
1146.922444,66.293500,65.720376,7851
1146.933617,44.277042,43.714126,7852
1147.051598,37.145209,36.543500,7853
1147.092519,43.757875,43.154125,7854
1147.102628,48.021167,47.175041,7855
1147.151918,59.656042,59.097792,7856
1147.219569,49.615125,48.966167,7857
1147.221044,39.911958,39.490209,7858
1147.306438,78.146834,77.728875,7859
1147.318424,53.746000,53.230042,7860
1147.343651,65.680708,64.899042,7861
1147.359743,40.668542,40.084625,7862
1147.385091,37.337125,36.757584,7863
1147.438450,39.584416,39.148375,7864
1147.479785,61.667958,61.109417,7865
1147.562783,48.343167,47.797167,7866
1147.722558,41.395958,41.020000,7868
1147.732519,57.899625,57.180666,7867
1147.766181,36.521041,36.074792,7869
1147.782114,37.125375,36.466208,7870
1147.837728,35.855750,35.282042,7871
1147.884887,37.114583,36.558084,7872
1147.935875,73.469958,72.776958,7873
1147.969109,52.158750,51.710458,7874
1147.987917,40.130125,39.717708,7875
1148.043516,62.153291,61.537875,7876
1148.054564,40.150541,39.709542,7877
1148.120157,41.938750,41.387209,7878
1148.149847,46.603958,46.070208,7879
1148.164685,40.579583,40.210917,7880
1148.241828,50.014125,49.128916,7882
1148.242571,61.458250,61.074416,7881
1148.277586,55.164083,54.593875,7883
1148.303312,38.242166,37.617708,7884
1148.379365,35.025083,34.647959,7885
1148.403405,55.598084,54.941250,7886
1148.439269,45.383334,44.595542,7888
1148.449804,67.869083,67.489041,7887
1148.564094,49.673750,49.197458,7889
1148.599427,48.134625,47.585708,7890
1148.639620,63.453250,62.794958,7891
1148.713438,67.729958,60.519667,7892
1148.735469,82.679041,81.652375,7893
1148.792174,115.885875,115.010291,7894
1148.809214,128.100584,127.438500,7895
1148.900886,185.262584,183.944833,7896
1148.913462,114.399542,113.787625,7898
1148.981130,133.387625,132.765792,7899
1148.998073,274.266416,271.468167,7897
1149.131439,249.589667,248.024584,7900
1149.146829,145.466708,144.758250,7902
1149.164992,150.251792,149.649208,7903
1149.262141,379.273709,377.938459,7901
1149.279070,123.181917,122.283000,7907
1149.315221,133.943833,133.112875,7908
1149.399900,114.905000,114.080750,7909
1149.402130,353.946833,350.824250,7904
1149.468858,120.600375,119.625917,7911
1149.483116,412.995916,412.246625,7905
1149.567268,482.336458,481.681375,7906
1149.586618,81.320459,80.717875,7912
1149.591710,77.136208,76.675958,7913
1149.639356,327.452125,326.691750,7910
1149.653744,34.367667,33.841208,7915
1149.677679,111.137833,110.380667,7914
1149.723277,42.149042,41.726417,7917
1149.741359,82.261084,81.511500,7916
1149.755632,44.899167,44.175833,7918
1149.822161,67.512084,66.931084,7919
1149.849141,59.769792,59.228166,7921
1149.858404,82.648708,82.003250,7920
1149.898619,106.816792,106.031625,7922
1149.943519,38.846792,38.143583,7924
1149.950455,102.681250,102.082167,7923
1150.041569,75.300458,73.064541,7925
1150.082204,67.772542,67.342625,7926
1150.096596,64.067208,60.399500,7928
1150.097163,72.898000,72.338292,7927
1150.126052,91.207375,90.656708,7929
1150.171748,49.232167,48.537709,7930
1150.213669,32.531333,31.984750,7932
1150.247928,71.968166,71.355959,7931
1150.368780,50.951542,50.374625,7933
1150.417736,69.982792,69.369417,7934
1150.497195,57.949208,57.374333,7935
1150.568102,53.658209,53.028792,7936
1150.655703,51.770250,51.118959,7937
1150.728473,47.350333,46.832042,7938
1150.747922,46.147208,45.721084,7939
1150.910267,81.985750,81.463959,7940
1150.914511,66.728084,66.123167,7942
1150.915208,71.149750,70.560583,7941
1151.002151,27.419875,27.124416,7943
1151.075313,60.851875,60.189500,7944
1151.181335,47.632375,47.130708,7945
1151.209845,61.928708,61.215292,7946
1151.215824,34.701917,34.128792,7947
1151.251986,40.431416,40.053417,7948
1151.313823,35.104125,34.651458,7949
1151.400268,52.491250,52.013208,7950
1151.414515,64.002166,63.457041,7951
1151.436629,49.518291,48.884500,7952
1151.490964,29.057875,28.338625,7953
1151.553071,38.622791,37.808458,7954
1151.680330,47.818750,47.357334,7955
1151.735358,54.229292,53.630792,7956
1151.827845,58.461667,57.829917,7957
1151.875537,53.548542,52.978334,7958
1151.893414,45.644667,45.088459,7959
1151.946805,45.599750,45.248875,7960
1152.010264,59.054917,58.271208,7961
1152.036521,62.093208,61.539334,7963
1152.043841,74.040459,73.267833,7962
1152.069160,54.714917,53.885125,7964
1152.116730,94.885875,94.241584,7965
1152.133126,53.269709,52.620750,7966
1152.145285,49.107042,48.182750,7967
1152.167228,33.565292,32.986625,7968
1152.233259,54.933375,54.131583,7969
1152.237727,56.619500,56.131250,7970
1152.278531,70.397250,69.836666,7971
1152.394053,46.255125,45.527708,7972
1152.453525,31.763083,31.248584,7974
1152.459419,49.714875,49.145834,7973
1152.575162,36.546125,35.891917,7977
1152.575508,61.100959,60.757958,7975
1152.587046,64.259416,63.574292,7976
1152.677530,57.730750,57.174542,7978
1152.747650,66.553958,65.949334,7979
1152.762454,59.148250,58.521166,7981
1152.771218,72.139666,71.653459,7980
1152.904553,56.762709,56.053958,7982
1152.978516,70.467542,69.958000,7983
1153.051873,37.400709,36.789667,7985
1153.085674,74.134084,73.696583,7984
1153.111106,68.997833,68.317958,7986
1153.133418,70.988458,70.336292,7987
1153.143590,78.281584,77.653042,7988
1153.191234,112.889584,112.202125,7989
1153.235431,66.671792,66.091084,7991
1153.251131,77.141459,76.282500,7992
1153.257268,166.395250,165.617958,7990
1153.282392,101.257042,100.398083,7993
1153.336184,36.887083,36.066917,7996
1153.336192,127.575000,126.927500,7994
1153.388028,173.623042,173.108250,7995
1153.403425,55.659041,55.077750,7997
1153.455424,42.432542,41.998834,7998
1153.473716,57.806583,57.077417,7999
1153.511623,33.974209,33.508417,8000
1153.542541,28.097708,27.379916,8001
1153.624856,37.949333,37.222209,8002
1153.752607,77.143792,76.232916,8003
1153.791333,105.688625,105.070583,8005
1153.797509,116.364792,115.599750,8004
1153.945289,122.126959,121.534000,8006
1153.953186,117.156959,115.724876,8007
1153.967190,123.132042,122.327625,8008
1154.037248,186.440042,185.586917,8009
1154.110331,95.776042,94.760458,8012
1154.131071,227.972500,227.070375,8010
1154.216236,99.132833,98.489416,8013
1154.247376,315.895417,315.383250,8011
1154.271099,140.125416,138.346250,8014
1154.334206,153.107791,151.859750,8015
1154.441288,258.720292,257.123125,8016
1154.462295,114.477708,113.750583,8017
1154.477289,128.434250,123.688250,8018
1154.529082,38.830750,38.060750,8019
1154.572619,65.269458,64.655208,8020
1154.586861,72.401292,71.668333,8021
1154.612868,71.500625,70.956667,8022
1154.653462,109.764958,109.015375,8023
1154.722118,169.938126,169.265833,8024
1154.727326,46.238500,45.619292,8025
1154.814522,43.226458,42.776125,8026
1154.839210,45.395000,44.919875,8027
1154.878335,30.561125,30.009584,8028
1154.975417,45.728083,45.169542,8029
1155.020448,37.868542,37.362792,8031
1155.035950,65.707834,65.132958,8030
1155.059952,41.419875,40.858708,8033
1155.105989,91.584791,90.890917,8032
1155.218508,46.834666,46.360708,8034
1155.220427,39.309667,38.728959,8035
1155.401459,65.670500,64.941625,8036
1155.421083,73.351542,72.890417,8038
1155.425694,78.263208,77.640791,8037
1155.450137,65.142583,64.328250,8039
1155.555855,41.419583,40.772667,8040
1155.614755,39.661125,39.206125,8041
1155.685771,41.819750,41.230000,8042
1155.709821,32.221000,31.675291,8043
1155.735636,54.518917,54.056042,8044
1155.783827,33.441625,32.610083,8046
1155.800036,56.504000,55.890917,8045
1155.881542,52.817041,52.373709,8047
1155.900634,52.878292,52.270166,8048
1156.062147,55.661375,54.375125,8050
1156.066198,51.756542,51.206750,8051
1156.082533,79.404792,78.920042,8049
1156.123161,76.374083,75.803584,8052
1156.198915,46.303833,45.830167,8053
1156.242943,59.705333,59.195792,8055
1156.263669,82.565000,82.118458,8054
1156.264524,60.780125,60.204375,8056
1156.298148,30.986083,30.522916,8057
1156.380467,32.698750,32.351959,8058
1156.528458,45.206875,44.617708,8059
1156.542139,27.713291,27.154167,8060
1156.619979,59.414542,58.729417,8061
1156.646075,59.241583,58.364834,8062
1156.648544,53.683291,53.075459,8063
1156.694692,36.097833,35.695916,8064
1156.752892,71.767500,71.210708,8065
1156.804355,27.298250,26.840625,8066
1156.883028,35.223125,34.638042,8067
1157.070434,55.979584,55.392459,8068
1157.114847,39.794125,39.188917,8069
1157.210898,37.814291,37.343834,8070
1157.245394,64.303167,63.576333,8071
1157.352352,50.348958,49.903000,8072
1157.427701,79.951083,79.199750,8073
1157.486190,47.543708,47.014042,8074
1157.501513,47.829542,47.285583,8075
1157.561987,47.553625,46.887166,8076
1157.642430,52.981250,52.320917,8077
1157.720825,39.694666,39.221000,8078
1157.755858,66.173917,65.394000,8079
1157.877423,57.994417,57.570042,8080
1157.901155,53.382292,52.623375,8081
1157.943139,48.136667,47.527375,8082
1158.031604,51.130916,50.593667,8083
1158.052431,62.733709,62.087084,8084
1158.097471,83.043042,82.469042,8085
1158.112735,40.178834,39.781583,8087
1158.113401,73.991751,73.452751,8086
1158.254833,73.696584,73.066291,8088
1158.338823,51.049250,50.439375,8089
1158.372789,74.902042,74.412625,8090
1158.387082,88.105500,87.647000,8091
1158.391858,68.137708,67.451709,8092
1158.438775,90.970541,90.225042,8093
1158.475033,25.931208,25.257459,8094
1158.539398,24.983000,24.506416,8095
1158.618376,25.633125,25.127959,8096
1158.673458,39.473000,38.819084,8097
1158.738233,57.142458,55.940792,8098
1158.833872,70.630292,70.061251,8099
1158.939309,102.423125,101.922917,8100
1158.954183,106.276625,105.109084,8101
1158.991944,122.064834,120.908667,8102
1159.038147,92.397667,91.681333,8103
1159.096737,82.259042,81.453458,8104
1159.261023,78.961167,77.863917,8105
1159.394483,46.680083,46.008958,8106
1159.429184,49.377417,48.705416,8107
1159.568300,53.842834,53.385792,8108
1159.619937,50.858208,50.325333,8109
1159.656386,49.323750,48.708625,8110
1159.672670,59.712625,58.947875,8111
1159.721830,40.722791,40.275083,8112
1159.764532,41.131416,40.563250,8113
1159.893195,45.448083,44.891583,8114
1159.943532,61.984125,61.274208,8115
1159.977207,42.464917,41.864666,8116
1160.005860,43.596292,42.969500,8117
1160.052184,28.842916,28.302459,8119
1160.074465,60.002541,59.406083,8118
1160.203206,43.092292,42.429917,8120
1160.242868,61.726875,61.125750,8121
1160.394119,46.319583,45.598292,8122
1160.442780,50.406709,49.854000,8123
1160.473542,46.307042,45.764833,8124
1160.561385,46.921875,46.224500,8125
1160.583997,51.744000,51.020667,8127
1160.589718,66.678209,66.139500,8126
1160.640276,28.931000,28.207666,8128
1160.721791,40.681666,40.259042,8129
1160.742236,45.311000,44.697334,8130
1160.891217,43.814167,43.193208,8131
1160.912193,64.404667,63.891917,8132
1160.924465,45.180334,44.404208,8133
1161.064175,49.718958,49.084875,8134
1161.168847,79.078125,78.523083,8135
1161.252421,71.290625,70.631167,8136
1161.379184,50.527750,49.702042,8137
1161.390654,42.864209,42.362542,8138
1161.431548,69.432416,68.668541,8139
1161.556085,41.668667,41.132292,8140
1161.723189,42.108209,41.459542,8141
1161.888579,40.808250,40.345083,8142
1162.039944,70.553000,69.986000,8143
1162.054064,39.565167,38.918250,8144
1162.136500,42.757167,42.079042,8145
1162.224630,43.556334,42.884042,8146
1162.244740,50.343708,49.630875,8147
1162.389127,41.355709,40.842666,8148
1162.580745,66.321792,65.809333,8149
1162.618035,36.669500,36.172792,8150
1162.730739,52.936041,52.440792,8151
1162.738103,56.964250,56.278250,8152
1162.766510,75.013458,74.310542,8153
1162.803602,44.461958,43.901083,8154
1162.841760,41.558709,40.811459,8155
1162.923647,75.870375,75.376875,8156
1162.977975,42.118416,41.616167,8157
1163.011156,42.770875,42.067375,8158
1163.071165,56.728875,56.433708,8160
1163.090358,76.211042,75.685167,8159
1163.115847,97.635125,96.806792,8161
1163.134902,114.964209,114.418209,8162
1163.255219,74.112792,73.597417,8163
1163.422856,60.408250,59.918834,8165
1163.426950,79.191000,78.492750,8164
1163.451334,71.586667,70.953458,8166
1163.462374,47.249125,46.784208,8167
1163.541836,27.432416,26.972750,8168
1163.753161,72.058876,71.332042,8169
1163.918786,70.181708,69.602167,8170
1164.103546,88.505667,87.787875,8171
1164.140576,74.711583,73.853792,8172
1164.215786,80.122583,78.840125,8173
1164.264425,83.205791,82.364917,8174
1164.412745,64.971375,64.322126,8175
1164.471586,41.084167,40.642583,8176
1164.566866,52.408708,51.938833,8177
1164.760594,79.502791,78.924708,8178
1164.899338,51.542459,50.880959,8179
1164.918901,32.207000,31.580792,8180
1165.041573,61.034459,60.588209,8181
1165.049206,34.785041,34.262083,8182
1165.117147,58.382042,57.841292,8183
1165.222078,40.969250,40.479542,8184
1165.244239,41.012708,40.535833,8185
1165.375277,27.503583,26.963709,8186
1165.550690,36.280709,35.763875,8187
1165.602996,33.530875,32.898542,8188
1165.623083,53.387542,52.758125,8189
1165.679693,53.191834,52.571750,8190
1165.732662,35.320542,34.901708,8192
1165.738734,57.672417,57.314542,8191
1165.888057,36.995292,36.417792,8194
1165.910885,63.084875,62.504750,8193
1166.046483,60.339709,59.682875,8195
1166.054428,39.987208,39.523167,8196
1166.224390,43.308416,42.584500,8197
1166.392178,44.406833,43.758459,8198
1166.434151,49.828916,49.208541,8199
1166.435235,50.831666,50.465625,8200
1166.488609,46.225084,45.705917,8201
1166.511451,50.658125,50.120000,8202
1166.565808,51.345875,50.811542,8203
1166.584524,41.169917,40.648708,8204
1166.714417,50.416917,49.680167,8205
1166.716348,35.283500,34.820916,8206
1166.900929,53.166167,52.499708,8207
1167.053722,39.277292,38.905417,8208
1167.128476,40.974209,40.512500,8209
1167.199133,52.979209,52.404042,8210
1167.221904,40.797167,40.187292,8211
1167.358048,83.608584,83.050333,8212
1167.364651,47.227541,46.746583,8213
1167.386935,63.040250,62.456625,8214
1167.421035,73.266666,72.754792,8215
1167.444937,44.714833,44.116042,8216
1167.485237,44.818083,44.181083,8217
1167.548433,33.987625,33.235708,8218
1167.581457,55.288917,54.530000,8219
1167.708703,39.107250,38.489792,8220
1167.729877,48.771333,48.146000,8221
1167.904320,56.560292,55.931459,8222
1167.978745,52.999625,52.300500,8223
1168.066974,52.495041,51.974125,8224
1168.102955,33.076750,32.573333,8225
1168.229163,31.852917,31.311000,8227
1168.251684,70.598209,70.098875,8226
1168.365341,42.776416,42.342708,8228
1168.394397,46.617083,45.934875,8229
1168.470693,47.955833,47.466125,8230
1168.563359,48.946917,48.436500,8231
1168.671507,28.783708,28.353500,8233
1168.747489,113.880959,113.310750,8232
1168.768163,97.045083,96.167458,8234
1168.799411,118.335292,117.648125,8235
1168.914443,66.178292,65.656208,8236
1169.092244,77.052208,76.346083,8237
1169.147084,88.849542,88.450542,8238
1169.208807,81.683291,80.871875,8239
1169.256595,75.370458,73.978625,8240
1169.353583,69.085625,68.226084,8241
1169.383035,45.885584,45.282708,8242
1169.406956,59.161959,58.413250,8243
1169.435493,79.890125,79.187792,8244
1169.570738,56.297500,55.840458,8245
1169.720323,31.838625,31.106542,8247
1169.740239,59.122292,58.755083,8246
1169.895412,47.613416,46.866167,8248
1170.057607,43.170750,42.500208,8249
1170.127768,45.554542,45.053750,8250
1170.223228,45.704750,44.991916,8251
1170.234465,53.334750,52.603542,8252
1170.281832,46.692041,46.076333,8253
1170.358996,46.537459,46.061750,8254
1170.408118,60.340291,59.656917,8255
1170.560078,45.612875,44.851917,8256
1170.717769,36.667167,36.191459,8257
1170.884229,36.475833,36.069250,8258
1170.930530,54.063333,53.365083,8259
1171.029702,44.289875,43.770125,8260
1171.081553,67.087708,66.213000,8261
1171.102725,25.122416,24.585750,8262
1171.216994,35.893083,35.233042,8263
1171.269886,24.934583,24.623083,8264
1171.375340,27.535666,26.996958,8265
1171.470869,35.382667,34.909000,8266
1171.588705,74.258625,73.586334,8267
1171.721505,57.337291,56.650709,8268
1171.727710,46.591125,46.182208,8269
1171.871429,39.762625,39.400666,8270
1171.892556,44.796500,44.014834,8271
1171.932874,42.366917,41.895875,8272
1171.967855,54.696250,54.021041,8273
1172.086613,72.156000,71.474084,8274
1172.199181,50.793750,50.113875,8275
1172.223364,42.268916,41.798166,8276
1172.345479,42.390833,41.879542,8277
1172.381761,33.986750,33.379208,8278
1172.475540,29.568000,28.844375,8279
1172.550325,35.865375,35.192500,8280
1172.720933,39.842250,39.262416,8281
1172.893990,47.104166,46.508875,8282
1172.898804,51.025917,50.451916,8283
1172.965949,50.599792,50.202542,8284
1172.990057,54.607291,53.936458,8285
1173.079124,64.728417,64.261167,8286
1173.227525,44.889250,44.201500,8288
1173.240836,59.751417,59.322375,8287
1173.344692,46.036375,45.631250,8289
1173.374241,39.327459,38.704458,8290
1173.390859,43.076542,42.472500,8291
1173.562537,48.122667,47.481292,8292
1173.740483,59.378375,58.746333,8293
1173.902195,96.017833,95.058833,8294
1173.921125,105.081375,104.118875,8295
1173.951781,103.548667,102.678042,8296
1174.104846,90.347834,89.758958,8297
1174.135722,98.915250,97.887125,8298
1174.189878,119.113750,118.470334,8299
1174.265527,112.037334,111.259459,8300
1174.315684,134.365875,133.624458,8301
1174.337928,129.465000,128.574834,8302
1174.405281,190.577042,189.916709,8303
1174.435723,117.475750,116.895625,8305
1174.456278,108.428250,107.610709,8306
1174.472985,202.093500,201.420041,8304
1174.530073,144.802583,144.143708,8307
1174.550520,36.070125,35.463167,8308
1174.719189,39.418167,38.844750,8309
1174.732356,51.236209,50.643833,8310
1174.883544,35.746959,35.105876,8311
1175.081155,66.726042,66.278334,8312
1175.256203,75.117875,74.564583,8313
1175.399496,51.708417,51.052459,8314
1175.422245,41.145125,40.690417,8315
1175.526842,41.978125,41.159709,8316
1175.568373,48.247500,47.484792,8318
1175.576131,61.714334,60.934125,8317
1175.708316,27.213666,26.913541,8319
1175.769410,55.470625,54.933083,8320
1175.875099,27.330625,26.844416,8321
1176.041244,43.274292,42.807333,8322
1176.074826,60.370334,59.767167,8323
1176.209343,28.238292,27.506500,8324
1176.346145,33.742917,33.118750,8325
1176.372856,25.078083,24.625709,8326
1176.539431,25.018000,24.533250,8327
1176.716956,35.852541,35.230708,8328
1176.755792,24.948292,24.649625,8329
1176.818150,35.584208,34.932625,8330
1176.872921,25.151583,24.677041,8331
1177.076206,61.766250,61.313000,8332
1177.228502,47.372209,46.706625,8333
1177.380785,50.604458,50.192333,8334
1177.391367,43.584625,43.061667,8335
1177.422752,52.384209,51.597584,8336
1177.484180,32.769916,32.122125,8337
1177.551666,37.169417,36.503833,8338
1177.717656,36.551959,36.246292,8339
1177.793201,36.813292,36.326208,8340
1177.889261,49.571083,49.029459,8341
1177.895513,47.711125,47.135958,8342
1178.050790,36.341667,35.654208,8343
1178.137345,39.053000,38.309834,8344
1178.215905,34.794375,34.413166,8345
1178.268504,62.045666,61.491500,8346
1178.281565,33.703250,33.299000,8347
1178.345220,36.052625,35.772334,8348
1178.374285,25.722667,25.264750,8350
1178.392667,44.889542,44.389917,8349
1178.551612,37.198584,36.524833,8351
1178.650084,43.848583,43.224709,8352
1178.652590,44.983166,44.617416,8353
1178.739873,58.769083,58.157750,8354
1178.853438,74.476500,73.482792,8355
1178.896246,48.402958,47.856958,8356
1179.092113,77.619792,76.657876,8357
1179.277897,114.212875,113.465042,8358
1179.300162,129.693375,127.180958,8359
1179.315960,134.836916,133.087500,8360
1179.352506,150.434084,149.708708,8361
1179.395604,47.843542,47.198958,8362
1179.554624,40.211208,39.691167,8363
1179.717927,36.821750,36.381625,8364
1179.757127,63.730333,63.165958,8365
1179.785935,47.029500,46.216917,8366
1179.788454,48.759959,47.981792,8367
1179.888335,40.540792,40.065375,8368
1180.039996,57.103667,56.340375,8369
1180.057606,43.138375,42.600833,8370
1180.121091,76.399167,75.575500,8371
1180.223621,42.519750,41.998542,8372
1180.245048,43.003917,42.217875,8373
1180.390407,42.635250,41.882750,8374
1180.461160,36.390375,35.919333,8375
1180.499359,40.779084,40.158417,8376
1180.514360,49.773209,49.383251,8377
1180.593167,78.759625,37.896250,8378
1180.755450,74.371791,73.856416,8379
1180.898376,50.598334,50.178042,8380
1180.948505,72.319625,71.658125,8381
1181.053078,38.629209,38.000375,8382
1181.196349,45.351542,44.906750,8383
1181.232115,50.959709,50.191167,8384
1181.254523,41.423375,40.594458,8385
1181.268949,51.118667,50.621666,8386
1181.294620,34.695791,34.215708,8387
1181.390125,42.333667,41.687625,8388
1181.405908,36.707125,36.090250,8389
1181.583911,69.453416,68.868625,8390
1181.733604,52.504375,51.998625,8391
1181.784183,41.088833,40.571417,8392
1181.866926,53.141375,52.434959,8393
1181.891199,60.717709,60.197667,8394
1181.905135,57.351000,56.581875,8395
1181.924123,43.487209,42.621542,8396
1182.051180,40.798625,40.313000,8397
1182.073489,59.008833,58.211709,8398
1182.127040,27.230875,26.747292,8399
1182.259719,78.590458,77.906500,8400
1182.339550,44.777250,44.265959,8401
1182.393808,46.010125,45.438459,8402
1182.407834,42.972125,42.471625,8403
1182.556620,42.182292,41.555792,8404
1182.625371,58.997459,58.530792,8405
1182.646588,40.550125,40.149375,8406
1182.717033,35.908250,35.294292,8407
1182.866960,45.142125,44.552375,8408
1182.897513,49.719834,48.947209,8409
1183.059024,44.550917,44.141125,8410
1183.148900,53.387542,52.771250,8411
1183.225405,32.040458,31.548709,8413
1183.229942,48.820333,48.405000,8412
1183.291442,61.316209,60.703126,8414
1183.307178,43.591625,42.861584,8415
1183.410172,62.375542,61.695666,8416
1183.568700,54.254375,53.808708,8417
1183.625142,37.790666,37.149875,8419
1183.634307,52.110916,51.748666,8418
1183.752977,71.840708,71.138666,8420
1183.927144,79.371542,78.810083,8421
1184.097353,80.446334,79.954875,8422
1184.153450,76.384875,74.383458,8423
1184.254491,73.366708,72.420542,8424
1184.338448,82.325541,81.822416,8426
1184.343105,87.953250,87.244792,8425
1184.391428,43.675625,43.057292,8427
1184.524160,43.939583,43.310166,8428
1184.564357,49.889000,49.257542,8429
1184.719056,37.942917,37.508917,8430
1184.828684,78.893500,78.374916,8431
1184.901682,53.912542,53.294791,8432
1184.925945,49.252875,48.791750,8433
1184.980211,83.000166,82.175625,8434
1185.056706,42.262208,41.602750,8435
1185.233352,52.253542,51.784250,8436
1185.384984,37.234458,36.737459,8438
1185.396059,65.585917,65.155708,8437
1185.416245,46.493417,45.769500,8439
1185.442287,45.616958,45.062792,8440
1185.555022,40.579875,39.950459,8441
1185.600422,79.789500,79.219583,8442
1185.712705,31.549292,30.922500,8444
1185.734459,56.121625,55.660791,8443
1185.815763,36.696333,36.230834,8445
1185.879769,50.861417,50.357125,8446
1185.889403,41.622000,41.002208,8447
1185.928478,34.479084,33.951750,8448
1185.973167,62.854750,62.043042,8449
1185.991704,47.161334,46.755334,8450
1186.065389,50.932876,50.458042,8451
1186.115585,65.459334,64.769833,8452
1186.131396,36.939000,36.511709,8453
1186.190608,69.296500,68.709667,8454
1186.201735,45.506708,44.911708,8455
1186.236832,55.719708,55.132292,8456
1186.334723,64.231417,63.634958,8457
1186.385998,38.201333,37.736417,8458
1186.441977,71.850917,71.227917,8459
1186.485467,49.109959,48.350459,8460
1186.561898,47.459417,46.953375,8461
1186.745652,64.550791,63.996625,8462
1186.875357,27.581750,27.252750,8464
1186.899820,82.673209,82.180292,8463
1186.944710,37.035834,36.366167,8465
1186.984646,35.154291,34.663125,8466
1187.055475,41.014458,40.499375,8467
1187.225413,44.290750,43.617875,8468
1187.241731,41.954791,41.394792,8469
1187.358800,36.611458,35.930416,8470
1187.389493,41.667500,41.114792,8471
1187.550676,36.216250,35.570792,8472
1187.717232,36.123791,35.621250,8473
1187.890154,42.377416,41.652917,8474
1188.033741,36.369959,35.940041,8475
1188.082380,67.917500,67.119500,8476
1188.191398,36.259417,35.607542,8477
1188.229073,48.001916,47.485959,8478
1188.362796,46.618250,46.023542,8479
1188.397763,49.973292,49.333375,8480
1188.459238,39.936167,39.405917,8481
1188.567131,52.717875,52.153500,8482
1188.749377,68.249708,67.467750,8483
1188.796958,96.921708,95.917791,8484
1188.837430,82.480417,81.776917,8485
1188.921395,72.764417,72.020958,8486
1189.019826,119.361375,118.552000,8487
1189.055900,130.501000,129.824625,8488
1189.069596,126.678416,125.855041,8489
1189.137521,123.093541,122.458292,8490
1189.192227,90.756166,90.098750,8491
1189.272548,103.978291,103.086084,8492
1189.274983,93.084833,92.276625,8493
1189.422127,74.302375,73.432042,8494
1189.512615,35.703500,34.915417,8495
1189.574534,60.081583,59.460334,8496
1189.716149,35.046083,34.558416,8497
1189.860807,40.603791,40.166292,8498
1189.894064,32.419917,32.075750,8500
1189.929784,82.004708,81.189208,8499
1189.956879,85.448125,84.857500,8501
1189.980146,53.351083,52.431167,8502
1190.011368,49.924292,49.171208,8503
1190.042918,28.447125,27.764334,8504
1190.140646,35.958417,35.282333,8505
1190.185453,25.238500,24.845333,8506
1190.231919,50.775084,50.085584,8507
1190.342376,30.273541,29.737750,8508
1190.392953,45.211250,44.704042,8509
1190.422130,55.008625,54.377750,8510
1190.487522,27.172833,26.709667,8511
1190.564588,50.141584,49.623292,8512
1190.726987,45.885292,45.414542,8513
1190.888487,40.718417,40.261959,8514
1191.082466,68.019875,67.587625,8515
1191.223035,41.940792,41.368250,8516
1191.254130,53.400083,52.899875,8517
1191.382707,34.911333,34.463333,8518
1191.428590,73.290292,72.528167,8519
1191.575535,61.098333,60.483500,8520
1191.663905,56.869750,56.390250,8521
1191.718883,46.821250,46.315792,8522
1191.731520,50.371125,49.700000,8523
1191.897441,49.676375,49.019250,8524
1191.906249,30.360167,29.958250,8525
1192.062078,47.637333,46.906417,8526
1192.217608,36.507917,36.047667,8527
1192.329154,46.926250,46.278750,8528
1192.392604,44.844917,44.478292,8529
1192.463368,39.955417,39.401541,8530
1192.499761,59.726041,59.259084,8531
1192.554202,39.746000,38.983875,8532
1192.576809,43.279833,42.681625,8533
1192.716964,35.841166,35.163042,8534
1192.780593,41.503584,40.879125,8535
1192.819670,35.268042,34.820625,8536
1192.863503,54.197209,53.342334,8537
1192.900523,52.765709,52.133959,8538
1193.092270,77.834750,77.262500,8539
1193.210700,29.603875,29.129042,8541
1193.230586,83.610333,83.086791,8540
1193.388452,40.707916,40.424417,8542
1193.539781,44.003166,43.415750,8543
1193.574489,60.044250,59.360292,8544
1193.596049,76.543834,75.949125,8545
1193.610182,57.218292,56.535209,8546
1193.762496,81.410292,80.710584,8547
1193.915096,67.257750,66.055500,8548
1194.082893,68.410708,67.584709,8549
1194.217383,88.020334,87.425042,8550
1194.256255,109.117458,108.256750,8551
1194.286565,105.457333,103.989084,8552
1194.417642,69.836666,69.034583,8553
1194.556729,42.285833,41.809542,8554
1194.655137,69.752083,69.148917,8555
1194.742442,61.306875,60.704291,8556
1194.836491,73.067750,72.482667,8557
1194.859906,39.963291,39.463375,8558
1194.896348,43.028708,42.380042,8560
1194.902588,54.859875,54.410417,8559
1195.056043,41.573875,40.906250,8561
1195.068868,40.293750,39.750959,8562
1195.211453,44.945833,44.468959,8563
1195.234616,53.468042,52.778541,8564
1195.390160,42.367792,41.781541,8565
1195.405143,43.425083,42.611042,8566
1195.539356,24.910667,24.541709,8567
1195.673305,27.913958,27.351042,8568
1195.717481,36.399708,35.934208,8569
1195.789898,61.896333,61.275959,8570
1195.842597,59.940125,59.390333,8571
1195.894483,46.719166,46.163250,8572
1195.911836,40.749042,40.001208,8573
1195.963419,43.442000,43.132542,8574
1195.999473,55.174292,54.424708,8575
1196.053410,38.924667,38.348917,8576
1196.103735,63.795667,63.165667,8577
1196.195101,62.316625,61.434625,8578
1196.223401,42.299542,41.834042,8580
1196.244877,65.295708,64.533875,8579
1196.388390,40.622458,40.064209,8581
1196.421834,70.561750,69.876625,8582
1196.561686,47.245917,46.707501,8583
1196.588115,40.052542,39.628167,8584
1196.617293,62.602458,61.770917,8585
1196.728329,47.243292,46.775750,8586
1196.884983,37.235625,36.503834,8587
1196.925592,37.696167,37.140834,8588
1196.970538,50.238125,49.467834,8589
1196.985627,31.530334,31.054333,8590
1197.072139,57.703041,57.133417,8591
1197.228496,47.413625,46.841667,8592
1197.384360,36.562750,36.079459,8593
1197.555863,38.264041,37.629083,8595
1197.560347,45.914750,45.471417,8594
1197.632681,40.579875,39.959791,8596
1197.655393,57.232292,56.460542,8597
1197.720659,39.532791,38.880625,8598
1197.875865,42.872958,42.409208,8599
1197.899672,51.917542,51.170000,8600
1198.051854,37.410625,36.806583,8601
1198.230761,49.651583,49.224000,8602
1198.299593,73.648167,73.140958,8603
1198.313670,57.607375,57.159375,8604
1198.314159,49.516833,48.926500,8605
1198.368237,76.970250,76.597792,8606
1198.388276,72.627333,72.135875,8607
1198.414817,69.376708,68.833334,8608
1198.426322,78.524833,77.864791,8609
1198.498854,76.467708,75.909750,8610
1198.551425,36.956792,36.348375,8611
1198.762328,96.745250,96.250291,8612
1198.801181,116.141958,115.433500,8614
1198.820843,139.756458,139.267916,8613
1198.874499,131.994334,131.521250,8615
1198.934595,120.538541,119.075833,8616
1198.958563,110.739417,109.875500,8617
1199.013823,163.046042,159.404583,8618
1199.078262,144.403292,143.335500,8621
1199.102983,130.276709,129.473167,8622
1199.119726,257.864542,257.489458,8619
1199.227663,362.827500,362.131875,8620
1199.250995,113.726958,113.260000,8626
1199.292482,111.409084,110.699458,8627
1199.330729,316.290916,315.666167,8623
1199.408133,118.594000,117.333709,8629
1199.453773,427.023917,419.520792,8624
1199.470670,128.362792,127.699542,8630
1199.559498,513.651542,512.880375,8625
1199.597969,83.559875,82.824291,8635
1199.598217,171.685208,129.668875,8634
1199.602245,388.871875,387.850459,8628
1199.637841,289.501917,288.900792,8631
1199.684103,36.456583,35.753667,8637
1199.711053,337.895250,337.351292,8632
1199.729918,79.601958,78.948042,8638
1199.776076,379.946875,379.013541,8633
1199.819069,266.318792,265.698416,8636
1199.879751,75.214125,74.401250,8640
1199.900527,76.032542,75.437250,8641
1199.915084,234.020208,233.355792,8639
1199.924796,43.732500,43.161417,8645
1199.965774,117.996084,117.227542,8642
1200.008330,156.227166,155.692834,8643
1200.039940,166.826917,166.173875,8644
1200.070141,55.659333,54.844417,8647
1200.082281,190.327667,189.573125,8646
1200.220150,39.029375,38.486583,8648
1200.373277,36.598917,36.203125,8649
1200.414288,66.525375,65.832083,8650
1200.547791,33.382417,32.831167,8651
1200.588119,29.478166,28.915542,8653
1200.594318,66.957917,66.503208,8652
1200.719298,38.219417,37.655917,8654
1200.743838,55.652334,55.172834,8655
1200.783986,50.175709,49.732375,8656
1200.815148,50.601542,49.999542,8657
1200.828203,43.717041,43.171625,8658
1200.924892,77.123083,76.626083,8659
1201.007894,57.984209,57.393000,8661
1201.012445,77.579833,75.381542,8660
1201.013145,59.875958,59.188791,8662
1201.045982,31.519250,30.687416,8666
1201.078149,107.881084,106.338750,8663
1201.079817,30.562000,30.201791,8667
1201.132756,153.015334,148.348375,8664
1201.149515,43.883000,43.162292,8668
1201.169102,175.395500,174.703958,8665
1201.204603,87.999917,87.277750,8669
1201.224382,43.270792,42.748709,8670
1201.303513,48.995333,48.457500,8671
1201.360134,33.723083,33.191083,8672
1201.400848,53.078375,52.349500,8673
1201.440788,36.943376,36.445500,8675
1201.453978,67.262709,66.739167,8674
1201.586240,71.802792,71.267875,8676
1201.635162,58.632291,57.961459,8677
1201.679637,36.185916,35.729166,8678
1201.724701,43.592792,42.900667,8679
1201.903217,55.427167,54.693917,8680
1201.916721,39.761750,38.983583,8681
1201.945145,48.837250,48.111584,8682
1202.006511,38.624250,38.168084,8683
1202.086157,71.686416,71.163750,8684
1202.181413,47.621876,47.096876,8685
1202.219344,38.245958,37.786583,8686
1202.245363,57.211875,56.655375,8687
1202.354790,41.801958,41.306125,8688
1202.389084,41.267917,40.566459,8689
1202.420431,40.169791,39.492250,8690
1202.458183,50.398542,49.810250,8691
1202.484797,34.817417,34.372625,8692
1202.567966,53.521416,53.028208,8693
1202.680229,47.823125,47.321458,8694
1202.732665,51.530792,51.015709,8695
1202.751044,67.417292,66.749667,8696
1202.769120,57.718500,57.039500,8697
1202.889477,41.702792,41.043625,8698
1202.917532,36.928208,36.520750,8699
1202.967977,65.938250,65.209375,8700
1203.040389,58.353167,57.814750,8701
1203.073408,58.966833,58.413834,8703
1203.078235,64.801333,64.341958,8702
1203.174338,31.753750,31.287958,8704
1203.233581,34.390416,33.797459,8706
1203.239350,58.247292,57.538250,8705
1203.312371,32.972041,32.460458,8708
1203.329812,55.304083,54.806791,8707
1203.392899,58.705500,58.283459,8709
1203.400632,52.874792,52.055208,8710
1203.469179,71.099291,70.654208,8711
1203.471282,64.284792,63.678125,8712
1203.479459,67.725000,67.171417,8713
1203.556838,37.512709,36.974875,8715
1203.572446,58.010167,57.501792,8714
1203.637419,28.964833,28.372458,8717
1203.659800,55.439417,54.770041,8716
1203.763525,82.446000,81.576833,8718
1203.789142,87.003875,86.205000,8719
1203.888172,91.291083,90.678291,8720
1203.983180,135.403042,134.647625,8722
1203.991377,154.615709,152.661250,8721
1203.999552,148.201958,147.247916,8723
1204.103970,224.716917,220.870125,8724
1204.138796,124.368125,123.795584,8726
1204.183586,138.954667,136.922333,8727
1204.224681,295.238125,294.580708,8725
1204.285952,135.519125,134.605334,8729
1204.303726,121.738458,120.310750,8731
1204.348238,225.546125,223.368250,8728
1204.457841,109.811041,109.359250,8732
1204.465316,303.825959,303.242625,8730
1204.484149,113.090542,111.798167,8733
1204.527932,142.350250,141.678833,8734
1204.573688,59.245666,58.765583,8735
1204.628889,40.843250,40.339250,8736
1204.680353,42.770291,42.239458,8737
1204.747535,66.458875,65.967125,8738
1204.815413,57.696042,57.054083,8739
1204.860207,53.428375,52.732750,8740
1204.868440,50.283333,49.701167,8741
1204.884532,36.801333,36.440833,8742
1205.035791,42.999834,42.406875,8743
1205.062235,47.783167,47.284708,8744
1205.080845,49.875000,49.308583,8745
1205.133967,41.859416,41.302333,8746
1205.154868,45.148250,44.607500,8747
1205.241705,60.547375,59.408708,8750
1205.242495,62.860000,62.129667,8749
1205.248701,74.246084,73.650208,8748
1205.296385,85.168709,84.464625,8751
1205.332823,114.872042,114.332458,8752
1205.386591,61.177959,60.558458,8753
1205.406699,58.918709,58.221333,8754
1205.416032,56.157791,55.648250,8755
1205.480565,32.888042,32.101125,8756
1205.579706,65.253125,64.537667,8758
1205.583640,92.229667,91.571667,8757
1205.583718,67.642750,67.305875,8759
1205.638861,85.072750,84.479500,8760
1205.652531,55.182459,54.283250,8761
1205.703783,62.881292,62.259167,8762
1205.725589,44.487916,43.904583,8763
1205.812440,41.001917,40.562084,8764
1205.867546,54.194291,53.516166,8765
1205.889148,41.365042,40.790458,8766
1205.980270,46.070209,45.373125,8768
1205.991684,48.626083,48.140167,8769
1206.025776,101.209209,100.592625,8767
1206.081997,124.182041,123.549125,8770
1206.093779,67.433333,66.705041,8774
1206.125399,153.866709,153.348417,8771
1206.127569,113.130209,112.309167,8773
1206.161713,184.973250,184.304167,8772
1206.213291,181.337334,179.501292,8775
1206.236558,55.453125,49.972125,8777
1206.251721,213.439333,212.383500,8776
1206.273030,72.802916,72.303292,8778
1206.307845,45.235750,44.646584,8779
1206.364446,42.303625,41.647376,8780
1206.404373,56.619500,56.012250,8781
1206.461160,36.416334,35.787500,8782
1206.494348,46.566625,45.878583,8783
1206.545906,41.458083,40.890208,8784
1206.556359,41.931458,41.462750,8785
1206.633925,48.077458,47.425000,8787
1206.635888,68.404875,67.618833,8786
1206.665815,63.423500,62.715625,8788
1206.684996,68.690125,67.964459,8789
1206.754286,134.348958,133.825125,8790
1206.758211,77.113750,76.778917,8791
1206.758226,67.530458,66.474625,8792
1206.861838,38.224083,37.770833,8793
1206.909361,61.580750,61.093667,8794
1206.941612,60.112791,59.647000,8795
1207.011981,61.122250,60.725291,8796
1207.052384,37.934458,37.416459,8798
1207.064574,56.607833,55.872542,8797
1207.123434,49.366042,48.960625,8799
1207.142440,46.265334,45.714375,8800
1207.216391,35.287000,34.836667,8801
1207.385297,55.416958,55.010958,8803
1207.393970,66.063084,65.410625,8802
1207.409094,61.330500,60.685333,8804
1207.436654,51.338000,50.712667,8805
1207.466512,43.818250,43.167250,8806
1207.502235,44.527875,44.136458,8807
1207.556095,41.653791,40.997834,8808
1207.596130,43.399709,42.833000,8809
1207.700382,43.605334,42.918167,8810
1207.715151,34.037500,33.096000,8811
1207.793973,73.439334,72.816333,8812
1207.863155,43.176000,42.374208,8813
1207.906454,58.655625,58.073459,8814
1207.917695,37.578625,37.048958,8815
1207.947373,24.720792,24.282417,8816
1208.051520,37.048083,36.574709,8817
1208.111396,43.163167,42.578084,8818
1208.138805,37.706667,37.108750,8819
1208.220087,39.003417,38.544625,8820
1208.289132,72.074625,71.374917,8821
1208.304137,59.415417,58.839375,8822
1208.304197,51.331000,50.736000,8823
1208.375310,100.559375,99.891458,8824
1208.385668,73.971917,73.231667,8825
1208.387281,55.536250,54.898375,8826
1208.420586,87.996125,81.683291,8827
1208.434866,46.542417,46.157709,8830
1208.470796,123.044251,122.179459,8828
1208.517628,44.784833,43.958542,8831
1208.549712,165.462208,162.471750,8829
1208.565220,78.160833,77.274750,8832
1208.584674,55.898500,55.248084,8835
1208.605511,93.556458,92.879792,8833
1208.628911,114.521166,114.076958,8834
1208.674394,77.444208,76.783292,8836
1208.780263,105.693584,104.812459,8838
1208.804043,130.729958,127.155584,8837
1208.808967,127.822625,126.804417,8839
1208.925998,221.881333,220.234000,8840
1208.938562,133.660042,132.236708,8844
1208.946313,121.559958,120.172791,8845
1209.097221,158.623792,117.646958,8849
1209.109245,183.183875,139.327125,8848
1209.118784,172.431000,130.241708,8850
1209.170817,412.893542,412.026709,8842
1209.281419,520.594959,519.837792,8843
1209.286226,188.965292,147.451209,8851
1209.286226,176.937834,135.583001,8852
1209.440408,609.802667,568.491584,8846
1209.460966,174.683250,133.305083,8856
1209.461229,179.774292,138.061292,8855
1209.537578,689.850584,647.816459,8847
1209.571308,130.863833,89.552750,8858
1209.573799,829.810625,828.519417,8841
1209.613558,35.255791,34.479667,8860
1209.618798,104.364750,103.791625,8859
1209.705242,586.432292,544.844709,8853
1209.718925,548.069667,546.871791,8854
1209.725997,44.911708,44.293083,8861
1209.784080,497.640792,457.177000,8857
1209.892764,44.996583,44.296000,8862
1209.902740,51.882541,51.165334,8863
1210.050889,36.444625,35.984083,8864
1210.181176,41.890625,41.321000,8865
1210.203736,39.598708,38.921459,8866
1210.214777,33.648708,33.163958,8867
1210.253752,30.630250,30.107291,8868
1210.309592,74.420208,73.649916,8869
1210.330266,37.218417,36.877459,8870
1210.393286,69.382250,68.732417,8871
1210.404332,59.057542,58.445333,8872
1210.424844,77.065917,76.330334,8873
1210.470238,36.995000,36.439083,8877
1210.471260,91.582167,90.909291,8874
1210.528992,144.987500,144.280792,8875
1210.560387,45.968708,45.493584,8878
1210.572156,186.486126,185.900167,8876
1210.623188,46.881041,46.237041,8879
1210.643483,41.228250,40.507542,8880
1210.717088,35.963958,35.384125,8881
1210.749456,52.509917,51.731750,8882
1210.777421,62.934958,62.366792,8883
1210.883460,35.687459,35.058625,8884
1210.921273,72.305334,71.882416,8885
1210.927076,58.040208,57.554000,8886
1210.941246,56.494083,55.975209,8887
1210.970377,71.957375,71.379000,8888
1211.045374,30.928625,30.416750,8889
1211.094070,66.401709,65.560542,8890
1211.158803,44.051875,43.448417,8891
1211.164648,33.548375,33.147625,8892
1211.214249,42.462875,41.787375,8893
1211.234535,53.381417,52.605876,8894
1211.345036,56.865959,56.315875,8895
1211.363110,38.854958,38.286792,8896
1211.406719,59.432916,58.873208,8897
1211.415939,68.168916,67.717125,8898
1211.446071,91.301583,90.577667,8899
1211.462854,64.793167,64.005667,8900
1211.496412,50.508209,50.101625,8901
1211.534040,54.739125,54.075875,8902
1211.553968,64.546417,63.953458,8903
1211.565356,50.964667,50.281000,8904
1211.604686,38.650792,38.217958,8905
1211.638822,55.631042,55.092625,8906
1211.714482,33.382708,32.853041,8907
1211.853080,51.967708,51.282292,8908
1211.896032,48.247792,47.613708,8909
1211.945975,34.541209,33.989375,8911
1211.960372,56.265417,55.692875,8910
1212.071159,56.697375,56.141166,8912
1212.222540,59.922916,59.377792,8913
1212.235794,54.704125,54.059250,8914
1212.248515,37.653875,36.874542,8915
1212.304086,48.976959,48.415792,8916
1212.325302,36.528041,35.660333,8917
1212.379844,57.731041,57.033666,8918
1212.405254,66.710292,66.099542,8919
1212.408182,60.409417,59.694542,8920
1212.431778,79.153959,78.614375,8921
1212.484304,37.880792,37.526709,8924
1212.506716,119.830667,119.123958,8922
1212.515986,93.220167,92.436166,8923
1212.556844,90.530125,89.975959,8925
1212.586934,85.023458,84.158084,8927
1212.614032,136.975416,136.331125,8926
1212.636296,109.944334,68.496459,8931
1212.675659,56.168584,55.765501,8933
1212.681830,179.169376,177.407126,8928
1212.709742,65.839666,65.233583,8934
1212.733261,52.109167,51.653584,8936
1212.743572,231.815209,231.147001,8929
1212.835367,320.883792,279.773667,8930
1212.876595,65.765583,65.144917,8940
1212.881308,345.148709,304.229917,8932
1212.903516,94.633000,93.717750,8939
1212.938881,57.556625,56.966000,8942
1212.952217,305.814833,264.363166,8935
1212.982250,300.121209,251.979291,8937
1213.040288,339.154375,298.257750,8938
1213.053458,76.465375,75.895459,8944
1213.082949,68.500542,65.464875,8945
1213.087572,239.782959,238.802375,8941
1213.094606,36.262333,35.594708,8946
1213.178212,281.875417,240.388166,8943
1213.188958,65.296583,64.370541,8948
1213.189156,74.155667,73.406667,8947
1213.219686,38.565042,38.002708,8949
1213.413264,65.491417,64.771000,8950
1213.542903,28.466375,27.956250,8951
1213.662915,28.703209,28.058625,8952
1213.743861,94.721667,93.465458,8953
1213.793177,120.873959,117.459125,8954
1213.813771,132.652334,130.944042,8955
1213.867998,186.050666,184.625583,8956
1213.939506,91.705542,90.638333,8957
1214.023237,147.003501,146.283958,8958
1214.032267,131.128959,128.996583,8959
1214.071486,117.116708,116.412042,8960
1214.111892,125.380792,124.491501,8961
1214.201278,185.940125,185.309542,8962
1214.232265,90.424250,89.137708,8963
1214.273045,90.287750,89.496166,8964
1214.310170,76.631041,76.013292,8965
1214.409765,60.944917,60.243750,8966
1214.557817,43.372291,42.667334,8967
1214.621377,33.187292,32.678042,8968
1214.734605,56.698250,55.981042,8969
1214.735189,54.040292,53.492834,8970
1214.785698,77.670834,76.964417,8971
1214.847124,46.265334,45.572042,8972
1214.878334,56.320250,55.982500,8973
1214.905599,57.819709,57.197584,8974
1214.934799,76.422208,75.941833,8975
1214.946957,60.865292,60.205542,8976
1215.056426,40.453291,39.971167,8978
1215.073055,58.612750,58.142584,8977
1215.128357,55.712709,55.274042,8979
1215.168375,40.249417,39.698750,8980
1215.201424,72.090084,71.569167,8981
1215.224777,43.731042,43.267583,8982
1215.406562,58.817500,58.006375,8985
1215.409983,67.373541,66.979208,8983
1215.410361,64.690792,64.285958,8984
1215.449994,81.565167,81.131750,8986
1215.483608,35.558250,34.985709,8987
1215.522435,42.026541,41.443500,8988
1215.560371,45.934291,45.409000,8989
1215.595829,47.583667,46.907875,8990
1215.609973,49.324042,48.750333,8991
1215.648365,35.756000,35.041417,8992
1215.722421,47.265166,46.738125,8993
1215.722918,41.779500,41.203750,8994
1215.781303,50.250667,49.562625,8995
1215.887479,39.709542,39.114542,8996
1216.062381,47.962250,47.488875,8997
1216.160096,42.445959,41.843666,8999
1216.169670,80.414834,79.777542,8998
1216.214466,69.794958,69.277542,9000
1216.228790,62.811292,62.249250,9001
1216.261477,80.385958,79.776375,9002
1216.290377,48.823541,48.429208,9003
1216.335255,41.455458,41.170792,9005
1216.348243,56.017500,55.389250,9004
1216.421909,74.118042,73.446916,9006
1216.455820,41.363875,40.858125,9007
1216.486810,49.908834,49.288459,9008
1216.533338,39.742209,39.387542,9009
1216.568905,54.427916,53.699333,9010
1216.624548,46.128250,45.525667,9011
1216.716555,35.474833,34.963250,9012
1216.868274,31.136292,30.730583,9013
1216.913488,65.695292,64.989750,9014
1217.058805,44.359000,43.844792,9015
1217.218095,36.958541,36.449583,9016
1217.392985,45.212125,44.636667,9017
1217.429458,40.700333,39.966208,9018
1217.478377,55.946916,55.449333,9019
1217.500135,53.154209,52.474625,9020
1217.554921,40.487709,39.992167,9021
1217.714390,33.298417,32.934125,9022
1217.821652,55.802833,55.148916,9023
1217.822879,45.216500,44.397209,9025
1217.833093,64.832541,64.159667,9024
1217.876741,28.945000,28.221666,9026
1217.949675,41.565125,41.034292,9027
1217.982750,37.349375,36.715584,9028
1218.028538,51.579500,50.939291,9029
1218.053590,56.009625,55.419583,9030
1218.086532,72.104666,71.613500,9031
1218.138139,62.080083,61.474584,9032
1218.235132,54.029209,53.333292,9033
1218.379269,44.345000,43.764583,9034
1218.405241,57.482833,56.937416,9035
1218.529277,39.334750,38.563000,9036
1218.567539,56.835333,56.204459,9037
1218.573168,58.753625,57.897000,9038
1218.777683,96.553042,90.983375,9039
1218.832120,136.813833,135.628208,9040
1218.859140,145.383875,144.875500,9041
1218.874440,126.035000,125.457792,9042
1218.959941,111.956542,110.728626,9045
1218.972642,174.592542,173.563250,9043
1219.026407,124.252917,123.550000,9046
1219.086425,256.124167,255.462084,9044
1219.138157,123.237917,122.665959,9047
1219.178747,117.025708,116.019167,9048
1219.205116,135.932125,134.934625,9049
1219.255150,74.054166,73.005334,9050
1219.347966,68.175625,67.335625,9051
1219.431604,83.829084,82.915291,9052
1219.482896,102.916625,102.327167,9053
1219.512059,97.279875,96.708500,9054
1219.544781,79.073750,77.011083,9055
1219.572911,58.490542,57.937542,9056
1219.704224,28.278250,27.746541,9057
1219.763092,81.939959,81.133500,9058
1219.831347,27.222417,26.759250,9059
1219.874810,41.995042,41.361834,9060
1219.892262,44.480041,44.005208,9061
1220.052332,37.918417,37.353167,9062
1220.105302,70.441291,69.810708,9063
1220.195654,39.713625,39.263292,9064
1220.239649,58.528459,57.836042,9065
1220.252293,55.808958,55.118000,9066
1220.272584,70.855458,70.254333,9067
1220.370760,55.907250,55.192375,9068
1220.391562,43.803959,43.402042,9069
1220.430856,62.321875,61.621000,9070
1220.539685,79.380875,78.866666,9071
1220.579245,75.683125,75.298125,9072
1220.580618,66.189958,65.676041,9073
1220.667387,51.373000,50.865791,9074
1220.704712,47.326416,46.844000,9075
1220.744198,63.088375,62.458667,9076
1220.762463,35.228958,34.828500,9077
1220.819971,68.539333,67.972625,9078
1220.835760,44.057709,43.409916,9079
1220.915404,67.613292,66.916500,9080
1221.061997,47.558000,47.005583,9082
1221.063339,49.077875,48.540042,9081
1221.135199,35.769416,35.054250,9083
1221.241408,60.324250,59.814416,9084
1221.329862,60.311709,59.771250,9085
1221.393369,45.619000,45.189375,9086
1221.403671,44.160375,43.623125,9087
1221.527273,69.571833,69.149791,9088
1221.559277,36.159959,35.369833,9090
1221.572608,58.155125,57.627209,9089
1221.741137,60.031417,59.471708,9091
1221.887742,39.990708,39.352834,9092
1222.030164,28.544833,27.871666,9093
1222.064552,50.116209,49.592083,9094
1222.144364,41.731083,41.282792,9095
1222.228606,34.081542,33.429083,9098
1222.231820,66.325875,65.768792,9096
1222.254211,73.099542,72.440083,9097
1222.396826,49.078750,48.579417,9099
1222.552244,37.824208,37.533125,9100
1222.625671,59.057250,58.380292,9101
1222.735838,54.735625,54.077917,9102
1222.889805,42.036167,41.532167,9103
1222.909717,47.754291,47.137417,9104
1222.946209,43.490416,42.738792,9105
1223.018848,43.120875,42.433708,9106
1223.056144,41.707458,41.155042,9107
1223.232251,51.112541,50.104250,9108
1223.267126,42.052792,41.411417,9110
1223.285558,65.357250,64.695750,9109
1223.346345,59.000958,58.470709,9111
1223.383392,35.590625,34.878083,9112
1223.545263,42.787209,42.420875,9113
1223.554344,39.901459,39.319583,9114
1223.733508,80.938375,80.381583,9115
1223.746954,65.853958,64.421584,9116
1223.914251,66.454792,65.756833,9117
1223.990928,78.192042,76.835500,9118
1224.056518,69.672459,69.289208,9119
1224.094076,79.599042,78.798125,9120
1224.154992,61.712000,60.810458,9121
1224.246629,65.462250,64.983041,9122
1224.320328,70.959875,70.068833,9123
1224.402178,53.890084,53.060291,9124
1224.409040,40.006750,39.243750,9125
1224.546694,37.743708,37.432208,9126
1224.591697,77.168584,76.396834,9127
1224.722650,41.542375,41.011541,9128
1224.731265,43.487208,43.074209,9129
1224.774209,43.432667,42.543375,9130
1224.883974,36.206625,35.906792,9131
1225.012871,39.946083,39.279917,9132
1225.042541,28.125125,27.603333,9133
1225.209120,28.041125,27.486667,9134
1225.266268,38.017583,37.565209,9135
1225.423449,75.677000,74.929167,9136
1225.440644,53.683583,53.184834,9138
1225.448655,65.992500,65.419667,9137
1225.552155,37.737000,37.194208,9139
1225.590930,43.975166,43.180666,9140
1225.741152,45.059584,44.485000,9142
1225.755951,74.847791,74.160917,9141
1225.771866,45.125791,44.483541,9143
1225.837627,47.740292,47.174458,9144
1225.897426,49.666167,49.167125,9145
1225.948257,62.903459,62.402375,9146
1225.961688,35.954916,35.428458,9147
1226.050574,36.135167,35.637875,9148
1226.222104,40.993750,40.499375,9149
1226.278113,35.795667,35.292833,9150
1226.316084,27.463041,27.084167,9151
1226.375611,27.831708,27.304375,9152
1226.439652,36.897000,36.388625,9153
1226.526963,28.248500,27.587583,9154
1226.576326,61.865708,61.069458,9155
1226.718479,37.350542,36.682916,9156
1226.884844,37.084542,36.525417,9157
1227.042538,28.075833,27.386625,9158
1227.216972,35.865083,35.185209,9159
1227.328185,27.030792,26.726292,9160
1227.389106,41.360959,40.861334,9161
1227.552873,38.433500,38.082042,9162
1227.725473,44.350833,43.791125,9163
1227.877331,29.530375,29.041542,9164
1227.945448,55.711834,55.203459,9165
1227.993345,67.302083,66.760458,9166
1228.047789,33.355875,32.943166,9167
1228.221974,40.917333,40.434041,9168
1228.297127,43.742417,43.270208,9169
1228.413581,65.789209,65.270625,9170
1228.522284,45.451292,44.951666,9171
1228.574364,59.949167,59.350084,9172
1228.749515,68.410417,67.756792,9173
1228.919558,71.756417,71.192625,9174
1229.040596,76.158250,75.474000,9175
1229.095868,81.306167,80.607625,9176
1229.155865,64.918583,63.891041,9177
1229.253581,72.410917,71.782084,9178
1229.338990,39.618834,38.834833,9179
1229.369527,46.730833,46.189792,9180
1229.405271,57.485167,56.863917,9181
1229.411498,55.969958,55.321875,9182
1229.470030,39.947250,39.265042,9183
1229.536931,43.599791,43.082958,9184
1229.575326,60.879000,60.153917,9185
1229.708342,27.209875,26.757208,9186
1229.841990,35.331625,34.966750,9187
1229.915483,67.715083,67.074292,9188
1229.944102,54.707625,54.130708,9189
1229.963177,59.523625,59.167500,9190
1230.046605,32.198833,31.741209,9191
1230.124807,27.726125,27.168167,9192
1230.206217,25.132042,24.740041,9193
1230.360835,48.708625,48.174875,9194
1230.407176,59.422417,58.835291,9195
1230.518280,45.509333,45.153208,9196
1230.561549,47.098333,46.286042,9197
1230.569537,47.616917,47.190792,9198
1230.598683,42.110834,41.613542,9199
1230.637516,54.204500,53.681833,9200
1230.705110,42.004667,41.437083,9201
1230.727229,46.099083,45.333459,9202
1230.795225,44.673125,44.329833,9203
1230.882881,35.137667,34.668083,9204
1231.041518,27.059666,26.588333,9205
1231.229401,48.290958,47.636166,9206
1231.269974,45.427958,44.860375,9207
1231.387061,39.315209,38.560375,9208
1231.518183,47.831292,47.053125,9209
1231.560975,46.523166,46.036375,9210
1231.579509,45.817042,45.047334,9211
1231.602956,32.957167,32.173458,9212
1231.734265,53.186292,52.657209,9213
1231.798810,46.635458,46.167041,9214
1231.894786,47.041167,46.654125,9215
1232.093256,78.788792,78.060208,9216
1232.246578,65.457583,64.860833,9217
1232.375783,28.014583,27.717084,9218
1232.554348,39.930625,39.495167,9219
1232.607788,66.510500,65.831500,9220
1232.704637,48.836084,48.353083,9221
1232.741500,60.389000,59.851750,9222
1232.759445,75.782291,75.105917,9223
1232.768313,53.571875,52.913000,9224
1232.893311,45.542000,44.894209,9225
1233.061302,46.873458,46.496042,9226
1233.208498,67.726458,67.061458,9227
1233.221123,40.005584,39.481167,9228
1233.284800,59.836875,59.130750,9229
1233.400184,52.406375,51.760917,9230
1233.412303,48.358334,47.672334,9231
1233.486406,36.987709,36.469708,9232
1233.575156,60.722666,60.157709,9233
1233.749330,68.249417,67.834667,9234
1233.818738,76.408208,75.830417,9235
1233.908329,59.982709,59.148542,9236
1234.093891,118.855917,118.249250,9237
1234.096382,119.709042,119.033542,9238
1234.122257,107.611875,106.882709,9239
1234.259027,77.931291,77.514791,9240
1234.341171,91.803250,90.972584,9241
1234.350755,82.175917,81.446459,9242
1234.407328,61.711709,60.808708,9243
1234.423127,75.401375,72.375042,9244
1234.584966,70.505167,69.982791,9245
1234.754911,73.825500,73.240417,9246
1234.890970,46.739875,46.280208,9247
1234.899911,52.133375,51.568417,9248
1234.961063,44.207042,43.710625,9249
1234.999285,63.197459,62.428625,9250
1235.067714,53.278167,52.774458,9251
1235.165687,52.951500,52.441375,9252
1235.217363,36.258542,35.805875,9253
1235.395376,47.627708,47.114375,9254
1235.470712,61.431125,60.835541,9255
1235.566978,52.521000,52.056083,9256
1235.687990,54.732125,54.037083,9257
1235.713568,32.453167,31.843584,9258
1235.831256,52.474042,51.971209,9259
1235.902402,54.595917,53.926833,9260
1236.093399,78.938417,78.213917,9261
1236.228326,47.246209,46.792666,9262
1236.393620,35.658292,35.083126,9264
1236.397456,49.687459,49.126875,9263
1236.550364,50.079166,49.422333,9265
1236.567232,52.763083,52.112667,9266
1236.583938,41.884208,41.337042,9267
1236.717058,42.012833,41.540917,9268
1236.733647,52.503208,51.877000,9269
1236.764725,41.789708,41.322167,9270
1236.889657,41.877792,41.437375,9271
1236.930161,43.325333,42.585375,9272
1237.020867,79.086875,78.508209,9273
1237.051316,36.893500,36.280125,9274
1237.098507,51.058584,50.492167,9275
1237.137819,47.958459,47.366375,9276
1237.222474,41.349291,40.803292,9277
1237.405828,58.031459,57.372000,9278
1237.405829,53.553500,52.845042,9279
1237.430856,63.649250,62.989500,9280
1237.454453,78.830791,78.028708,9281
1237.563839,49.425833,48.929417,9282
1237.639161,47.665625,47.119625,9283
1237.669817,42.281167,41.769584,9284
1237.720208,39.108125,38.571750,9285
1237.748442,54.614292,54.034166,9286
1237.874378,26.606708,25.919542,9287
1237.912494,41.671875,40.885250,9288
1238.057245,47.484209,47.028625,9289
1238.064502,50.040375,49.525875,9290
1238.092510,66.600042,66.143583,9291
1238.117635,46.013625,45.638542,9292
1238.217441,54.488875,53.643334,9293
1238.229297,62.004833,61.367542,9294
1238.242483,61.379500,60.816291,9295
1238.400766,52.972500,52.303416,9296
1238.487314,37.218709,36.503833,9297
1238.547373,32.912542,32.158000,9298
1238.606837,32.695833,32.032875,9299
1238.680276,73.397625,32.139042,9300
1238.709926,50.702750,49.923417,9301
1238.767179,86.050125,85.324750,9302
1238.919301,71.571209,70.819583,9303
1239.110163,94.892875,94.294375,9305
1239.110310,106.675334,105.977667,9304
1239.177154,81.163541,80.663333,9306
1239.249867,68.771792,68.166001,9307
1239.419771,72.008417,71.258834,9308
1239.556150,41.696958,41.006875,9309
1239.609450,45.873917,45.366708,9310
1239.736442,55.332958,54.889917,9311
1239.753723,53.285458,52.727208,9312
1239.841372,51.742833,51.294541,9313
1239.863031,61.029208,60.246958,9315
1239.866166,71.669208,71.149167,9314
1239.898822,51.088042,50.612333,9316
1240.059732,45.282417,44.838792,9317
1240.234660,53.537459,52.850292,9318
1240.315242,46.943750,46.543584,9319
1240.387074,39.307041,38.528292,9320
1240.472526,46.632542,46.078083,9321
1240.553475,39.026750,38.656334,9322
1240.704297,51.065292,50.488375,9323
1240.733927,52.805959,52.185583,9324
1240.894308,46.508000,45.751709,9325
1240.929303,40.574042,39.931791,9326
1241.062837,48.428042,47.816708,9327
1241.228058,46.961250,46.330958,9328
1241.273879,46.085083,45.372834,9329
1241.395027,47.277416,46.977291,9330
1241.551178,36.732208,36.432084,9331
1241.679255,70.820750,70.267459,9332
1241.726876,45.772417,45.296416,9333
1241.768820,57.765458,57.026083,9334
1241.881046,57.045334,56.488833,9335
1241.899152,51.387292,50.687291,9337
1241.923388,77.273000,76.721750,9336
1242.012480,45.362625,44.905001,9338
1242.075625,61.205375,60.752708,9339
1242.173936,48.296500,47.552750,9340
1242.230632,49.546875,49.087209,9341
1242.388557,40.774125,40.285875,9342
1242.588919,74.487583,73.852625,9343
1242.724445,45.188792,44.789792,9344
1242.734140,53.062626,52.522751,9345
1242.827718,28.203583,27.682959,9346
1242.909886,62.087375,61.277417,9347
1242.925645,72.112250,71.519584,9349
1242.930679,81.375292,80.772125,9348
1242.953090,78.463000,77.744625,9350
1242.980372,104.084750,103.571417,9351
1243.023406,122.146500,121.257500,9352
1243.061114,46.665792,45.924084,9354
1243.096674,192.026042,191.410333,9353
1243.160176,43.681167,43.112417,9355
1243.216834,35.751333,35.262208,9356
1243.312910,41.181000,40.469042,9357
1243.372431,24.658667,24.198125,9358
1243.553225,60.133792,59.570000,9359
1243.556601,42.130083,41.585250,9360
1243.597541,70.943542,70.176458,9361
1243.758213,77.108500,76.625500,9362
1243.847715,71.278375,70.549791,9363
1243.906583,58.394292,57.884458,9364
1244.048280,81.065250,80.471417,9365
1244.099451,84.963667,84.263084,9366
1244.259675,78.397666,77.660625,9367
1244.303144,85.400583,84.577791,9368
1244.353606,62.137833,60.989833,9369
1244.387229,38.421834,37.561417,9370
1244.414910,42.101208,41.542959,9371
1244.512361,70.992833,70.558250,9372
1244.542847,45.098083,44.613334,9373
1244.574363,59.930208,59.129000,9374
1244.722167,41.059667,40.577833,9375
1244.904717,56.943541,56.570500,9376
1244.942860,60.201750,59.659833,9377
1245.062783,32.695542,32.220416,9379
1245.070438,55.990083,55.507959,9378
1245.238829,57.787917,57.161417,9380
1245.307314,50.776833,50.078583,9381
1245.387309,39.054458,38.685208,9383
1245.409109,61.338958,60.874333,9382
1245.563597,49.137375,48.449625,9384
1245.723953,42.838833,42.259000,9385
1245.808878,43.764291,43.237542,9386
1245.836820,40.714333,40.144708,9387
1245.896524,52.314792,51.360458,9388
1245.909145,57.492459,56.543375,9390
1245.922117,74.365375,73.784084,9389
1246.012559,51.768500,51.100583,9391
1246.051694,37.263333,36.871916,9393
1246.075424,64.715583,64.171042,9392
1246.216105,35.027125,34.594583,9394
1246.267467,51.668750,51.174375,9395
1246.286609,47.687209,47.227542,9396
1246.326711,39.868500,39.414958,9397
1246.377933,52.504958,51.860083,9398
1246.391401,43.629250,43.024334,9399
1246.434594,71.313084,70.548334,9400
1246.554293,39.902917,39.415250,9401
1246.680922,42.558834,42.064167,9402
1246.735508,54.372792,53.860916,9403
1246.897329,49.563792,48.864084,9404
1246.922358,42.875000,42.157500,9405
1247.084747,70.305667,69.692000,9406
1247.187727,46.586167,45.902209,9407
1247.210873,60.653542,60.060583,9408
1247.233995,52.169834,50.947750,9410
1247.262633,81.512375,80.907167,9409
1247.390609,51.501334,50.985375,9411
1247.406987,62.131125,61.513375,9412
1247.411821,64.038334,63.390833,9413
1247.558733,44.342958,43.897584,9414
1247.642786,38.903667,38.420084,9415
1247.726069,43.379000,42.772625,9417
1247.731543,50.464750,50.064000,9416
1247.891990,44.247000,43.586959,9418
1248.054345,39.885125,39.287208,9419
1248.150322,55.687041,55.077167,9420
1248.235109,53.984292,53.353125,9421
1248.336040,48.653209,48.130542,9422
1248.401360,53.566625,52.811792,9423
1248.564036,49.597916,48.967625,9424
1248.589494,42.375667,41.821209,9425
1248.778906,97.773959,96.956416,9426
1248.828778,99.739500,99.034542,9427
1248.869102,97.745375,95.881333,9428
1248.919538,71.759625,70.031208,9429
1249.112486,109.358959,108.624542,9430
1249.117649,103.033000,102.284875,9431
1249.176479,93.517667,92.958542,9432
1249.267361,86.130333,85.633625,9433
1249.285252,81.212833,80.726333,9434
1249.402329,54.252333,53.761459,9435
1249.552807,38.346875,37.758583,9436
1249.566967,40.220250,39.606291,9437
1249.728611,47.483625,46.811917,9438
1249.888932,41.136083,40.649292,9439
1249.973341,73.857292,73.305750,9440
1250.045119,65.979375,65.268584,9441
1250.058746,44.328959,43.752916,9442
1250.143742,41.562791,40.866292,9443
1250.208157,28.119584,27.644166,9444
1250.247113,66.010584,65.250500,9445
1250.286629,42.075542,41.341125,9446
1250.393482,45.692792,45.106250,9447
1250.451835,61.446000,60.720917,9448
1250.506388,62.006292,61.341292,9449
1250.559965,45.498542,45.087291,9450
1250.607888,48.205208,47.496458,9451
1250.679173,42.273875,41.760834,9452
1250.720221,39.118917,38.566792,9453
1250.768127,53.551459,52.952666,9454
1250.775678,36.002458,35.245292,9455
1250.882128,44.199458,43.666292,9457
1250.883750,74.731416,74.211375,9456
1250.906459,58.734375,58.293958,9458
1250.954836,53.563125,52.957917,9459
1251.056265,41.821500,41.439125,9460
1251.223573,42.449458,42.009333,9461
1251.318271,43.941042,43.375208,9462
1251.329930,48.838416,48.120333,9463
1251.383131,48.415208,47.658042,9464
1251.401639,53.849833,53.223916,9465
1251.546052,46.155375,45.730125,9466
1251.555180,40.715208,40.308625,9467
1251.651158,74.446750,73.784375,9468
1251.726368,49.568458,48.904625,9469
1251.729772,48.652333,48.090583,9470
1251.802632,74.488458,73.740334,9471
1251.896802,49.051625,48.517583,9472
1252.019178,44.096791,43.521917,9473
1252.070618,55.676542,54.884958,9474
1252.217634,36.513458,36.056417,9475
1252.269799,48.194416,47.503458,9476
1252.294927,37.360458,36.757291,9477
1252.426425,78.661625,78.023458,9478
1252.512752,34.795833,34.078333,9479
1252.540323,25.816875,25.162667,9480
1252.685694,36.907208,36.507041,9481
1252.748898,67.734333,67.119500,9482
1252.888967,41.196458,40.683708,9483
1252.923562,36.223833,35.459375,9484
1253.000713,40.524167,40.173000,9485
1253.054810,40.345667,39.774000,9486
1253.107170,69.102834,68.386208,9487
1253.160350,36.378708,35.870917,9488
1253.222733,41.631917,41.108667,9489
1253.389147,41.391000,40.764209,9490
1253.539625,25.162667,24.616667,9491
