timestamp,response_ms,inference_ms,request_id
76.482942,136.411917,129.397333,1
76.492435,116.484375,115.070958,2
76.712963,158.301209,155.398834,3
76.827989,146.287166,142.304166,4
76.980259,162.583459,160.679458,5
77.137269,123.408542,122.352708,6
77.179696,142.267125,140.143792,7
77.489592,129.901333,128.162125,9
77.512504,165.726750,163.792125,8
77.827405,145.951167,144.903208,10
78.124140,109.509459,108.724875,11
78.525211,173.739125,173.123416,13
78.529141,155.594541,154.985250,14
78.532734,184.321084,177.297167,12
78.637405,180.963417,179.043375,15
78.782138,68.473126,67.663459,17
78.873592,192.123750,190.062834,16
79.145023,131.760125,129.548125,18
79.480476,133.471042,131.473125,19
79.601266,125.741875,125.223583,20
79.856940,176.934334,175.736167,21
79.969731,199.214458,197.477291,22
79.976767,197.318625,196.194542,23
79.996781,186.468333,183.831667,24
80.114489,278.694791,276.451000,25
80.159785,145.197209,144.574209,26
80.395166,166.219375,164.135125,27
80.396115,114.667292,113.425959,28
80.502031,169.768375,168.819875,29
80.557540,210.717208,209.389833,30
80.642290,122.917958,121.361917,33
80.674420,225.087042,223.652041,31
80.715024,250.967792,247.093584,32
80.844114,163.719500,161.618334,37
80.847887,152.414500,151.488459,38
80.863624,313.836542,312.188625,34
81.004073,417.441208,416.438750,35
81.135920,505.735709,503.116542,36
81.233600,218.606208,217.159250,42
81.235940,223.560750,222.586875,41
81.279859,508.019458,507.459458,39
81.420397,588.215833,587.622000,40
81.490497,151.513833,150.472583,44
81.512865,188.976375,188.392167,43
81.548077,201.427625,199.357667,45
81.750771,143.825208,143.233417,46
81.857808,177.813708,176.736584,47
81.861967,172.296250,171.767458,48
81.944632,124.989958,124.570834,49
82.028968,149.123916,148.317458,51
82.160581,318.461792,316.446375,50
82.166129,152.810292,151.785667,52
82.237954,193.508875,190.889417,53
82.348278,152.697417,151.404167,54
82.358310,157.936917,157.146501,55
82.523411,176.423041,174.667209,56
82.653689,109.644208,108.366417,57
82.817231,135.538958,133.635250,58
82.924746,136.784667,136.043834,59
83.128663,114.332167,113.028417,60
83.424424,76.690542,74.972625,61
83.650790,143.083501,141.433250,62
83.667895,139.528667,138.354708,63
83.831910,150.558042,149.755958,64
83.838865,80.111208,79.601375,65
83.934049,96.730084,95.199416,66
84.115022,101.758708,100.551792,67
84.440507,154.217292,153.606834,68
84.580841,232.833708,230.048875,69
84.611163,189.895708,188.257417,70
84.633554,191.394292,190.027833,71
84.775718,287.785750,286.051792,72
84.807494,149.186625,148.676792,75
84.862140,179.998292,177.882833,76
84.910696,376.195750,375.278167,73
85.050540,475.972584,472.425625,74
85.141969,127.691667,127.046500,80
85.205950,430.327917,428.531250,77
85.216434,215.637626,213.443126,79
85.349919,107.082500,106.223541,81
85.366396,578.930042,576.972375,78
85.481544,150.773291,148.725500,82
85.531554,184.919875,182.616583,83
85.584378,188.069875,186.193000,84
85.647998,217.924000,216.324792,85
85.792098,111.558708,110.821667,86
85.825783,118.164375,116.823583,87
85.894200,178.524500,177.117792,88
85.964974,205.592917,203.709625,89
86.035139,185.521584,184.933583,92
86.175788,379.897000,379.281875,90
86.197697,183.769541,182.837375,93
86.230652,177.570458,177.070833,94
86.282907,485.558792,483.595000,91
86.385411,100.391667,99.061667,95
86.496753,150.131334,148.861126,96
86.616908,117.449208,114.727958,97
86.828572,145.685458,145.097166,98
86.908197,135.567833,130.405042,100
86.918898,146.853875,145.504041,99
87.153824,139.576500,136.472876,101
87.346695,115.106541,113.065167,102
87.458882,152.499666,151.919250,103
87.505226,157.926125,157.400541,104
87.820313,138.695084,137.057375,105
87.907260,117.443376,114.725917,106
88.163135,128.846375,127.996458,108
88.166691,153.431542,151.636041,107
88.331863,98.711958,97.643583,109
88.488334,140.684833,139.296792,110
88.546569,105.212625,103.720750,111
88.718932,142.073459,141.448125,112
88.815767,134.896708,133.071167,113
88.980649,160.254208,158.154500,114
89.127496,122.959667,120.608250,115
89.162751,148.467667,146.666625,116
89.245535,156.959250,156.515334,117
89.259911,122.300501,121.060334,118
89.473213,155.213625,152.505792,119
89.475624,148.562459,147.289042,120
89.527244,180.659791,178.852917,121
89.587739,184.551500,182.352042,122
89.794730,114.782500,113.946291,123
89.884390,112.252875,110.685166,124
89.937430,161.372167,158.690875,125
89.968709,138.413042,137.832042,126
90.104023,192.964042,192.340167,127
90.158064,144.768750,144.099375,128
90.336154,125.604791,123.266208,129
90.387585,123.530167,122.856708,130
90.540501,148.578500,146.720875,132
90.543519,195.607417,192.892000,131
90.616449,126.650417,125.777751,133
90.809673,128.103792,126.666458,134
91.092197,81.607167,80.373125,135
91.180799,166.092500,165.598417,136
91.279127,150.896375,148.797541,138
91.290621,186.447917,183.872792,137
91.498441,323.765167,322.743458,139
91.531836,250.320875,248.319750,140
91.559959,213.088167,211.516666,141
91.785503,105.067375,103.760125,142
91.906486,136.648458,135.368333,143
91.946044,159.724250,153.551417,144
92.075873,155.920333,155.281292,147
92.096491,234.612584,232.870167,145
92.097782,179.825917,177.584750,146
92.199237,185.743250,183.974000,148
92.469358,131.374542,129.632417,149
92.513989,159.527083,158.908750,151
92.563345,215.422958,213.314208,150
92.774316,123.045417,121.576000,152
92.831334,150.983292,149.763542,153
92.925504,145.389709,144.664625,154
92.986297,142.626167,141.243666,155
92.996519,77.054834,75.775875,156
93.159596,145.261375,143.926417,157
93.488922,142.144917,140.504292,158
93.692900,92.085291,90.719708,159
93.795615,148.412250,145.958459,160
93.802589,100.878750,98.063000,162
93.822348,141.510542,140.372459,161
93.890277,112.868000,112.203292,163
94.138293,141.875125,140.211458,164
94.159611,148.239876,146.719709,165
94.181887,166.164250,165.569834,166
94.354864,162.257666,160.344916,167
94.372077,169.796375,169.107166,168
94.462050,126.282917,124.490625,169
94.484306,137.678625,135.707833,170
94.754807,151.050958,150.424750,171
94.838199,155.458042,154.037626,172
94.938061,135.382333,133.903875,173
95.038944,95.989542,94.745292,174
95.122853,107.889250,107.219000,175
95.332562,117.519792,117.035041,176
95.414796,136.504958,134.841291,177
95.474731,128.136750,122.320625,178
95.566319,149.753625,149.080459,179
95.640954,182.196875,180.276250,180
95.644447,175.734125,175.224875,181
95.842966,141.676500,139.787958,183
95.868804,188.515833,187.947375,182
95.905934,188.478500,186.353125,184
96.015800,279.977542,279.121791,185
96.192443,178.855250,177.327208,186
96.228797,181.111584,180.136542,187
96.234038,111.764917,110.998417,188
96.362609,116.301208,115.803625,191
96.382545,258.265001,256.064667,189
96.458052,111.337042,110.559166,192
96.544724,407.532125,406.545125,190
96.838528,155.999666,155.122333,193
96.861367,149.943792,148.301709,194
96.979978,106.753208,106.247459,195
97.156895,142.656500,141.642667,196
97.268266,185.138333,183.917125,197
97.279164,195.108958,193.451709,198
97.322364,216.520500,215.949417,199
97.456438,109.811333,106.502959,200
97.563398,96.008792,95.659667,201
97.812392,130.685916,130.210208,202
97.848577,140.233917,137.711292,203
97.951061,162.075083,159.937167,204
98.011654,162.477583,160.718542,205
98.080625,174.910750,173.516875,206
98.153038,139.740125,138.965750,207
98.283983,169.746500,167.444667,208
98.368477,158.861209,157.621042,209
98.389495,168.309459,167.376709,210
98.470421,123.802875,122.350958,212
98.523905,180.045541,178.356208,211
98.571440,206.161084,205.261875,213
98.747644,144.984583,143.189375,215
98.782324,200.821250,200.163542,214
98.819180,185.082042,183.352459,216
98.912696,261.579792,259.471041,217
99.023130,353.892584,353.161959,218
99.117482,189.036459,188.637458,220
99.137995,163.151333,162.638292,221
99.172273,491.579958,491.097251,219
99.328790,334.684000,332.242458,222
99.470780,196.544834,194.784041,224
99.500726,487.406500,486.665667,223
99.527143,219.934167,218.179208,225
99.587967,241.130458,239.475250,226
99.673927,191.455541,189.899208,227
99.682209,81.169375,80.383625,228
99.838356,158.168500,157.756959,229
99.849061,130.770209,130.218084,230
99.939091,173.133625,172.687959,231
100.074236,185.950625,185.567959,232
100.096850,145.757208,144.912250,233
100.135935,122.379542,121.051000,234
100.181713,125.317209,121.014834,235
100.239500,108.874208,107.419667,236
100.268531,115.308083,114.807000,237
100.505136,157.163417,155.945417,238
100.658815,134.516375,133.385583,239
100.737564,120.997916,119.867417,240
100.855712,175.644000,173.103000,241
100.904443,113.964667,110.399917,242
100.951349,114.356375,113.932292,243
101.140443,126.711084,125.290084,244
101.145936,128.651250,127.936667,245
101.315747,137.267666,135.613042,246
101.476895,175.800625,174.961500,247
101.529641,183.017333,180.296667,248
101.578459,161.210292,159.624791,249
101.606595,104.073666,102.617083,250
101.825449,132.246042,131.647834,253
101.843727,161.506917,159.921417,252
101.851159,181.967917,180.299292,251
101.969242,232.286833,231.776708,254
102.049830,182.862750,181.338791,255
102.143151,129.047916,126.870625,256
102.364554,119.585959,117.335167,257
102.526449,178.979792,178.262875,258
102.568130,179.600167,177.952542,259
102.625386,206.691042,205.950500,260
102.722656,292.431417,292.008500,261
102.791684,143.768917,141.363541,262
102.815246,135.301250,133.533750,263
103.171991,158.713916,157.689583,264
103.504782,157.580792,156.102041,265
103.566435,144.508875,143.338709,266
103.809850,128.310583,126.836792,267
103.866353,103.015209,101.539083,268
103.994656,122.658959,121.931542,269
104.035097,143.215917,142.663501,270
104.122221,107.447667,106.967583,271
104.190423,119.310916,117.203917,272
104.495286,148.652292,147.264541,273
104.583712,192.456542,190.472041,274
104.678807,143.455667,140.859542,275
104.733806,180.265459,179.569834,276
104.844997,163.279375,162.575000,277
104.894826,170.984625,169.388625,278
104.925883,121.571916,119.051333,279
105.136881,121.959542,120.146541,280
105.313502,114.598167,113.127292,281
105.465366,118.278708,117.590959,282
105.799927,118.788542,117.303958,283
106.069038,139.783292,138.459708,284
106.134638,121.315834,118.370000,285
106.162817,124.317666,122.858750,286
106.308254,133.136792,131.305416,287
106.473776,125.423375,123.757083,288
106.849554,168.451209,167.204625,289
106.858622,150.110625,148.767791,290
107.165420,151.009250,149.695000,291
107.486736,138.646084,137.942875,292
107.603860,126.458792,124.889625,293
107.815631,133.010500,132.571833,294
108.144768,131.270709,129.837167,295
108.214942,132.349875,129.987959,296
108.469884,122.976292,121.223958,297
108.670597,157.506125,157.012916,298
108.716724,162.685541,160.850083,299
108.753789,144.730833,141.123792,300
108.795919,114.383501,112.461709,301
109.090252,74.963000,74.322208,303
109.115283,120.073625,118.745666,302
109.189683,96.219083,94.789625,304
109.428151,119.847875,118.597792,305
109.451339,104.784459,103.598250,306
109.584845,139.893250,138.339250,307
109.798085,117.031250,115.822292,308
110.132530,119.228375,117.184666,309
110.499272,150.807417,150.062208,310
110.812935,132.620542,130.516167,311
111.077585,142.233584,141.676792,312
111.115960,102.652375,101.083792,313
111.256839,108.600917,106.282750,314
111.333616,84.438375,83.921250,315
111.415182,149.146083,147.569333,316
111.458258,111.650875,110.713750,318
111.488743,180.009959,178.238375,317
111.652902,113.040376,111.408501,319
111.807991,125.890333,125.129667,321
111.833827,180.891083,139.633667,320
112.034635,123.321042,122.952084,322
112.165157,150.560375,148.152667,323
112.485855,138.657167,137.978750,324
112.578768,117.326708,115.990584,325
112.779314,149.506292,147.473083,326
112.821812,141.385708,140.699709,327
112.999716,137.591125,136.825209,328
113.148346,135.069667,133.496417,329
113.520292,172.567791,171.783500,330
113.654248,113.871041,113.173667,331
113.783450,143.621042,141.327376,332
113.869137,189.105001,188.390417,333
113.905587,128.151042,125.402375,334
114.178138,163.061500,160.805750,335
114.463054,116.425458,113.648792,336
114.546688,159.615750,157.809167,337
114.643120,117.477500,116.917792,338
114.813231,147.826292,145.384458,339
114.816147,134.419250,133.276500,340
114.939587,158.469792,156.396334,341
115.131117,117.111459,116.300042,342
115.297518,93.396917,92.920625,343
115.474299,126.918167,126.287583,344
115.772720,133.842333,132.428334,345
115.794096,112.389084,111.751792,346
116.118631,105.164208,104.718250,347
116.217052,110.408958,109.168208,348
116.403575,148.262042,146.408500,349
116.473501,126.703500,126.085750,350
116.832317,151.240542,150.787000,351
117.131883,118.250417,115.816458,352
117.446859,193.623208,192.257625,353
117.450810,102.568083,99.123208,354
117.829527,148.367333,147.126291,355
117.993831,123.227417,122.057251,356
118.154564,139.977834,138.551292,357
118.312069,127.327375,125.119458,358
118.458341,110.468167,108.650500,359
118.560982,158.979917,156.693834,360
118.804189,123.185708,121.872625,361
119.162694,147.345625,146.567459,362
119.517326,110.653083,109.874333,364
119.523206,174.799334,171.750541,363
119.790986,109.454917,107.912292,365
119.844485,122.522750,120.487208,366
120.199424,185.296125,184.125958,368
120.256081,251.826458,249.163250,367
120.256395,232.000416,230.473834,369
120.489185,141.699833,139.807791,370
120.734437,113.557208,112.916709,371
120.775270,95.318417,92.115917,372
120.868651,100.542750,99.530084,373
121.159387,144.523458,142.121584,374
121.388060,150.682292,149.971209,375
121.467866,172.018292,169.669500,376
121.490511,143.883250,143.123751,377
121.538514,182.408625,181.024083,378
121.837707,155.788500,154.316458,379
122.139844,125.414917,124.142375,380
122.187749,120.071584,117.609625,381
122.363229,142.111958,141.236958,382
122.461274,113.321542,112.319375,383
122.691819,164.406084,162.006542,384
122.794982,169.911584,168.629417,385
122.842753,162.090250,161.281459,386
123.058140,106.812416,104.898791,387
123.128410,136.686084,134.187084,388
123.160447,147.038791,144.365958,389
123.260554,123.740167,121.333333,390
123.450482,103.844417,102.484958,391
123.797145,116.797625,115.687833,392
123.971610,129.237500,128.106125,393
124.113495,145.521541,144.644792,394
124.142526,127.252709,126.767667,395
124.473734,126.562041,123.927125,396
124.619330,97.888875,96.388250,397
124.790717,107.290750,106.783250,399
124.806953,126.607834,125.209292,398
125.004408,141.558667,141.180667,400
125.118190,146.800500,146.323625,401
125.148882,161.422042,160.765500,402
125.170876,156.597583,156.053916,403
125.486156,150.182083,147.258417,404
125.488175,141.567125,141.030167,405
125.585363,136.072417,134.227626,406
125.676409,143.186751,141.768376,407
125.763189,94.626583,94.018750,408
125.844728,164.408708,162.418959,409
126.120470,106.170458,104.424542,410
126.271969,106.409625,104.407625,411
126.489133,141.981875,141.193208,412
126.571878,131.540208,129.898708,413
126.783440,103.476333,100.881667,414
126.926565,140.484750,137.850709,415
126.994740,169.651709,168.209125,416
127.178240,162.789083,162.049708,417
127.474200,126.451208,125.892667,418
127.675738,154.683375,153.071042,419
127.799128,117.941250,117.419750,420
128.181134,167.851542,167.377875,421
128.203100,147.894250,146.582625,422
128.480596,133.042875,131.621584,423
128.567243,123.677750,121.803208,424
128.801141,120.563625,119.045500,425
129.166571,152.810584,151.767000,426
129.215760,113.914500,111.773666,427
129.464914,164.078250,163.216084,428
129.480527,133.898625,131.916166,429
129.816344,135.004917,134.574417,430
130.011433,120.708875,120.157333,431
130.161499,147.205042,145.972750,432
130.499188,152.560625,149.482667,433
130.797138,115.504375,113.906917,434
130.869837,114.148416,112.679000,435
131.172574,157.995834,156.244084,436
131.372156,139.430667,139.008042,437
131.440867,161.384708,160.238750,438
131.501577,154.947334,153.360959,439
131.811490,131.347708,128.855125,440
132.026913,139.085625,137.708083,441
132.148956,134.070708,133.298958,442
132.207224,106.080916,105.043459,443
132.420509,145.055750,143.311000,444
132.488757,142.115750,140.999833,445
132.794741,160.502708,157.873625,446
132.848845,158.776333,157.769500,448
132.863063,182.651000,181.888875,447
132.996705,142.543333,140.864500,449
133.060055,154.150208,153.235833,450
133.075325,61.104458,60.536875,451
133.479213,132.253917,130.785083,452
133.740166,117.499083,116.299167,453
133.772112,90.306709,88.851583,454
133.885164,137.551750,135.954875,455
134.082433,113.111250,112.242083,456
134.158855,144.831167,143.060167,457
134.453422,105.907667,104.206667,458
134.544720,129.991167,128.549166,459
134.750135,171.829584,171.140375,460
134.867885,187.883500,187.085792,461
135.155155,140.759791,138.776459,462
135.204925,184.472750,182.167125,463
135.469795,123.183667,121.730583,464
135.511087,102.971750,101.894042,465
135.817614,137.667250,136.709417,466
136.031696,105.491167,104.285416,467
136.145979,132.256542,130.482625,468
136.243078,157.213875,155.501208,469
136.427762,205.565500,204.080334,470
136.472538,125.906083,123.459292,471
136.833523,152.771792,150.923209,472
137.160710,147.012542,146.123834,473
137.466130,119.515958,116.845167,474
137.780162,154.164500,151.547375,475
137.803419,121.502500,121.100875,476
138.166700,153.168750,152.278292,477
138.249514,116.328625,114.719209,478
138.479403,131.429958,129.509333,479
138.526301,142.246125,140.949375,480
138.668651,162.698375,161.129500,481
138.722934,181.992416,178.883250,482
138.804403,123.445583,122.811791,484
138.813155,186.501000,185.805083,483
138.971520,130.845167,128.411209,485
139.112127,97.896166,96.210917,486
139.229508,131.560625,129.990584,487
139.535923,189.086334,187.683417,488
139.639621,141.281292,140.011667,489
139.810403,130.282833,129.446917,490
140.054891,134.402333,132.009791,491
140.175474,162.177458,161.622125,492
140.489744,140.900666,139.613250,493
140.508424,139.978125,138.803875,494
140.807744,178.643500,176.437334,495
140.816455,179.930042,179.076042,496
140.849326,168.899792,166.963709,497
140.935460,228.324833,227.024000,498
141.083212,309.647042,309.047959,499
141.142730,204.118542,203.425251,500
141.159176,145.852000,144.433625,501
141.468443,120.753208,118.831708,502
141.846196,166.231917,163.732625,503
142.143692,129.649042,129.176542,504
142.230306,111.917458,109.495750,506
142.258013,164.907166,163.278208,505
142.470152,122.273667,120.164917,507
142.602122,164.074167,161.553583,508
142.709899,175.401334,173.495875,509
142.803313,100.104667,99.579667,511
142.816091,134.675917,133.391708,510
142.998680,139.525750,138.455917,512
143.172167,156.867959,155.622542,513
143.321974,102.818917,102.280792,514
143.463752,116.551458,115.840959,515
143.557290,127.303459,124.756625,516
143.558459,104.127042,103.559459,517
143.719575,100.631125,99.464458,518
143.807905,122.442834,122.073875,520
143.808700,127.286251,125.295333,519
144.148794,135.060042,134.208667,521
144.366317,135.560833,134.388333,522
144.501891,154.703209,153.594875,523
144.534453,128.102333,125.902000,524
144.779530,158.902917,157.697459,525
144.825137,143.143000,142.326333,526
144.847073,160.929416,158.848375,527
145.007788,131.457958,130.465708,528
145.089497,136.857583,136.024292,529
145.144800,131.547501,131.079959,530
145.320158,150.050542,149.311750,531
145.453987,173.707625,172.794417,532
145.497945,151.312292,149.725041,534
145.498611,198.846667,198.241167,533
145.752412,117.199834,116.434208,535
145.792133,148.990334,147.238292,536
145.838132,158.054750,155.612042,537
146.120335,106.657833,105.004375,538
146.243067,103.241833,102.408833,539
146.542573,174.040708,171.988834,541
146.547682,154.628251,150.888792,542
146.549279,200.432459,199.569709,540
146.662655,111.431542,110.899542,545
146.735983,245.422334,243.724542,543
146.751797,142.911416,142.231833,546
146.836417,156.510959,156.029125,547
146.873529,345.020375,344.409042,544
146.988954,132.033708,130.795875,548
147.134044,126.093042,124.548958,549
147.165471,151.531917,149.830916,550
147.400649,147.438375,146.593125,551
147.482706,162.937250,162.362666,552
147.494190,147.554166,146.927667,553
147.579304,150.236916,148.651416,554
147.741073,144.799666,142.888084,555
147.753093,137.728500,136.826084,556
147.837978,156.881084,156.250208,557
148.168795,134.272250,132.620250,560
148.180968,167.216292,166.328167,558
148.225278,205.939416,204.364416,559
148.333242,223.273458,221.451708,561
148.482943,209.246041,208.043208,562
148.540625,201.121959,198.272667,563
148.587134,103.179417,102.652083,567
148.590279,242.788875,240.881958,564
148.680907,316.010917,315.140583,565
148.817625,403.114542,400.102209,566
148.870547,189.639917,188.197042,570
148.995396,509.478375,507.685208,568
149.032898,208.605542,207.362166,571
149.046344,141.890292,141.196708,572
149.140490,611.568709,609.545126,569
149.240081,306.607875,304.574084,573
149.380970,366.904125,366.359001,574
149.516631,169.017333,167.825583,575
149.528972,140.307417,138.998125,576
149.689695,174.420750,172.738709,577
149.724778,141.475834,138.128083,579
149.735449,171.695709,171.112375,578
149.830459,137.798209,137.122417,584
149.897829,309.774792,308.971833,580
150.002354,190.321541,189.093916,585
150.034832,361.523459,360.798083,581
150.149395,139.663125,139.208417,586
150.188195,511.071458,498.339334,582
150.268594,254.645417,254.009001,587
150.324711,644.795667,642.875625,583
150.348389,155.520167,154.641083,589
150.549627,498.169292,497.000292,588
150.600923,253.343709,251.696666,590
150.602883,188.920375,187.394375,591
150.707176,229.142375,227.557167,592
150.825344,329.299542,327.975375,593
150.836781,205.888375,203.532000,594
150.897203,217.101209,214.930917,595
151.094816,167.717375,167.064334,596
151.106111,175.236250,173.110875,597
151.180292,166.753125,166.411875,598
151.300386,130.853916,128.671667,599
151.351723,135.452917,134.513166,600
151.402156,133.112000,132.190042,601
151.475715,128.297458,127.008583,602
151.560141,163.887500,163.034083,603
151.572541,164.233126,163.577751,604
151.631439,199.847958,194.443084,605
151.850950,135.178750,134.076834,607
151.856312,137.475625,135.473042,608
151.884940,203.323750,201.935125,606
152.083170,144.824750,135.338583,609
152.150931,187.999000,187.117000,610
152.167553,185.605583,184.575708,611
152.207411,193.762917,193.351667,613
152.377161,363.544709,360.496209,612
152.380477,158.723833,157.839500,615
152.524106,247.153958,245.699417,616
152.547573,145.891375,143.987375,618
152.577696,532.344750,531.237875,614
152.752927,173.448042,172.415250,622
152.755687,408.349667,407.487208,617
152.809281,195.409666,193.477084,623
152.861086,458.043251,457.585626,619
152.995134,109.351959,108.375167,625
153.018597,559.938458,558.309792,620
153.113750,209.869916,208.411583,626
153.154969,646.048667,643.432709,621
153.182276,167.221250,165.683292,627
153.277707,154.533167,153.092917,631
153.352240,672.248792,671.585250,624
153.422640,181.200542,178.510208,633
153.546203,513.079000,511.403959,628
153.556453,213.550167,211.965250,634
153.599215,173.136834,172.565167,636
153.672697,630.513042,628.903042,629
153.834660,185.066292,183.099584,637
153.838499,157.751708,155.548459,638
153.849778,806.617584,804.300584,630
154.036138,891.951084,847.258708,632
154.169373,154.973583,154.331917,640
154.185156,838.522417,835.147542,635
154.292418,545.657292,544.241542,639
154.318813,187.222292,185.246250,641
154.445950,295.929084,294.495250,642
154.463875,117.009083,116.390167,644
154.532041,154.866833,154.334250,645
154.596371,434.639917,432.298417,643
154.780128,103.022791,100.366000,646
154.782154,100.875834,100.420541,647
155.157994,144.711875,143.653125,648
155.321576,125.577667,125.067542,649
155.419670,165.991583,164.189667,650
155.490022,141.323583,140.396959,651
155.621318,105.903583,104.580291,652
155.802328,119.907375,118.445833,653
156.071028,122.387709,120.733083,654
156.149212,135.375917,134.503542,655
156.244272,117.629167,116.886875,657
156.290245,171.427666,170.827125,656
156.526331,178.727500,178.216500,658
156.547385,151.281958,148.674166,660
156.565959,182.449166,180.825458,659
156.786267,106.164333,103.842375,661
157.156978,164.288834,163.624125,662
157.161499,146.726417,145.952625,663
157.229272,192.879750,192.474917,664
157.337521,255.455667,254.669042,665
157.388288,166.132167,164.608791,667
157.418046,179.930625,179.491083,668
157.511473,366.483542,364.207375,666
157.578491,234.299333,232.276916,669
157.587204,190.611458,189.644875,671
157.716753,369.374250,367.624834,670
157.756834,155.422750,154.732959,673
157.846278,165.885417,163.078126,674
157.883655,470.838084,466.447042,672
157.930680,142.421125,141.182125,675
157.953797,104.120042,102.949000,677
158.053756,255.997875,253.246583,676
158.083677,69.199375,68.538458,679
158.156913,229.284417,226.155417,678
158.254911,135.129750,133.375375,680
158.291026,149.344417,147.596458,681
158.522330,215.799209,214.657042,682
158.526755,179.551459,177.761500,684
158.538106,213.048500,210.645167,683
158.648863,209.935833,207.946667,685
158.754348,224.007583,223.404416,686
158.764547,171.555125,171.028375,687
158.841606,165.071959,163.723291,688
158.930712,123.613000,123.167333,691
158.972688,292.731833,291.672791,689
159.100522,400.297041,399.505458,690
159.176370,161.658876,159.124584,692
159.253609,176.566251,175.987292,693
159.315766,215.610209,214.390167,694
159.371709,182.489417,180.241541,695
159.485831,166.476041,165.084792,696
159.537058,189.253750,187.593583,697
159.626605,170.968292,169.584333,699
159.647952,204.369083,203.594125,698
159.723202,184.408000,182.011958,700
159.787056,218.369375,217.476000,701
159.861186,189.188125,188.396250,703
159.937141,345.982000,344.777708,702
160.050389,369.622167,368.954251,705
160.195280,135.711041,132.785917,707
160.209492,195.231167,193.753583,706
160.214730,534.788334,531.931751,704
160.343912,236.985584,236.459125,708
160.521031,173.699750,172.199125,709
160.599474,129.307792,127.384542,710
160.859075,178.698625,177.096792,711
161.044605,163.026208,161.455000,712
161.150359,129.255875,126.751334,714
161.162377,148.098125,147.543958,713
161.211071,134.377250,133.175584,715
161.308876,108.454792,108.064542,716
161.483102,136.474917,134.612041,717
161.779795,99.852958,98.081666,718
161.942765,112.284376,108.985626,719
162.115617,154.798291,152.874750,720
162.154819,141.238708,139.472667,721
162.304464,143.698042,141.173958,722
162.363848,119.821334,119.372458,723
162.429076,116.041625,114.258375,724
162.505119,158.258917,156.180792,725
162.808249,127.361792,126.705542,726
163.160329,146.545292,145.303375,727
163.425976,134.945417,133.372750,729
163.431513,156.690042,155.416626,728
163.538345,190.127875,188.410833,730
163.779351,97.587292,96.010833,731
163.864230,148.260292,147.550375,732
163.952743,100.323416,97.048875,733
164.115255,101.083209,100.677792,734
164.476200,128.683042,127.887375,735
164.571615,111.945167,110.211209,736
164.617305,130.236750,128.602250,737
164.778829,98.031792,97.006584,738
164.906723,105.908542,105.160416,739
165.144506,129.331125,128.966541,740
165.433149,86.392834,85.666292,741
165.594284,161.102084,116.655583,742
165.653210,94.250917,93.195083,743
165.714443,136.686958,134.054958,744
165.816448,144.871417,144.094417,745
165.844418,163.827417,162.943958,746
166.174141,160.583208,157.238083,747
166.241740,114.639875,114.080166,748
166.481734,139.921833,138.755166,749
166.492554,143.794584,142.531375,750
166.723080,160.867875,159.568208,751
166.769677,158.710416,158.088292,752
166.871482,191.281709,189.497584,753
166.884173,124.696834,122.274542,754
167.173444,158.795291,155.362667,755
167.492407,145.318542,143.712334,756
167.533154,161.879667,161.219625,757
167.834032,152.006459,149.546250,758
168.025378,132.248084,130.153042,759
168.127307,191.727084,190.188833,760
168.196785,182.123375,180.558292,761
168.262878,192.840376,190.340500,762
168.492637,146.033416,145.567917,763
168.678989,145.511333,144.279625,764
168.823313,142.336542,140.628250,765
169.204658,191.205584,189.870917,766
169.290413,159.455041,157.893750,767
169.410793,141.607375,140.398125,768
169.507582,160.362709,159.704709,769
169.666624,238.442458,234.302250,770
169.684830,168.793334,166.856375,773
169.685564,244.521667,243.181750,771
169.770927,320.219958,318.359417,772
169.920783,240.828583,238.299542,774
170.128773,115.495917,114.156875,775
170.331519,135.235334,134.564209,776
170.526316,179.083042,178.513417,777
170.818800,137.234125,135.146375,778
171.054396,149.802042,149.413542,779
171.140274,125.972875,123.431875,780
171.226174,116.106958,114.132375,781
171.452172,104.248958,101.978917,782
171.832360,150.766000,149.844042,783
172.102600,117.521542,116.588208,784
172.139902,125.756750,124.455042,785
172.394584,155.392708,154.520916,786
172.503615,155.414001,154.570792,787
172.512073,125.022625,124.230459,788
172.625679,120.704792,119.006416,789
172.780783,100.535750,97.570667,790
172.849080,138.344791,135.384375,791
173.088390,144.497209,143.225542,793
173.105032,201.387959,200.468626,792
173.204821,190.503542,189.647792,794
173.282231,188.567459,187.776167,795
173.347203,138.484208,134.617291,796
173.464774,116.615916,116.123875,797
173.654146,120.237542,119.579833,798
173.807689,131.797167,128.917833,799
173.839909,156.983750,153.290667,800
174.079482,66.149125,64.539709,801
174.467636,119.757750,118.367667,802
174.760478,156.296583,155.030458,803
174.804157,123.295666,121.862417,804
175.036325,147.759792,145.985875,805
175.167384,96.418875,94.843875,807
175.171705,157.455375,156.295417,806
175.302465,140.867125,138.131000,808
175.441261,94.640000,92.102792,809
175.795788,129.498833,128.952250,810
175.817551,137.426625,136.497375,811
175.973999,103.838875,102.135834,812
176.121103,106.558958,106.064583,814
176.159367,155.195833,154.349125,813
176.177822,115.248000,114.549750,815
176.299160,106.493625,104.419000,816
176.494857,147.187542,145.604084,817
176.524580,118.004834,116.640125,818
176.842111,161.407459,159.863958,819
177.178047,163.663792,161.178500,820
177.402603,167.177792,165.605417,821
177.516650,168.405125,166.843834,822
177.794879,114.702291,113.360625,824
177.809429,131.895166,131.383292,823
178.092818,78.095500,76.574458,825
178.457449,110.833916,110.220250,826
178.533423,122.277750,120.536500,827
178.741393,146.883042,144.938792,828
178.779418,99.030458,97.775709,829
179.124138,110.193417,108.452167,830
179.477536,129.136292,127.470292,831
179.809436,129.467916,128.422292,832
179.947058,109.171125,108.805375,833
180.079272,64.192042,60.941708,834
180.429993,83.167875,82.559750,835
180.798148,117.416251,116.493417,836
181.073674,116.532792,115.285041,837
181.184712,170.763833,169.981583,838
181.470958,122.482500,119.137667,839
181.829314,149.357250,146.428625,840
182.118980,105.235375,102.986334,841
182.478791,131.150250,129.522167,842
182.706981,109.965041,108.678792,843
182.807065,127.086750,123.782459,845
182.811854,174.161458,173.512208,844
183.148245,134.934625,134.173375,846
183.450459,103.039125,101.275417,847
183.825150,144.468042,142.889834,848
184.067962,62.910750,62.438541,849
184.168241,85.177166,84.529959,851
184.179323,166.064208,164.719917,850
184.464912,117.509000,114.747792,852
184.820981,139.375542,138.954666,853
184.903492,77.773208,76.207542,854
185.134145,120.582000,118.887417,855
185.295812,131.345959,129.968417,856
185.424969,133.260167,132.799917,857
185.503981,157.399375,156.770542,858
185.808585,128.352001,126.252292,859
186.186311,171.254416,169.957084,860
186.291054,139.014458,138.412167,861
186.319585,151.442375,149.723875,862
186.429996,82.598833,82.083167,863
186.696060,127.969917,126.002334,864
186.823999,143.008542,140.704084,865
186.960887,122.786708,121.702584,866
187.173091,159.381251,157.854375,867
187.465169,117.258459,114.199458,868
187.478836,117.683709,115.238667,869
187.833260,153.157667,151.371792,870
187.903469,172.756500,171.587208,871
187.943962,151.031708,149.831500,872
188.118093,149.578041,148.467083,873
188.133764,120.310167,118.834333,874
188.493781,145.438417,143.932834,875
188.556309,111.176625,109.043083,876
188.796167,115.715542,113.372875,877
189.091113,77.847000,77.144667,878
189.316813,132.866417,131.641125,879
189.494740,165.670459,163.455250,880
189.530034,150.348333,149.884000,882
189.533840,186.306750,184.386125,881
189.811376,129.588958,127.166667,883
189.835122,133.247334,131.747583,884
190.094461,143.283291,141.402625,885
190.163516,150.211834,148.358584,886
190.252217,182.070292,181.615584,887
190.284312,189.457333,189.038500,888
190.320397,148.332042,146.829667,889
190.487542,140.611917,139.031083,890
190.586533,138.621876,137.772833,891
190.798914,118.860584,118.274041,892
191.153291,137.559334,136.883542,893
191.473801,126.991375,125.477625,894
191.568889,142.067917,141.572958,895
191.786149,104.689667,102.912542,896
192.001558,135.663792,133.585667,897
192.011141,134.298208,133.446542,898
192.113328,99.804541,99.348666,899
192.136288,110.403708,108.154666,900
192.278742,128.508917,126.547750,901
192.428619,130.677166,129.528292,902
192.456778,110.154625,109.635750,903
192.685630,112.717208,110.371626,904
192.815284,134.761083,134.215666,905
193.151700,136.900750,136.406667,906
193.468860,122.153792,121.747500,907
193.770222,88.753583,88.160917,908
194.103506,138.062751,135.005501,909
194.146553,118.333250,117.952625,911
194.155946,141.268459,140.738209,910
194.258796,106.337875,105.838250,912
194.316914,136.097208,134.619917,913
194.427244,136.422125,135.008125,914
194.485463,137.436542,136.143584,915
194.756231,162.093166,161.315875,916
194.810930,129.638542,127.204876,917
195.112225,98.019834,96.761000,919
195.121566,144.076917,143.541709,918
195.524159,175.057459,174.038958,920
195.587950,84.035291,82.434916,921
195.823486,143.088750,142.223084,922
195.882197,152.084042,149.303291,923
196.053502,132.108667,131.565583,924
196.125097,110.469333,108.891708,925
196.419329,143.354167,142.615667,926
196.537087,156.215500,155.269041,928
196.555686,208.159291,206.817916,927
196.784239,104.275208,103.460583,930
196.805394,135.523500,133.668208,929
196.890130,137.550000,136.734500,931
196.927329,162.656667,160.673917,932
197.112257,153.411709,150.715833,933
197.151324,138.030959,136.385958,934
197.491873,142.827125,141.758459,935
197.638966,135.488209,134.989167,936
197.811511,130.329208,128.879042,937
198.168510,155.230833,153.044792,938
198.258365,139.220959,137.959500,939
198.503816,155.386291,154.356709,940
198.885469,204.753208,203.941500,941
198.887622,184.501625,182.529083,942
198.895226,165.225375,162.201667,943
199.145525,130.456666,128.526709,944
199.476452,128.552666,126.734709,945
199.787940,106.857625,105.728583,947
199.795756,155.850626,154.298667,946
200.044981,81.977875,80.460625,948
200.153791,139.673333,138.303666,949
200.451804,103.588625,102.050667,950
200.753558,72.325458,71.902833,951
200.783089,84.521792,82.204792,952
201.128615,113.849751,112.322875,953
201.390337,172.479417,171.987667,954
201.440452,148.217417,146.300584,955
201.486092,138.610500,136.676166,956
201.591048,119.317041,117.882333,957
201.802363,121.501625,119.094792,958
202.030074,106.284208,105.098875,959
202.157273,142.979083,141.537667,960
202.444708,96.361125,94.736250,961
202.621817,132.935833,130.793833,962
202.767234,85.257667,84.018375,963
202.859447,143.957917,143.153208,964
202.902275,149.909375,147.434291,965
202.954906,136.044708,134.389791,966
203.115154,101.309833,99.106000,967
203.263539,107.492292,106.992958,968
203.452956,105.463750,104.233208,969
203.573563,119.779042,118.012709,970
203.788490,108.289125,107.806417,971
204.107843,118.538291,118.013292,972
204.135582,122.134250,121.062958,973
204.391703,124.398458,123.108125,974
204.513619,166.655709,165.319875,975
204.680721,131.128376,130.550583,976
204.685684,127.045625,125.706000,977
204.805129,124.391458,81.149250,978
204.900659,164.564458,161.085750,979
204.916076,177.043417,174.700167,980
204.940059,146.749750,145.105041,981
205.037786,117.982667,117.573750,983
205.083334,203.620958,202.104292,982
205.179219,164.688125,154.617458,984
205.275539,243.957292,242.162376,985
205.318394,148.979834,148.205751,986
205.540567,166.700041,165.951625,988
205.545259,196.940917,195.549667,987
205.614881,204.922083,204.191166,989
205.723722,269.661875,268.186334,990
205.769499,164.287667,161.666167,992
205.787737,107.781625,105.487667,993
205.839232,345.377958,343.558542,991
205.998576,124.720167,124.182042,995
206.003185,259.556209,258.928542,994
206.072677,153.865833,153.064334,996
206.127289,114.028250,111.760541,997
206.389040,109.812500,109.468917,998
206.461912,113.533875,112.633792,999
206.601762,67.533958,66.806833,1000
206.639806,97.534791,95.762042,1001
206.807850,164.855834,163.233583,1002
206.824560,143.060750,140.942375,1003
207.148156,133.733250,131.825459,1004
207.246655,151.869958,149.347042,1005
207.455886,106.984209,105.255500,1006
207.814563,132.341125,131.647833,1007
207.882904,140.831833,139.614416,1008
208.179299,165.309084,163.656209,1009
208.454277,189.298375,188.478208,1010
208.460206,150.896375,149.022708,1011
208.518350,171.717000,170.573958,1012
208.651608,194.642292,192.136583,1013
208.860905,180.437834,179.701959,1014
208.945904,128.471291,127.702459,1015
209.080815,112.081375,111.293583,1016
209.136692,122.367584,120.988292,1017
209.290515,138.051375,136.790500,1018
209.491422,143.813251,142.027667,1019
209.695686,148.155000,145.980333,1020
209.798156,117.387666,116.416708,1021
210.165354,150.322959,148.507333,1022
210.245957,109.087417,106.641501,1023
210.421448,150.648166,147.053375,1024
210.509982,162.841000,161.356416,1025
210.744509,119.856917,118.437667,1026
210.801215,120.919750,119.292833,1027
210.889814,132.561625,131.928125,1028
211.168772,167.867292,167.073084,1029
211.175234,161.946750,158.803458,1030
211.320842,166.976541,164.993209,1031
211.478552,135.474500,134.176875,1032
211.510672,163.799125,163.319041,1033
211.631113,115.773292,114.305042,1034
211.822425,140.382083,139.647375,1036
211.857185,171.782042,170.749542,1037
211.916579,235.260083,233.773166,1035
211.941911,249.792959,249.256000,1038
211.985688,126.362250,124.115541,1040
212.047101,337.893792,337.387750,1039
212.147446,133.189583,131.862208,1041
212.201619,154.499041,112.198625,1042
212.366180,125.660792,124.687208,1044
212.390729,156.291917,154.331333,1043
212.462928,155.387166,154.093042,1045
212.522891,191.279667,189.998084,1046
212.667189,319.471250,318.405208,1047
212.857349,182.611625,182.116958,1048
212.868646,191.199459,190.457750,1049
212.871161,191.209958,190.871333,1050
212.997680,152.842667,151.258334,1051
213.039273,138.482458,135.893042,1054
213.040200,159.267209,157.805084,1053
213.137073,288.264667,286.479667,1052
213.252078,348.033001,346.644376,1055
213.260698,136.166042,134.901666,1060
213.384810,441.551251,441.143500,1056
213.476626,183.048250,182.590625,1061
213.495814,148.026375,147.097708,1062
213.541867,597.511834,596.327375,1057
213.705099,691.457375,689.810042,1058
213.730921,138.341584,137.417875,1063
213.806991,127.082375,126.677250,1064
213.911320,884.478584,842.534000,1059
213.949664,172.326292,171.213584,1065
214.071406,266.315000,265.463625,1066
214.104699,154.451791,153.753834,1068
214.157212,251.023500,250.212958,1067
214.192149,178.455959,175.566416,1069
214.345553,153.381375,112.526458,1070
214.397855,134.579375,133.162167,1071
214.498028,149.480917,148.169583,1072
214.781990,157.620167,156.102334,1073
214.792874,161.731792,160.240209,1074
214.864481,184.570458,182.191917,1075
214.995423,163.226292,162.761084,1076
215.182200,188.673625,186.769334,1077
215.232723,217.505459,216.665167,1078
215.267526,81.315791,80.451875,1080
215.276899,191.307084,188.859709,1079
215.492073,143.830458,141.532708,1081
215.592800,175.072917,173.478958,1082
215.630373,138.415375,135.736709,1084
215.641354,196.128625,193.479417,1083
215.756207,112.803250,112.355251,1085
215.831483,127.863459,125.410250,1087
215.838551,158.003417,155.351292,1086
215.975311,165.130000,163.679833,1088
216.085247,150.879166,149.320208,1090
216.104936,184.692084,183.616708,1089
216.157375,144.107542,142.815750,1091
216.311561,255.282416,246.771875,1092
216.355336,156.053042,155.196125,1094
216.469563,396.808125,395.998167,1093
216.503593,199.739167,196.965709,1095
216.570288,194.116125,193.236459,1098
216.587883,245.059500,242.474751,1096
216.746979,400.371125,398.708334,1097
216.819112,137.685042,136.147083,1100
216.878771,177.141417,174.677708,1101
216.884449,490.412709,488.739417,1099
217.121969,58.341500,57.931417,1103
217.139846,124.697416,123.104625,1102
217.427460,144.800542,143.147084,1104
217.471240,124.487125,121.687125,1105
217.583128,172.705167,171.095750,1106
217.662231,166.087833,163.583875,1107
217.807381,174.671875,172.778375,1108
217.810908,130.727917,129.216500,1109
217.998858,153.004542,151.243750,1110
218.090331,148.339625,147.788084,1111
218.132746,130.200875,128.156292,1112
218.184242,170.136167,169.241625,1113
218.371054,142.537792,141.719958,1114
218.422046,91.756000,91.353500,1115
218.483958,137.310541,136.588375,1116
218.595933,94.102750,93.705208,1117
218.719306,113.590167,111.186833,1118
218.801799,121.737875,120.303458,1119
219.110880,142.741958,141.179792,1120
219.134765,120.854125,120.063125,1121
219.202424,167.850083,165.582375,1122
219.312122,198.070250,196.767375,1123
219.388128,140.256666,139.629584,1124
219.507721,160.765500,160.053833,1125
219.586955,129.313625,128.302125,1126
219.841564,160.711833,160.171959,1127
219.943774,120.240458,118.727876,1129
219.967875,144.752708,143.759583,1128
220.132603,122.600625,121.849875,1130
220.166216,152.242125,149.905875,1131
220.424192,153.618500,152.350916,1132
220.499141,152.238916,150.261125,1133
220.499683,126.182875,125.162042,1134
220.606764,129.220000,128.053333,1135
220.701935,108.908334,108.433209,1136
220.823985,142.435709,139.942542,1137
221.009598,163.353750,162.137208,1138
221.074473,142.017167,141.240458,1139
221.136600,123.291584,122.876542,1140
221.164581,140.829791,138.674958,1141
221.386866,107.107584,104.730792,1142
221.470721,123.326291,122.437292,1143
221.518307,158.419917,155.547291,1144
221.549681,142.073167,140.569625,1145
221.683692,133.174708,130.115708,1146
221.841264,159.453875,156.886041,1147
222.093875,126.827167,123.917209,1148
222.177790,162.600958,160.159708,1149
222.316933,120.381916,118.001333,1150
222.430613,103.163084,101.927292,1151
222.441098,93.547416,91.460542,1152
222.548095,106.035416,103.168042,1154
222.574565,136.763375,133.938292,1153
222.818673,138.667375,138.093084,1155
223.135622,121.657084,120.321834,1156
223.196872,116.556417,114.245833,1157
223.252068,129.997000,128.340625,1158
223.467177,118.795542,118.167000,1159
223.625383,124.055458,122.879750,1160
223.799746,118.312250,116.428375,1161
223.997879,133.775541,131.982958,1162
224.048615,153.082708,151.405042,1163
224.120997,84.256375,83.131709,1165
224.152979,139.738084,139.043334,1164
224.203613,72.333041,70.113750,1167
224.237039,123.172001,119.568459,1166
224.444539,97.938167,96.218208,1168
224.853339,172.417000,171.878875,1169
224.912320,142.216083,140.101209,1170
224.945227,118.888292,118.358626,1171
225.166152,151.530750,149.264209,1172
225.463943,119.631750,117.919083,1173
225.478553,130.197958,128.520875,1174
225.768986,132.532750,132.122958,1175
225.776781,96.115542,94.534709,1177
225.836894,159.306583,156.845500,1176
225.884568,179.041917,176.763417,1178
226.079773,141.888833,140.466084,1179
226.204272,190.440541,188.372041,1180
226.433172,169.800750,169.290334,1181
226.511059,163.113708,162.539416,1182
226.531412,134.213042,132.816250,1183
226.795973,115.024291,113.882417,1184
226.962684,100.495500,99.979251,1185
227.160661,145.737375,144.222166,1186
227.352765,118.546459,116.438291,1187
227.455328,107.724750,107.311458,1189
227.462115,137.950750,136.403167,1188
227.505309,113.726375,113.038625,1190
227.800491,119.941208,119.415625,1191
228.153670,139.756458,138.265750,1192
228.273582,112.852250,112.401041,1193
228.520569,172.927125,171.804208,1194
228.582366,142.008708,140.563209,1195
228.805925,125.976083,124.636166,1196
228.956888,132.338208,130.000500,1197
228.990375,107.903833,106.250666,1198
229.166111,151.907583,148.976626,1199
229.255414,121.080458,117.326417,1200
229.262349,120.206041,119.135334,1201
229.495396,147.881417,145.176500,1202
229.627842,159.811458,157.035375,1203
229.689777,149.622958,148.842750,1204
229.822386,141.557501,139.542667,1206
229.832385,160.400042,159.880292,1205
229.993065,118.786792,117.444542,1207
230.165453,151.467750,149.972375,1208
230.490959,180.159875,178.642042,1209
230.529339,182.713125,180.816125,1211
230.532657,197.402334,196.028000,1210
230.856429,175.168292,173.115250,1212
231.126525,111.380792,110.922292,1213
231.475138,127.196125,126.278834,1214
231.608864,145.574333,142.159500,1215
231.782612,102.633125,101.473458,1216
232.049940,179.588500,176.998500,1217
232.115863,102.374125,100.737875,1218
232.482142,133.979708,132.621416,1219
232.578293,106.360625,105.145833,1220
232.824015,143.160500,142.692083,1221
232.874183,140.071166,138.619834,1222
233.090847,187.309500,185.928750,1223
233.103809,88.785958,88.263583,1224
233.389519,163.659708,163.232709,1225
233.464115,115.265209,114.472458,1226
233.821703,140.724208,138.110875,1227
233.887508,176.468542,174.954500,1228
233.921862,161.194250,160.557542,1229
234.094539,146.952750,145.504041,1230
234.153398,116.518208,114.644834,1232
234.174289,160.035750,158.758834,1231
234.301907,193.082750,192.404042,1233
234.408499,116.149542,115.338417,1235
234.442674,160.694042,160.050334,1234
234.462599,116.003708,115.587792,1236
234.589152,224.990792,223.286875,1237
234.807205,126.692709,124.217333,1238
234.911952,112.294584,110.133625,1239
235.048243,124.697417,123.099375,1240
235.155173,140.872666,139.290375,1241
235.225650,155.749417,153.128791,1242
235.506344,159.743209,159.014333,1243
235.738961,119.591792,119.143791,1244
235.816635,136.545792,134.987417,1245
235.858822,144.153334,143.454500,1246
236.130958,116.193583,114.473625,1247
236.207631,104.155625,103.709958,1249
236.209220,109.430708,107.788625,1248
236.460443,112.899500,110.266041,1251
236.468977,146.305541,145.296958,1250
236.804762,171.728376,169.920334,1252
236.855979,176.008875,175.366042,1253
236.876431,142.323417,140.355250,1254
237.145635,131.165125,130.136125,1255
237.281127,157.630667,155.648792,1256
237.423748,162.450459,158.688542,1257
237.500854,154.209709,153.445834,1258
237.778142,96.455625,94.779417,1259
238.117674,103.873876,103.384167,1260
238.471582,123.331250,121.795917,1261
238.862190,180.684292,179.132625,1262
239.139339,149.116042,147.297792,1263
239.182650,167.323042,165.756500,1264
239.217907,159.544583,157.243625,1265
239.299819,126.689500,126.014291,1266
239.477071,129.225250,127.314541,1267
239.677644,178.654584,177.131792,1268
239.813884,133.003209,132.553167,1269
239.894870,103.907125,101.479000,1270
240.085899,152.072375,151.320750,1271
240.144357,130.101709,128.851041,1272
240.523607,176.890000,175.107042,1273
240.832198,150.604125,149.843166,1274
240.863677,120.954458,117.850250,1275
241.042669,123.091208,122.551042,1276
241.151792,138.530292,137.003708,1277
241.339262,131.910917,131.476333,1278
241.366261,147.221083,146.482000,1279
241.427185,147.893666,145.505208,1280
241.486529,137.956584,137.372666,1281
241.701612,135.110209,134.004792,1282
241.800379,119.167417,117.744958,1283
242.176397,161.006125,159.917917,1285
242.212925,200.968541,198.252833,1284
242.239714,156.427250,154.565250,1286
242.337895,156.623834,155.556042,1288
242.340845,256.181042,255.291459,1287
242.432944,125.874292,125.236417,1289
242.549881,203.083709,201.639959,1290
242.836971,155.684083,154.280000,1291
243.121983,153.148042,150.427376,1292
243.146054,131.728333,129.913875,1293
243.361579,126.967167,124.892834,1294
243.502162,155.352166,151.816583,1295
243.815610,134.937542,133.867708,1296
244.157368,143.366708,141.995291,1297
244.223546,132.194708,130.667834,1298
244.334763,141.880375,139.755000,1299
244.477554,130.317250,128.270625,1300
244.801307,120.141583,118.981917,1302
244.813322,140.188417,139.320125,1301
245.059310,155.162292,153.620250,1303
245.097615,128.038750,126.749292,1304
245.127750,113.983334,113.370250,1305
245.468354,119.873833,119.082541,1306
245.582029,160.741583,158.098208,1307
245.814621,134.006542,133.090125,1308
246.160408,145.631792,145.092500,1309
246.284959,139.810417,137.132333,1310
246.397239,122.669750,120.757291,1311
246.427399,123.724417,122.915333,1312
246.498975,151.659375,149.985209,1313
246.807847,127.112125,126.105875,1314
247.129251,124.327000,123.422541,1315
247.148166,133.985542,132.900833,1316
247.489607,140.561750,139.246916,1317
247.819781,138.800375,138.137708,1318
247.839399,92.309583,91.284959,1319
248.130121,116.225083,113.451333,1320
248.431419,138.516875,136.995542,1321
248.462836,115.779125,113.661333,1322
248.792258,112.190750,111.694625,1323
248.841751,78.508208,76.030208,1324
249.150937,142.792417,142.235042,1325
249.153057,137.589667,135.703750,1326
249.482642,134.880666,133.542792,1327
249.693977,129.399375,126.711958,1328
249.757820,125.379333,123.763208,1329
249.816671,136.711167,134.909250,1330
249.962691,149.489958,148.080625,1331
250.178850,165.304125,162.827584,1332
250.470110,123.505375,122.616375,1333
250.785250,104.000750,102.061167,1334
251.171575,158.008084,157.320041,1335
251.181390,149.017459,147.163625,1336
251.448984,102.339708,99.038625,1337
251.618286,159.330500,158.925958,1338
251.688365,155.269625,154.386167,1339
251.696795,135.714250,134.715000,1340
251.769367,177.570459,176.189709,1341
251.870691,190.096375,188.424834,1342
252.127046,135.565209,134.911875,1343
252.150420,136.335209,135.646584,1344
252.475506,124.674083,123.408834,1346
252.506252,158.408833,156.754500,1345
252.678181,131.265167,130.839625,1347
252.750966,113.211583,112.016625,1348
252.832605,151.402125,149.755376,1349
252.877967,145.595333,143.248292,1350
253.133426,119.102083,118.266166,1351
253.497833,149.609250,147.030334,1352
253.638938,134.338750,132.493666,1353
253.802866,121.527583,120.159666,1354
254.165591,152.142958,151.247541,1355
254.514861,167.864084,167.127625,1356
254.670497,123.062917,121.296000,1358
254.684769,175.645167,175.065916,1357
254.791866,111.403834,109.160333,1359
255.138670,124.413333,123.112500,1360
255.509936,162.775666,161.802958,1361
255.798590,118.301750,117.735042,1362
255.925270,140.723334,139.987166,1363
256.155696,142.418208,140.099458,1364
256.477842,131.083167,130.442667,1365
256.875598,195.422792,194.597375,1366
256.887247,103.154625,101.446625,1367
257.144314,130.737542,128.982584,1368
257.478606,131.995208,129.295542,1369
257.684773,161.198334,160.649417,1370
257.827992,147.986125,144.741334,1371
257.927028,117.041750,116.151292,1372
257.996729,148.309000,146.747125,1373
258.145902,130.048334,129.394708,1374
258.175322,104.498333,103.810583,1375
258.386928,155.536208,154.221959,1376
258.398064,156.846667,154.756876,1377
258.503324,156.399250,154.957834,1378
258.560929,197.628958,196.862750,1379
258.814503,115.750542,113.916250,1381
258.828699,147.898917,146.300875,1380
259.133474,117.966625,116.745709,1382
259.145101,104.280751,103.070042,1383
259.324669,169.354500,168.072625,1384
259.488130,139.757625,138.206250,1385
259.783677,100.204417,97.562500,1386
259.866547,156.957501,154.510708,1387
259.969808,161.590041,161.062417,1388
260.131360,116.931500,115.280083,1389
260.426298,78.334083,76.967625,1390
260.538448,128.237375,126.457625,1391
260.811108,148.202833,147.415333,1392
260.825866,145.032125,142.760333,1394
260.833239,162.267292,159.675250,1393
261.121122,107.053916,105.397250,1395
261.222363,142.875542,140.255501,1396
261.458580,111.605958,109.834958,1397
261.820410,140.132125,138.637042,1398
261.847153,112.590917,111.371750,1399
262.018557,134.807750,133.789833,1400
262.187904,173.776167,173.031542,1401
262.302098,135.032334,134.323291,1402
262.463217,122.190833,120.705083,1403
262.484870,138.228416,137.480875,1404
262.625594,152.168625,150.810917,1405
262.646871,141.873959,140.181709,1406
262.846878,166.915000,166.128667,1407
262.869396,184.620041,183.905167,1408
262.963713,172.510042,171.439333,1409
263.059934,121.491125,118.580875,1410
263.119141,104.739542,103.590958,1411
263.215373,114.837333,114.398375,1412
263.256945,146.596041,144.471833,1413
263.469140,121.879334,121.449125,1414
263.557147,152.801542,150.665375,1415
263.738790,111.227083,109.870542,1416
263.813554,132.498042,131.977125,1417
263.942251,163.933000,162.057875,1418
263.988605,109.711584,107.804083,1420
264.023302,149.153083,148.550792,1419
264.207453,193.269709,192.509334,1421
264.328516,212.156583,211.445792,1422
264.396356,267.934917,265.636583,1424
264.400941,278.544000,276.725167,1423
264.528870,182.271541,180.728334,1425
264.552288,198.363375,196.596458,1426
264.576555,164.649333,162.898167,1427
264.669907,249.345833,246.799583,1428
264.734675,107.015417,106.385125,1429
264.833517,152.730667,150.330541,1430
264.935821,163.715417,160.558417,1431
264.999759,148.277208,146.390417,1432
265.045590,123.907584,123.207291,1433
265.153661,139.620541,138.484500,1435
265.197716,225.806292,224.626792,1434
265.221706,158.147500,155.831959,1436
265.312568,190.432084,186.988959,1437
265.356831,93.032333,91.479500,1439
265.424270,248.351834,247.761792,1438
265.519571,172.457834,171.794875,1440
265.739355,166.965459,164.860208,1441
265.770806,134.998792,134.301125,1442
265.840963,159.989959,158.668417,1443
265.976245,140.652459,139.163209,1444
266.060426,142.466625,141.612041,1445
266.149530,134.338167,132.234667,1446
266.196465,171.003292,168.405126,1447
266.406092,134.319500,133.426708,1449
266.412081,188.452833,187.466708,1448
266.500892,154.291958,153.445250,1450
266.563774,155.268166,153.953041,1451
266.692154,105.375375,104.751500,1452
266.777688,82.055751,80.433209,1454
266.851238,170.678375,169.240750,1453
266.903311,155.060209,153.512042,1455
267.161780,134.337292,133.942667,1457
267.174694,161.004959,159.830709,1456
267.206465,160.902875,157.238083,1458
267.315279,231.736750,230.479666,1459
267.402292,155.683792,155.001875,1461
267.445671,317.276167,315.623875,1460
267.504093,157.226708,155.362083,1462
267.544189,111.145417,109.631375,1463
267.737059,130.100250,127.169583,1464
267.841997,143.738291,142.839083,1466
267.849355,168.070291,166.684000,1465
267.993271,126.890750,123.672209,1467
268.063777,158.362167,157.901625,1469
268.093657,189.875292,187.480125,1468
268.113499,100.230958,98.679584,1470
268.261171,137.506542,136.154667,1471
268.286609,106.937250,105.238875,1473
268.327722,156.076958,154.560000,1472
268.472132,123.873459,122.993500,1474
268.590826,182.301292,179.187750,1475
268.638565,133.479208,132.774541,1476
268.735614,181.290958,179.346417,1477
268.776023,136.559792,135.305625,1478
268.812065,131.190500,129.474042,1479
268.914454,169.087626,167.233209,1480
269.131695,118.384584,117.535834,1482
269.158999,173.725125,173.143833,1481
269.413470,147.276500,146.576208,1483
269.442249,150.005625,147.087792,1484
269.529434,181.081542,180.282666,1485
269.604370,248.406375,247.567834,1486
269.619970,149.085708,146.668375,1487
269.742703,225.577333,224.280000,1488
269.772599,148.782375,145.674958,1489
269.856811,176.517250,174.334417,1490
269.882424,189.573708,187.960208,1491
270.137053,121.715417,119.808209,1494
270.148640,135.118667,134.584333,1493
270.150265,145.729209,145.191667,1492
270.295126,126.837959,125.557251,1495
270.429284,128.468959,126.952875,1496
270.517938,169.983625,168.532000,1497
270.624291,136.155250,134.566250,1498
270.785823,156.487625,155.067209,1499
270.824404,116.736667,115.271333,1501
270.858756,177.531375,176.987417,1500
271.004686,141.133125,138.669126,1502
271.171388,156.027958,154.777000,1503
271.191483,146.510291,143.737709,1504
271.484270,151.931792,150.392667,1506
271.499534,181.370584,178.561833,1505
271.575279,228.639541,222.352667,1507
271.647566,290.973958,290.277458,1508
271.703542,196.692708,195.879542,1512
271.802810,122.678792,120.746792,1514
271.810653,396.209917,394.790959,1509
271.944716,496.076584,495.373958,1510
272.012386,175.530833,174.979000,1516
272.058070,201.910333,199.601209,1517
272.076752,599.699042,599.004876,1511
272.185928,171.659250,170.935333,1519
272.238095,180.318833,179.932959,1520
272.252134,686.914958,684.922292,1513
272.390923,698.722209,698.154917,1515
272.451697,150.881792,150.276584,1523
272.467529,179.480875,176.590459,1522
272.502572,644.446833,641.113376,1518
272.566822,56.993417,56.051042,1526
272.670742,588.190167,586.973334,1521
272.808920,461.762292,461.153584,1524
272.824053,174.128208,172.928583,1527
272.905118,224.419708,223.896459,1528
272.963060,124.062750,122.136875,1530
272.987656,546.094500,545.268791,1525
273.121658,298.586167,297.676458,1529
273.145993,132.246625,131.170375,1531
273.295015,139.037792,138.196625,1532
273.427611,133.281750,131.527375,1533
273.589380,203.597042,202.236708,1535
273.608692,221.729083,217.683375,1536
273.613531,266.902417,266.225750,1534
273.700931,303.896542,302.540292,1537
273.773343,182.872959,181.245750,1540
273.803190,123.230042,121.194500,1541
273.829197,266.037917,265.468292,1538
273.961447,130.226834,128.619750,1542
273.983456,397.541376,394.670501,1539
274.101132,189.018666,188.562208,1543
274.145140,129.416000,127.311334,1544
274.438224,193.760875,192.866042,1545
274.500513,153.619375,153.186250,1546
274.565239,153.089417,150.599167,1548
274.584971,238.012542,237.399750,1547
274.776262,146.486958,144.411458,1549
274.805494,124.599416,123.151291,1550
275.037115,192.444291,191.509500,1552
275.043787,190.801625,190.143625,1553
275.057438,238.106750,237.438250,1551
275.143327,146.739250,144.953083,1554
275.239029,192.953251,191.234167,1556
275.249152,235.120667,233.144917,1555
275.302902,238.830376,236.817584,1557
275.353466,204.535042,203.836209,1558
275.454664,107.541875,105.129209,1560
275.459902,291.183375,289.457000,1559
275.627464,152.561500,150.656042,1561
275.818648,137.124167,135.633167,1563
275.841140,162.584042,160.461875,1562
276.059927,135.621792,134.133417,1564
276.111396,97.539750,95.935583,1565
276.430086,82.511042,81.559042,1567
276.458194,126.694750,123.672500,1566
276.655350,98.422917,97.733125,1568
276.838084,174.718542,173.691000,1569
276.905269,211.344000,209.930584,1571
276.914237,232.116209,230.694625,1570
277.070417,134.827583,133.259000,1572
277.149410,135.704334,134.951542,1573
277.495097,144.987209,142.970917,1575
277.513411,166.333125,165.607459,1574
277.668600,210.661792,209.875166,1576
277.694253,231.291958,229.685750,1577
277.747862,175.404542,173.853458,1578
277.806143,125.776000,124.711416,1579
277.961308,147.329875,144.770209,1580
278.035335,139.764917,139.310209,1581
278.104654,90.334416,87.854667,1582
278.423944,129.197250,128.490542,1584
278.435586,145.919375,144.311416,1583
278.486062,148.098708,144.671333,1585
278.581540,234.145334,231.700583,1586
278.667996,74.623500,73.583125,1588
278.689909,132.621126,132.187417,1587
278.824780,144.820084,143.104500,1589
278.960699,144.658792,143.971041,1590
279.131413,116.890375,114.221041,1591
279.474843,128.244667,127.836917,1592
279.498275,123.401834,122.940125,1593
279.822633,141.435875,140.767666,1594
280.044443,149.610416,147.535791,1595
280.140702,127.388626,125.732834,1597
280.152283,179.068459,176.920917,1596
280.420841,139.061708,138.348000,1598
280.476750,128.861250,127.561000,1599
280.603601,157.709417,155.854708,1600
280.623593,142.139667,140.259000,1601
280.642150,152.631208,150.470250,1602
280.764526,83.719709,81.276417,1604
280.779171,141.013251,139.755876,1603
281.042147,138.851417,138.350625,1605
281.086162,72.333333,71.521333,1606
281.268631,134.557500,133.712542,1607
281.349440,129.182667,126.924000,1608
281.476504,128.755375,125.389833,1609
281.614476,118.187709,116.841083,1610
281.790236,110.079084,106.757292,1611
281.847842,129.489792,128.281708,1612
282.032058,124.743792,122.872167,1615
282.051072,177.239417,176.723458,1613
282.072139,168.946458,168.424083,1614
282.204279,265.020876,262.931375,1616
282.371174,356.839583,355.146750,1617
282.478365,131.206250,129.440209,1618
282.803330,123.082458,120.741250,1619
283.008674,115.139792,113.850917,1620
283.123574,109.170834,107.572792,1621
283.506059,158.337375,157.753167,1622
283.582225,173.957584,171.397626,1623
283.866502,186.105208,185.289125,1624
283.918792,171.638542,171.028958,1625
284.005600,157.738583,155.663083,1626
284.150579,135.932708,135.381458,1627
284.340839,96.243000,95.547667,1628
284.478743,130.691458,128.908500,1629
284.575123,142.717750,141.567125,1630
284.826969,146.467417,145.723959,1631
284.845854,110.728917,110.189333,1632
285.115843,150.120250,148.977791,1633
285.147894,133.334833,131.883500,1634
285.301924,115.025167,114.065292,1635
285.528896,182.223417,180.077917,1636
285.772411,89.592417,87.053458,1637
286.145105,131.182625,128.469542,1638
286.266062,97.534500,96.473709,1639
286.489572,141.852667,141.304042,1640
286.793880,124.126333,123.107250,1641
286.822872,140.949958,139.781542,1642
287.143683,129.374876,129.007376,1644
287.163291,150.035959,149.133834,1643
287.277747,165.860333,162.936375,1645
287.517566,170.422584,169.180667,1646
287.803580,123.045709,122.522750,1647
288.000948,144.507417,143.803334,1648
288.092927,130.267666,129.854375,1649
288.146746,133.481250,133.065916,1650
288.503622,156.104375,155.229083,1651
288.846452,165.777500,164.265791,1652
289.022933,155.247167,153.736917,1653
289.121188,106.404958,103.686042,1654
289.267662,129.266083,127.932292,1655
289.358933,145.057792,144.165292,1656
289.464166,116.696125,114.604292,1657
289.776684,96.013167,94.274541,1658
289.854645,142.431917,139.923584,1659
290.119620,106.033958,105.190750,1660
290.461888,115.159042,113.818250,1661
290.508189,146.773667,144.474750,1662
290.755116,73.968708,71.973125,1663
290.789832,80.020791,78.212458,1664
291.169202,154.736750,154.065042,1665
291.228833,122.142417,121.156000,1666
291.490676,142.335959,141.171334,1667
291.553623,100.782208,100.286375,1668
291.777799,96.541958,95.356625,1669
292.059720,122.558042,122.105375,1670
292.112569,99.223250,96.794250,1671
292.463350,115.377792,114.047791,1672
292.513451,132.899666,131.023375,1673
292.604240,141.702167,140.247333,1674
292.783114,171.884708,170.372417,1675
292.799338,152.027458,151.160916,1676
292.827187,169.112709,167.408500,1677
292.936860,255.436417,254.361042,1678
292.948644,133.883750,132.627542,1679
293.103749,88.405041,86.800000,1680
293.454193,99.493041,96.938042,1682
293.523039,174.241958,172.702542,1681
293.572269,142.506583,140.617167,1683
293.812302,130.730834,129.712042,1684
294.101687,159.079959,157.807708,1685
294.186169,171.821708,170.366876,1686
294.306849,136.298167,134.952708,1687
294.338323,152.559166,151.796750,1688
294.467136,120.506750,119.145250,1689
294.789250,107.717459,105.575751,1690
295.150321,134.664542,133.372167,1691
295.414049,167.300583,164.824625,1692
295.517124,170.500167,168.661792,1693
295.813477,212.752167,211.311917,1695
295.828369,147.447708,147.039375,1696
295.830482,238.358167,234.938958,1694
295.963315,194.125750,193.595500,1697
296.149938,134.993250,132.570958,1698
296.475391,127.563917,126.302458,1699
296.836251,155.192917,153.565125,1700
297.084490,70.119292,68.446292,1701
297.506427,157.527417,155.743291,1702
297.613376,130.791792,130.156542,1703
297.702905,167.578834,166.153750,1704
297.781253,99.340209,98.655375,1705
298.126184,112.121041,110.710250,1706
298.504932,157.043833,155.536209,1707
298.787835,106.609416,105.820167,1708
299.140861,127.155000,126.530250,1709
299.349235,173.053708,172.607167,1710
299.393953,129.319750,128.751875,1711
299.436503,135.047209,132.458375,1712
299.521974,174.077458,173.341000,1713
299.551981,119.292250,117.210916,1714
299.647262,129.358250,128.791542,1715
299.826843,144.811916,143.436125,1716
300.046593,152.115542,150.508458,1717
300.116194,162.484875,161.636708,1718
300.163778,149.491417,148.171916,1719
300.485726,137.564875,136.567083,1721
300.501980,154.539000,152.695084,1720
300.505576,145.693625,144.240542,1722
300.607946,83.856792,82.534084,1724
300.670495,150.336083,148.144500,1723
300.781165,100.363958,99.678542,1725
301.126157,111.772500,111.225625,1726
301.492395,145.159000,142.197416,1727
301.826905,146.569209,144.342626,1728
301.957149,193.620292,192.492709,1729
301.962688,139.023500,137.118042,1730
302.186909,172.368000,170.064708,1731
302.272830,146.497458,143.167209,1732
302.490685,144.055042,143.293209,1733
302.515227,158.113375,155.073625,1734
302.830216,150.248584,148.330000,1735
303.137453,122.856417,122.511958,1736
303.463667,116.106959,114.801459,1737
303.742256,123.032000,121.715125,1738
303.832562,151.566917,150.915917,1739
303.836168,151.073417,149.879917,1740
304.165453,151.519375,148.939583,1741
304.213591,188.067834,186.555833,1742
304.439136,91.862167,91.402500,1743
304.729133,132.752666,129.826666,1744
304.803840,123.643042,119.689792,1745
305.077481,181.413167,179.247542,1746
305.179245,163.197709,162.416333,1747
305.345194,152.854042,151.193292,1748
305.513631,165.215459,163.813125,1749
305.818769,138.430542,137.811917,1750
306.116373,100.772000,100.284334,1752
306.183650,172.078375,169.077709,1751
306.474919,188.309041,187.075291,1753
306.518462,170.516792,169.631583,1754
306.545778,150.867209,149.779583,1755
306.649718,146.522251,145.637333,1756
306.781196,100.051292,97.893833,1758
306.827371,320.560625,319.355167,1757
307.163698,148.472917,147.942083,1759
307.269220,137.511792,135.727375,1760
307.437027,88.703709,88.116000,1762
307.448916,129.289416,128.220459,1761
307.836413,154.758625,153.587000,1763
308.115402,101.140376,99.875126,1764
308.243835,157.735666,156.348792,1765
308.387489,129.412500,128.737000,1766
308.485696,137.707500,136.035084,1767
308.544551,115.699500,113.518708,1768
308.808960,127.991500,126.641667,1769
309.099233,85.953875,84.914666,1770
309.286309,135.072000,133.434000,1771
309.413138,157.156125,156.327208,1772
309.518691,172.069917,168.814626,1773
309.802572,122.621917,120.149459,1774
310.156440,140.667042,139.276084,1775
310.467369,142.149875,140.847583,1776
310.498368,151.099667,149.655916,1777
310.822327,155.988584,155.013542,1778
310.850312,169.041542,168.243251,1779
310.863077,177.767042,175.748709,1780
310.945527,171.958500,170.125375,1781
310.954182,100.976458,100.292792,1782
311.041449,148.711500,146.112458,1783
311.148640,134.736000,133.901834,1784
311.208962,182.167417,180.116125,1785
311.473972,125.926791,124.710542,1786
311.629233,154.627375,153.119750,1787
311.849686,169.578500,167.075417,1788
311.892277,163.535750,160.985125,1789
312.168697,153.276958,151.330084,1790
312.324584,130.014792,127.565958,1791
312.490487,141.986250,140.359625,1792
312.584177,119.998375,119.366333,1793
312.822985,141.951542,141.575875,1794
313.083343,97.477625,96.214125,1795
313.113315,98.907084,98.245583,1796
313.388330,160.527500,158.097042,1797
313.447249,192.194917,191.685958,1798
313.508699,204.529792,203.707875,1799
313.569544,222.108542,220.391500,1800
313.607939,139.407917,138.754000,1801
313.807134,124.827209,123.903500,1802
314.164200,149.599917,148.370541,1803
314.489353,175.429334,172.884250,1804
314.491525,144.888041,143.316833,1805
314.651635,119.229542,118.836959,1806
314.826368,145.814375,144.300041,1807
315.138245,156.514459,154.830667,1808
315.200792,186.898542,183.252709,1809
315.283473,144.190959,99.809500,1811
315.312631,239.574709,237.993583,1810
315.342611,138.355000,136.952083,1812
315.439607,91.052500,89.674958,1813
315.840803,159.278583,158.670459,1814
315.947795,142.135583,141.437334,1815
316.017454,166.178833,164.420666,1816
316.150903,130.155083,129.508167,1818
316.169933,155.317458,153.850083,1817
316.484627,136.129584,135.418501,1819
316.597359,143.327917,140.784291,1820
316.802394,121.788917,119.101208,1821
316.947422,120.195250,119.542208,1822
317.051575,161.888417,161.186667,1823
317.130220,115.152042,113.547292,1824
317.490239,142.438917,141.110375,1825
317.680646,117.349458,114.269750,1827
317.692683,147.386167,145.459709,1826
317.824496,144.543000,143.275417,1828
318.140879,127.537667,126.794208,1829
318.265302,128.145209,127.281875,1830
318.376188,181.821500,179.223625,1831
318.449382,102.274083,100.914625,1832
318.527123,150.852625,150.064542,1833
318.644453,144.905250,144.391042,1834
318.762148,151.889792,149.291042,1835
318.792254,139.525750,138.271583,1836
318.854332,173.429959,169.055833,1837
318.943540,116.025000,114.754500,1839
318.965427,151.977875,151.276709,1838
319.144988,130.249875,129.035958,1840
319.456372,109.158000,107.693250,1842
319.474253,141.299375,140.602583,1841
319.499359,132.510875,129.922625,1843
319.770043,90.077750,88.518792,1844
320.188748,174.676542,173.038834,1845
320.503296,155.683209,155.176875,1846
320.770528,92.554000,91.997209,1847
320.840463,159.915292,157.107125,1848
320.999085,166.605250,165.851583,1849
321.176613,161.295750,160.051500,1850
321.243626,139.537709,137.796459,1851
321.476790,130.136125,129.500000,1852
321.522041,108.762500,107.328084,1853
321.691619,161.304500,160.827917,1854
321.820740,140.793333,140.099458,1856
321.823645,151.386084,149.233875,1855
322.145745,131.285875,130.103167,1857
322.493497,145.815250,144.563708,1858
322.553092,169.030167,167.476459,1859
322.692637,118.805750,118.353959,1860
322.700294,115.197250,114.730000,1861
322.775616,95.662000,95.175792,1862
322.852621,133.079334,131.702375,1863
323.158412,142.708416,141.142167,1865
323.190901,176.966125,176.438792,1864
323.230511,136.930792,135.234750,1866
323.418980,140.102375,138.368709,1867
323.465181,118.579125,117.250584,1868
323.554286,95.073125,93.602250,1869
323.685328,114.361916,112.870042,1870
323.808082,127.019667,125.999125,1871
324.128712,113.646750,112.609876,1872
324.160462,126.676375,126.025375,1873
324.491304,144.134666,142.868834,1874
324.547365,120.201375,118.393333,1876
324.580977,152.774125,152.316792,1875
324.783778,103.266042,100.885750,1877
325.004047,147.072917,144.687666,1878
325.023140,125.019417,122.121125,1879
325.099540,151.323959,149.660583,1880
325.124313,140.697084,140.030334,1881
325.277019,262.262000,260.483125,1882
325.302163,171.311584,170.446792,1883
325.383736,96.671167,96.022209,1885
325.451061,187.969542,186.873166,1884
325.497538,183.909834,179.557001,1886
325.554318,207.143417,206.199292,1887
325.842450,161.203291,159.666792,1888
325.893892,138.051666,137.457250,1889
326.135083,100.771125,99.851208,1891
326.161081,146.803416,145.404875,1890
326.386510,152.542833,151.747750,1892
326.440483,156.584750,153.724083,1893
326.483450,136.219709,133.867125,1894
326.555887,133.249667,130.993625,1895
326.673363,104.552291,103.964875,1896
326.812293,131.958166,129.600917,1897
326.999373,137.094417,135.823625,1900
327.033305,171.406667,170.978500,1899
327.036218,192.436125,190.897584,1898
327.146960,133.195708,131.863375,1902
327.183946,257.134209,256.600166,1901
327.278760,135.305625,133.316167,1903
327.436891,153.218917,151.319583,1904
327.491495,144.218958,143.083500,1905
327.631840,144.458125,143.712917,1906
327.718428,114.005208,113.489250,1908
327.728042,135.699375,134.083250,1907
327.826549,146.592834,145.044958,1909
327.865824,115.682292,115.272792,1911
327.969622,285.769458,284.821542,1910
328.003972,110.679334,109.277292,1912
328.122246,108.269292,101.712042,1913
328.130126,92.715000,90.629875,1914
328.232859,162.342541,159.985000,1915
328.293851,220.102750,218.364125,1916
328.461405,136.937208,135.182250,1917
328.503196,134.422750,134.014417,1919
328.518388,171.504375,168.189292,1918
328.626752,84.297208,82.530875,1920
328.814420,134.276625,132.847459,1921
329.012944,194.579000,192.205709,1922
329.016451,163.125959,161.064750,1923
329.049560,171.443417,170.384375,1924
329.144242,262.931667,261.482667,1925
329.203194,168.672875,127.448708,1930
329.274098,310.489667,308.819000,1926
329.392426,145.662709,143.122583,1932
329.454442,450.765000,449.179792,1927
329.551128,202.648542,201.071208,1933
329.573105,163.901209,162.185333,1934
329.586015,578.943166,578.339417,1928
329.692062,677.566459,675.793709,1929
329.774022,165.918083,164.631834,1937
329.778991,184.967709,182.328709,1936
329.827226,792.336125,749.441875,1931
329.899539,375.067000,374.446917,1935
329.995026,377.401500,374.636209,1938
330.017600,141.687291,140.989333,1941
330.117972,437.266084,436.771417,1939
330.169770,151.789750,149.301833,1943
330.217599,203.649541,202.664583,1942
330.254711,542.642625,541.959250,1940
330.364733,123.664041,122.353584,1947
330.416841,384.771625,383.565292,1944
330.468419,167.093209,163.766167,1948
330.544730,483.071750,482.296501,1945
330.724897,573.530709,572.044958,1946
330.776357,163.782208,162.796375,1950
330.783464,169.902833,164.983584,1951
330.870558,523.953208,523.156958,1949
331.035690,133.049291,132.605666,1953
331.037490,356.548791,355.096583,1952
331.136487,123.174333,122.632417,1954
331.237790,143.690750,141.028708,1955
331.346809,134.697792,133.945875,1956
331.480627,133.373333,132.965292,1959
331.508081,180.530000,179.083334,1957
331.518855,175.628250,175.094208,1958
331.796223,115.343376,113.885042,1960
331.862316,101.170417,100.635792,1961
331.948923,135.207916,133.840292,1962
332.054427,113.880083,113.237250,1963
332.147783,133.880833,133.308875,1964
332.402312,130.700792,129.310708,1965
332.487242,140.263959,139.062000,1966
332.552722,193.666667,192.988250,1967
332.786366,106.438500,104.025541,1968
333.061940,130.809000,130.120958,1969
333.069597,137.259500,136.915042,1970
333.149245,134.703042,133.469000,1971
333.218401,180.672625,179.375001,1972
333.238601,148.302000,146.834625,1974
333.396122,349.684125,348.907125,1973
333.423688,172.544750,170.879917,1975
333.516909,190.633333,189.070875,1976
333.571246,223.740708,223.162625,1977
333.685047,318.454792,317.911708,1978
333.805298,123.440334,122.798958,1979
333.883093,127.456001,125.074250,1980
334.225575,211.362083,210.551834,1981
334.304913,249.253375,248.495917,1982
334.310375,225.323583,222.487125,1983
334.372247,271.164250,270.757666,1984
334.506513,159.850833,158.212833,1987
334.511854,155.066334,153.717959,1988
334.534327,413.371000,411.444250,1985
334.673699,466.290125,463.883000,1986
334.727089,100.467209,99.982167,1992
334.810203,417.367417,412.129376,1989
334.853704,173.071500,172.327458,1993
334.932579,493.054334,491.934334,1990
335.062118,134.022000,131.257000,1995
335.068906,590.342084,589.875708,1991
335.212625,198.744291,198.006666,1996
335.232180,511.987292,510.390708,1994
335.253816,125.678000,125.168750,1997
335.360499,211.407292,210.991375,1998
335.464068,116.773708,115.462375,2000
335.551651,347.554375,346.279208,1999
335.751883,153.532166,151.549416,2001
335.777867,96.826334,94.738291,2002
336.054632,145.382125,143.418334,2004
336.064907,165.369750,163.776084,2003
336.187332,171.917083,170.966542,2005
336.212290,154.690375,152.278292,2006
336.237963,99.114459,97.521375,2007
336.433624,84.949959,84.556792,2008
336.493635,114.736125,113.703042,2009
336.634624,131.462917,129.914750,2010
336.792234,111.528958,109.294500,2011
336.879915,150.295833,148.176000,2012
337.145373,130.965333,127.728709,2013
337.480540,133.451792,133.123958,2014
337.672706,109.638084,109.081291,2015
337.746073,120.956791,118.990084,2016
337.794350,114.399834,112.729750,2017
338.004233,175.184042,172.197958,2018
338.071534,160.640375,160.081833,2019
338.154873,141.324750,139.775709,2020
338.178685,164.485417,163.880792,2021
338.213647,118.011833,115.467625,2022
338.369330,128.406833,127.574416,2023
338.489367,142.214917,140.885208,2024
338.573299,130.099667,128.642500,2025
338.761218,124.705000,123.315500,2026
338.831752,154.430792,152.283542,2027
338.859652,178.271625,177.111667,2028
338.906401,215.002084,212.937083,2029
339.081116,269.174208,268.598459,2030
339.152875,138.021334,136.720500,2032
339.158087,198.551792,196.833583,2031
339.188185,132.481709,128.295708,2033
339.331665,197.353916,195.668959,2034
339.496121,147.644292,145.337792,2035
339.504564,76.416084,75.443376,2036
339.707126,102.476500,101.700958,2037
339.750320,137.897958,134.960000,2038
339.806856,126.278833,123.837875,2039
339.956539,180.176209,179.436541,2040
339.972461,171.956167,171.264334,2041
340.142911,129.629500,129.062209,2042
340.200295,139.305542,137.708667,2043
340.367920,136.432917,135.355500,2044
340.454405,106.345458,104.468583,2045
340.609277,161.978542,159.630917,2046
340.709831,158.193292,157.202209,2047
340.757124,167.858250,166.344500,2048
340.819298,199.314792,198.482375,2049
340.865151,110.003542,107.132375,2052
340.982514,301.571959,300.867875,2050
341.130623,435.382209,434.746667,2051
341.177464,163.687125,162.991792,2053
341.272789,110.663000,110.010250,2054
341.492357,175.529375,174.139875,2055
341.538600,191.520583,190.476417,2056
341.558644,141.404667,140.894834,2057
341.655747,167.133167,165.658209,2058
341.844505,163.076958,160.990375,2059
342.209608,192.137459,190.528334,2061
342.212567,197.281583,196.007875,2060
342.232477,203.309750,200.536000,2062
342.510958,163.693250,162.586959,2063
342.866935,162.959708,162.305500,2065
342.882616,201.659500,199.382458,2064
343.214880,201.393500,200.757375,2066
343.228072,172.363625,171.574667,2067
343.269232,195.410833,194.535833,2068
343.358599,211.995292,211.467667,2069
343.469675,122.594208,122.033333,2070
343.843333,163.364833,162.297333,2071
343.897774,126.096250,124.368416,2072
343.935054,128.011334,126.897750,2074
343.965847,192.465583,191.028250,2073
344.053686,124.955834,124.293750,2078
344.059331,233.717459,224.807333,2075
344.173406,323.686125,322.877917,2076
344.217481,202.481708,201.577250,2079
344.229163,126.545125,124.007333,2080
344.312176,442.376375,441.761541,2077
344.463144,116.269417,114.945834,2081
344.627651,144.001084,143.486291,2082
344.758821,97.440000,97.104000,2083
344.796423,114.820708,114.281125,2084
345.112857,98.572250,97.949542,2085
345.450879,104.296792,103.817000,2087
345.454623,147.167708,145.836250,2086
345.822594,142.642792,141.321250,2088
346.133734,119.930125,118.202875,2089
346.435735,88.289542,87.434958,2090
346.590504,119.434875,118.773667,2091
346.633121,116.232667,113.728416,2092
346.737528,108.292333,106.682625,2093
346.765130,84.823375,83.133458,2094
347.138966,125.688792,123.508291,2095
347.274747,144.875792,144.179876,2096
347.503084,156.289583,155.042417,2097
347.606849,135.057125,133.540166,2098
347.814363,132.786792,132.246334,2099
347.916089,164.849417,162.346334,2100
347.983999,186.421375,184.551501,2101
348.171582,157.495917,157.100417,2102
348.466647,119.807042,119.325500,2103
348.802646,122.529459,121.125375,2104
349.160882,146.637459,144.251333,2105
349.496829,150.189083,148.674167,2106
349.803421,122.315666,120.680583,2107
350.164147,150.639708,150.023125,2108
350.445179,96.942125,96.134208,2110
350.454408,161.946167,161.333083,2109
350.819326,137.662875,136.967834,2111
351.126699,112.480958,111.959167,2112
351.478604,130.133501,128.701417,2113
351.809311,128.333333,127.030750,2114
351.928146,173.212083,171.865750,2115
352.202325,188.335875,187.731542,2116
352.274210,169.804250,168.354375,2117
352.498478,151.662584,149.973833,2118
352.498720,127.206917,125.965584,2119
352.783849,102.103750,100.816917,2120
352.966695,110.588041,109.038125,2121
353.122874,109.611250,108.402292,2122
353.181504,164.104792,162.237541,2123
353.351389,162.994125,162.096667,2124
353.460632,113.651126,113.105708,2125
353.518927,151.303834,150.032167,2126
353.813092,132.231167,130.745125,2127
354.204408,190.058167,188.675375,2128
354.262679,163.261875,160.164667,2129
354.286496,180.397583,177.811375,2130
354.452932,104.340250,101.983875,2131
354.772869,92.588125,92.117083,2132
354.895136,163.702292,162.127584,2133
354.995082,123.199708,119.420000,2134
355.115665,102.076042,100.037584,2135
355.172680,102.923042,101.722542,2136
355.494505,145.863958,144.599584,2137
355.747936,143.354458,142.663792,2138
355.829872,149.257792,148.691667,2139
356.137920,123.525209,122.078250,2140
356.508424,160.394208,157.872167,2141
356.625121,147.959583,147.280875,2142
356.793780,113.669792,112.732959,2143
356.924125,157.277750,156.643083,2144
357.028668,168.508375,167.961208,2145
357.129185,137.150709,135.331292,2146
357.166271,152.147041,151.245500,2147
357.292745,130.761167,129.917084,2148
357.468686,120.821167,120.285375,2149
357.631384,130.083917,127.769542,2150
357.746472,127.351292,125.824709,2151
357.804144,123.559041,122.209500,2152
358.022686,146.029042,144.788875,2153
358.046391,138.917625,138.001791,2154
358.174078,160.425125,159.323792,2155
358.477986,131.307458,130.155375,2156
358.719204,132.998833,132.567167,2157
358.760666,154.333958,153.747417,2158
358.836571,155.068083,151.621458,2159
359.210465,195.595167,194.444542,2160
359.275276,128.543625,126.696792,2161
359.380760,164.790500,164.065416,2162
359.477333,128.791833,127.327083,2163
359.814396,133.617750,133.144959,2164
359.915573,130.657042,128.176417,2165
360.129740,115.361167,114.489083,2166
360.474475,126.783126,124.519792,2167
360.812941,132.083292,130.368291,2168
360.892279,161.554750,159.484500,2169
360.916479,171.889667,168.327833,2170
361.103622,90.370291,89.862209,2172
361.123519,158.907875,157.364083,2171
361.214695,154.743167,153.658750,2173
361.354702,132.640083,131.686916,2174
361.459405,112.314416,110.207125,2175
361.806861,126.637875,124.661833,2176
362.133307,120.031916,119.302166,2177
362.191580,107.893041,106.649083,2178
362.260093,157.566500,156.856291,2179
362.473772,125.381667,123.879291,2180
362.803408,123.169958,122.721959,2181
362.995935,172.110750,171.428250,2182
363.096649,158.190375,157.409292,2183
363.144935,129.455375,128.233000,2184
363.422945,75.492667,74.047167,2185
363.808713,128.353750,126.676666,2186
364.208453,195.172250,194.273917,2187
364.392530,105.406583,103.728334,2188
364.480558,132.718250,130.454625,2189
364.748581,66.374000,63.019250,2190
365.137064,122.802167,121.014542,2191
365.245392,106.439958,105.950833,2192
365.452043,104.548208,103.119042,2193
365.556068,138.775875,137.156250,2194
365.718157,127.086459,125.513500,2195
365.823129,141.199041,140.499042,2196
366.150170,135.912875,133.473084,2197
366.485645,137.847792,137.304125,2198
366.498684,145.111458,143.815000,2199
366.593186,158.556125,157.259083,2200
366.665202,166.502000,126.073500,2201
366.805916,123.849834,123.276125,2202
367.185600,171.359417,170.304459,2203
367.201463,175.734708,174.766083,2204
367.467947,122.641459,121.816042,2205
367.514822,167.492209,164.402584,2206
367.547155,98.405417,97.959458,2207
367.840754,160.418708,160.043917,2209
367.841348,163.730291,161.475125,2208
368.121163,106.925000,105.738792,2210
368.462470,115.854959,114.307375,2211
368.789874,108.228166,106.818250,2212
369.177141,163.190125,162.326208,2214
369.192358,120.600083,119.485917,2215
369.194342,203.584208,201.783167,2213
369.359884,235.897959,234.630083,2216
369.481589,306.865708,305.291292,2217
369.491799,143.846792,143.003875,2218
369.571109,148.236375,146.506500,2219
369.685071,175.405709,174.720584,2220
369.762935,82.086958,80.939250,2221
369.802069,115.435250,114.804084,2222
370.132899,119.080209,118.485500,2223
370.165039,131.007042,128.964500,2224
370.501885,155.255625,154.640792,2225
370.783874,103.245333,102.769625,2226
370.934529,156.784833,154.963375,2227
371.150942,133.647791,130.780125,2228
371.176974,156.781917,155.387750,2229
371.292247,103.114959,101.227583,2230
371.481468,133.539292,132.668083,2231
371.529629,172.645959,170.786875,2232
371.536368,158.068750,155.166959,2233
371.633067,247.555583,246.728708,2234
371.851153,442.583167,437.158167,2235
371.874085,193.469500,192.050541,2237
371.923190,223.742167,222.988208,2238
371.993478,526.876292,525.511584,2236
372.109764,96.455625,93.700250,2239
372.455828,142.527292,139.582334,2240
372.542171,195.561041,194.308916,2241
372.861493,181.229708,179.439167,2242
372.880357,132.592833,131.154042,2243
373.005309,135.906750,135.284625,2244
373.136302,122.945667,122.161375,2245
373.182359,98.327250,95.694667,2246
373.321586,90.120917,88.631958,2247
373.448296,143.726625,140.978833,2248
373.459695,112.070292,109.837292,2249
373.738095,140.654209,139.072792,2250
373.803697,139.528376,138.896334,2251
373.846342,105.757458,105.390250,2253
373.880273,200.029375,198.481209,2252
374.142022,127.832833,126.749875,2254
374.187405,125.272292,124.087833,2255
374.471969,124.715209,123.942875,2256
374.480375,119.251709,118.567167,2258
374.498574,149.358417,147.321709,2257
374.629752,144.295958,143.789042,2260
374.636609,199.573500,197.459792,2259
374.835245,152.524459,151.031125,2261
374.998448,123.347584,121.553834,2262
375.005962,114.827125,113.941916,2263
375.147649,133.708167,133.230417,2264
375.455608,153.615292,152.020750,2265
375.471743,122.525375,120.046209,2266
375.786988,106.915375,105.080792,2267
375.884082,106.571792,106.064875,2268
376.146071,132.305833,131.447750,2269
376.286742,167.333542,165.955417,2270
376.503334,154.848750,153.460416,2271
376.635971,135.587084,134.068959,2272
376.759347,152.490625,151.833500,2273
376.787414,107.147833,106.561000,2274
376.849376,106.039208,105.282333,2275
376.987875,132.980750,130.450542,2276
377.055483,139.291250,137.747750,2277
377.143770,130.337375,129.751708,2278
377.485069,137.496334,133.898917,2279
377.790456,110.348875,108.546667,2281
377.793305,121.805542,119.577209,2280
378.011200,158.829125,158.316667,2282
378.164967,150.031583,148.441416,2283
378.485600,137.142250,136.795750,2284
378.674510,84.414167,83.012417,2285
378.742214,138.858126,137.679208,2286
378.829552,147.690667,146.923583,2287
379.120706,106.990042,105.708167,2288
379.233120,144.551166,142.254583,2289
379.468853,120.707416,119.672291,2290
379.563229,129.831334,126.371875,2291
379.796853,160.580583,159.979167,2292
379.824634,143.302833,139.702500,2293
380.178424,165.140792,163.739626,2294
380.485542,138.939792,138.524750,2295
380.569074,132.867000,131.142959,2296
380.832603,150.859917,149.078417,2298
380.852880,171.538792,170.090084,2297
380.872097,180.401667,179.867334,2299
381.057241,137.063208,134.792584,2302
381.080519,178.645542,177.188667,2300
381.116226,200.071666,199.014083,2301
381.151588,138.343917,136.581084,2303
381.298059,100.797083,100.335958,2304
381.454358,106.448125,104.654667,2305
381.599959,144.879000,144.214292,2306
381.825623,136.401125,135.030584,2308
381.826749,145.558292,144.361292,2307
381.899254,136.720208,136.179458,2309
382.134151,120.862875,119.698834,2310
382.449979,102.630791,101.581666,2311
382.477352,129.309250,128.106417,2312
382.777806,106.922084,106.348375,2313
382.793508,112.723042,110.916167,2314
382.935421,125.045083,123.514709,2315
382.973339,141.917125,141.340208,2316
383.132988,118.355416,116.644500,2317
383.176274,96.177375,94.512834,2318
383.299743,153.028167,152.617792,2319
383.474200,127.595709,125.914834,2320
383.530290,128.971792,127.749417,2321
383.626909,170.998917,169.231417,2322
383.712545,116.211375,115.564166,2323
383.780745,134.442875,133.570208,2324
383.822959,141.980125,141.243959,2325
384.005917,145.207417,143.752875,2326
384.146175,127.396500,125.854167,2328
384.153626,140.218750,138.959625,2327
384.504231,157.364083,156.125375,2329
384.798410,117.925791,116.030250,2330
385.162807,148.992666,147.036167,2331
385.400105,143.810625,142.512417,2332
385.511174,162.815333,160.514958,2333
385.619814,137.785667,136.020792,2334
385.778225,149.997458,147.339208,2335
385.823469,142.738167,140.098000,2336
385.943147,95.919834,95.302958,2337
386.164741,173.999875,173.288208,2338
386.164887,149.022417,147.228959,2339
386.464305,73.996416,72.676041,2341
386.490827,142.989000,142.388750,2340
386.574786,103.141500,102.561375,2342
386.738580,131.888167,131.324375,2343
386.796720,116.619125,115.711458,2345
386.797682,134.713833,132.413458,2344
387.065958,132.076875,129.509625,2346
387.168404,154.577791,152.323208,2347
387.501769,135.200625,132.624916,2349
387.522167,173.771500,171.885583,2348
387.830841,149.835001,149.119250,2350
387.920982,168.730333,165.427792,2351
387.932354,142.556458,140.794792,2352
388.098891,112.567000,111.329166,2353
388.166029,150.651084,149.291334,2354
388.469026,159.768000,156.797667,2356
388.490964,203.873833,203.148459,2355
388.524219,175.995459,174.278417,2357
388.599749,196.009333,195.601000,2358
388.675318,155.691958,153.766083,2359
388.824283,143.803625,140.621833,2360
388.942368,137.306459,135.643375,2361
389.110905,96.386208,95.628167,2362
389.113787,95.239959,94.473167,2363
389.226980,129.488042,129.059584,2364
389.376912,104.271416,103.730375,2365
389.496837,149.836167,148.866958,2366
389.540604,82.380083,80.327333,2367
389.741532,98.014584,97.620541,2368
389.762105,80.490958,78.929667,2369
389.984394,155.797250,155.048542,2370
390.030418,149.236792,146.919208,2371
390.070198,165.458125,164.737709,2372
390.107287,176.241625,175.254334,2373
390.218418,267.378417,266.682792,2374
390.313236,139.750917,139.173125,2376
390.363793,350.530542,349.383417,2375
390.467539,181.538584,180.681666,2377
390.499829,132.218625,130.578000,2379
390.501145,153.624625,151.752417,2378
390.640137,90.583792,89.715792,2381
390.667443,143.730125,141.805708,2380
390.788758,108.588083,107.040792,2382
390.815888,100.569584,99.968458,2383
390.889691,84.355250,81.606875,2385
390.938335,187.262834,186.795000,2384
391.151658,137.820084,134.621959,2386
391.312101,92.533875,91.396375,2387
391.425847,78.208375,76.671583,2389
391.460049,124.976833,122.262000,2388
391.577466,124.904792,123.916625,2390
391.677440,125.308750,122.920583,2391
391.768803,134.510542,134.086750,2392
391.814950,133.216417,130.909917,2393
391.836152,106.922958,104.682958,2394
392.102692,154.821042,153.903458,2395
392.155367,169.319500,168.041125,2396
392.177218,163.333917,162.357125,2397
392.255573,167.008625,165.431583,2398
392.412126,261.613041,259.475708,2399
392.483958,136.576125,134.005084,2401
392.487139,195.484042,194.326416,2400
392.581087,168.949958,168.345334,2402
392.693726,102.879000,102.348458,2405
392.728925,268.579209,268.161250,2403
392.813397,132.316917,131.909166,2406
392.888769,408.821875,406.631751,2404
392.917673,158.967666,158.416416,2407
393.039554,141.637708,140.133292,2408
393.056044,150.519250,148.904000,2409
393.183304,169.573250,168.897166,2410
393.211238,149.381458,148.850042,2411
393.256196,148.129333,147.597333,2412
393.461800,154.079917,153.222709,2413
393.479860,130.984875,129.227584,2414
393.581731,87.881208,86.548584,2415
393.799226,119.064750,117.235125,2416
393.944255,151.523167,150.395000,2417
393.993512,110.696834,110.006166,2418
394.052805,137.947834,135.097375,2419
394.147858,133.266584,130.876084,2420
394.392423,165.920416,164.717291,2421
394.508481,196.647500,196.059792,2422
394.523756,176.436167,175.859542,2423
394.606823,113.729000,111.188000,2424
394.711194,124.243292,121.986083,2425
394.832090,150.866042,150.160501,2426
395.155135,139.961792,139.357458,2428
395.164411,162.833125,161.620666,2427
395.420035,145.608167,143.509917,2429
395.461756,167.591375,166.723959,2430
395.512610,179.746292,179.119792,2431
395.616840,271.044667,269.411917,2432
395.717386,120.646166,120.205458,2434
395.748147,401.176417,398.333542,2433
395.845983,164.921167,163.789792,2435
395.950680,126.560000,125.710667,2436
396.084883,149.354333,148.895541,2437
396.164495,167.190334,165.440334,2438
396.174198,160.921542,159.591542,2439
396.489412,125.924458,124.932500,2442
396.491849,155.575000,155.003625,2440
396.525991,178.597416,177.816917,2441
396.630870,230.300875,229.658917,2443
396.686771,144.356333,142.604292,2446
396.714329,202.399459,201.433458,2445
396.812798,343.987292,341.014626,2444
396.934381,254.410625,253.222083,2447
397.120653,131.899834,129.752875,2449
397.143359,163.093875,162.046208,2448
397.178569,165.303542,162.623125,2450
397.307621,128.691792,127.127875,2451
397.323109,143.585167,141.831959,2452
397.484298,137.177250,135.524958,2453
397.531288,122.911542,121.292792,2454
397.840909,159.328750,156.636375,2455
397.909389,150.856708,148.959125,2457
397.913736,212.108166,210.501958,2456
398.032130,167.120625,166.551875,2458
398.166527,261.665541,260.016458,2459
398.190722,177.375042,176.375500,2460
398.488067,140.498167,138.261958,2461
398.513727,164.664500,163.639875,2462
398.846497,165.056208,163.248167,2464
398.854569,188.432708,187.116709,2463
398.979734,107.661751,107.003459,2465
399.054160,129.452166,127.144500,2466
399.090287,103.959625,102.415250,2467
399.102602,114.262750,112.025083,2468
399.193639,201.703834,200.460458,2469
399.314409,151.664917,150.404625,2471
399.362557,347.476208,345.548000,2470
399.380434,180.973625,179.002250,2472
399.486703,139.459833,136.437583,2473
399.641712,112.672000,111.503000,2474
399.835859,192.613750,190.860250,2475
399.879284,198.934750,197.983625,2476
399.901159,167.493666,164.498833,2477
400.010339,162.585500,160.581750,2478
400.153782,138.487709,136.107708,2479
400.306283,127.699250,127.061959,2480
400.344414,110.765083,109.330959,2481
400.378420,139.323917,136.113250,2482
400.452938,105.572833,104.215416,2483
400.551174,133.359625,132.862333,2484
400.853534,173.570542,169.675333,2485
400.902489,144.688250,143.978042,2486
400.965950,160.673625,158.085083,2487
401.141451,127.283625,126.635250,2488
401.342577,119.004667,117.852292,2489
401.460740,113.866958,111.316041,2490
401.593455,106.658416,106.100166,2491
401.830518,183.067792,176.548458,2492
401.832543,150.867501,149.401584,2493
401.933998,220.697458,219.858916,2494
401.995538,224.611625,223.966458,2495
402.008844,159.808250,159.250875,2496
402.150638,136.371667,135.991625,2497
402.183965,137.261833,136.557458,2498
402.296752,152.609041,152.038250,2499
402.433569,125.542375,125.175750,2500
402.520061,172.129709,170.669625,2501
402.843421,152.278291,150.438459,2504
402.853955,171.652250,171.158750,2502
402.862193,179.504792,177.776375,2503
403.017523,244.808375,242.860917,2505
403.176614,163.293959,162.725792,2506
403.204567,149.317292,148.554584,2507
403.237941,129.437875,127.321834,2508
403.471393,112.293125,111.065500,2510
403.522266,174.519333,174.027584,2509
403.847292,166.435501,164.474917,2511
404.107465,156.944667,155.983333,2512
404.148430,135.153667,133.926333,2513
404.205775,124.095708,123.189209,2514
404.458613,111.454292,110.499959,2515
404.681800,148.169000,147.615708,2516
404.834429,153.307583,150.338125,2517
405.003145,142.680417,142.017167,2518
405.065546,103.225500,102.533375,2519
405.134588,121.296583,120.773333,2520
405.324130,114.560250,112.877917,2521
405.386832,83.658750,82.553625,2522
405.491916,145.051375,142.464875,2523
405.557307,120.225291,118.841042,2524
405.671365,174.540916,172.907000,2525
405.830739,148.950084,148.277500,2526
406.127217,113.915083,112.213208,2527
406.252186,97.598084,95.913708,2528
406.392410,114.038458,112.182000,2529
406.409763,130.717125,129.419209,2530
406.501974,153.652334,152.260500,2531
406.557104,177.543042,176.802792,2532
406.840646,159.552167,158.870834,2533
406.966810,154.837666,152.609333,2534
407.170924,114.985792,111.650875,2536
407.187460,173.722792,171.892583,2535
407.247412,185.531500,182.071166,2537
407.489537,141.976625,139.611208,2538
407.798990,125.050625,123.284875,2539
407.817643,136.696291,134.527459,2540
408.085208,135.937667,135.443292,2541
408.131468,118.172250,117.136250,2543
408.132450,120.705375,120.035708,2542
408.460488,131.701500,130.824458,2544
408.492455,144.733750,144.246667,2546
408.512470,167.049750,165.440041,2545
408.652663,116.153625,115.657792,2547
408.766721,85.872500,83.578834,2548
409.142244,128.468666,127.920333,2549
409.289841,142.796500,141.860250,2550
409.358662,179.043667,176.321250,2551
409.474989,127.996167,125.282792,2552
409.797445,116.635458,113.628666,2553
410.170448,156.090959,155.195250,2554
410.444089,97.011542,95.008084,2555
410.809127,128.214042,126.164500,2556
411.210481,194.902167,192.920875,2557
411.493485,146.864667,145.131584,2558
411.838661,157.396458,155.222667,2559
412.102643,88.248417,87.432042,2560
412.464219,116.308208,114.858333,2561
412.803998,123.023542,122.109167,2562
413.130817,117.522417,116.454042,2563
413.272630,157.724292,155.654041,2564
413.509460,161.068833,158.940833,2565
413.851179,169.929083,168.697958,2566
414.183364,169.440833,167.877500,2567
414.267759,117.391458,116.938500,2568
414.488817,141.966125,141.490709,2569
414.769250,137.243167,136.584583,2570
414.790449,110.345375,108.787875,2571
414.939195,119.824833,119.270083,2572
415.053823,153.696083,152.346542,2573
415.110461,96.768875,95.270875,2574
415.427737,135.920459,133.767375,2575
415.469022,121.779291,120.307250,2576
415.831279,149.721834,148.038917,2577
415.885583,106.612042,104.972584,2578
416.114309,101.059875,100.716292,2579
416.150951,120.169291,118.847750,2580
416.482195,135.268292,132.750333,2581
416.636501,120.223250,119.006417,2582
416.782715,102.745417,100.864750,2584
416.805262,163.183416,162.525417,2583
417.059661,158.149833,157.354166,2586
417.086259,202.941375,202.188876,2585
417.207993,193.559042,192.145334,2587
417.506605,158.690583,157.960542,2589
417.508910,181.548500,180.882916,2588
417.652516,249.759709,247.832083,2590
417.725983,191.242333,190.122334,2591
417.740788,193.356334,188.638333,2592
417.849515,237.769584,236.894875,2593
417.867737,187.093958,186.595209,2594
418.159496,145.195167,143.952375,2595
418.478677,132.059375,131.068875,2596
418.558233,153.210751,150.416875,2598
418.567701,182.508083,180.887583,2597
418.766523,86.574541,85.919166,2599
418.838939,139.159125,137.881625,2600
419.175503,162.106001,160.444667,2601
419.425221,129.156708,127.721125,2602
419.472154,123.475333,121.624125,2603
419.489759,132.445250,131.824291,2604
419.786993,104.725250,103.197209,2605
420.120762,106.963792,104.625792,2606
420.460620,114.007542,113.551959,2607
420.551150,108.588375,107.976458,2608
420.775805,95.434500,94.167500,2609
420.848288,158.387542,155.810084,2610
421.140042,126.436916,124.215875,2611
421.219134,140.677834,140.033834,2612
421.499676,92.852667,92.289458,2614
421.508851,160.558125,159.789292,2613
421.740381,128.941750,127.237542,2616
421.740381,142.397792,141.733666,2615
421.803752,123.128541,121.431041,2617
422.092274,139.150375,136.413083,2618
422.156189,142.888958,141.349834,2619
422.322326,137.664625,136.272500,2620
422.364593,155.263500,153.949250,2621
422.486031,137.066125,136.483667,2622
422.618857,104.077750,102.763208,2623
422.766497,127.306959,126.057458,2624
422.831430,150.011166,146.773084,2625
422.954369,114.089208,112.827459,2626
423.107390,93.830625,92.470875,2627
423.479845,107.734667,106.332334,2629
423.508580,159.833042,158.509750,2628
423.657110,111.483750,110.698000,2630
423.806183,125.692000,123.964750,2631
423.862800,96.495000,95.871125,2632
424.135023,119.032375,117.681667,2633
424.244950,84.115791,82.533792,2634
424.447731,132.449916,131.058666,2635
424.483900,134.621083,133.783417,2636
424.606691,132.656417,129.811792,2637
424.826792,146.180417,144.724417,2638
425.151755,136.768333,134.571792,2639
425.259516,178.039459,177.505125,2640
425.469584,121.712500,120.129333,2641
425.590264,124.316209,123.336791,2642
425.624733,132.330916,130.826500,2643
425.751362,131.505208,130.632542,2644
425.806162,125.574750,124.851417,2645
425.890448,88.344083,88.016833,2646
426.169546,155.485459,153.804292,2647
426.199160,132.545875,131.221708,2648
426.385879,124.625958,123.137000,2649
426.502161,153.116542,152.582792,2650
426.691322,151.524917,150.868084,2651
426.808262,127.780041,126.867708,2652
427.148182,134.103958,132.937584,2653
427.306405,109.095875,107.805250,2654
427.438731,90.671000,89.694500,2656
427.509158,167.162625,165.636917,2655
427.677036,84.232166,82.320291,2657
427.825091,143.586333,143.054917,2658
428.172582,138.240084,137.631667,2660
428.197114,182.396375,180.889625,2659
428.229504,124.877666,124.245625,2661
428.296937,175.302459,174.578250,2662
428.361570,110.279458,107.919584,2663
428.467731,120.868417,117.868625,2664
428.571044,146.068417,143.044125,2665
428.800192,119.375667,118.842792,2666
429.123450,166.159292,159.095417,2667
429.183461,158.059125,157.497667,2669
429.213880,200.589083,198.404209,2668
429.260834,224.081958,223.270833,2670
429.483364,136.239250,134.772167,2671
429.671934,115.742083,114.257209,2672
429.738657,174.036042,173.335167,2673
429.797267,116.604250,115.234583,2674
430.032264,186.777792,184.643958,2675
430.122622,109.283416,108.710875,2676
430.479069,130.309375,129.726333,2677
430.558710,127.158792,124.517750,2678
430.817051,135.983750,134.999375,2679
431.011932,118.803708,116.980500,2680
431.154165,140.165959,139.021750,2681
431.325280,102.978166,101.638542,2682
431.446356,98.851958,97.099041,2683
431.749649,141.960000,138.753417,2684
431.807992,125.978709,124.547792,2685
432.128158,114.212000,111.993291,2686
432.411684,128.049250,127.586083,2687
432.508852,161.109376,160.680917,2689
432.525657,188.942834,188.222709,2688
432.806063,125.262375,123.866459,2690
433.155389,140.534333,139.273459,2691
433.397892,91.798000,91.217292,2692
433.514582,166.299000,165.539500,2693
433.555451,156.251666,153.841042,2694
433.602577,166.609042,164.951500,2695
433.811740,130.862959,129.891708,2696
434.028460,125.639791,122.258791,2697
434.143872,130.585000,127.517541,2698
434.322134,128.375334,127.661917,2699
434.336827,139.294750,137.896792,2700
434.520232,173.645500,172.338834,2701
434.584602,154.220792,152.780251,2702
434.778784,98.578083,97.918333,2703
434.907375,126.235958,125.687041,2704
435.134190,120.289166,119.600542,2705
435.462381,115.639417,114.107292,2707
435.523027,179.104625,176.972833,2706
435.757099,116.366542,114.927167,2708
435.822164,140.738209,140.145541,2710
435.829527,148.127583,147.486208,2709
435.993663,144.792375,143.318584,2711
436.127245,112.569625,110.215583,2712
436.493473,145.614875,143.958791,2713
436.720044,150.269583,148.153834,2714
436.812942,132.224459,131.032125,2715
437.052378,159.407208,158.650625,2716
437.158667,143.672959,142.436583,2717
437.235259,135.898875,134.196417,2718
437.474134,126.326666,125.151542,2719
437.818953,137.893292,136.855250,2720
437.825271,135.415584,134.495667,2721
437.910732,161.676375,159.547500,2722
437.987935,167.630167,165.325416,2723
438.158910,145.025125,143.714084,2724
438.186574,155.334959,154.066792,2725
438.501073,153.990375,151.286916,2727
438.513837,167.230875,166.738250,2726
438.623683,169.094334,168.255792,2728
438.803228,110.870084,109.552917,2730
438.838459,158.428667,157.816167,2729
438.884267,118.167583,117.717833,2731
439.151181,136.672375,134.348958,2732
439.464487,117.789292,116.156833,2733
439.817160,136.712042,136.230791,2734
439.929570,160.132875,158.555833,2735
440.121441,107.562291,107.053917,2736
440.315764,130.179000,128.792125,2737
440.482437,135.301833,132.986875,2738
440.651408,135.589417,133.906792,2739
440.777429,96.797166,95.432750,2740
441.049793,143.385375,141.276917,2741
441.071461,139.710375,136.112375,2742
441.145934,172.765833,172.139625,2743
441.146672,132.766084,131.488000,2744
441.405024,169.640625,167.831125,2745
441.445483,144.069042,143.277166,2746
441.533954,186.877833,185.569709,2747
441.737825,122.655166,121.553250,2749
441.746038,133.147875,130.619417,2748
441.865441,185.471125,183.610583,2750
441.869159,168.739375,168.340667,2751
442.083637,142.539542,140.674625,2752
442.159758,146.462750,144.863542,2753
442.191844,135.980541,134.085875,2754
442.415179,109.141958,108.352417,2755
442.459864,113.095500,112.115792,2756
442.582417,171.837750,169.913917,2757
442.759431,122.432334,121.931541,2758
442.770677,89.582209,88.151000,2759
442.885218,123.895917,123.098208,2760
442.978348,125.825292,124.749334,2761
443.057312,172.058542,129.299917,2763
443.063400,202.470917,201.713459,2762
443.142795,128.242917,127.174833,2766
443.287131,323.381916,322.388792,2765
443.405406,499.928917,499.373875,2764
443.456797,109.548250,108.543459,2767
443.482568,122.068333,120.757000,2768
443.647226,102.019167,101.527417,2769
443.715049,107.946709,105.951125,2770
443.805412,133.738208,132.760542,2771
443.820267,140.098000,139.430375,2772
443.858333,107.596708,106.988291,2773
444.114530,100.692958,98.959583,2774
444.178834,141.860250,140.050750,2775
444.239737,150.381583,148.988292,2776
444.346075,105.441875,104.300583,2778
444.380969,188.033126,186.441209,2777
444.446343,98.753667,97.316042,2779
444.502750,137.088875,136.008250,2780
444.753364,155.364125,154.023042,2781
444.829244,154.308000,151.979042,2782
444.836695,156.008125,155.214500,2783
444.912040,142.928334,142.232125,2784
445.029362,121.288125,119.831541,2785
445.104563,121.839959,118.829375,2786
445.122763,108.724584,108.007084,2787
445.267894,131.639667,131.238916,2788
445.454087,159.819917,158.333875,2789
445.488694,154.102959,151.125917,2790
445.501860,154.781958,154.334833,2791
445.618767,265.837250,263.970875,2792
445.695552,101.181500,99.809208,2798
445.707633,173.867750,173.360250,2797
445.808892,451.902792,450.975292,2793
445.915920,534.251084,532.139417,2794
446.011547,622.584959,621.921709,2795
446.138630,125.209584,122.240125,2800
446.194198,720.401500,719.721625,2796
446.302080,141.435291,138.940958,2801
446.393354,210.564667,209.953625,2802
446.415841,735.868584,734.115959,2799
446.525162,191.218125,190.430042,2803
446.585264,238.608417,235.937917,2804
446.602488,156.029125,154.502833,2805
446.700309,219.201792,217.504583,2806
446.830449,157.775041,156.262167,2808
446.848355,168.366625,167.509417,2809
446.858792,343.700292,341.957875,2807
446.952156,156.117791,154.659166,2810
447.165092,188.608000,187.452709,2811
447.214683,198.662334,197.276917,2812
447.229100,186.347000,184.843167,2813
447.387686,138.455625,137.092083,2814
447.502143,153.773666,152.178250,2815
447.553653,127.523083,126.511292,2816
447.754505,142.152208,140.688333,2817
447.841757,171.100125,170.598459,2818
447.911320,230.599542,229.201292,2819
447.920344,170.773750,168.951125,2820
448.065777,279.367667,278.583376,2821
448.192941,175.829791,173.982959,2823
448.209038,195.257417,194.541666,2822
448.422068,116.608041,115.147959,2824
448.484968,135.848417,135.034084,2825
448.505949,107.853084,106.202250,2826
448.784539,104.605958,103.469333,2827
448.866768,163.888958,163.340042,2828
448.955702,186.518500,184.805834,2829
449.060517,209.867000,209.173125,2830
449.078867,171.972209,171.295542,2831
449.182874,213.796042,205.291333,2834
449.244896,313.854625,313.214417,2832
449.265172,175.396959,174.729334,2837
449.385530,434.528792,432.060417,2833
449.542532,193.592000,191.988708,2838
449.554136,540.170458,539.591208,2835
449.559958,197.570042,195.878375,2839
449.683651,640.055209,638.967584,2836
449.779379,148.500916,148.040666,2841
449.812689,380.097666,377.370000,2840
449.893607,213.650792,212.982584,2842
450.033789,178.084376,177.203834,2843
450.128123,114.815750,112.301000,2844
450.444730,96.860167,96.134208,2845
450.570248,141.916833,141.226458,2847
450.581127,194.083750,192.492709,2846
450.686529,201.224625,199.404625,2848
450.842886,322.115792,320.407209,2849
450.848960,168.465500,166.741750,2850
450.932523,243.005000,241.491250,2851
451.003681,157.042667,155.840417,2852
451.009334,116.196500,111.339958,2853
451.141210,136.857292,135.973542,2854
451.166667,152.593292,151.124166,2855
451.354917,159.149375,157.695417,2856
451.474082,167.979876,165.702542,2857
451.494533,146.804875,146.073083,2858
451.840949,160.244875,158.444709,2859
451.869998,182.562916,181.721167,2860
451.905771,210.662083,209.814500,2861
452.009373,126.833292,124.760417,2862
452.101228,86.342376,84.088084,2863
452.276388,150.090791,149.429292,2864
452.320509,176.612625,176.077708,2865
452.451424,229.108833,227.407250,2866
452.478834,254.415291,247.579791,2867
452.489251,142.369792,141.721709,2869
452.615990,359.356375,358.691959,2868
452.673683,158.602500,156.069667,2870
452.833926,153.403834,153.021167,2871
452.877055,135.169125,133.652459,2873
452.895741,191.184292,189.512751,2872
452.925923,178.225542,176.448417,2874
453.083653,151.862375,150.497375,2877
453.124749,224.794209,223.247500,2875
453.152383,244.670125,243.524458,2876
453.211272,212.837625,210.734708,2878
453.336127,322.021292,320.636459,2879
453.365108,105.725958,104.234667,2880
453.458569,111.958292,109.250751,2881
453.639604,78.482250,77.346792,2882
453.744044,130.695250,129.278333,2883
453.849209,168.656833,167.340542,2884
453.885174,138.223458,137.331541,2885
453.934679,172.236167,171.395000,2886
454.087445,135.193333,133.755125,2887
454.103160,142.026791,140.977958,2888
454.175341,162.043001,159.548084,2889
454.231140,141.701584,140.317042,2890
454.338412,105.544833,103.373375,2891
454.485479,137.948708,136.908333,2892
454.633231,150.456542,149.220167,2893
454.774102,90.655542,90.234084,2895
454.841257,160.279584,159.566750,2894
454.953601,161.015459,159.445126,2896
454.997784,103.744083,102.438583,2898
455.039616,160.645625,160.173417,2897
455.093284,132.939042,132.132583,2899
455.153409,140.126583,137.354584,2900
455.291611,175.026833,174.395959,2902
455.332949,226.481208,224.701750,2901
455.369415,190.616708,189.171208,2904
455.452047,104.841917,104.308750,2907
455.466429,327.758959,326.097916,2903
455.621596,413.657126,411.473417,2905
455.749911,177.824208,176.707708,2908
455.766696,548.975000,545.024959,2906
455.843513,185.374000,183.637708,2909
455.892182,211.918875,210.285833,2910
456.136544,122.127250,120.549625,2911
456.430879,104.592250,103.141792,2912
456.502682,155.641500,153.442916,2913
456.571934,123.631959,122.021958,2915
456.582922,151.340291,148.723458,2914
456.733695,235.728500,233.018625,2916
456.818351,137.039292,134.253875,2918
456.850083,175.542792,175.045209,2917
457.012305,104.309334,102.930334,2919
457.135318,202.540625,201.056041,2920
457.151830,138.590083,138.061000,2921
457.225870,173.285583,171.350667,2922
457.246536,151.950166,150.726625,2923
457.485078,138.432000,136.031583,2924
457.815830,134.869875,134.038041,2925
457.846190,141.138958,139.972000,2926
458.122728,108.333458,106.807167,2927
458.254303,128.028542,127.540583,2928
458.504142,156.509500,154.741125,2929
458.586326,133.980000,132.598375,2930
458.593070,119.600833,119.104125,2931
458.653149,104.122667,102.906417,2932
458.821066,140.131250,138.296083,2934
458.822853,155.107167,153.599250,2933
458.978890,150.042083,149.674000,2935
459.033504,166.366959,164.509625,2936
459.147172,132.850375,130.531042,2937
459.331516,120.240458,119.755709,2939
459.372419,165.178708,163.273542,2938
459.473257,126.639042,125.904042,2940
459.668742,127.604750,124.640541,2941
459.795541,139.232917,137.484375,2942
459.823623,142.892750,142.377667,2943
460.005155,139.528958,137.752709,2944
460.146440,147.865666,146.478792,2945
460.180134,165.345834,163.620916,2946
460.248043,127.162292,126.347959,2947
460.452992,82.785792,80.319167,2950
460.454890,149.025625,148.214792,2948
460.522292,173.769459,171.919126,2949
460.585025,188.685000,185.908334,2951
460.766802,140.932167,139.995042,2952
460.812844,131.909750,130.518791,2953
460.848661,114.079292,113.376959,2954
461.111163,97.880417,97.263250,2955
461.319663,119.057750,118.529250,2956
461.456492,108.545209,106.181541,2957
461.467976,111.259166,110.271583,2958
461.813555,131.772667,130.668417,2959
461.937169,145.658042,144.230917,2960
462.135714,155.487208,154.750458,2961
462.202684,188.385750,187.535250,2962
462.244129,204.441416,202.557833,2963
462.459077,112.311500,109.735792,2964
462.505139,146.101375,145.524458,2965
462.788521,108.576125,106.025208,2966
462.952533,210.491750,207.949583,2967
462.974742,195.791458,192.846792,2968
463.006962,160.431542,159.283541,2969
463.193183,178.536167,177.574833,2970
463.477093,129.659833,129.147375,2971
463.566187,134.325625,132.268500,2972
463.625738,148.673875,147.088666,2973
463.793472,145.230458,143.675000,2974
463.841612,139.587584,137.737250,2976
463.865106,183.885042,182.221375,2975
464.136411,121.683333,119.951125,2977
464.474276,126.677542,126.212917,2978
464.817277,136.724583,134.574125,2979
465.138254,124.628875,122.464416,2980
465.352520,98.913209,98.257250,2981
465.426642,74.935291,74.445875,2983
465.502112,154.425250,153.908125,2982
465.601557,108.061042,106.976625,2984
465.720737,99.444042,97.541500,2985
465.831093,149.617416,149.029708,2986
465.894223,163.352292,161.903000,2987
466.132754,118.295041,116.447917,2988
466.174976,129.474333,128.194500,2989
466.249870,141.230250,140.687750,2990
466.480776,132.941084,130.532208,2991
466.824601,143.916500,142.115459,2992
467.055483,173.119041,170.538666,2993
467.158244,143.290583,141.838667,2994
467.184064,148.244833,146.810417,2995
467.480068,133.097417,131.826042,2996
467.810468,130.496917,129.535000,2997
468.134784,119.609292,117.744083,2998
468.470639,139.142791,137.819792,2999
468.522990,175.407750,174.449334,3001
468.533406,195.568042,193.697292,3000
468.623205,234.346584,233.593791,3002
468.768629,140.483875,137.793250,3003
468.800203,118.333833,117.150250,3004
468.867623,161.545125,160.418126,3005
469.127634,112.470458,112.008167,3006
469.219370,100.063250,99.421000,3007
469.347338,179.399791,177.946416,3008
469.506268,159.625959,157.424459,3009
469.517278,158.403583,157.852917,3010
469.793937,113.908083,112.357000,3011
470.152621,138.838584,136.743833,3012
470.447143,150.296708,149.037292,3013
470.459342,117.847334,117.126042,3014
470.488988,142.384083,139.798458,3015
470.816931,136.594500,135.328084,3016
471.071325,157.714666,157.102750,3017
471.114552,172.515875,171.452167,3018
471.165961,152.622166,151.481750,3019
471.240747,162.087333,161.271834,3020
471.490949,143.816458,141.847708,3021
471.809796,126.895709,125.968500,3022
471.832465,78.742417,77.131541,3023
471.945079,180.033292,178.672958,3024
472.112493,81.368875,78.788208,3026
472.170308,157.011458,156.284333,3025
472.436163,88.969708,87.395291,3027
472.825521,144.393375,143.334334,3028
472.936370,104.871959,104.493666,3029
473.012897,131.974208,130.396584,3030
473.177037,162.619333,162.215667,3031
473.212138,150.135417,148.684958,3032
473.445815,98.063000,96.689250,3033
473.814842,134.792876,133.443334,3034
474.104425,134.486917,132.531000,3035
474.147059,132.973167,132.166125,3036
474.450086,102.259209,101.580501,3037
474.791505,111.574459,110.090167,3038
475.156471,142.170584,141.608834,3039
475.468610,121.758875,121.312334,3041
475.472932,130.259209,128.888375,3040
475.611582,152.056333,151.311708,3042
475.709433,96.422084,96.090750,3043
475.770430,90.180125,89.576667,3044
476.144544,129.643791,128.331000,3045
476.417276,111.456916,109.946375,3046
476.466687,119.844083,117.194292,3047
476.790957,122.755208,121.258667,3048
476.846251,165.002541,164.124334,3049
477.138842,124.384458,122.644958,3050
477.431455,142.450583,141.879209,3051
477.474313,125.892375,124.104750,3052
477.535264,134.814750,134.275459,3053
477.807696,127.748833,125.291542,3054
478.114889,101.313625,100.804083,3055
478.393913,125.923875,124.574916,3056
478.482620,146.002500,144.909042,3057
478.497128,149.513583,148.583750,3058
478.823834,141.785291,140.244125,3059
478.868865,128.057125,126.149042,3060
479.145654,131.035625,129.152625,3061
479.446601,167.815084,164.936625,3062
479.465840,135.933584,135.306208,3063
479.498595,151.289833,149.603125,3064
479.810561,130.377333,128.404500,3065
479.827820,136.750833,134.761667,3066
480.181123,167.151541,166.587167,3067
480.484160,137.228875,135.946417,3068
480.830860,149.912583,148.676792,3069
480.840953,155.778583,153.884792,3070
481.142318,128.760916,127.298500,3071
481.196950,118.636291,117.849667,3072
481.497043,148.362084,146.820917,3073
481.813159,132.289500,129.882084,3074
481.855100,174.186250,172.352250,3075
482.111864,190.911292,188.104000,3076
482.140995,127.643834,127.008875,3077
482.469856,122.784083,120.346042,3078
482.475779,120.470875,118.952458,3079
482.607210,72.389041,70.766792,3080
482.793860,113.544667,112.614542,3081
482.823230,130.872292,130.283417,3082
483.124489,114.755083,112.951708,3083
483.169194,154.282917,153.352208,3084
483.199338,101.131334,99.884167,3086
483.210573,140.323167,138.804167,3085
483.487238,139.276958,137.873750,3087
483.638451,163.013084,161.623292,3088
483.797993,117.589791,115.173625,3089
484.192847,179.227125,178.465875,3090
484.428134,117.950000,116.220125,3091
484.480609,133.814041,132.284250,3092
484.559435,157.254417,156.712792,3093
484.855545,174.759375,172.830875,3094
484.877648,150.034792,148.595416,3095
484.941574,146.482292,145.281792,3096
485.000592,155.813583,154.287875,3097
485.121994,107.415292,105.103542,3098
485.154255,138.710833,136.442250,3099
485.482519,134.852958,133.840292,3100
485.528670,139.022334,137.323375,3101
485.797041,114.908500,113.532416,3102
485.938401,154.856334,153.312250,3103
486.128955,115.420666,113.089083,3104
486.141681,120.407000,117.654250,3105
486.494877,147.502542,146.017958,3106
486.816416,135.453209,133.915833,3107
487.135991,122.019042,120.085000,3108
487.447130,99.340209,98.219917,3109
487.604826,142.794750,140.208542,3110
487.786777,105.620667,104.286875,3111
487.944814,158.094125,157.420958,3112
488.098878,212.239125,211.668333,3113
488.113204,163.311167,162.739500,3114
488.155936,141.197292,139.764625,3115
488.491626,144.223042,142.889250,3116
488.818443,137.391625,136.357375,3117
489.193442,179.203501,177.595834,3118
489.473503,125.040417,123.672208,3119
489.789747,107.578625,107.074042,3120
489.921515,155.859959,154.232459,3121
490.027808,171.136291,169.593375,3122
490.077257,100.090375,99.479333,3123
490.162378,148.617583,145.248250,3124
490.265325,126.468417,125.944583,3125
490.455351,106.025208,105.410666,3126
490.534803,133.341251,130.098500,3127
490.815799,134.834583,134.230542,3128
491.025035,138.327292,136.584875,3129
491.172125,158.048042,157.318292,3130
491.231563,166.596501,165.589376,3131
491.342030,160.095542,157.025458,3133
491.365108,248.163125,246.268750,3132
491.408793,135.015125,134.325334,3134
491.494370,147.743750,145.244167,3136
491.496358,175.035292,173.926083,3135
491.851947,170.407125,169.654625,3137
491.906894,125.853875,124.542542,3138
492.122897,157.903958,154.087792,3139
492.171205,155.695458,154.259000,3140
492.245569,104.038083,101.443708,3141
492.506310,159.239791,156.960417,3142
492.850304,170.347917,169.115625,3143
493.145399,131.050500,130.130584,3144
493.238805,145.643167,143.888792,3145
493.293260,161.537833,159.984417,3146
493.371750,143.824625,141.434126,3147
493.497024,150.333459,149.417333,3148
493.767590,86.259833,85.364708,3149
494.167064,153.580292,152.883500,3150
494.467847,120.212459,119.612791,3151
494.687098,150.947126,148.508792,3152
494.759600,78.235500,77.861584,3153
495.050239,104.636875,103.839750,3154
495.153067,138.339250,136.555417,3155
495.290084,116.436833,116.003708,3156
495.508521,160.317209,158.913126,3157
495.754666,108.512542,108.146208,3158
495.790960,117.363750,116.407375,3159
495.832750,151.900583,150.118209,3160
495.978193,102.116292,99.283041,3161
495.986961,89.498792,88.845459,3162
496.116217,102.162959,101.522459,3163
496.227647,158.627583,157.091667,3164
496.497178,149.358709,148.089375,3165
496.662424,159.848500,157.318292,3166
496.847085,164.693375,162.770709,3167
497.078903,96.569958,96.015208,3168
497.125509,110.904500,110.225209,3169
497.390408,151.042208,149.940875,3170
497.440522,93.907041,92.529792,3171
497.532248,115.831042,114.444750,3172
497.765148,123.648583,122.255875,3173
497.796660,114.609542,113.361500,3174
498.139937,126.540167,124.960500,3175
498.176041,124.960792,124.281792,3176
498.206858,115.663917,114.552376,3177
498.499572,159.298416,157.677042,3178
498.538126,191.527583,190.509958,3179
498.763102,168.510125,166.060125,3180
498.828195,145.239208,143.620750,3181
498.984758,140.915834,139.108084,3182
499.068617,150.621334,149.157750,3183
499.144553,129.570583,128.350542,3184
499.295430,120.471750,117.202166,3185
499.522806,175.342125,171.801291,3186
499.564377,144.602209,142.794167,3187
499.808477,128.514167,125.330625,3188
500.014930,157.381291,156.103791,3189
500.073915,157.298459,154.515958,3190
500.148348,150.297583,147.939750,3191
500.156992,142.883125,140.938000,3192
500.258186,214.323375,213.609959,3193
500.443927,96.679625,96.202750,3194
500.813878,132.595458,131.489458,3195
501.081281,66.707666,65.713084,3197
501.122969,122.496500,120.641209,3196
501.421746,74.886875,73.288542,3198
501.716099,121.942917,120.292083,3199
501.835211,153.731667,152.402834,3200
502.047186,172.760583,170.752167,3201
502.173605,158.308792,157.407542,3202
502.274433,120.690791,119.655666,3204
502.322609,170.909667,168.915542,3203
502.388765,162.379584,161.723042,3206
502.466616,304.740042,303.862417,3205
502.486233,209.042459,205.497834,3208
502.607987,371.950834,371.253167,3207
502.735175,433.630751,432.142959,3209
502.827300,145.392625,144.577125,3212
502.849987,155.451916,152.359666,3213
502.876313,529.688250,527.934167,3210
502.938251,109.762042,109.387834,3214
503.002697,625.058000,624.313084,3211
503.031991,116.473583,114.356083,3215
503.106301,150.417458,149.575126,3216
503.125585,144.599292,143.084959,3217
503.189747,134.675041,134.273708,3219
503.277555,264.255542,262.691042,3218
503.492370,145.475459,142.604000,3220
503.669839,116.438584,115.053458,3221
503.689023,69.068416,68.137709,3222
503.839145,156.380292,154.108792,3223
503.894802,96.723958,95.935583,3224
504.000443,94.051708,93.077833,3225
504.155705,142.155708,141.043000,3226
504.285965,148.680583,147.596458,3227
504.396428,129.901333,128.266542,3228
504.457365,115.507000,114.393417,3229
504.489249,142.491708,140.889292,3230
504.679636,132.505333,131.358500,3231
504.810268,159.599416,156.326917,3232
504.830168,147.807917,145.891375,3234
504.842545,162.612042,161.904458,3233
505.005335,269.716125,267.606500,3235
505.153678,140.392292,139.531292,3236
505.271287,216.337626,214.860333,3237
505.286689,197.096084,196.313542,3238
505.304887,196.837375,195.529542,3239
505.451149,103.801542,103.192833,3240
505.631384,106.474375,106.067500,3242
505.669265,155.311625,154.553292,3241
505.775151,180.128667,177.845208,3243
505.805190,203.729750,201.683709,3244
505.860478,179.556417,177.263334,3245
506.086526,137.473000,136.141250,3246
506.126377,112.795666,111.290667,3247
506.184347,94.288833,92.432083,3248
506.365964,139.832583,139.313416,3249
506.391851,159.268083,157.764542,3250
506.460283,113.293834,111.837542,3252
506.470402,134.595416,133.227209,3251
506.661866,149.798834,148.193501,3253
506.743113,164.005333,161.104417,3254
506.773288,166.857833,164.356209,3256
506.773578,169.664542,168.684833,3255
506.921771,241.268417,239.206042,3257
507.017080,177.861542,177.197708,3258
507.042106,179.408542,178.454791,3259
507.102164,232.864042,222.002958,3260
507.207898,115.367875,114.684500,3263
507.233236,165.437125,164.833959,3262
507.265154,251.748292,250.154625,3261
507.413416,297.488917,295.607959,3264
507.458265,121.963917,121.230375,3265
507.519495,172.843708,169.247750,3266
507.795574,135.121291,133.841167,3267
507.838919,158.382000,156.979083,3268
508.067475,144.790917,143.001250,3269
508.161372,147.205625,145.266042,3270
508.304364,171.982708,170.986958,3271
508.520949,172.805791,171.574667,3272
508.559397,175.040834,174.446709,3273
508.649528,104.500958,103.217334,3274
508.691854,110.486542,108.439917,3275
508.804176,122.394417,120.709750,3276
508.996698,129.452458,128.263333,3277
509.037653,132.710083,130.311708,3278
509.117746,110.276250,108.031000,3279
509.121267,107.999208,106.415750,3280
509.246208,120.992083,120.378417,3281
509.292344,98.248208,96.784041,3282
509.412928,140.732083,138.499375,3283
509.459832,112.962792,110.133625,3284
509.600764,176.137792,174.959750,3285
509.729617,163.806125,162.190000,3286
509.781063,202.652625,200.231792,3287
509.862368,180.933375,179.260958,3288
509.908529,155.683792,154.013417,3289
509.999712,237.624333,237.097292,3290
510.016452,149.261875,147.760958,3291
510.145809,132.555500,130.928292,3292
510.276210,123.848667,122.827542,3293
510.536394,187.910625,186.334459,3294
510.773827,180.342167,179.052417,3295
510.799253,117.794251,114.788917,3296
511.062152,168.614541,165.026167,3297
511.127687,78.724917,78.115333,3299
511.147530,132.773083,131.667666,3298
511.340554,121.720084,120.268458,3300
511.446935,97.528667,95.919542,3302
511.476783,147.305084,146.498917,3301
511.650651,140.245292,139.702209,3303
511.767361,150.686375,149.954583,3304
511.791141,122.699208,122.240417,3305
511.851840,169.422750,168.519167,3306
511.924774,176.579083,176.068959,3307
511.930825,143.241000,142.475375,3308
512.171958,158.678917,158.160042,3309
512.192500,113.745334,113.111251,3310
512.304969,127.939875,126.691542,3311
512.379517,119.493209,118.201125,3312
512.463578,115.267833,114.731750,3313
512.567183,161.580709,160.913083,3314
512.673217,171.694250,169.428292,3315
512.677041,171.467333,170.733791,3316
512.814355,124.921416,123.869375,3319
512.855546,318.792250,317.951959,3317
512.860943,180.999584,178.481042,3318
513.005817,165.013333,164.618125,3321
513.064294,339.657792,338.168834,3320
513.170706,157.448667,156.984042,3322
513.226640,192.769791,192.247416,3323
513.230397,148.269042,141.298208,3324
513.375479,253.500041,251.595750,3325
513.420562,159.387084,156.816041,3327
513.491934,145.278584,144.805209,3328
513.526350,358.785584,356.893541,3326
513.646495,160.662542,158.508292,3329
513.788409,139.004833,137.515000,3330
513.816170,134.596000,133.214958,3331
514.020931,118.336750,116.043375,3332
514.140891,127.274875,125.993291,3333
514.274998,141.198750,138.475750,3334
514.286304,142.319042,141.046500,3335
514.366268,163.947584,161.960167,3336
514.404118,135.178750,133.817250,3337
514.465746,139.612667,138.181167,3338
514.518451,171.222625,170.707834,3339
514.595386,147.347667,144.169083,3340
514.628957,141.295000,139.615292,3341
514.655383,88.662291,87.953833,3342
514.783882,102.370625,101.058417,3343
514.851568,121.951083,121.349959,3344
514.978112,133.213792,131.839750,3345
515.169986,154.707875,153.338500,3346
515.417827,122.173041,120.180083,3347
515.469849,122.316833,120.893500,3348
515.588706,86.809333,86.237375,3349
515.699598,146.237875,144.475042,3350
515.828829,147.898917,147.294000,3351
515.948523,152.316208,148.574416,3352
516.147110,132.389833,130.913125,3354
516.150310,142.699083,141.180666,3353
516.307545,133.667917,132.348125,3355
516.464356,116.705459,114.503375,3356
516.507833,115.607916,112.169459,3357
516.779624,100.880208,100.011917,3358
516.819400,139.224458,138.453000,3359
516.823027,130.172000,127.502667,3360
516.914378,183.179208,181.623459,3361
516.980648,145.555959,143.369625,3363
517.028762,171.384792,169.518708,3364
517.059425,281.234917,280.230126,3362
517.111912,97.738958,96.935417,3365
517.186394,119.557667,118.827042,3366
517.214473,128.584458,128.049542,3367
517.247166,100.070833,98.566417,3368
517.499155,150.793125,147.996917,3370
517.513887,172.948709,171.076500,3369
517.525398,154.755709,154.245000,3371
517.807362,126.343583,124.767417,3372
517.894323,139.157375,138.397875,3373
517.941476,124.098917,122.321792,3374
517.961212,111.628125,109.876667,3375
518.134264,118.355125,117.087250,3376
518.214464,166.476916,164.714958,3377
518.284188,144.151000,142.760042,3379
518.286772,206.986208,205.699958,3378
518.513415,166.668251,166.169208,3380
518.574227,207.455792,205.007542,3381
518.604073,123.932375,121.490250,3382
518.761669,143.693958,142.205000,3383
518.764615,133.625917,132.109833,3384
518.838396,158.139625,156.868833,3385
518.944645,96.233083,94.655167,3386
518.963822,111.452833,108.555125,3387
519.084330,70.994875,69.731083,3389
519.103382,155.325916,154.777584,3388
519.183550,128.321667,127.184750,3390
519.224944,101.208042,98.781083,3391
519.492600,144.764375,142.629958,3392
519.525553,160.330916,158.561375,3393
519.735495,116.938792,116.319583,3394
519.839724,159.558292,158.846626,3395
519.904931,195.786501,192.525667,3396
520.098145,109.520542,107.913750,3397
520.150233,136.932250,134.953291,3398
520.301273,138.726291,137.928000,3399
520.472853,125.295333,123.437125,3400
520.815441,135.063542,133.686292,3401
521.091036,165.767000,164.571750,3402
521.178536,164.470833,161.905917,3403
521.212649,185.511375,184.818084,3404
521.471848,124.895750,124.224042,3405
521.521983,132.305542,130.980208,3406
521.664878,130.452875,130.094709,3407
521.825650,144.410584,142.749833,3408
522.005474,174.028750,172.804917,3409
522.146414,131.377750,130.239375,3410
522.458291,132.939334,132.082417,3411
522.506437,159.126917,158.427500,3412
522.700673,147.908542,147.197167,3413
522.781274,100.669042,100.126541,3415
522.793763,187.427042,185.823167,3414
522.883917,152.619250,150.483375,3416
523.016274,144.668125,142.332166,3417
523.130898,116.662584,113.301125,3419
523.139134,164.904250,164.211542,3418
523.472118,120.790834,118.945458,3421
523.503315,155.956792,154.770584,3420
523.762232,122.396167,121.828875,3422
523.816853,136.905125,135.578333,3423
524.048499,184.013084,182.332792,3424
524.074526,154.583042,152.726000,3425
524.163028,149.490542,148.253292,3426
524.276210,126.461417,125.906083,3427
524.456031,135.413833,134.729000,3428
524.477402,129.780583,129.294375,3429
524.727787,145.639376,144.973792,3430
524.744081,131.782292,131.201292,3431
524.887546,148.687292,147.932167,3433
524.888328,138.994041,137.606875,3434
524.905339,224.619500,223.991250,3432
525.091704,126.303334,124.787250,3435
525.177673,163.884000,162.784417,3436
525.216682,146.558708,146.025542,3437
525.485307,138.490917,137.184250,3438
525.623298,115.915917,113.764291,3439
525.820915,140.815500,138.717250,3440
526.161611,147.333376,145.050792,3441
526.457526,110.678459,109.555834,3442
526.832479,125.460709,123.896792,3444
526.839877,159.411000,156.750417,3443
527.104590,90.856792,90.317792,3445
527.483156,136.287666,134.964375,3446
527.766186,163.734084,161.168583,3447
527.807951,127.384541,125.841333,3448
527.932644,165.877542,164.388000,3449
528.033968,132.174000,130.205833,3450
528.192921,177.999791,175.794209,3451
528.497332,148.642375,147.482417,3452
528.831362,149.606042,149.049542,3453
528.935974,102.879876,101.827833,3454
529.090983,140.619792,139.919792,3455
529.177490,162.840417,161.779334,3456
529.449657,102.100833,100.581250,3457
529.797261,117.310667,116.594625,3458
529.885647,110.765958,108.170125,3459
530.140433,130.556417,129.014958,3460
530.169983,156.059458,154.871500,3461
530.354848,111.299709,110.900417,3462
530.509099,161.444208,160.955083,3463
530.550718,135.925125,135.027666,3464
530.782103,101.675000,100.814000,3465
530.930313,150.403459,149.790375,3466
531.174464,160.377875,158.440625,3467
531.476051,128.497833,126.581583,3468
531.528126,132.590208,132.003958,3469
531.595316,112.637875,111.201417,3470
531.776440,95.698167,95.216333,3471
531.872340,70.774375,70.396958,3472
532.175966,161.833875,161.008458,3473
532.181274,150.575833,148.851208,3474
532.511608,164.056667,163.604000,3475
532.755032,126.285250,124.740583,3476
532.783109,102.109875,100.233000,3477
533.129585,132.424542,132.126167,3478
533.129730,116.450250,115.839209,3479
533.425431,165.658792,165.035208,3480
533.487045,141.250958,139.892375,3481
533.505131,157.326458,156.644542,3482
533.846599,165.872584,164.647292,3483
533.884065,145.029792,143.244792,3484
534.057410,138.726000,136.621917,3485
534.145668,132.081833,129.485708,3486
534.238793,121.738458,120.984792,3487
534.278487,153.584959,151.207583,3488
534.298805,156.011333,154.602875,3489
534.494921,148.341375,147.252292,3490
534.761192,79.658250,79.069375,3492
534.777741,182.680750,181.314584,3491
535.080843,66.509333,65.959250,3493
535.282983,131.077625,128.942917,3494
535.536839,189.696500,187.271292,3495
535.742958,159.330500,157.475500,3496
535.817821,137.162667,134.795792,3497
535.953148,133.246167,132.711250,3499
536.005552,187.075875,185.538500,3498
536.138719,125.232625,124.489458,3500
536.311656,121.706084,119.812583,3501
536.518370,162.631583,160.398000,3503
536.531254,183.930250,183.119125,3502
536.536297,132.476458,131.756917,3504
536.649692,116.142834,114.141417,3505
536.789679,108.480750,105.312666,3506
537.118571,104.097291,103.130417,3507
537.412794,137.091792,135.788917,3508
537.471208,123.786833,123.037250,3509
537.795478,114.284916,113.624000,3510
538.149297,135.264209,132.284542,3511
538.477592,130.515292,128.945250,3512
538.836731,156.409458,153.822375,3513
539.002890,99.082083,98.750167,3514
539.148448,133.057750,131.338958,3515
539.482727,134.932876,133.488542,3516
539.672908,104.074834,102.520833,3517
539.832985,150.916791,149.152792,3518
539.937217,161.161875,159.508708,3519
540.132352,119.009334,118.578834,3520
540.509831,161.762709,160.368250,3521
540.738396,175.261625,174.599542,3522
540.850400,170.422583,166.727459,3523
540.976361,159.441041,157.937792,3524
541.128464,114.514750,113.558667,3525
541.454935,108.309541,107.098542,3526
541.782462,101.013792,98.625625,3527
542.053328,159.432584,158.770791,3528
542.139111,125.814500,125.253042,3529
542.209550,126.354375,124.514834,3530
542.439167,92.559542,90.804000,3531
542.829402,148.734542,147.574583,3532
542.977474,158.190375,153.808375,3533
543.127549,112.785167,112.409208,3534
543.259491,95.275833,93.259250,3535
543.312391,113.572084,112.592666,3536
543.471634,125.036917,123.660542,3537
543.818131,137.058541,135.487334,3538
544.152177,138.404584,136.152625,3539
544.458093,176.197000,174.063458,3540
544.498039,150.042083,148.779750,3541
544.718016,133.333375,132.046250,3542
544.800120,118.245750,117.600000,3543
545.151036,137.501000,135.413542,3544
545.382737,145.914708,144.405333,3545
545.522735,175.145542,174.671875,3546
545.805408,124.569667,123.019750,3547
546.121166,113.880083,112.648083,3548
546.156517,141.211292,139.673333,3549
546.504159,157.070667,155.502376,3550
546.601595,130.471833,128.870292,3551
546.722309,172.836125,170.805250,3552
546.799525,119.426417,117.408667,3553
547.125455,110.768001,109.909333,3554
547.423971,128.548000,127.779167,3555
547.486474,139.852708,139.254791,3556
547.570162,132.764625,131.093083,3557
547.766694,187.349750,186.476791,3558
547.829696,147.615126,146.008626,3559
548.160306,158.314041,157.054917,3560
548.177097,162.500625,161.306250,3561
548.481403,134.005958,131.904208,3562
548.801077,120.940459,119.617459,3563
549.154612,140.419416,139.050917,3564
549.474553,127.927625,126.364291,3565
549.802912,129.529458,128.914333,3566
549.819070,138.011708,136.423875,3567
550.137934,123.502458,121.859500,3568
550.401050,105.245000,103.897500,3569
550.444190,96.649875,94.935458,3570
550.793194,112.757459,111.352208,3571
550.901973,166.060125,163.515916,3572
551.163367,150.081750,149.297166,3573
551.174177,147.001458,146.272292,3574
551.346901,142.323417,140.658001,3575
551.371839,99.528042,98.013708,3576
551.480966,133.227209,132.573292,3577
551.838047,157.528583,156.551500,3578
552.053399,165.090333,162.252125,3579
552.143624,127.999667,126.129500,3580
552.173724,135.482375,133.755125,3581
552.239747,99.836042,98.455000,3582
552.281328,69.180417,68.198083,3583
552.531838,184.274708,181.893833,3584
552.841122,161.021292,160.601292,3585
552.845165,130.476500,129.210083,3586
553.166049,151.614750,150.266958,3587
553.431315,84.596459,84.189584,3588
553.535818,180.893125,180.110876,3589
553.742245,127.940458,126.396375,3590
553.820830,139.916292,138.685458,3591
554.135952,121.909667,119.335417,3592
554.513336,166.279458,164.332000,3593
554.800088,119.988167,118.247792,3594
555.126665,113.394459,112.140292,3595
555.497633,150.420959,149.014834,3596
555.877287,195.899084,193.960084,3597
555.976509,145.662708,144.694667,3598
556.020404,110.740875,109.425459,3599
556.108647,94.481917,93.017167,3600
556.389642,118.648542,118.145709,3601
556.467309,119.524708,119.054250,3602
556.482651,132.349583,131.833916,3603
556.727765,88.191250,86.601083,3604
556.776992,96.357334,93.839084,3605
557.108640,94.158750,92.458916,3606
557.324205,145.343625,142.609542,3607
557.452989,104.791459,104.330917,3608
557.792650,178.049083,176.166375,3609
557.858064,177.334209,176.633625,3610
557.935829,205.587667,203.040250,3611
558.097866,148.833416,147.710209,3612
558.194419,181.062875,180.016375,3613
558.280427,137.128833,135.833834,3614
558.416587,126.322000,123.849250,3615
558.510921,163.101458,159.858125,3616
558.628658,145.991708,145.215000,3617
558.761588,172.558166,172.148958,3619
558.776926,195.845417,194.808833,3618
558.795585,128.806125,127.753500,3620
558.951528,271.457375,268.379416,3621
559.007047,101.949167,100.802333,3622
559.125245,109.921292,106.256792,3623
559.313693,121.918125,120.642958,3624
559.419354,131.781708,130.264750,3625
559.523727,176.389792,175.819875,3626
559.536162,154.457333,152.626250,3627
559.588973,158.749791,157.104792,3628
559.825457,144.427500,142.344708,3629
560.166142,152.859583,152.041458,3630
560.300378,169.527459,167.721458,3631
560.455111,107.366000,106.067792,3632
560.775527,95.017417,94.665375,3633
561.031676,105.523250,105.075833,3634
561.123389,108.615792,108.034500,3635
561.153292,134.248333,133.574876,3636
561.168633,116.236751,114.228625,3637
561.313681,195.280458,194.854333,3638
561.496331,148.558666,147.345917,3639
561.723194,104.147166,101.211833,3640
561.789747,108.672959,106.780333,3641
561.990333,112.294000,110.939792,3642
562.115693,102.413208,102.017708,3643
562.292625,106.908083,105.806166,3644
562.475536,128.059458,127.445792,3645
562.584906,139.134625,137.499542,3646
562.656191,109.564875,107.919875,3647
562.735189,135.416750,134.019375,3648
562.789163,108.639708,108.247125,3649
562.863146,151.233250,150.634167,3650
563.003628,116.118917,115.214458,3651
563.143140,129.740625,129.304875,3652
563.175703,130.839626,127.823501,3653
563.336070,147.849041,146.844542,3654
563.442255,94.214458,92.534750,3656
563.472465,193.578875,191.912292,3655
563.818523,144.748333,144.037250,3657
563.832138,151.385208,150.796625,3658
563.910773,118.927959,117.850834,3659
564.157430,142.634917,141.680000,3660
564.239649,144.391333,143.712333,3661
564.465864,118.567458,118.015917,3662
564.578086,144.694084,143.230792,3663
564.808207,127.259125,125.269375,3666
564.841288,185.080583,184.539542,3664
564.864088,192.003875,189.689209,3665
564.973793,81.217209,79.781625,3667
565.072169,133.441000,130.830583,3668
565.103893,88.818625,88.273500,3669
565.166149,139.501542,138.836833,3670
565.313086,155.897292,153.815084,3671
565.495535,112.305666,110.401958,3673
565.516102,168.948500,167.275209,3672
565.701531,155.078583,153.661083,3674
565.814966,133.457916,131.743791,3675
565.925247,118.074542,116.105500,3676
566.036399,161.519751,159.671750,3677
566.084724,151.059417,144.258625,3678
566.131753,127.546125,125.595750,3679
566.191794,178.364375,177.830625,3680
566.307200,111.337041,110.727458,3681
566.391605,112.998084,109.937916,3682
566.472572,125.960625,124.354125,3683
566.745477,165.279917,164.437584,3684
566.845094,212.191000,210.717792,3685
566.855651,174.008625,173.504625,3686
566.939514,257.282667,255.677625,3687
567.003042,129.364083,128.277917,3689
567.063060,364.836209,362.826041,3688
567.145389,129.543750,128.053916,3690
567.436661,120.946001,120.363833,3691
567.501505,154.753375,153.064917,3692
567.595762,129.840375,128.558500,3693
567.655493,119.826584,119.193375,3694
567.804091,184.972666,183.069541,3695
567.893097,211.740083,211.346042,3696
567.895909,194.394083,193.059709,3697
567.963346,241.315083,239.481959,3698
568.098995,337.541459,334.818459,3699
568.144984,131.458251,130.813667,3701
568.207920,146.484042,144.973792,3702
568.226438,439.896042,438.323667,3700
568.392811,139.838125,139.241375,3703
568.456862,110.231333,108.910958,3704
568.571977,119.193958,118.352209,3705
568.834426,154.471626,153.874292,3706
568.914337,137.301792,135.007541,3707
569.056526,154.661791,149.716583,3708
569.064834,124.366667,122.615208,3709
569.113049,99.316583,98.000000,3710
569.259429,192.815583,192.417750,3711
569.330023,181.719709,179.935583,3713
569.343459,133.306542,132.771042,3714
569.346518,199.693667,198.430750,3712
569.431617,84.307125,83.126459,3715
569.521734,164.483959,162.960584,3716
569.580063,122.240125,121.600501,3718
569.606545,216.891792,214.384917,3717
569.784293,103.084334,100.838208,3719
569.813533,109.695833,108.628333,3720
570.125589,181.996792,180.567625,3721
570.148278,164.532375,162.246583,3722
570.200095,184.154542,182.543084,3723
570.299970,204.970792,203.397833,3724
570.379160,165.391625,164.694250,3725
570.478942,173.980042,172.256000,3726
570.546762,200.128250,199.600333,3727
570.558284,170.100875,169.749417,3729
570.595143,235.538625,233.654166,3728
570.725079,125.190917,122.929042,3732
570.727476,300.555792,296.564916,3730
570.830126,150.170708,149.293666,3733
570.877608,379.028708,378.376250,3731
570.951581,110.855208,109.760875,3734
571.120683,106.903417,106.379000,3735
571.209437,167.774834,167.160583,3736
571.235306,119.190458,117.116709,3738
571.247411,169.382208,168.948208,3737
571.345427,128.157750,125.865250,3739
571.455380,107.774917,106.185333,3740
571.663921,121.521167,120.383667,3741
571.690172,90.997083,90.134334,3742
571.784218,104.232917,101.100416,3744
571.787510,119.644292,118.295333,3743
571.928286,244.609459,243.986166,3745
572.169443,155.069542,153.514667,3746
572.240453,152.381250,151.549125,3747
572.251285,147.129500,144.494583,3748
572.499873,152.272166,151.819208,3749
572.533862,142.252542,139.966167,3750
572.794802,114.890417,114.251667,3751
572.969991,151.675417,149.930959,3752
572.981921,116.802584,116.130875,3754
573.053381,208.589792,205.909667,3753
573.105438,91.170333,90.650000,3756
573.192131,180.268083,178.033041,3755
573.310711,116.146042,115.710583,3757
573.407862,168.664709,168.004667,3759
573.412175,174.024667,172.684750,3758
573.509292,162.668041,159.199833,3760
573.773699,92.635084,91.546292,3761
574.000385,161.456167,160.309625,3762
574.116898,103.401958,100.710750,3763
574.273426,199.388000,197.904291,3764
574.491823,144.271750,143.041792,3765
574.575138,195.459834,193.591708,3766
574.612744,213.989125,211.977791,3767
574.637799,207.050667,205.434834,3768
574.756110,324.776375,324.189834,3769
574.847887,162.444042,161.652459,3772
574.866768,186.390459,184.776375,3771
574.892928,219.207333,218.497125,3770
575.000948,174.305541,172.365959,3773
575.129239,182.203001,181.561334,3775
575.161442,230.670417,227.907167,3774
575.168741,154.352042,150.927000,3776
575.362322,121.393708,120.615834,3777
575.418188,135.513000,133.705541,3778
575.476883,130.273209,129.558334,3780
575.530989,184.713375,183.591041,3779
575.588885,167.385166,164.691625,3782
575.647504,253.529208,251.988917,3781
575.834776,133.212334,131.681667,3784
575.850276,169.754959,168.030334,3783
575.933356,107.169125,104.393916,3785
576.175944,133.102958,132.604500,3787
576.202455,186.601333,186.023541,3786
576.220654,141.161708,139.629875,3788
576.326583,138.528833,136.545500,3789
576.467646,194.076750,192.903667,3790
576.480518,173.173292,170.433375,3791
576.532489,184.941751,184.291042,3792
576.656236,106.724041,104.852708,3793
576.695180,134.656375,132.507667,3794
576.772401,84.210000,83.682375,3796
576.828736,147.976792,147.362833,3795
577.116063,157.294375,154.510417,3797
577.139682,126.389958,125.212500,3798
577.201022,157.079417,156.530209,3799
577.264658,125.964709,124.641417,3800
577.482586,134.964958,132.739542,3801
577.602128,185.038000,184.300083,3802
577.626298,174.897625,174.219792,3803
577.691387,182.833292,182.104417,3804
577.829498,195.954500,195.366792,3808
577.833591,298.217791,296.887500,3805
577.838380,173.749042,172.511208,3809
577.953648,394.293376,392.666459,3806
578.056440,159.988792,158.737250,3813
578.105019,512.422458,511.049584,3807
578.164760,151.312875,150.439042,3814
578.276878,596.016750,594.205792,3810
578.434588,709.734084,705.141792,3811
578.441574,173.415083,172.561959,3816
578.496929,158.485834,157.069792,3817
578.553680,786.935043,786.226584,3812
578.705392,691.528834,690.570417,3815
578.811635,465.039459,463.241334,3818
578.827940,147.011667,146.364167,3821
578.954247,579.440167,577.090792,3819
578.980067,152.366959,151.766708,3822
579.133646,243.775583,242.180167,3823
579.135133,717.374876,716.289875,3820
579.197285,184.002875,182.362834,3825
579.266094,124.169792,123.713625,3827
579.267892,364.027126,362.704708,3824
579.413982,132.074250,131.521542,3829
579.423714,346.959376,345.907042,3826
579.434839,166.932792,123.504792,3828
579.497790,150.261125,148.270500,3830
579.613267,60.770208,60.248417,3833
579.628317,271.792500,270.356042,3831
579.725309,363.239042,361.769333,3832
579.829212,148.408166,147.067083,3834
579.844584,88.511208,86.457875,3835
580.007112,107.254292,105.599084,3836
580.106384,137.785958,136.973083,3837
580.143796,129.631541,127.781500,3838
580.193761,148.910416,147.356125,3839
580.242512,130.953958,129.781458,3840
580.380849,117.917625,115.975416,3841
580.542543,195.024083,192.882958,3842
580.813125,142.818375,142.281125,3843
580.828668,148.701291,146.131708,3844
581.133109,117.576958,116.263875,3845
581.375917,174.711251,173.779959,3846
581.455197,110.320875,108.489792,3847
581.539701,193.116292,192.463250,3848
581.576705,187.676125,186.160625,3849
581.669557,231.029458,229.443958,3850
581.761625,146.892375,145.017541,3851
581.815212,157.699792,156.909083,3852
581.837083,156.685083,155.308708,3853
581.903562,118.464792,116.932666,3854
582.150493,164.799251,163.693833,3855
582.155062,140.200083,139.426000,3857
582.158553,168.441000,167.599250,3856
582.247755,174.243125,172.800250,3858
582.445250,96.511041,95.754750,3859
582.550168,132.659042,131.617208,3860
582.802615,121.841709,121.097084,3861
583.120304,129.498541,128.297750,3862
583.160499,167.666917,167.078625,3863
583.185929,172.652375,172.078667,3864
583.373157,143.017584,141.460375,3865
583.462525,113.676500,112.807042,3866
583.813395,133.423209,132.275500,3867
584.022638,160.838125,160.167292,3868
584.138402,135.181667,133.926333,3869
584.145119,130.845167,130.322501,3870
584.194709,117.509876,116.035792,3871
584.448802,101.343375,98.979125,3872
584.778216,97.414334,95.922750,3873
585.120384,107.079875,105.662958,3874
585.452985,105.517125,102.141084,3876
585.472808,141.500333,138.812042,3875
585.851734,159.462917,159.005000,3878
585.859586,178.425917,176.482833,3877
585.889355,144.080708,142.587667,3879
585.974991,167.441459,166.869208,3880
586.147915,146.141333,143.020500,3881
586.150133,136.409000,134.801917,3882
586.451799,104.670417,102.577417,3884
586.482544,139.472083,138.184666,3883
586.805197,123.687084,121.097083,3885
586.966402,119.130958,116.999458,3886
587.031057,118.136959,117.489751,3887
587.109774,132.855042,131.164542,3888
587.121648,108.240417,107.559375,3889
587.334402,176.856167,174.851542,3890
587.375250,178.322083,176.732208,3891
587.516981,170.269750,168.623875,3892
587.826397,146.189750,145.525625,3893
588.139054,125.146584,123.490792,3894
588.209111,161.251417,160.014750,3896
588.241039,197.216542,196.051625,3895
588.474192,127.045042,126.294000,3897
588.795346,113.940167,112.698833,3898
589.004154,154.255209,150.826083,3899
589.067589,125.923876,123.336208,3900
589.153772,139.631917,138.137126,3901
589.451922,104.306416,102.580625,3902
589.563667,135.047208,132.661083,3903
589.767257,85.956208,84.671417,3904
589.871370,134.774500,134.098708,3905
590.037825,130.571292,129.505542,3906
590.144918,131.224917,129.752875,3907
590.456473,108.900459,108.012042,3908
590.834495,153.105167,152.232209,3909
591.113617,98.936834,97.725833,3910
591.477465,129.536750,128.817500,3911
591.818582,138.213250,137.585000,3912
592.154936,139.113916,137.703125,3913
592.256180,116.184250,114.825375,3914
592.351143,123.977583,123.501291,3915
592.472080,123.667542,121.419667,3916
592.745645,123.744250,120.762250,3917
592.842446,161.279708,160.029041,3918
593.136051,121.561125,119.322292,3919
593.408633,110.520375,107.867958,3920
593.476313,128.482083,126.116958,3921
593.651739,131.319125,129.997000,3922
593.848072,166.272750,165.620583,3923
594.126696,112.175000,111.359500,3924
594.278402,168.217584,166.763625,3925
594.463057,142.570166,140.370708,3926
594.490642,142.089792,140.705250,3927
594.709309,122.710000,122.259667,3928
594.826210,145.252333,143.757833,3929
595.146231,132.380500,131.849958,3930
595.229722,159.004417,158.154209,3931
595.472941,125.128500,122.794584,3932
595.736443,156.162417,155.023750,3933
595.840172,159.321167,158.560500,3934
595.921797,115.530625,113.936958,3935
596.013650,157.645250,155.747083,3936
596.082782,68.557125,68.068000,3937
596.422077,75.453875,74.660541,3938
596.803531,123.580917,122.480459,3939
597.126379,160.554625,158.467459,3940
597.146791,127.974292,126.420000,3942
597.193395,179.079250,176.169292,3941
597.250856,96.558583,95.110167,3943
597.499064,150.951209,149.648334,3944
597.605332,121.239417,119.106458,3945
597.726627,109.851292,109.289542,3946
597.807926,125.538000,125.155625,3947
598.101447,86.430750,85.134875,3949
598.102718,190.663958,188.863208,3948
598.476620,129.673250,126.618042,3950
598.800229,161.915541,161.126000,3951
598.837685,155.490417,154.019251,3952
598.871437,132.842500,132.038667,3953
599.145421,131.022792,130.278167,3954
599.428075,93.773167,92.535625,3955
599.468397,121.121292,120.523375,3956
599.650335,119.102667,117.396708,3957
599.822355,141.265250,140.662959,3958
600.123434,109.267375,107.202083,3959
600.268246,174.446125,173.128959,3960
600.382026,107.221333,106.866958,3961
600.420254,134.519292,133.391416,3962
600.510636,163.907917,163.126833,3963
600.830856,174.192667,172.899125,3964
600.854266,173.566750,173.158709,3965
600.895765,174.314584,173.786375,3966
600.987459,142.699084,141.645000,3967
601.192083,136.741791,134.882125,3970
601.196756,181.605083,179.816875,3968
601.202336,156.495208,155.033666,3969
601.472245,122.653417,121.942625,3971
601.549882,120.558084,118.835208,3972
601.817177,136.426208,135.192166,3973
602.079361,155.950667,150.088750,3974
602.108350,133.840292,131.993458,3975
602.180354,166.957584,166.124875,3976
602.483128,135.726500,134.145375,3977
602.701149,147.092458,146.042166,3978
602.805925,124.288500,122.606166,3980
602.814169,201.201875,200.393959,3979
602.972732,114.843750,113.817083,3981
603.146319,132.983375,129.895501,3982
603.445689,97.186250,95.749500,3983
603.720107,142.836458,140.785459,3984
603.806238,118.153001,116.017417,3986
603.806345,125.814208,123.320458,3985
603.996477,104.138416,102.900000,3987
604.168967,154.648959,153.928541,3988
604.476579,128.508042,126.691250,3989
604.818587,138.092209,136.277750,3990
605.110167,94.506125,92.094625,3991
605.496052,148.149459,146.358333,3993
605.505047,161.197750,159.687500,3992
605.566560,200.298000,199.128709,3994
605.724932,109.163542,107.427834,3995
605.805466,95.022958,94.327917,3997
605.848179,167.339375,165.158292,3996
606.124908,111.458083,111.121208,3998
606.182302,138.737375,137.664333,3999
606.457638,134.552833,133.983209,4001
606.464145,181.303500,180.054000,4000
606.508743,161.874708,161.086625,4002
606.577451,118.217459,114.909375,4003
606.736337,125.765500,125.283667,4004
606.808922,127.974875,126.712834,4005
607.133913,119.848458,118.253916,4006
607.455460,107.835000,106.701875,4007
607.529178,146.405875,145.072083,4008
607.570463,137.264167,135.911708,4009
607.761326,148.918000,148.436750,4010
607.838928,157.380125,155.177167,4011
608.001959,177.212000,176.626334,4012
608.055784,113.100458,112.502541,4014
608.079716,143.438167,141.663083,4013
608.143979,130.131459,129.117917,4015
608.457793,109.339709,107.920458,4016
608.632650,141.423042,140.198625,4017
608.793541,112.742584,111.166125,4018
608.848892,124.713750,123.965333,4019
609.142555,128.539542,126.827167,4020
609.479832,131.619542,130.350500,4021
609.665246,162.904875,161.216125,4022
609.807306,127.052042,126.644875,4023
610.064439,169.458334,168.695917,4024
610.155587,142.289000,138.252916,4025
610.359390,153.191500,152.701209,4026
610.493769,146.176916,145.745542,4027
610.780627,74.600167,74.137584,4029
610.831351,151.254250,150.476084,4028
610.945842,90.503875,90.181584,4030
611.146644,132.778625,130.664625,4031
611.447548,100.916667,99.288875,4032
611.588770,150.197833,149.050708,4033
611.837735,156.851917,155.347209,4034
611.994653,128.115167,125.675666,4035
612.133909,119.746084,118.545584,4036
612.465678,118.003375,117.205084,4037
612.691057,101.164584,100.492291,4038
612.818700,137.158583,136.458583,4039
613.150596,135.566666,133.634375,4040
613.456230,109.394250,107.242042,4041
613.821365,138.422958,137.381125,4042
613.889562,112.681042,110.031833,4043
614.088987,75.106500,73.789042,4044
614.200991,160.332959,158.300917,4045
614.482496,135.696167,134.104834,4046
614.777536,97.020875,94.719916,4048
614.793933,156.468958,155.499458,4047
614.874799,108.440208,106.818250,4049
615.151088,136.771833,136.154667,4050
615.465199,117.019000,116.543000,4051
615.533448,109.068750,106.827000,4052
615.611610,100.765000,98.328417,4053
615.883368,202.015625,200.281958,4054
616.156566,141.845083,139.893834,4055
616.327183,175.243542,174.438250,4056
616.430807,82.495292,80.664792,4057
616.673196,124.693625,123.483209,4058
616.791662,170.159500,169.720250,4059
616.813533,132.986291,132.271708,4060
616.850243,141.033375,139.530708,4061
617.127871,114.208500,113.328250,4062
617.344371,105.991375,103.587459,4063
617.476793,129.304000,125.946625,4064
617.787142,106.903417,105.313834,4065
618.133537,120.255334,118.784167,4066
618.248193,154.393750,152.901583,4067
618.495123,147.898917,146.652626,4068
618.525116,159.649000,158.685917,4069
618.535411,161.832708,161.161875,4070
618.794740,114.801458,112.486500,4071
618.800935,107.699083,106.988875,4072
618.879377,82.958750,80.871000,4073
619.063338,90.286291,88.847500,4074
619.212922,198.377959,196.029750,4075
619.245608,178.335792,176.531542,4076
619.329199,166.560042,164.876542,4077
619.464505,117.288792,116.069625,4078
619.790985,111.015917,109.478834,4079
619.982184,147.323167,144.590541,4080
620.003751,150.206000,148.803375,4081
620.064627,159.312417,158.580625,4082
620.154030,140.425542,139.753834,4083
620.376192,93.776083,93.013667,4084
620.467424,119.810542,117.418875,4085
620.865341,185.232250,183.573542,4086
621.161397,145.769167,144.057084,4087
621.498718,149.761500,147.865083,4088
621.728602,164.308083,162.708875,4089
621.876680,196.535208,193.260958,4090
621.970864,140.349708,139.697251,4091
622.152325,138.998708,137.879000,4092
622.453095,106.446958,104.917459,4093
622.783987,129.204250,127.400584,4094
622.801804,121.441542,120.556625,4095
622.872702,119.804708,119.375375,4096
622.937920,146.668084,145.213833,4097
622.998242,186.837875,185.556875,4098
623.015284,116.856542,115.348625,4099
623.123064,108.815583,108.253541,4100
623.219842,104.812458,104.195000,4101
623.327168,165.621167,163.354625,4102
623.404329,131.361126,129.812084,4103
623.492548,144.966791,143.579916,4104
623.501376,126.703792,123.593458,4105
623.838442,157.518958,154.677250,4106
623.957330,126.642250,125.750041,4107
624.107915,94.649625,93.756541,4108
624.391108,107.531667,106.953291,4109
624.463765,116.046584,115.480459,4110
624.773880,144.827084,143.006209,4111
624.803024,123.052125,121.356959,4112
624.947686,139.954500,138.847042,4113
625.069635,85.614666,84.558542,4114
625.139572,123.797334,122.498541,4115
625.203948,102.862667,102.175500,4116
625.476790,128.487042,127.112125,4117
625.616494,152.906250,152.090459,4118
625.633146,128.387584,127.122625,4119
625.729596,104.258292,103.809416,4121
625.811665,237.862041,234.945666,4120
625.820702,140.738208,139.890042,4122
625.943899,209.193833,206.626000,4123
626.191893,177.576875,175.270667,4124
626.303991,87.370208,84.836500,4125
626.543776,196.571083,195.134334,4126
626.621768,210.000583,208.068000,4127
626.663321,200.410875,196.163625,4128
626.694942,175.703500,174.249833,4129
626.798560,213.693958,211.883292,4130
626.804868,168.737334,168.076709,4131
626.820679,140.102958,138.260792,4132
627.163146,148.680292,147.368084,4133
627.294121,160.210458,159.274209,4134
627.464832,186.083917,183.387167,4135
627.547375,199.868376,198.382334,4136
627.564462,213.940125,213.477833,4137
627.648391,179.783917,179.091792,4138
627.822252,141.995292,141.572959,4139
628.144379,130.222458,129.042375,4140
628.496648,149.471000,148.682333,4141
628.539676,155.287708,153.890917,4142
628.671803,97.034292,95.334750,4143
628.796834,134.717042,134.282750,4144
628.838780,167.732541,165.833500,4145
628.841515,160.656417,158.800542,4146
628.967508,205.129459,204.195834,4147
629.020073,164.089917,162.876292,4148
629.186372,172.132041,171.499417,4149
629.325439,153.508542,152.825167,4150
629.401290,120.049125,119.127167,4152
629.422563,144.140792,143.706500,4151
629.475313,128.052750,126.240041,4153
629.550832,114.244959,112.240916,4154
629.736993,132.780375,132.099625,4155
629.799194,118.140750,116.454917,4156
630.138714,123.319292,122.829875,4157
630.285525,113.274001,112.107917,4158
630.347922,107.023875,106.132833,4159
630.474663,99.449000,98.798875,4161
630.504206,156.272667,114.282292,4160
630.670442,143.385375,141.617875,4162
630.759558,161.049875,159.124875,4163
630.823389,142.569000,141.194667,4164
630.924030,186.509750,185.359417,4165
631.027052,122.146792,121.277626,4167
631.053944,149.792417,149.139667,4166
631.187527,174.337333,171.779417,4169
631.228882,215.710250,214.911667,4168
631.246086,156.772875,153.575625,4170
631.404458,122.816166,121.492291,4172
631.422029,154.449166,153.192083,4171
631.473653,126.233625,125.276375,4173
631.765931,85.195833,84.403958,4174
632.077180,178.681708,177.792417,4175
632.161220,165.367417,164.475208,4176
632.198347,184.504834,182.584209,4177
632.262093,219.868542,217.791875,4178
632.387764,322.222542,320.844417,4179
632.462653,116.574500,114.976459,4180
632.524653,173.504626,171.698042,4181
632.602979,186.516458,185.753458,4182
632.796446,82.718708,82.230750,4184
632.806071,125.508250,124.076750,4183
633.111486,232.689625,231.405126,4185
633.159765,168.003792,165.498667,4186
633.227984,214.655584,213.148834,4187
633.267501,229.046125,228.349625,4188
633.296722,120.030458,118.498625,4192
633.404298,350.175876,349.153292,4189
633.449247,191.018625,190.476417,4194
633.500849,154.262208,152.998708,4196
633.558225,471.452625,470.414583,4190
633.701916,601.578250,600.838292,4191
633.821030,609.308292,608.605667,4193
633.875641,194.122251,192.331125,4198
634.027055,740.771792,739.558458,4195
634.073093,221.454625,219.181375,4199
634.148683,204.706541,203.908834,4200
634.196632,771.139834,769.128792,4197
634.204917,101.308375,99.059625,4202
634.343707,329.591792,328.786500,4201
634.378557,165.921292,164.287666,4203
634.471974,123.709542,122.617833,4204
634.825560,144.764667,143.578750,4206
634.840554,199.198125,197.797250,4205
635.060328,141.332333,140.136792,4207
635.176348,161.877042,160.635417,4209
635.193497,207.120375,206.408709,4208
635.208827,194.005584,193.462792,4210
635.426414,187.264000,184.862416,4211
635.447306,198.981709,197.102208,4212
635.484298,187.079958,186.145750,4213
635.603125,264.712875,264.090750,4214
635.751500,404.031541,403.220416,4215
635.775331,128.486167,127.214791,4216
635.808623,127.621375,124.738542,4217
635.957240,112.570500,111.531001,4218
636.157250,142.452625,140.972709,4219
636.467311,171.582542,169.379292,4220
636.470831,167.904042,167.359791,4221
636.526628,179.489625,176.496833,4222
636.631044,130.784792,129.826667,4225
636.636689,265.868459,265.460708,4223
636.804172,123.385208,121.762958,4226
636.826543,441.224583,439.138292,4224
636.920137,187.949125,186.425458,4227
636.957722,147.748125,145.349458,4228
637.009910,147.765917,147.232458,4229
637.119918,142.166209,140.835333,4230
637.158291,144.445875,142.097666,4231
637.293717,232.190875,231.487375,4232
637.310830,217.537542,215.895167,4233
637.330438,155.658417,154.977667,4234
637.445725,168.721584,166.645208,4235
637.542964,196.353208,194.534666,4236
637.546300,168.191625,165.333292,4237
637.600989,113.809208,113.276041,4238
637.778526,143.332583,142.022708,4240
637.787152,167.008917,165.331833,4239
637.872071,191.474208,190.203417,4241
637.914412,217.765042,217.319375,4242
637.997472,103.385625,102.502750,4244
638.114372,404.714333,403.228001,4243
638.131505,117.480125,116.833208,4245
638.225929,124.353833,123.294792,4246
638.464673,117.004125,116.384625,4247
638.757142,58.296000,56.686000,4249
638.779146,98.151958,96.234542,4248
638.887572,80.240708,78.892917,4250
639.073086,112.387041,111.825000,4251
639.126080,112.473083,111.752958,4252
639.208769,91.226333,89.558583,4253
639.395759,162.721709,159.965750,4254
639.456362,109.751834,108.077667,4255
639.556740,139.465375,138.956417,4256
639.792064,110.879125,109.585291,4257
639.977314,159.558875,158.510625,4258
640.121696,107.613917,106.276917,4259
640.174084,154.395501,153.854167,4260
640.258802,187.114958,186.581500,4261
640.300453,166.346542,164.670333,4262
640.343029,156.624416,154.505166,4263
640.446165,228.104917,225.818833,4264
640.494749,152.781709,151.522584,4266
640.527675,179.714208,178.096041,4267
640.605371,362.073542,360.848250,4265
640.689325,173.400208,172.594625,4270
640.743909,348.423834,346.915333,4268
640.796936,116.864125,116.106667,4272
640.836029,439.651626,439.103000,4269
640.982724,463.568875,462.885792,4271
641.150136,136.697167,134.372583,4273
641.351064,125.715334,124.018125,4274
641.415821,68.847916,68.199833,4275
641.555878,140.723042,139.565708,4276
641.680365,118.513208,116.756792,4277
641.751911,179.779542,179.075167,4278
641.904816,271.581625,268.996000,4279
641.911118,232.090541,230.267333,4280
642.003205,218.436750,215.754292,4282
642.064476,383.954667,380.466916,4281
642.157931,143.701833,141.805125,4287
642.179247,200.754751,198.751875,4285
642.226909,381.414834,380.612459,4283
642.370943,475.641250,473.918959,4284
642.498567,150.120542,148.407583,4289
642.504970,502.749333,501.863834,4286
642.640348,522.734334,521.195792,4288
642.788747,104.501542,103.954375,4291
642.810627,130.474750,128.836167,4290
643.143748,129.621042,128.314959,4292
643.503912,155.967875,152.394666,4293
643.574281,168.111709,164.524500,4294
643.662610,108.504375,107.825667,4295
643.808349,127.559250,127.051167,4296
643.859148,167.352208,165.964750,4297
643.888287,190.962625,190.274584,4298
643.959198,238.695625,236.959041,4299
644.116555,292.814083,290.039459,4300
644.161751,148.472041,147.234500,4301
644.336412,170.847542,166.154042,4302
644.373569,186.422251,183.579667,4303
644.461685,143.841834,142.321958,4305
644.526170,228.617083,227.817333,4304
644.622249,274.552542,273.333667,4306
644.820837,139.413167,136.822875,4307
645.170563,156.826833,155.309000,4308
645.281331,106.078875,103.515708,4309
645.503232,156.255458,154.516250,4310
645.632502,147.892792,145.714916,4311
645.810798,130.148375,127.807166,4312
645.975057,143.920875,141.830792,4313
646.182613,168.707875,166.990542,4314
646.321683,146.961792,145.711708,4315
646.438556,187.582792,185.640584,4316
646.451986,105.260167,103.113501,4317
646.561621,156.984917,155.148584,4318
646.677155,115.782917,114.967416,4319
646.845257,164.848542,162.297042,4320
646.880503,120.380167,117.873583,4322
646.906609,168.757750,167.384875,4321
647.124669,141.741250,140.517708,4323
647.175168,161.875584,160.764625,4324
647.477555,128.744000,128.098542,4326
647.493952,146.842500,145.487125,4325
647.840134,159.982958,158.755042,4327
647.908097,118.474417,115.903375,4328
648.126744,154.190458,153.598667,4329
648.163137,148.755833,146.745667,4330
648.382809,163.032625,161.621250,4331
648.478495,130.811042,129.549875,4332
648.632175,160.745375,158.438584,4333
648.731061,137.832916,136.295834,4334
648.804473,122.204250,120.776541,4335
649.084118,107.814000,106.493042,4336
649.193833,179.123292,177.874958,4337
649.476024,129.425334,128.573958,4338
649.602275,139.199666,137.839042,4339
649.748833,128.177292,127.193500,4340
649.833379,152.338084,151.601625,4341
650.148375,134.693709,132.557250,4342
650.472464,124.428209,122.840959,4343
650.523283,163.997458,163.295125,4344
650.848710,167.277250,165.709542,4345
650.946749,133.834750,131.254667,4346
651.156394,145.058084,143.649917,4347
651.159180,145.916458,141.461250,4348
651.467690,119.575166,118.989208,4349
651.757640,180.905083,179.243750,4350
651.783452,102.263000,101.654000,4351
652.136472,122.307500,121.163583,4352
652.229404,134.409917,133.189292,4353
652.295601,127.871041,126.646042,4354
652.502406,155.029000,154.177625,4355
652.521253,168.845250,166.731834,4356
652.824903,144.970292,143.816167,4357
652.906429,118.016500,116.783625,4358
652.973038,127.452500,127.003041,4359
653.149625,136.354458,133.891917,4360
653.505489,157.828125,154.639333,4361
653.737578,94.122291,93.507750,4362
653.869253,188.747417,188.174000,4363
654.180316,167.041583,165.671917,4364
654.312260,131.481292,129.251500,4365
654.442386,150.923500,148.495083,4366
654.462162,113.134000,110.980625,4367
654.760814,112.533459,111.278709,4368
654.804297,122.955292,121.521459,4369
654.952512,138.373958,137.044542,4370
655.119395,105.403667,103.980041,4371
655.372762,174.238166,173.073250,4372
655.438650,130.882792,130.349041,4373
655.524670,178.031875,175.464333,4374
655.860985,179.834375,179.210791,4375
656.145582,132.337917,131.630042,4376
656.463870,116.618542,115.458000,4377
656.651229,134.005083,132.629000,4378
656.818510,138.243584,137.712750,4379
657.134292,118.947208,116.554959,4380
657.304344,114.500167,113.822625,4381
657.488169,139.816250,137.413791,4382
657.611355,129.782334,128.270625,4383
657.768168,139.481417,138.663583,4384
657.806396,135.021250,134.101625,4385
657.840358,158.870834,157.296708,4386
658.134504,120.240167,119.068833,4387
658.172669,119.942375,118.918042,4388
658.448522,101.714083,100.456709,4389
658.855921,174.888875,173.525625,4390
659.115894,102.350208,99.218875,4391
659.487666,141.031042,139.056166,4392
659.625617,184.314375,180.675833,4393
659.827318,146.551709,144.607166,4394
660.167372,153.254500,152.674084,4395
660.256812,120.293542,119.847584,4396
660.465480,118.801084,117.513958,4397
660.497652,78.169292,76.456625,4398
660.791397,110.462916,109.963875,4399
660.941179,81.055916,79.723000,4400
661.115898,127.820000,127.138083,4401
661.185412,170.662334,169.135458,4402
661.208797,166.729792,165.514708,4403
661.388072,218.138375,217.427584,4404
661.471761,125.135208,123.697875,4405
661.775049,121.544792,119.540458,4406
661.823161,142.498417,140.468126,4407
661.920842,88.980792,88.529000,4408
662.165050,150.762208,147.784584,4409
662.338524,143.154667,141.556625,4410
662.449069,101.217667,99.374042,4411
662.801161,120.339917,119.497291,4412
663.152798,176.330000,175.768834,4413
663.166695,152.765375,151.974084,4414
663.446808,174.848625,173.582208,4415
663.485433,138.775292,137.614750,4416
663.547552,158.628167,156.937083,4417
663.649643,124.194583,122.253542,4418
663.791842,95.002542,94.189958,4420
663.827677,145.030375,143.462666,4419
663.885655,161.684834,160.329167,4421
664.135381,120.152958,116.849833,4422
664.454629,107.031167,106.028417,4423
664.503097,148.526291,147.243250,4424
664.565349,163.164751,162.746500,4425
664.841259,160.958583,158.596083,4426
665.186153,172.666375,171.293792,4427
665.479697,132.422500,131.605542,4428
665.815433,134.387750,133.083709,4429
666.136686,123.010708,121.426958,4430
666.280456,151.309958,148.673583,4431
666.507079,158.440625,156.769375,4432
666.724747,123.021209,121.818084,4433
666.823849,142.910542,142.302417,4434
666.911746,112.358750,110.450083,4435
667.030269,142.618584,141.108042,4436
667.078637,108.796042,108.133375,4437
667.174449,159.975375,158.886292,4438
667.273662,120.597750,119.709041,4439
667.479944,132.355417,130.124750,4440
667.743476,111.113333,110.472250,4441
667.786196,104.895292,104.258584,4442
668.019132,127.980417,125.033417,4443
668.123618,109.643334,109.156834,4444
668.486533,139.147750,137.519959,4445
668.815506,134.761667,133.600834,4446
669.179331,164.908625,164.414542,4447
669.220930,178.826084,176.939583,4449
669.241105,201.847333,199.896084,4448
669.285708,103.229584,101.770667,4450
669.527272,180.352375,178.833084,4451
669.816392,136.142708,134.184459,4452
669.958277,159.494125,157.840084,4453
670.129051,115.219417,113.906917,4454
670.206329,132.167584,129.683458,4455
670.402049,167.966166,166.331083,4456
670.486469,138.642875,135.853084,4457
670.782369,129.578458,128.324875,4458
670.797676,116.750958,116.144875,4459
670.966650,135.507459,134.220333,4460
671.120951,107.248750,106.429166,4461
671.487996,141.042125,140.303042,4462
671.846513,166.552750,164.120250,4463
672.137905,124.620125,123.801416,4465
672.149751,138.608459,132.996500,4464
672.469587,122.507584,120.112417,4466
672.530749,115.497375,112.118417,4467
672.794691,113.382500,112.758333,4468
673.157083,143.784375,143.258209,4469
673.267942,122.920583,122.458875,4470
673.272135,113.339333,112.247042,4471
673.437135,142.319042,140.629125,4472
673.504184,157.246250,154.877916,4473
673.583481,186.851584,186.066708,4474
673.818136,138.190500,136.535583,4475
674.047752,133.135917,132.498042,4476
674.051608,118.308458,117.269833,4477
674.149548,135.354625,134.732500,4478
674.248911,181.506500,178.911542,4479
674.486463,138.676125,136.227875,4480
674.808742,128.403333,127.366750,4481
674.887858,162.125833,161.114917,4482
674.957784,139.024083,137.930042,4483
675.109386,132.694042,131.202750,4484
675.143207,158.983417,154.577792,4485
675.180599,177.758875,175.151084,4486
675.237904,223.889459,223.426001,4487
675.397785,148.099584,146.921542,4488
675.482710,136.081459,135.424042,4489
675.834840,154.176167,152.424709,4490
676.004277,112.823667,111.114208,4492
676.007109,141.647917,140.259000,4491
676.153495,139.928834,138.912958,4493
676.470836,123.453167,121.692375,4494
