timestamp,response_ms,inference_ms,request_id
677.384541,147.977375,146.624917,2
677.408334,160.255083,157.183542,3
677.430794,199.212417,196.814334,1
677.558057,119.209708,116.169666,5
677.588847,190.475541,187.223167,4
677.726752,160.196458,158.094416,6
677.806583,153.603917,152.650166,7
677.861140,160.051792,157.686375,8
677.878721,145.972167,144.408833,9
678.026490,126.782541,124.901291,10
678.038325,117.529125,115.570000,11
678.227356,161.020417,158.838458,12
678.321018,88.365375,88.058250,13
678.323930,88.356917,86.190416,14
678.465890,125.186250,124.669125,15
678.535865,137.505375,134.274292,16
678.654704,88.485542,88.103458,17
678.704907,105.385875,103.106791,18
678.837347,105.207375,104.704834,20
678.855872,159.205959,156.711625,19
679.028404,129.324125,128.850167,21
679.166654,100.945250,100.521167,22
679.285290,113.532417,112.476875,23
679.381783,150.055792,147.667917,24
679.538334,139.374667,138.960791,25
679.693578,127.967583,126.553000,26
679.828847,164.897541,163.541292,27
679.882819,149.565791,147.494667,29
679.896681,175.477750,175.083416,28
680.046919,171.487750,169.822626,30
680.052036,151.879000,149.905000,31
680.142494,190.822916,189.052208,32
680.190709,183.882709,182.739083,33
680.241374,175.559125,174.461292,34
680.328972,162.694000,159.722209,36
680.332800,218.316584,217.060375,35
680.470721,136.359125,135.470125,39
680.496302,277.973209,277.479125,37
680.524130,176.062250,175.506334,40
680.600321,128.780458,126.330167,43
680.662210,430.565042,429.687417,38
680.721440,155.589001,153.561917,45
680.809638,153.364167,152.659500,47
680.824921,425.932209,425.277709,41
680.868456,136.814125,135.144625,48
680.918881,513.837334,513.045750,42
681.008771,124.978875,122.996125,49
681.054381,158.072541,157.554834,50
681.059754,544.695667,543.572167,44
681.189987,610.022583,608.756459,46
681.240145,174.258000,171.937792,53
681.313560,415.246709,413.633208,51
681.352762,144.791208,143.663625,54
681.463972,535.234000,534.605167,52
681.509117,203.207376,201.284417,57
681.587367,223.920958,222.243875,58
681.639306,175.304791,133.155167,62
681.736778,227.633000,184.746625,63
681.789464,557.768751,556.436709,56
681.814042,226.633167,184.303875,64
681.894578,157.775625,115.876250,66
682.004560,640.083208,639.552959,59
682.085315,295.815334,252.157500,67
682.169439,274.824375,231.251417,69
682.185700,792.279833,790.911042,60
682.318226,232.872209,191.192458,71
682.336744,937.297376,936.542250,61
682.428140,258.665459,217.368375,72
682.509328,1286.093667,1285.589084,55
682.563219,244.957709,202.946333,74
682.648146,219.981709,177.058000,76
682.703498,1064.161876,1022.543959,65
682.771491,208.249417,165.770792,78
682.867331,1053.251792,1009.469126,68
682.877235,229.057792,185.229042,79
682.985357,213.827250,170.398083,81
683.008940,1004.340167,960.995875,70
683.138659,952.922250,910.933334,73
683.160438,293.075416,247.553833,82
683.174343,188.953916,146.689667,84
683.337393,1000.615584,958.073084,75
683.367769,229.075875,186.781000,86
683.454611,294.135042,251.378751,87
683.525329,1015.977959,971.469917,77
683.573249,235.825042,192.246833,89
683.686766,983.229918,941.034209,80
683.710516,255.872167,211.778000,91
683.783660,210.392000,167.626083,93
683.857090,979.832292,937.440584,83
683.936200,249.402709,208.168916,94
683.970135,186.438292,145.485084,96
684.025488,1016.513458,972.676250,85
684.114536,178.317708,137.179875,98
684.148817,974.426250,931.562626,88
684.170241,200.085376,158.423125,99
684.307463,158.615917,115.949458,102
684.308124,193.570125,152.328166,101
684.364141,996.353751,956.489626,90
684.498255,190.759625,148.750584,104
684.509149,201.004709,158.028208,105
684.521215,995.852375,954.414709,92
684.697146,986.610917,944.428042,95
684.707043,208.766833,167.639791,107
684.755169,246.000416,201.546333,108
684.888504,191.321376,148.538250,110
684.890290,1033.171709,990.742959,97
684.936127,180.925208,138.151125,112
685.050088,1024.569584,982.832959,100
685.122982,234.443708,191.969167,113
685.131324,195.178375,151.344375,115
685.204155,1033.897667,991.424876,103
685.277132,145.782292,104.947209,118
685.345753,981.596875,940.174084,106
685.348762,225.735125,182.597042,117
685.471341,194.193417,152.575792,120
685.523315,1002.080043,958.733417,109
685.569514,223.744501,179.945792,121
685.622228,915.153751,874.391876,111
685.675136,203.780500,162.046209,123
685.779338,209.800792,168.516834,125
685.779411,889.096542,847.665000,114
685.892669,217.508666,173.884959,127
685.937977,158.606291,116.155667,128
685.938215,888.095833,845.424709,116
686.114743,910.571084,868.637001,119
686.124588,231.877917,189.059208,130
686.166530,228.534541,187.338667,131
686.261140,912.365418,870.672834,122
686.375273,250.648709,205.910250,134
686.387802,864.447500,822.693959,124
686.409521,294.758917,252.111125,133
686.491082,868.830375,825.836667,126
686.533829,145.998708,103.372792,138
686.605957,230.654958,187.782000,137
686.643134,863.708709,820.540000,129
686.761745,270.625542,228.434791,140
686.785603,847.356417,805.910292,132
686.834534,228.561667,185.668584,142
686.912285,150.501751,109.743084,144
686.932252,765.703459,723.524959,135
687.085593,251.042167,209.240209,146
687.106663,845.500250,803.929001,136
687.119358,207.041041,166.189333,147
687.263197,853.650876,811.416375,139
687.283578,176.880667,134.215375,150
687.337370,251.755000,207.670167,149
687.424194,890.340209,847.765625,141
687.494154,230.917458,187.939500,152
687.550564,213.158458,170.120709,154
687.611742,968.574542,926.215500,143
687.664500,170.312625,127.938417,156
687.744887,959.249959,917.399876,145
687.753734,203.136792,159.533500,157
687.843256,178.731000,138.254959,159
687.890986,958.696958,917.235375,148
687.953309,208.402250,165.949291,160
688.028527,185.246542,142.646292,162
688.083542,964.160750,921.746000,151
688.143145,189.819292,148.607084,164
688.218344,934.745584,892.383917,153
688.269638,241.091958,198.495500,165
688.362536,219.359292,173.877083,167
688.411832,987.606376,946.166376,155
688.501303,231.641084,191.037584,169
688.557065,945.284376,903.471042,158
688.590212,227.637375,184.118958,170
688.721696,967.942792,923.738959,161
688.725254,223.916875,182.971250,172
688.769247,212.152792,170.199166,173
688.878240,987.204750,944.928834,163
688.912877,191.160958,149.007834,175
689.024279,940.701126,898.841126,166
689.058217,288.946292,245.516251,177
689.090827,212.558500,169.920334,178
689.178149,959.760376,917.385001,168
689.243293,218.973416,176.675333,180
689.263057,204.804542,162.210417,181
689.340459,928.594625,886.055042,171
689.465205,874.954500,826.087792,174
689.466138,222.813209,179.676292,184
689.486704,223.628417,176.598333,185
689.610693,885.412792,844.002542,176
689.678287,212.135583,169.560125,188
689.703350,238.109959,196.065333,187
689.782290,869.389792,827.405542,179
689.810631,132.326834,88.923042,191
689.881247,177.858916,135.259250,192
689.914139,823.292459,782.695667,182
689.919275,136.946250,95.627000,193
690.030289,852.106792,809.494875,183
690.065340,184.055958,140.405708,195
690.159757,245.600833,203.518000,196
690.163408,822.929042,780.827542,186
690.255557,225.240750,182.776708,198
690.327330,840.601125,797.587292,189
690.379216,219.438917,178.362333,200
690.438502,827.779168,786.792709,190
690.462217,206.636501,164.495625,202
690.622433,811.782708,769.268500,194
690.674420,295.180376,253.225001,204
690.683197,244.657000,202.902292,205
690.779293,859.978584,818.178667,197
690.879508,205.055083,162.473500,208
690.892142,826.770000,784.275042,199
690.933815,250.578416,206.914166,209
691.023132,859.705000,819.196583,201
691.078076,198.537208,155.587250,211
691.145129,252.968333,210.825709,212
691.223285,895.925042,853.046543,203
691.319774,174.620833,131.933959,216
691.349894,271.795709,228.449375,215
691.424229,961.980250,921.033167,206
691.517295,167.364750,126.586542,219
691.536282,216.468000,174.181584,218
691.564987,942.538917,900.097917,207
691.763950,984.622334,941.761917,210
691.771341,235.011875,191.296000,222
691.793358,276.024875,233.793584,221
691.889318,955.466750,912.526126,213
691.918781,154.795959,111.304084,224
691.951485,180.115250,138.413917,225
692.027970,1004.821709,962.780001,214
692.069263,179.905833,137.176666,227
692.123481,204.670375,162.158500,228
692.184805,961.495792,918.724917,217
692.240954,212.954583,168.800042,230
692.341285,217.779334,175.799167,232
692.356322,932.073334,891.073167,220
692.421095,180.100667,138.910625,234
692.487168,922.155500,880.411000,223
692.550278,208.955833,167.537125,235
692.683044,889.651584,847.295751,226
692.683292,262.166333,219.181084,237
692.712582,162.264667,120.428584,239
692.765195,813.696333,771.532708,229
692.901057,217.732667,174.820042,241
692.926270,856.973542,813.360917,231
692.951350,268.268875,225.707416,240
693.043921,859.090167,817.314750,233
693.107122,206.028958,163.663500,244
693.165618,239.319208,197.808041,245
693.201289,844.928876,802.498959,236
693.293254,186.091500,144.322209,248
693.350271,184.634626,143.900459,249
693.387280,900.097918,856.779292,238
693.499494,149.198583,108.414542,252
693.511316,218.021416,175.332500,251
693.539380,826.759209,782.589209,242
693.676444,176.920625,133.570500,254
693.692185,180.830709,138.699166,255
693.746242,981.026375,938.874709,243
693.927193,250.727751,209.884500,257
693.931275,239.056709,196.861292,258
693.970210,1018.822001,976.527418,246
694.142563,211.262917,167.948084,261
694.150140,1106.185501,1064.149334,247
694.221188,293.964708,250.681667,260
694.320285,1118.957583,1076.524459,250
694.339229,196.630584,154.483292,263
694.472257,251.031958,209.453417,265
694.486636,1099.330167,1056.542667,253
694.505139,184.820125,142.573084,266
694.637124,1097.700626,1056.137834,256
694.706525,219.853959,178.490084,269
694.729271,256.977001,210.337167,268
694.771940,1025.667709,980.776125,259
694.852691,882.446542,839.358042,262
694.913805,207.256000,164.906000,272
695.008342,858.182792,817.533209,264
695.010812,281.500625,236.166000,273
695.162402,248.561541,205.587083,276
695.172153,832.890917,791.227500,267
695.189154,180.792792,138.791334,277
695.344235,839.071043,797.359209,270
695.427262,255.087583,213.985333,280
695.443854,281.420709,239.395625,279
695.516382,879.219251,838.359375,271
695.614588,187.292000,142.770542,283
695.643307,871.327334,828.710750,274
695.665283,221.404458,180.264584,284
695.786296,933.572792,891.871459,275
695.861534,246.916542,205.426375,286
695.872249,228.909917,184.608083,287
695.953284,942.432458,899.917375,278
696.049583,177.309126,134.777125,291
696.086137,224.570792,183.749417,290
696.136542,947.363959,905.560250,281
696.247325,197.708292,156.059750,293
696.261288,175.101500,134.363834,294
696.278993,934.728375,891.687417,282
696.393362,132.035750,90.554625,297
696.454291,937.872834,896.947917,285
696.504333,256.967666,214.454625,296
696.614159,948.840667,904.923250,288
696.627246,233.861542,189.483875,299
696.705109,918.775959,873.954376,289
696.727359,222.989959,179.947833,301
696.814646,200.464833,156.376500,302
696.874138,919.776376,876.385418,292
696.944984,239.843625,197.139834,304
697.027431,212.744292,169.254750,306
697.041232,904.654917,863.864459,295
697.184116,239.113292,198.271792,308
697.194563,915.516000,871.191709,298
697.200161,172.697000,130.897959,309
697.333287,878.956167,837.141959,300
697.378611,194.475167,151.588500,311
697.409806,215.200708,171.731292,312
697.468702,841.433251,799.334667,303
697.611085,232.383083,189.547167,315
697.617498,207.654125,165.128250,316
697.627559,900.169375,857.630667,305
697.768246,894.094250,853.146292,307
697.844359,225.784417,184.217834,319
697.869286,258.163209,217.044042,318
697.940152,898.899750,855.533875,310
698.028264,183.864916,141.543208,322
698.066779,866.603500,823.688833,313
698.071108,201.785209,158.540375,323
698.205913,872.593168,829.866043,314
698.253288,186.484376,145.410417,326
698.258332,230.029334,188.771626,325
698.332102,863.365125,820.655792,317
698.459905,832.318959,790.069584,320
698.464265,210.908833,168.657709,329
698.472324,212.818083,171.523042,330
698.597288,829.016708,788.108126,321
698.611342,147.048125,104.926500,333
698.666921,206.999041,164.128125,332
698.730045,789.873876,748.409667,324
698.808624,211.298500,169.468833,335
698.825707,754.559167,710.843875,327
698.891242,224.306542,182.605792,337
698.986889,780.950333,738.204833,328
699.019137,210.482125,169.637708,339
699.125309,234.045875,191.796500,341
699.148295,161.366625,120.670375,342
699.154786,822.660417,780.019917,331
699.310098,161.764750,117.274209,345
699.314299,188.948375,146.419292,344
699.334253,861.895708,817.424417,334
699.511211,899.762500,857.015251,336
699.542851,232.719084,189.935375,347
699.545222,230.903167,189.713417,348
699.643150,913.087292,865.039001,338
699.720926,178.040041,135.750125,351
699.742138,230.890042,188.450500,350
699.762857,937.114209,893.100250,340
699.908721,187.765083,144.941417,354
699.939887,920.728958,877.149001,343
699.962104,218.880083,177.374167,355
700.130650,975.830917,930.733709,346
700.132522,223.778333,179.960666,357
700.195997,256.073708,212.488500,358
700.223296,889.005542,846.337334,349
700.350758,805.512750,760.600167,352
700.418848,288.152959,246.140709,360
700.427921,231.870625,187.940666,362
700.471141,827.970500,787.585458,353
700.610091,847.203875,803.494417,356
700.613198,194.313291,151.897375,365
700.634233,206.284167,160.298250,366
700.751320,789.181167,745.730709,359
700.824131,210.907958,168.815208,369
700.859322,249.196500,207.236750,368
700.894950,762.391584,716.102334,361
701.052974,829.646709,786.640459,363
701.061762,202.402959,158.470958,373
701.082147,257.985292,215.214125,372
701.196695,845.907417,803.127501,364
701.248353,186.555542,145.484500,376
701.261938,208.946500,166.693625,375
701.337264,866.099500,823.511792,367
701.453623,205.234167,160.532459,379
701.478784,216.823542,175.298083,380
701.500884,866.612834,823.104917,370
701.639242,160.420459,118.452834,383
701.659681,206.021959,163.228334,382
701.718745,967.395334,922.227834,371
701.871307,211.589000,170.712500,386
701.880697,985.721626,943.118459,374
701.955275,314.942834,272.233500,385
702.023368,941.200750,898.067625,377
702.082237,210.898625,168.687459,388
702.160060,204.746500,162.559250,390
702.187292,990.558042,949.349917,378
702.315282,977.987793,935.536875,381
702.333391,251.126167,209.157375,392
702.383537,223.452250,179.704292,393
702.421861,920.938084,878.285917,384
702.488143,769.379333,728.173250,387
702.544621,229.319709,187.274792,395
702.611136,730.425209,689.385667,389
702.641121,257.562666,214.976125,397
702.750109,205.461667,164.731000,400
702.750224,726.842375,684.917333,391
702.784773,173.618375,130.266500,401
702.917310,729.980126,688.785708,394
702.957282,207.151875,166.236583,403
702.963543,213.307792,170.911125,404
703.097239,763.803834,722.988875,396
703.136953,219.611000,177.597000,406
703.203545,246.222667,202.401500,407
703.329841,232.570625,189.049292,409
703.333992,912.092417,869.905459,398
703.435408,947.240292,905.040500,399
703.447460,243.877667,201.931625,411
703.570644,240.777250,197.597166,412
703.585910,944.750626,902.351625,402
703.718576,283.138333,240.745166,414
703.769623,984.826792,944.006584,405
703.814021,243.340417,200.271459,416
703.889459,925.869876,882.641084,408
703.909172,190.560125,145.154625,418
704.050279,913.301667,872.382292,410
704.072915,258.871375,215.903333,420
704.142700,253.212458,210.854292,421
704.216116,165.802875,122.943625,423
704.252067,918.010042,872.090626,413
704.303694,160.960916,118.692583,425
704.395966,948.473167,905.663209,415
704.429127,212.993958,172.580334,426
704.485364,181.646500,140.081959,428
704.518656,932.721417,890.217126,417
704.564684,168.700875,126.578667,429
704.628837,859.188167,814.249625,419
704.662606,176.166084,133.635542,431
704.784673,155.817083,112.013416,434
704.794709,885.519542,841.480208,422
704.795099,230.397416,187.211792,433
704.899212,826.256958,784.721583,424
704.973089,178.360875,137.760292,437
704.998966,214.270875,171.571458,436
705.083313,831.209459,788.956292,427
705.170123,197.015875,155.857334,440
705.202153,203.153708,159.737667,441
705.254053,824.906250,782.558584,430
705.334281,164.135416,123.524042,443
705.372345,170.172916,128.198292,444
705.404485,885.808292,842.422583,432
705.507300,172.986917,131.267792,446
705.535159,872.518792,831.090167,435
705.575094,202.724083,161.266000,447
705.650129,855.022875,813.681459,438
705.725827,218.479917,176.678541,449
705.729359,194.168041,150.891417,450
705.794751,895.509126,853.333250,439
705.857069,131.210917,88.490500,453
705.947523,864.179459,820.325917,442
705.973328,243.940084,200.442083,454
706.000823,143.735666,102.060583,456
706.074313,820.236375,779.560542,445
706.128283,180.730375,137.712167,457
706.162148,188.801083,146.135791,458
706.200352,795.842833,754.724542,448
706.287806,159.499958,118.678000,461
706.394247,232.080625,190.132542,462
706.402874,827.743584,784.581875,451
706.501218,213.379250,172.349916,464
706.531119,880.969542,838.609334,452
706.578940,184.669334,143.006500,465
706.660192,865.416417,824.672917,455
706.695177,193.943459,149.641333,467
706.785782,783.910167,740.680792,459
706.822903,243.944459,202.290958,469
706.832877,172.647708,123.172584,470
706.894134,108.315958,67.796458,472
706.958243,883.899625,842.085125,460
707.089698,266.771458,223.255375,473
707.121220,227.068333,185.046459,475
707.124176,923.790584,880.751084,463
707.252323,162.586667,120.839250,477
707.274836,871.921459,829.921459,466
707.300300,179.060292,138.126334,478
707.432310,901.166584,859.476042,468
707.495229,220.359417,179.829709,481
707.519660,267.302291,223.969958,480
707.567300,872.100834,830.644209,471
707.718129,222.882042,181.501541,484
707.720298,886.327167,844.996542,474
707.738817,219.133250,176.585208,485
707.880147,921.828834,880.047875,476
707.919616,201.463501,157.966958,487
707.948861,228.520542,185.738292,488
708.102331,978.123126,935.727626,479
708.132139,251.967042,208.590667,490
708.147906,228.258917,186.736375,491
708.246792,946.455708,901.569667,482
708.303137,200.793541,158.552042,493
708.321211,189.046666,147.605208,494
708.362661,930.254792,886.656458,483
708.464236,161.079917,119.529666,497
708.492928,925.594251,882.475417,486
708.522322,201.086958,159.655125,498
708.651195,912.337417,869.656084,489
708.666333,173.386208,132.908417,501
708.689159,224.903000,181.562209,500
708.793276,844.382292,802.557000,492
708.836034,169.678834,125.405875,504
708.870692,219.460791,178.404334,503
708.992667,844.739292,801.687542,495
709.021313,228.007500,186.797625,506
709.053625,217.571083,176.178333,507
709.139523,892.689875,850.631250,496
709.218057,225.356250,182.175000,509
709.236594,873.903333,832.006583,499
709.278313,256.970292,215.888167,510
709.360347,837.992168,794.461209,502
709.418431,200.349626,158.128542,513
709.458285,221.653834,179.552042,514
709.458874,769.684125,727.353375,505
709.597762,179.311417,136.998459,517
709.647242,776.517876,731.918542,508
709.711593,253.277500,211.741541,518
709.768872,715.208376,671.410251,511
709.803357,205.552083,164.038875,520
709.909335,197.704792,154.985250,522
709.933265,164.361167,121.522916,523
709.949740,810.185250,768.478958,512
710.052977,774.624084,731.310125,515
710.168904,259.534626,216.613542,525
710.183971,250.682251,208.119917,526
710.184892,824.515126,782.474292,516
710.361695,902.800792,858.558750,519
710.445243,276.307500,233.838792,529
710.449827,265.820917,222.098625,530
710.523314,876.051167,832.913083,521
710.644147,198.883125,158.317250,533
710.683586,233.725334,191.380584,534
710.730650,927.256751,884.966834,524
710.813205,169.024334,126.395208,536
710.820892,871.119667,828.876417,527
710.896172,212.562584,170.627041,537
710.980332,927.299917,884.657375,528
711.034075,220.832500,175.100333,539
711.101594,205.387584,164.129292,541
711.141064,956.141958,906.509333,531
711.201612,167.499500,125.352792,543
711.231534,869.799584,827.690500,532
711.335658,134.008292,91.300417,546
711.383236,859.888168,817.441334,535
711.442154,340.529584,297.763667,544
711.485066,754.372501,703.785251,538
711.599589,263.901167,220.921167,548
711.637561,195.367083,153.568042,550
711.637729,816.824458,774.419626,540
711.782916,802.545917,760.677167,542
711.791753,192.124625,150.072708,552
711.866539,228.954250,185.807417,553
711.921135,780.032459,736.272833,545
712.042379,259.424667,217.093042,555
712.061960,830.387250,787.564459,547
712.118128,251.554917,209.432708,557
712.215136,831.881167,789.793959,549
712.224830,182.418833,138.782292,559
712.289052,803.960792,762.000751,551
712.353375,235.222167,193.474458,561
712.375358,737.616251,695.096792,554
712.464758,249.590541,207.763500,562
712.555902,764.113875,720.774834,556
712.627367,272.917750,230.716792,565
712.651262,186.464833,143.284167,567
712.746558,825.385459,783.207542,558
712.869661,218.364126,174.812750,570
712.877902,250.502875,208.490917,569
712.917330,855.329417,813.902834,560
713.042659,172.979333,132.154750,572
713.081331,856.478584,814.377084,563
713.104859,226.919000,182.944417,573
713.230288,941.213001,900.598709,564
713.253399,210.706417,168.137958,575
713.302288,220.931958,180.238042,576
713.388749,1013.364625,970.859750,566
713.500921,270.601042,228.039292,578
713.541688,239.363833,196.795375,580
713.550140,994.203876,952.224292,568
713.673830,927.235459,883.773043,571
713.703452,202.508541,161.468709,582
713.746322,204.594542,161.856625,583
713.830180,912.813417,868.951125,574
713.838134,164.270750,120.346041,585
713.937978,191.626167,147.252583,587
713.962127,857.234001,814.075792,577
714.056052,225.835458,184.213750,588
714.105472,167.448166,125.483750,590
714.133411,879.990417,838.516583,579
714.294277,238.184042,195.511458,592
714.312255,923.488709,881.094084,581
714.336392,230.901126,188.601876,593
714.478436,928.276125,885.934292,584
714.529264,234.950625,191.809625,595
714.546548,234.273667,193.314333,596
714.629836,926.360458,883.108042,586
714.740336,193.767000,151.412333,600
714.758429,920.271042,876.799000,589
714.810334,281.039209,238.293709,599
714.895874,933.723876,890.183875,591
714.926651,186.276417,144.161209,602
715.069196,935.754751,892.595959,594
715.072141,261.785417,217.347958,604
715.121201,225.287708,184.239416,605
715.240237,903.822208,861.463167,597
715.281067,211.844791,168.767375,607
715.301363,180.130416,138.180875,609
715.413785,935.323667,893.923917,598
715.459280,219.006375,176.316292,610
715.557457,276.368167,234.924958,611
715.630644,1000.784168,957.947376,601
715.667582,208.263125,165.744833,614
715.841548,1083.079959,1041.611376,603
715.847140,288.607958,244.632792,615
715.852463,221.780417,178.921458,616
715.945827,1019.144000,976.198709,606
716.074243,227.084958,182.644875,619
716.112209,1040.039292,998.714500,608
716.112229,270.650042,228.736375,618
716.261554,960.156167,913.641167,612
716.286837,174.604792,131.047583,623
716.290698,216.435042,173.137125,622
716.414474,1000.652334,959.990793,613
716.501265,239.679709,197.904875,625
716.536814,249.951625,207.351959,626
716.576950,909.330333,865.811334,617
716.704932,852.441042,805.251417,620
716.757061,255.772709,213.422417,629
716.763178,226.343833,182.754542,630
716.893461,947.595542,905.514167,621
716.971684,208.483334,164.740041,634
716.993785,236.691001,193.382875,633
717.108236,995.993251,951.510292,624
717.198750,204.927917,162.933750,637
717.232653,260.939584,218.382792,636
717.319330,1028.599542,983.249459,627
717.411065,996.559958,954.632875,628
717.426031,227.251209,183.828750,639
717.457225,224.553000,182.042000,640
717.517987,941.005042,898.701417,631
717.584381,158.328042,116.599291,643
717.594472,183.382792,141.236375,642
717.648369,943.411000,901.255542,632
717.812111,918.617876,876.670084,635
717.814673,220.170125,178.927876,647
717.816861,232.439667,188.653792,646
717.918614,810.339834,767.513250,638
718.010605,198.476833,156.293375,649
718.039090,224.398125,182.487084,650
718.049286,729.919167,688.181958,641
718.214933,204.302000,162.294125,653
718.233060,775.812042,733.559459,644
718.320290,281.163458,239.841875,654
718.416755,898.711917,855.999084,645
718.456348,241.382750,199.183542,656
718.559130,238.805000,197.186792,658
718.581655,933.250500,889.990209,648
718.655165,238.377417,195.433000,659
718.684985,125.838125,82.842958,661
718.757511,940.607208,896.588001,651
718.834106,149.091833,107.893916,664
718.873285,218.101917,176.972541,663
718.914198,994.478042,949.225083,652
719.072283,238.154875,194.672917,666
719.080381,1031.056251,988.249792,655
719.092305,218.985084,176.411958,667
719.196157,963.073126,919.523792,657
719.228185,147.767375,105.401625,670
719.243888,171.570292,128.055958,669
719.325265,868.888125,827.043292,660
719.438712,242.538625,200.666375,672
719.458412,230.188583,188.189166,673
719.510136,928.467167,886.542708,662
719.652227,894.687792,840.986708,665
719.673163,214.710417,172.592875,677
719.692974,254.244667,212.459625,676
719.770849,856.611584,813.228209,668
719.861095,187.901292,145.806208,680
719.903518,251.271417,207.988667,679
719.918592,826.259875,784.891917,671
720.061323,200.189500,159.422667,683
720.067455,823.526959,781.986042,674
720.110142,206.544625,164.097792,684
720.223413,898.111667,855.933167,675
720.290269,221.736083,177.802042,687
720.323210,261.862708,219.902375,686
720.401613,891.457875,849.123042,678
720.506878,183.634209,140.090708,691
720.510102,219.803501,178.797500,690
720.550060,857.070667,814.762959,681
720.675722,904.834292,863.400126,682
720.741701,231.582458,189.123666,694
720.765216,258.316042,216.048291,693
720.858141,939.519000,896.513333,685
720.932275,167.020292,126.369250,698
720.955786,214.048625,172.118917,697
720.988044,877.867667,832.729626,688
721.114286,890.840126,848.485750,689
721.201379,245.560001,204.344292,701
721.211430,279.087084,236.501125,700
721.279813,878.182084,836.225834,692
721.416793,205.326041,162.549625,705
721.433982,883.900209,841.440542,695
721.446128,244.715625,201.639667,704
721.611666,935.909333,892.648167,696
721.667225,250.402542,209.140750,707
721.682095,248.037125,204.952708,708
721.756301,898.141417,856.363375,699
721.882416,200.282542,157.593917,712
721.899656,232.410209,190.672125,711
721.924274,936.196626,895.097001,702
722.086270,971.947084,929.433750,703
722.102289,202.599833,160.304083,715
722.110090,227.648459,185.761916,714
722.246875,967.047959,924.660625,706
722.281293,194.987917,153.231750,717
722.323686,221.364500,219.599917,718
722.433334,987.182876,945.283209,709
722.451469,204.568292,161.824834,720
722.519072,195.370000,194.318250,722
722.604131,992.438709,951.455750,710
722.618237,184.886917,142.262459,723
722.692623,173.521250,132.315750,725
722.753599,997.261709,953.684375,713
722.814280,210.125125,168.443041,726
722.906135,213.492417,171.032458,728
722.921131,996.825084,953.218584,716
723.004126,189.814041,148.849750,730
723.060295,950.168333,909.131125,719
723.070324,164.168375,123.100833,731
723.198323,194.172125,152.323500,733
723.220596,939.263792,898.059167,721
723.280231,219.904709,176.727833,734
723.407515,956.014209,913.783500,724
723.409838,211.479626,168.159250,736
723.447790,167.528667,123.845750,738
723.541292,923.036625,882.388500,727
723.614348,204.474667,162.058458,740
723.628761,221.220125,178.426500,739
723.670965,917.335125,873.766833,729
723.813459,892.305750,889.615417,732
723.853454,239.069542,195.922708,743
723.913044,284.246958,241.339000,744
724.023204,209.709792,206.343083,746
724.063780,993.417542,949.542418,735
724.193200,280.134167,238.009917,748
724.213238,190.004791,147.380334,749
724.248224,1027.591542,985.099793,737
724.378224,184.988125,143.724583,751
724.398528,950.705292,909.223584,741
724.416303,203.041125,162.036583,752
724.561432,1020.100958,976.340167,742
724.604759,206.210083,165.224209,755
724.607037,228.781875,185.730417,754
724.717361,1046.371084,1003.694417,745
724.835191,228.132917,184.449417,759
724.848510,995.016167,951.491334,747
724.901250,296.461667,253.302875,758
724.948096,112.886958,111.307583,761
725.005339,941.522459,897.862876,750
725.070427,121.250792,119.047250,764
725.174111,272.845708,232.436750,763
725.174920,926.677500,885.594500,753
725.212154,141.692833,98.498166,766
725.325152,908.819042,868.000584,756
725.365561,191.433084,150.069792,767
725.391075,216.131417,168.740542,768
725.486237,924.773209,882.181417,757
725.537309,171.729542,128.185458,771
725.558353,233.163584,188.832584,770
725.602571,885.176251,843.222042,760
725.715461,178.131042,137.183083,774
725.721210,872.659084,832.537125,762
725.730285,171.898125,128.644542,775
725.857844,852.472833,808.758417,765
725.945358,229.865417,188.989500,777
725.948146,226.899750,184.973542,778
725.970745,758.569584,715.768959,769
726.123227,175.051625,133.182292,782
726.133978,188.597500,144.781292,781
726.139978,748.881292,704.988376,772
726.293277,807.017459,765.137917,773
726.315768,192.523625,150.681125,784
726.327272,193.242875,152.317667,785
726.431324,828.733500,786.224250,776
726.466647,150.854958,108.454208,788
726.568358,275.044291,231.505750,787
726.586201,855.876875,811.993000,779
726.653399,221.001375,179.400083,790
726.748767,890.898459,849.712792,780
726.846212,277.810750,236.643750,792
726.849359,195.932333,154.496709,794
726.926226,955.450417,913.551918,783
727.035456,189.221375,145.413334,796
727.055481,206.100416,163.627333,797
727.067684,927.651959,884.499875,786
727.206898,151.387250,109.529292,800
727.214952,179.458125,137.242292,799
727.221102,893.807834,850.694834,789
727.351804,885.125792,842.079292,791
727.399659,192.731875,190.474083,802
727.447696,232.719084,191.139083,803
727.493502,907.261834,866.084043,793
727.580986,181.309625,179.298001,806
727.641813,893.010417,849.356667,795
727.650821,203.110542,160.408792,807
727.742324,816.072834,774.147501,798
727.828188,247.151042,205.254875,809
727.869817,802.091792,759.149417,801
727.883329,241.478709,199.088458,810
728.078109,249.900000,206.915917,813
728.086277,865.150126,823.404167,804
728.092988,223.140459,181.602166,814
728.276293,198.146959,157.040626,816
728.283497,931.671126,888.277251,805
728.287983,201.668250,198.349667,817
728.469482,975.933000,930.666917,808
728.488802,200.677167,198.476250,821
728.491988,214.626417,172.610667,819
728.606055,955.210958,907.522000,811
728.668943,180.115834,136.205125,823
728.695506,225.990917,183.062250,822
728.762503,1020.141500,977.760001,812
728.848195,179.231209,136.873042,826
728.921463,1038.098250,994.185501,815
728.928562,232.014417,189.181126,827
729.027126,178.895791,138.125750,829
729.068104,975.055667,930.963834,818
729.101284,179.785375,137.842542,830
729.206089,137.959792,137.284875,833
729.225255,941.726334,900.854500,820
729.252899,225.754375,182.787500,832
729.375860,883.840709,840.334834,824
729.393718,187.613125,184.963042,835
729.426215,200.943750,158.735208,836
729.501037,894.951750,851.901459,825
729.610332,216.590792,173.334584,839
729.643135,880.593292,839.878084,828
729.658314,232.082084,189.471917,840
729.788745,860.167875,818.264417,831
729.809274,198.905000,156.254000,842
729.828374,185.216208,141.349542,843
729.935287,833.967750,792.044167,834
730.025807,237.048292,194.196334,845
730.046378,237.089125,194.875917,846
730.122330,869.401458,826.413584,837
730.237331,190.932875,148.740667,850
730.238785,212.958083,169.596875,849
730.267224,891.329542,847.745500,838
730.363646,862.593667,861.727418,841
730.442423,205.076958,164.574083,852
730.481508,242.688834,198.421709,853
730.573238,914.903792,873.620125,844
730.674413,230.930875,189.325792,856
730.712283,883.874250,842.050125,847
730.715108,233.569000,190.903417,857
730.897503,223.053250,181.596625,859
730.916234,980.918167,938.167125,848
730.948713,236.404584,193.006916,860
731.045667,923.299417,881.620250,851
731.057483,159.944458,117.840334,862
731.108065,191.796209,147.417959,863
731.192341,925.093167,883.631292,854
731.266705,221.009542,179.342334,865
731.294744,931.080792,929.429667,855
731.322689,214.586750,169.364708,867
731.441286,174.538875,132.653792,869
731.498966,204.208083,162.648209,870
731.517148,194.432584,153.165250,871
731.608231,893.110167,851.257750,861
731.662631,221.303834,177.711041,872
731.728993,230.005126,188.514667,873
731.750323,801.591876,759.548125,864
731.905282,242.610667,199.268125,876
731.941490,883.979250,840.099750,866
731.975621,246.581708,203.031500,877
732.109706,204.386583,160.005125,879
732.110212,917.847584,874.735459,868
732.127643,186.117459,141.088500,880
732.295273,185.531209,142.206750,882
732.300331,1727.069167,1684.921876,858
732.329568,219.349083,176.513458,883
732.479329,184.024459,140.909709,885
732.508143,207.781583,166.511626,886
732.511323,994.153126,951.592251,874
732.661177,1051.911876,1010.916667,875
732.700235,192.073291,148.887958,889
732.748344,268.990750,227.356791,888
732.835465,1085.105292,1043.102084,878
732.856679,195.483459,154.535208,891
732.969800,221.419042,179.152750,893
732.999332,1023.670375,981.528917,881
733.079300,243.800667,202.027583,894
733.161713,191.873500,148.414292,896
733.188069,1060.388876,1017.696750,884
733.290647,211.311917,168.341833,898
733.305142,975.548001,933.467209,887
733.455138,293.390125,251.506209,899
733.464249,952.885209,910.394042,890
733.491611,200.945208,156.833833,901
733.577054,876.796376,835.256917,892
733.660133,195.843958,150.724875,904
733.699778,244.617625,202.427750,903
733.767468,910.767959,868.529958,895
733.872128,172.312583,129.786417,908
733.875774,215.611667,173.798042,907
733.960244,960.872501,918.413125,897
734.103189,915.098334,872.074292,900
734.123337,251.174000,208.574625,910
734.143464,267.673583,225.013250,911
734.255598,950.420917,907.549125,902
734.348764,225.388625,181.619375,914
734.356067,252.857791,210.071167,913
734.393032,901.397292,859.717250,905
734.505258,928.173459,926.888959,906
734.541239,192.441083,149.996584,917
734.576552,220.446625,177.736417,918
734.658843,153.567458,143.089042,920
734.681272,139.997666,96.848500,921
734.695205,927.647292,882.896875,909
734.827923,867.640376,816.081583,912
734.844132,162.827292,121.016291,924
734.898282,239.397667,197.007709,923
735.007871,179.909042,136.924667,926
735.022792,879.312001,837.056792,915
735.157965,259.641084,215.951750,928
735.183773,928.142542,885.752292,916
735.220371,212.462834,169.753792,929
735.353128,960.059334,917.074084,919
735.386983,228.981667,186.410584,931
735.419291,235.496625,193.424583,932
735.538356,961.765875,919.263625,922
735.548290,195.122667,153.588458,934
735.608093,221.038125,179.319291,935
735.670160,974.918292,933.300375,925
735.756491,218.096958,175.461708,937
735.824131,979.979583,939.179209,927
735.842078,233.951667,189.672292,939
735.959791,936.981209,895.461292,930
735.994271,237.743042,196.598500,941
736.014488,190.337584,147.497875,942
736.128246,907.843708,865.083042,933
736.148354,188.511458,146.517292,944
736.240553,246.245708,201.533500,945
736.275041,855.714709,812.343875,936
736.346796,218.526875,174.577083,947
736.419800,871.469667,829.152042,938
736.504461,263.870250,221.066417,949
736.591297,921.102000,879.852168,940
736.595239,248.408417,204.909542,951
736.654903,150.408708,108.641750,953
736.743872,901.770625,859.348000,943
736.837259,182.317042,139.262667,956
736.880433,865.920417,823.366250,946
736.902039,310.703458,266.879666,954
737.048561,900.168792,858.392500,948
737.067190,186.725000,144.952208,959
737.088953,250.609041,208.041167,958
737.224173,949.111042,908.229292,950
737.262279,213.681708,172.256000,961
737.339341,272.122083,228.798209,962
737.392603,972.764625,929.863667,952
737.398619,174.409084,133.055417,964
737.568123,228.746583,187.674084,966
737.570209,974.941626,933.665834,955
737.602227,209.591958,166.434917,967
737.679105,935.212834,893.831751,957
737.755738,187.597375,146.658166,969
737.774470,204.233458,159.265458,970
737.831045,928.968250,886.375000,960
737.899994,125.497750,82.518916,974
737.986417,230.656417,188.297959,973
737.998788,909.804584,865.611250,963
738.074197,174.180417,130.845167,976
738.173131,910.819875,867.668084,965
738.203306,216.849792,175.928084,977
738.275174,876.518417,833.730042,968
738.289281,215.068000,172.688542,979
738.375138,201.988791,159.882917,980
738.415969,813.722584,770.549208,971
738.455549,180.349750,136.191417,982
738.559131,183.959416,141.425959,984
738.593358,914.223625,870.869709,972
738.658124,242.120084,196.488833,985
738.695092,864.017001,822.035084,975
738.696445,137.288084,94.674125,987
738.828724,829.900750,786.971209,978
738.860863,202.714458,160.268792,989
738.949332,254.215500,211.550209,990
738.991668,788.328042,746.434501,981
738.996762,168.016042,125.720292,992
739.133290,843.989125,803.138875,983
739.149234,199.872167,156.986375,994
739.220297,228.610667,185.368750,995
739.331560,875.980876,832.407625,986
739.380585,247.258084,205.865626,997
739.448013,227.674417,185.156126,999
739.542691,949.308501,907.068751,988
739.618423,237.803708,194.333708,1001
739.684266,987.789251,945.172667,991
739.724442,276.405792,233.100584,1002
739.808926,948.040334,905.716000,993
739.828772,210.317333,168.376833,1004
739.897221,212.922791,172.227417,1005
739.938231,941.430584,899.312750,996
740.030951,221.987792,179.160917,1007
740.095828,198.568709,155.579084,1009
740.128140,978.862501,936.213834,998
740.209855,178.868375,136.383333,1011
740.341472,245.609583,204.274583,1012
740.362095,1030.501208,986.458376,1000
740.478241,268.352291,224.841750,1014
740.557144,215.646084,174.409666,1015
740.583909,1041.180876,999.588334,1003
740.669487,191.221916,146.722625,1017
740.743813,1019.327751,976.327042,1006
740.796204,239.040083,196.162167,1018
740.901618,1072.816500,1031.793292,1008
740.921232,251.708334,209.148334,1020
741.048847,1110.578584,1068.509167,1010
741.089962,293.725834,251.213375,1022
741.147163,245.518292,203.439834,1023
741.207689,1079.520751,1035.528958,1013
741.247521,198.642209,156.301542,1025
741.304156,156.978208,115.056375,1027
741.398881,1036.760959,992.783751,1016
741.439505,231.797417,189.277959,1028
741.554707,250.534667,207.547667,1030
741.557626,973.685709,931.673459,1019
741.627276,228.372958,185.843875,1031
741.694730,950.882042,907.781875,1021
741.732322,177.593500,133.890459,1033
741.798889,171.577292,129.584875,1035
741.834258,912.994251,868.639334,1024
741.892267,197.500625,155.617000,1036
741.963526,873.527667,831.501417,1026
741.980588,181.665167,138.928709,1038
742.053577,161.278250,118.944000,1040
742.146516,182.959000,140.497000,1041
742.166195,918.649084,877.802917,1029
742.259152,205.541584,164.077667,1043
742.325339,885.795750,843.448959,1032
742.388282,241.743542,199.196667,1044
742.420688,186.972042,186.051542,1045
742.482337,924.688917,882.318501,1034
742.594338,162.074500,160.678291,1047
742.616931,218.592792,216.783583,1046
742.634322,901.970709,860.628125,1037
742.729129,894.858709,852.838292,1039
742.834251,853.639792,810.880292,1042
742.848762,116.085084,114.119251,1049
742.924211,359.171751,358.006834,1048
743.011929,112.982041,110.861917,1050
743.161676,141.029583,139.889750,1051
743.193024,125.168459,124.211500,1052
743.322916,167.829667,165.556708,1053
743.386463,145.772084,143.330542,1055
743.400846,168.416792,167.997375,1054
743.561861,213.588084,212.159500,1057
743.584827,186.384917,185.094876,1058
743.630055,351.808042,350.022167,1056
743.772471,205.698500,205.214333,1061
743.813933,213.374583,211.556917,1063
743.851092,399.858375,398.976084,1059
743.978273,480.768750,479.891125,1060
744.003716,103.808250,102.398042,1067
744.119223,552.440583,543.951334,1062
744.204407,139.041000,138.351500,1069
744.221811,188.437084,185.671208,1068
744.236347,598.174500,596.381917,1064
744.329443,97.214834,96.243000,1071
744.398634,666.023167,663.421209,1065
744.558284,819.655084,815.177125,1066
744.583546,148.830209,147.602583,1073
744.624298,225.622833,181.525458,1072
744.685503,493.963751,490.614250,1070
744.769644,149.356375,147.091875,1077
744.890314,441.544541,440.963833,1074
744.946437,267.496834,266.799459,1078
744.999559,213.637083,170.209667,1082
745.057420,495.341292,494.759417,1075
745.180214,233.741084,189.116084,1084
745.212200,212.618875,168.368666,1085
745.242355,184.909667,144.323084,1086
745.335186,603.500334,602.006708,1079
745.367316,154.039959,111.300000,1088
745.370218,189.970667,149.310875,1087
745.518335,183.126708,141.296750,1090
745.608628,241.277459,199.271333,1091
745.631564,867.676251,866.371042,1081
745.633750,263.507417,218.626917,1092
745.810282,919.933293,873.200417,1083
745.815347,206.683751,163.360167,1094
745.903690,272.090583,226.256916,1095
745.932173,1367.113125,1366.252126,1076
746.004406,194.101833,150.569125,1097
746.139592,897.198167,854.081376,1089
746.147222,243.492084,200.136417,1099
746.268276,263.833500,221.475917,1101
746.284495,1550.865750,1549.054209,1080
746.349136,209.511751,168.170042,1102
746.449743,181.436208,138.898959,1104
746.480449,962.085834,920.244501,1093
746.579923,230.764917,187.691292,1106
746.667949,1034.162501,990.716417,1096
746.693304,243.523291,202.315750,1107
746.805934,225.979250,184.377958,1109
746.834237,1018.852625,976.549583,1098
746.840274,172.288375,130.263583,1110
747.011036,1078.829792,1036.175292,1100
747.013191,207.237917,166.707625,1112
747.045184,210.915833,168.076709,1113
747.119382,972.128209,925.654626,1103
747.176031,164.980084,122.103042,1115
747.224295,211.081500,166.287917,1116
747.247223,962.687543,919.461667,1105
747.370595,890.120583,848.548458,1108
747.404946,228.891541,185.573209,1119
747.504946,280.618917,238.317041,1120
747.542625,849.287542,806.321250,1111
747.611274,240.658541,198.994834,1122
747.659470,819.163333,778.141000,1114
747.718162,213.183250,170.975583,1124
747.783629,738.425625,695.087459,1117
747.788866,177.562875,136.483667,1126
747.907317,189.131542,146.566875,1128
747.939133,155.468250,112.228958,1129
747.971385,851.984875,809.743376,1118
748.169219,921.963876,878.472000,1121
748.197606,290.255875,246.081500,1131
748.242533,303.363959,260.951250,1132
748.296893,891.912001,848.837500,1123
748.378148,208.904792,165.718000,1134
748.450829,208.255542,164.379834,1136
748.453206,910.563793,869.311625,1125
748.604131,225.941917,182.427876,1138
748.624212,173.357042,131.739417,1139
748.629223,969.733334,925.876584,1127
748.779386,155.151208,114.113125,1142
748.800818,196.648958,153.445541,1141
748.817315,1028.411708,985.677875,1130
748.962527,161.668500,118.070166,1145
748.962673,183.256209,139.356292,1144
748.994043,1022.623000,978.649292,1133
749.150281,952.638751,911.426251,1135
749.181940,219.241750,177.813417,1148
749.199854,237.289209,191.892167,1147
749.286476,989.553834,947.161543,1137
749.327279,176.960875,134.522209,1150
749.356924,174.944000,132.823833,1151
749.437461,984.236750,934.406084,1140
749.490379,203.865375,161.258708,1153
749.539632,910.389958,867.983959,1143
749.562712,235.393958,191.360750,1154
749.675274,857.922625,814.317000,1146
749.692046,201.632083,158.000500,1157
749.759339,219.685667,177.729709,1158
749.826358,832.278126,789.863667,1149
749.878195,202.885667,161.465792,1160
749.958976,759.086708,716.310583,1152
750.025200,265.822959,223.170792,1162
750.065332,187.100375,146.675667,1164
750.087708,730.746333,687.764583,1155
750.233344,795.848667,753.798209,1156
750.265415,240.173792,196.962500,1166
750.352675,287.313250,244.429208,1167
750.390901,828.153084,784.620375,1159
750.421121,187.749042,145.039708,1169
750.512324,820.256209,777.942959,1161
750.535146,182.437500,141.687292,1171
750.578696,187.755458,145.202750,1172
750.665215,838.817292,796.317084,1163
750.697247,184.886042,142.986084,1174
750.851547,892.518959,851.005167,1165
750.860294,281.557209,240.344708,1176
750.872292,207.046292,165.856250,1177
751.027813,940.067917,896.994000,1168
751.084261,232.682917,190.941042,1179
751.087304,226.989292,184.625000,1180
751.165805,900.352250,855.415750,1170
751.324325,903.175584,861.036167,1173
751.324976,240.652709,197.579958,1183
751.340348,253.005667,210.049584,1184
751.460810,925.652001,883.860542,1175
751.498048,173.061583,129.204833,1187
751.549104,224.750458,181.214834,1186
751.611378,914.101709,871.733334,1178
751.671228,210.398708,170.024750,1189
751.807370,258.233209,215.499375,1191
751.872610,1000.284250,957.028625,1181
751.902876,231.625625,189.398416,1193
751.995719,188.326833,147.239167,1194
752.037866,1010.015709,965.718250,1182
752.141404,268.772584,227.618125,1195
752.181136,185.385084,142.687709,1197
752.252192,1086.359751,1044.832542,1185
752.361134,219.698209,179.020917,1199
752.385082,203.917583,161.664417,1200
752.401304,1060.916792,1018.689875,1188
752.505293,1007.223292,964.698000,1190
752.607259,246.099000,202.088250,1202
752.652285,1040.869959,999.446000,1192
752.659490,274.371709,230.172251,1203
752.820267,917.357875,876.805126,1196
752.829545,177.233584,136.314500,1207
752.861360,254.064709,211.019667,1206
752.998185,960.291501,917.580125,1198
753.045274,224.970959,183.414875,1209
753.069850,240.209083,198.755083,1210
753.189739,937.523125,895.038375,1201
753.217866,171.536458,129.700375,1213
753.298300,227.371083,186.522000,1214
753.319932,918.583750,876.180667,1204
753.370446,180.670292,137.548833,1215
753.431232,925.914209,884.938251,1205
753.474873,176.536209,132.075417,1217
753.575515,915.985583,874.536542,1208
753.628964,258.487250,216.249833,1219
753.644462,213.206583,171.854959,1220
753.722595,861.216709,819.202417,1211
753.814222,169.724333,127.851791,1224
753.822307,193.309375,151.951916,1223
753.859919,861.719834,819.193959,1212
753.949250,731.364083,687.477000,1216
754.039683,224.414750,182.578667,1226
754.040496,218.154126,173.575792,1227
754.126119,806.148292,763.459375,1218
754.208465,167.942833,126.862750,1231
754.220348,180.630916,138.316500,1230
754.288902,813.988876,770.424959,1221
754.391141,170.765000,130.089750,1234
754.394336,185.850583,143.452167,1233
754.415257,839.712125,796.982959,1222
754.531299,808.680250,767.537750,1225
754.596276,205.114291,164.385375,1236
754.619852,225.489833,182.942667,1237
754.681443,821.502209,779.920167,1228
754.801170,851.902626,809.965626,1229
754.802685,206.377792,164.771251,1240
754.824150,204.265250,163.387583,1241
754.937278,811.129959,768.965167,1232
754.951092,149.903833,105.782250,1243
754.973183,170.487625,127.905167,1244
755.022241,733.307167,689.550167,1235
755.110653,173.339542,130.515583,1246
755.148403,733.107667,691.255833,1238
755.159263,208.152875,165.498375,1247
755.305265,194.566750,153.744792,1250
755.333215,801.883251,759.338417,1239
755.360560,212.122750,169.593375,1251
755.451858,770.389375,726.357626,1242
755.495216,189.930417,147.455876,1253
755.533138,199.908917,157.926125,1254
755.617232,793.063834,750.355959,1245
755.688614,193.362166,149.581834,1257
755.727882,754.677876,712.149376,1248
755.802555,269.397625,228.743958,1258
755.853578,831.313876,788.271750,1249
755.855234,166.583667,125.418708,1260
756.035314,232.720833,191.129458,1262
756.047731,888.446125,844.608042,1252
756.100984,247.370084,204.046500,1263
756.161271,800.686543,757.992376,1255
756.218358,183.006251,140.433417,1265
756.312300,860.407917,818.093792,1256
756.331943,230.899083,188.969959,1267
756.434959,216.564250,174.173417,1269
756.448647,136.312167,94.501167,1270
756.511125,893.865000,852.589500,1259
756.588283,139.602167,96.619542,1273
756.644154,209.161750,166.611375,1272
756.663142,935.241125,893.607751,1261
756.806474,217.120167,175.245292,1275
756.830316,186.139042,145.169500,1276
756.846719,991.449667,949.947542,1264
756.963259,915.488292,873.230459,1266
756.973709,167.200542,125.664583,1278
757.067596,237.243709,195.075709,1279
757.131107,969.800126,926.254000,1268
757.155061,191.764125,148.885334,1281
757.346920,1014.941084,972.913083,1271
757.387196,319.567500,277.907875,1283
757.387241,256.104917,213.407250,1284
757.525101,1013.951750,970.338542,1274
757.570289,223.331208,180.611959,1286
757.649129,261.912001,219.461959,1287
757.716234,1053.071250,1010.181375,1277
757.866033,1019.283417,976.150584,1280
757.873210,302.889708,260.118542,1290
757.893603,244.432709,200.674833,1291
757.994694,1020.959917,979.306708,1282
758.054979,188.922708,145.642875,1293
758.066651,193.418750,151.831750,1294
758.200826,1045.741958,1003.729126,1285
758.244280,177.591750,136.501167,1298
758.275357,220.350959,177.934751,1297
758.374583,987.325792,944.083876,1288
758.506985,231.590625,190.087916,1301
758.523398,998.256583,950.029209,1289
758.524492,280.182000,236.313875,1300
758.628301,912.043417,871.032167,1292
758.756291,862.664542,822.224958,1295
758.769283,245.848750,204.735709,1304
758.795333,288.323000,247.328667,1303
758.932222,175.915250,131.943291,1307
758.968523,973.804417,932.437625,1296
759.035289,265.967042,223.789125,1308
759.114094,913.244209,871.110918,1299
759.175848,243.598833,201.868042,1310
759.269215,233.892750,191.885750,1312
759.278312,903.696792,860.936708,1302
759.466335,197.101625,152.740000,1315
759.470548,294.662667,250.124000,1314
759.480477,955.956750,912.584167,1305
759.637753,1009.427709,967.588708,1306
759.668487,197.905167,154.337750,1318
759.686539,220.171000,178.545500,1317
759.782201,986.825875,944.150959,1309
759.822602,184.825375,141.727541,1320
759.840081,171.570875,129.740917,1321
759.915502,133.271541,90.424542,1323
759.940733,972.177501,930.385459,1311
759.976122,153.488125,112.256083,1324
760.112884,998.755625,957.193709,1313
760.118783,203.258417,161.491166,1326
760.144095,203.324625,159.543125,1327
760.271299,992.965167,951.653209,1316
760.292254,173.432291,129.844458,1330
760.358645,245.730334,203.660042,1329
760.402556,922.041459,878.525668,1319
760.503274,231.939459,190.309001,1332
760.587242,900.650917,858.174334,1322
760.630265,271.587458,229.033292,1334
760.703833,863.714251,821.146958,1325
760.727286,223.969375,181.908125,1336
760.795583,165.304125,124.035334,1338
760.899686,923.549959,882.070583,1328
760.909443,205.576000,164.097209,1339
760.986542,190.941625,148.621083,1341
761.087536,943.412459,900.796751,1331
761.092405,192.696583,149.455834,1342
761.247296,260.736584,219.376209,1344
761.256113,963.825917,921.204959,1333
761.269149,181.580584,140.912625,1345
761.375318,127.999958,86.695000,1347
761.399231,996.650959,954.211125,1335
761.429758,173.606125,131.471958,1348
761.564419,977.137000,935.877250,1337
761.613704,238.349125,195.652917,1350
761.628187,228.933833,187.254667,1351
761.740079,1012.755042,969.693084,1340
761.800222,172.003417,130.895334,1355
761.838222,224.485334,182.985250,1354
761.900281,990.814125,949.963292,1343
761.996729,196.471917,152.409833,1357
762.045061,206.819667,165.493125,1358
762.087302,994.860709,951.688792,1346
762.187960,191.202084,149.258083,1360
762.259090,213.998167,171.917958,1361
762.272243,1003.078709,961.457000,1349
762.406372,218.371417,174.029042,1363
762.414033,984.241709,941.844751,1352
762.433231,174.123251,132.980167,1364
762.567239,160.834334,120.182709,1366
762.579323,1014.865251,973.077001,1353
762.676611,262.557458,219.375042,1367
762.710716,970.604542,928.125917,1356
762.772081,204.824084,162.282459,1369
762.876639,976.331417,934.738292,1359
762.899552,222.911792,180.477209,1371
762.972394,200.288667,157.965208,1373
763.001188,913.853500,870.489959,1362
763.116457,239.779167,196.848166,1374
763.142973,870.712500,827.746501,1365
763.256175,283.738875,241.484250,1376
763.256175,822.919417,779.376501,1368
763.414342,834.982167,792.978084,1370
763.430227,174.033708,133.325208,1380
763.434432,317.934167,275.414125,1378
763.530748,820.016167,777.408333,1372
763.637133,737.569584,696.992042,1375
763.637315,222.940083,182.089542,1382
763.760702,330.454250,287.431667,1383
763.785494,784.265125,743.177167,1377
763.833320,196.130083,153.732834,1386
763.941151,798.159542,757.298792,1379
763.963508,202.781542,159.032709,1388
764.021217,187.859000,145.861334,1390
764.106068,849.860084,807.160084,1381
764.125128,183.958833,141.594833,1391
764.210629,189.372167,148.175125,1393
764.251981,817.524459,775.364917,1384
764.388279,282.191000,241.253542,1394
764.402038,871.267834,829.330833,1385
764.443984,233.319042,190.548458,1396
764.577796,940.449125,898.105834,1387
764.589368,201.054292,160.016209,1398
764.620129,218.054375,176.445500,1399
764.728245,942.709834,900.010709,1389
764.784257,194.871833,152.643458,1402
764.793300,215.469333,172.325125,1401
764.878331,914.785667,872.127084,1392
764.986170,201.897208,160.207250,1405
765.019101,893.949292,852.264584,1395
765.035936,242.602208,200.402125,1406
765.116045,863.997750,822.358542,1397
765.213350,227.096334,186.339708,1408
765.236177,792.119417,748.687334,1400
765.279901,260.765750,218.735417,1409
765.370141,749.971834,707.111126,1403
765.458029,244.624625,203.324042,1412
765.488293,252.095667,208.615167,1413
765.508354,780.084376,737.459917,1404
765.655621,167.290083,124.812916,1417
765.679285,221.218375,179.896500,1416
765.688815,810.451250,766.801001,1407
765.828931,792.976334,750.854709,1410
765.839948,184.289875,140.528792,1419
765.862937,182.548625,141.049708,1420
765.970560,854.478042,809.668126,1411
766.017973,177.984625,135.216667,1423
766.136741,307.773959,265.256542,1422
766.167077,887.137417,844.428375,1414
766.230796,212.768791,171.329958,1426
766.283170,913.000958,869.050001,1415
766.397689,260.906917,218.887666,1427
766.418381,187.554500,186.007500,1429
766.456731,948.357958,904.948042,1418
766.591034,193.311417,150.407833,1431
766.602165,913.324709,869.762542,1421
766.625888,207.484959,206.251500,1432
766.699272,836.313626,794.091667,1424
766.840564,869.969042,828.671375,1425
766.855294,264.241542,222.215001,1434
766.862151,236.232209,194.982958,1436
766.967978,800.865333,757.237833,1428
767.110579,269.980084,227.672667,1438
767.125677,270.342625,227.547834,1439
767.135896,852.695083,810.852876,1430
767.293231,836.481042,794.915625,1433
767.302292,191.676333,148.222375,1442
767.365140,239.422167,197.683500,1443
767.490339,888.139875,844.938500,1435
767.590447,297.195792,252.454125,1445
767.644288,944.984542,902.447292,1437
767.670197,305.027042,263.712459,1447
767.823306,232.822916,190.280416,1449
767.829232,967.059917,923.602750,1440
767.842147,197.821167,153.676250,1450
768.011696,1043.645459,1001.302459,1441
768.036313,212.983750,172.065542,1452
768.097197,267.922084,225.378709,1453
768.182836,1046.920001,1004.270168,1444
768.265673,253.957375,211.194375,1455
768.276367,179.140209,136.497667,1457
768.363302,1060.969292,1017.660584,1446
768.476422,986.051209,942.144584,1448
768.545019,268.601375,226.195083,1460
768.560857,890.621084,848.975167,1451
768.574899,309.193209,266.338333,1459
768.680291,838.108250,797.084750,1454
768.782213,237.170792,196.254917,1463
768.795912,235.022376,191.626167,1464
768.836274,799.922083,758.219000,1456
769.019331,183.019958,140.936833,1469
769.021686,239.452791,197.743875,1467
769.027407,231.471625,189.497292,1468
769.240887,877.557917,836.134542,1461
769.252938,231.222250,189.377417,1471
769.267044,247.683041,205.146959,1470
769.413388,936.939209,894.877376,1462
769.500398,925.464751,882.700584,1465
769.502113,261.207334,217.787209,1473
769.532209,279.251583,236.468167,1474
769.620868,940.540417,896.897751,1466
769.663592,161.445083,118.923583,1478
769.676213,175.778167,133.705542,1477
769.734107,1551.246959,1508.009709,1458
769.841456,165.207584,123.536583,1482
769.845440,181.816542,139.078917,1481
769.881434,854.001750,810.995500,1472
770.027295,760.229750,719.669125,1475
770.064419,218.946875,175.234208,1485
770.119595,278.115250,233.879917,1484
770.138460,725.051542,683.922750,1476
770.227309,199.985042,159.057792,1487
770.276477,744.244376,700.865084,1479
770.380448,260.816500,219.202083,1489
770.408736,181.388084,138.161334,1491
770.410210,789.310376,748.118875,1480
770.591225,857.094292,814.660000,1483
770.608180,227.702125,185.994084,1493
770.647151,238.383250,197.070708,1494
770.748403,866.950292,825.071626,1486
770.812192,203.995458,162.610583,1497
770.836258,771.816792,770.113167,1488
770.844553,253.308125,211.428292,1496
771.003327,864.848251,821.631125,1490
771.041717,205.431334,203.492042,1501
771.046988,234.772125,193.253958,1500
771.166289,889.772042,849.591751,1492
771.253546,211.798417,170.300667,1504
771.324127,913.890250,869.741250,1495
771.327213,280.167708,238.270667,1505
771.444365,190.796375,147.445375,1507
771.486319,839.144834,794.962584,1498
771.562026,237.881292,195.931459,1508
771.667166,918.740376,876.408167,1499
771.674364,229.968084,188.969959,1510
771.729770,167.725250,125.415208,1512
771.777910,933.341209,891.436292,1502
771.872725,205.518250,162.148000,1513
771.935198,205.405375,164.104500,1515
771.939269,935.917500,891.275292,1503
772.076962,204.197291,161.529375,1517
772.089320,922.992584,881.298542,1506
772.122231,187.002375,143.702708,1518
772.200161,872.909334,829.579625,1509
772.246304,169.310459,126.950542,1520
772.267283,177.921334,136.163125,1521
772.333103,846.748292,803.670584,1511
772.429577,183.244250,142.223084,1524
772.449156,181.839292,138.447458,1525
772.505382,830.999751,788.120375,1514
772.606585,176.988292,132.615291,1527
772.622308,844.372375,803.475458,1516
772.693287,244.091459,203.318209,1528
772.758494,819.203292,776.229125,1519
772.862256,255.654000,213.008542,1530
772.866182,743.932875,701.349542,1522
772.909776,216.456042,174.670417,1532
772.988061,787.861375,745.338709,1523
773.098664,236.384459,192.514000,1534
773.130856,221.060583,179.472708,1536
773.143794,810.658042,767.842542,1526
773.291250,785.849459,743.507625,1529
773.315670,216.962375,171.377208,1538
773.342805,211.930833,170.396042,1539
773.447212,155.942500,114.655917,1541
773.462512,840.178792,797.145417,1531
773.588394,272.686459,228.466000,1542
773.604834,846.297668,803.707625,1533
773.611584,164.348625,122.356792,1544
773.801978,935.781875,891.958667,1535
773.836270,231.397833,189.826000,1547
773.863113,274.684958,231.602875,1546
773.934363,946.262625,904.583458,1537
774.042579,206.274542,162.748834,1550
774.074525,272.522250,228.980792,1549
774.107240,963.424001,921.620875,1540
774.272211,229.595625,188.751208,1553
774.294247,219.687709,177.239416,1554
774.313381,970.552917,927.377501,1543
774.423545,151.303834,108.250042,1556
774.498217,1035.685001,994.376250,1545
774.521256,226.989875,184.955750,1557
774.602436,178.873042,137.065833,1559
774.636474,1024.856292,981.350417,1548
774.692597,194.362000,151.641875,1560
774.769777,906.646709,865.362750,1551
774.792898,190.439083,146.948375,1562
774.907441,973.041125,929.316209,1552
774.940591,247.979375,202.474125,1564
774.941530,171.735958,165.309666,1565
775.049279,942.013625,901.051959,1555
775.063303,155.831084,115.002125,1567
775.138277,197.668042,156.558501,1568
775.244641,931.227209,888.959458,1558
775.259707,210.394917,167.519916,1570
775.407443,886.165292,844.243750,1561
775.447233,308.922250,267.147416,1572
775.448616,203.943542,161.455000,1573
775.615816,979.324501,936.464959,1563
775.629854,222.376000,180.042042,1575
775.706260,259.003209,214.670167,1576
775.792309,999.386209,958.422501,1566
775.875292,259.444500,218.662501,1578
775.894154,952.601418,949.697292,1569
776.005218,298.925084,257.154916,1580
776.053214,177.896250,135.958084,1582
776.092151,1028.815084,985.569084,1571
776.222068,962.336667,919.362209,1574
776.290128,236.894000,193.996834,1585
776.301409,296.167958,251.723500,1584
776.375787,927.152042,884.459626,1577
776.468874,167.426875,124.976251,1589
776.540139,910.254042,868.619793,1579
776.579494,289.341209,247.004334,1588
776.693566,901.226084,859.522709,1581
776.727537,187.377459,146.594584,1592
776.770336,301.425541,257.155792,1591
776.862536,968.352000,926.234459,1583
776.907101,213.516916,212.992208,1594
776.975339,883.165209,840.065625,1586
777.040743,313.189041,270.501000,1595
777.127217,905.124209,862.481084,1587
777.157472,250.352958,249.826208,1598
777.199402,158.636917,156.848709,1600
777.277257,901.433167,857.182376,1590
777.364656,165.220708,162.930250,1603
777.394501,237.005125,193.366542,1602
777.453844,874.335876,831.495000,1593
777.565929,201.238917,159.553625,1605
777.578529,808.149709,765.769084,1596
777.619325,224.782250,182.034709,1606
777.697145,834.571792,791.994292,1597
777.781643,215.692167,173.266917,1608
777.821352,845.983834,804.906668,1599
777.842116,263.553500,221.893292,1609
778.015427,233.760917,191.305917,1612
778.032850,211.463000,168.141458,1613
778.037957,910.716334,866.798042,1601
778.197127,919.840250,877.948751,1604
778.254551,239.088208,194.483041,1615
778.276239,243.356750,202.090583,1616
778.312338,858.470958,816.823584,1607
778.440271,820.916250,780.590417,1610
778.460970,206.381292,162.955042,1619
778.467632,191.373875,150.129875,1620
778.556251,859.067709,816.753875,1611
778.717205,276.904250,235.433042,1622
778.724867,263.856542,221.676583,1623
778.740257,898.126542,855.786750,1614
778.879173,841.181542,800.394001,1617
778.914746,189.840875,147.903291,1627
778.917756,200.533667,158.916625,1626
779.028361,831.215876,787.873334,1618
779.119250,240.060916,196.702917,1629
779.153392,238.618625,195.903167,1630
779.186577,874.206668,829.722834,1621
779.301656,148.244834,105.840876,1634
779.317309,849.655043,806.506168,1624
779.328388,209.115084,168.055417,1633
779.466085,909.803126,867.157667,1625
779.471592,169.915667,128.005500,1636
779.520133,202.806625,160.829667,1637
779.617243,876.966709,834.693125,1628
779.687396,221.278750,178.864292,1639
779.708542,188.387500,145.086667,1641
779.744769,826.991375,785.091709,1631
779.870134,161.575750,119.725375,1644
779.903292,215.875042,174.864083,1643
779.907518,879.116584,837.580333,1632
780.083540,180.215875,137.760584,1647
780.094928,224.777000,220.830458,1646
780.096624,910.009334,867.572126,1635
780.251106,922.676417,878.767750,1638
780.269551,174.603041,173.755750,1650
780.309505,225.944833,183.335833,1649
780.391912,920.298751,878.231667,1640
780.532381,262.807417,221.411167,1653
780.545361,235.829125,190.735416,1654
780.546466,929.204792,885.783500,1642
780.651412,906.605001,863.276167,1645
780.696060,150.682000,108.054042,1657
780.760113,227.693376,184.268584,1656
780.797049,889.450917,845.510751,1648
780.877304,181.221250,139.611792,1660
780.924113,827.460376,784.414750,1651
780.961890,201.747000,159.600000,1661
781.092186,168.050458,124.585125,1664
781.109856,232.510250,189.897166,1663
781.111044,859.908584,817.418876,1652
781.250552,858.603083,814.974125,1655
781.262625,170.403625,127.428875,1666
781.343505,233.610417,190.863751,1667
781.380556,834.056709,790.647375,1658
781.504215,253.629833,211.487209,1669
781.569066,917.616001,875.711667,1659
781.579159,235.617959,192.372250,1671
781.690576,186.335917,142.938250,1673
781.727140,930.059376,889.123084,1662
781.774126,205.031458,160.264125,1674
781.846749,156.147250,114.102625,1676
781.908210,946.290625,903.546875,1665
781.996333,222.177958,180.746417,1678
782.064225,953.169584,911.241625,1668
782.090136,243.363750,201.871542,1679
782.200620,937.959459,895.401793,1670
782.225145,227.740625,186.811333,1681
782.335256,271.012000,229.810583,1682
782.372687,170.978208,129.755208,1684
782.379499,998.909626,955.112667,1672
782.533124,197.832250,154.841167,1686
782.533568,954.377667,912.381750,1675
782.563625,190.906041,149.376500,1687
782.705544,978.378918,924.420875,1677
782.735642,202.479375,160.743625,1689
782.780307,246.706250,203.065625,1690
782.822283,914.036084,872.677751,1680
782.913849,208.273042,166.992583,1692
782.936256,200.575958,157.056958,1693
782.965085,874.916001,830.594042,1683
783.069549,155.667458,114.159500,1696
783.098145,872.979625,830.211375,1685
783.198355,262.073875,218.482541,1697
783.274532,204.964959,162.343416,1699
783.302634,923.108667,881.455750,1688
783.414886,216.489875,174.721750,1701
783.483143,919.499876,876.500334,1691
783.527721,253.172792,210.110542,1702
783.605141,190.219750,148.644416,1704
783.650739,870.392542,826.106459,1694
783.724735,196.990500,155.207500,1706
783.796512,974.129625,930.971417,1695
783.844354,239.189416,195.710084,1707
783.940137,975.033792,932.144792,1698
783.955133,230.357458,187.877375,1709
784.076106,231.720417,189.696791,1711
784.114261,1016.088500,973.651875,1700
784.161410,221.256000,179.133500,1712
784.264228,188.104583,146.997083,1714
784.278357,975.685959,925.770126,1703
784.322328,160.893542,118.841917,1716
784.386477,903.309751,860.814500,1705
784.479407,215.155500,173.812917,1717
784.508419,186.050375,142.292208,1719
784.545382,894.612834,851.040750,1708
784.679642,200.202334,156.731750,1721
784.709280,912.727084,872.555834,1710
784.737826,229.377459,186.384333,1722
784.868384,913.219709,872.032001,1713
784.921296,241.637667,199.146209,1724
784.954743,245.422625,202.551126,1725
784.997502,883.217126,840.688334,1715
785.082917,804.535375,802.016833,1718
785.095234,173.920250,124.717833,1728
785.222933,268.152500,225.409916,1729
785.281812,895.300584,852.519792,1720
785.295186,212.240292,203.596166,1731
785.417831,872.410584,830.413792,1723
785.470509,247.542458,205.446209,1733
785.518293,223.070167,180.174167,1735
785.572165,834.319793,791.691250,1726
785.620544,150.014375,108.096333,1737
785.722287,853.863500,811.860292,1727
785.725046,206.727500,163.754792,1738
785.850920,853.381667,810.581042,1730
785.863857,243.288208,200.666083,1740
786.012202,289.820125,247.369209,1741
786.033457,938.200084,895.798167,1732
786.066848,215.908875,174.474125,1743
786.214248,932.413417,891.800292,1734
786.220208,186.719167,145.584542,1746
786.246130,233.891000,191.440958,1745
786.371035,953.169293,911.362667,1736
786.386690,172.409708,127.301708,1748
786.450612,230.381667,185.019625,1749
786.516369,944.165250,902.153292,1739
786.690236,319.184833,277.053000,1751
786.697682,972.618500,924.504583,1742
786.754303,303.655625,260.908667,1753
786.826538,962.645250,920.486583,1744
786.864327,174.067541,131.196625,1755
786.889787,135.462834,133.170917,1757
786.983465,156.907917,115.021375,1758
787.033287,966.408626,923.988334,1747
787.095771,205.955459,204.821750,1760
787.202945,956.783626,914.641292,1750
787.250778,267.295000,225.202834,1761
787.296965,201.180875,158.067584,1763
787.311967,925.250375,883.772750,1752
787.422307,171.510208,130.902625,1765
787.492361,975.956042,934.403750,1754
787.514410,217.424959,174.708625,1766
787.585348,887.648709,843.809459,1756
787.605506,183.150917,140.680167,1768
787.709232,216.836375,176.003917,1769
787.732293,867.928250,826.666750,1759
787.776892,191.523791,148.362083,1771
787.880585,103.674958,59.899000,1775
787.907201,873.878251,831.869500,1762
787.944180,234.926125,191.297167,1773
788.039548,158.936750,117.683416,1776
788.060692,857.721959,815.354459,1764
788.122312,215.074417,172.956292,1777
788.177189,865.203500,822.560084,1767
788.243561,203.978541,161.289917,1779
788.309282,186.931792,145.182917,1781
788.332959,818.510292,776.335876,1770
788.383301,139.707458,98.582167,1783
788.482044,876.492459,831.499667,1772
788.537318,228.018583,187.256125,1784
788.592889,209.562500,165.673958,1786
788.672514,940.184292,896.045792,1774
788.741190,203.848750,161.468417,1788
788.764309,820.104833,777.984375,1778
788.765933,173.023666,128.316709,1789
788.933650,872.925958,829.747042,1780
788.954586,213.364667,170.106417,1791
788.987589,223.258584,180.696250,1792
789.038465,861.254626,818.855042,1782
789.157425,824.434625,783.280167,1785
789.175945,242.273792,198.324583,1794
789.199935,245.309750,201.810584,1795
789.359261,877.187501,833.819000,1787
789.384083,226.627333,183.471458,1798
789.394221,218.240750,177.352000,1799
789.502994,143.700958,101.848833,1801
789.541077,868.528792,826.183167,1790
789.597319,213.205416,169.632750,1802
789.672132,906.171001,862.808042,1793
789.714394,211.353917,168.669376,1804
789.812312,214.968834,172.424875,1806
789.840239,852.612542,810.863375,1796
789.893560,221.409417,179.903792,1807
790.000216,961.727375,918.609126,1797
790.092127,198.540708,157.560667,1811
790.114313,301.964542,260.881542,1809
790.167465,967.485459,924.865083,1800
790.307104,214.958041,173.154916,1813
790.348646,954.408584,910.663251,1803
790.383883,269.534125,227.005042,1814
790.478969,937.873417,894.478375,1805
790.505058,156.394584,112.240917,1817
790.526140,219.017751,176.831959,1816
790.596286,881.855334,841.024917,1808
790.613137,134.144500,92.355375,1819
790.689092,184.015417,140.842334,1820
790.722148,881.878084,839.444667,1810
790.749767,153.444375,112.116667,1822
790.904248,903.997208,863.198584,1812
790.913204,224.089250,183.225875,1824
790.939555,217.384417,172.720917,1825
791.065998,898.500168,855.431208,1815
791.070290,166.005584,124.491209,1827
791.133144,219.914333,174.465959,1828
791.248936,182.911458,141.251833,1830
791.263298,879.382292,834.327375,1818
791.309690,176.527459,134.929959,1832
791.416263,890.103667,844.446458,1821
791.423579,174.619375,132.167292,1833
791.485353,175.639041,132.943125,1835
791.574144,960.968458,916.895292,1823
791.611283,194.996375,152.555083,1836
791.694330,208.939208,167.200542,1838
791.767139,192.964042,152.392625,1839
791.778927,1029.131542,986.077167,1826
791.866024,926.436876,883.973709,1829
791.878208,183.841001,141.215667,1841
791.939172,170.984333,127.870459,1842
792.049368,979.041583,928.254833,1831
792.056437,190.351583,148.282750,1844
792.175915,236.721625,194.600875,1846
792.192140,928.805501,885.848834,1834
792.224234,174.836666,133.544542,1847
792.349899,173.952042,132.590792,1849
792.355870,932.257084,890.720542,1837
792.478485,285.258751,244.035750,1850
792.510649,899.327917,855.722584,1840
792.567030,217.098000,175.381792,1852
792.613204,134.686709,92.150042,1854
792.643139,864.171292,821.701709,1843
792.760988,193.935584,150.449834,1856
792.767792,154.555917,112.895125,1857
792.808294,930.062292,888.290667,1845
792.951062,190.019958,147.249375,1859
792.959165,902.701042,860.065792,1848
793.050038,282.226875,239.868125,1860
793.122135,897.880667,855.747376,1851
793.143659,192.562709,148.707125,1862
793.265417,909.522250,867.232917,1853
793.277151,227.096625,186.570126,1864
793.324855,202.701334,158.752708,1865
793.431343,920.663042,869.544375,1855
793.467284,201.835666,160.045958,1867
793.530752,205.860958,162.711500,1869
793.538136,894.971584,852.145000,1858
793.612834,181.463625,138.996667,1870
793.680289,871.960250,830.920126,1861
793.742574,211.801916,169.110667,1872
793.817307,204.437042,163.003167,1874
793.865867,906.683167,863.530208,1863
793.961127,218.529209,174.906667,1876
794.001632,857.943917,815.145918,1866
794.039540,221.152458,176.267000,1877
794.138460,177.300375,133.908250,1879
794.154206,877.035834,833.578084,1868
794.211831,210.180541,167.480541,1880
794.293398,826.092167,783.047708,1871
794.295386,156.909958,114.716584,1882
794.425355,212.445625,170.107875,1884
794.446827,908.666500,867.162917,1873
794.503121,209.687041,166.989958,1885
794.567493,887.173584,846.015334,1875
794.636232,210.844958,167.662542,1887
794.693909,190.755251,147.695042,1889
794.724185,858.287208,814.731167,1878
794.821137,184.888958,142.788333,1891
794.906574,866.996375,821.709875,1881
794.949966,256.032292,213.064541,1892
795.018959,197.802208,155.640625,1894
795.060138,905.894209,861.572251,1883
795.203296,253.291209,209.273459,1896
795.219451,924.046667,881.048876,1886
795.248117,229.135667,185.939833,1897
795.435663,988.806875,946.669501,1888
795.468933,265.603334,223.160292,1899
795.528996,309.521625,265.672167,1900
795.577101,1009.589000,967.229375,1890
795.662138,226.443584,184.452625,1902
795.723139,194.092209,153.058209,1904
795.736833,1012.627000,970.216333,1893
795.940504,261.846375,219.968583,1906
795.961413,1054.812792,1006.489167,1895
795.970916,238.470459,195.145417,1907
796.041331,142.705500,140.896292,1908
796.068943,1008.773792,965.690834,1898
796.171432,106.114458,104.917458,1910
796.215200,967.049417,923.535084,1901
796.237251,174.986000,172.647125,1909
796.297788,110.369000,108.988833,1912
796.346841,877.894209,835.402458,1903
796.477246,900.106667,857.780876,1905
796.537460,387.763542,386.319791,1911
796.613594,214.501000,213.543166,1914
796.659736,256.629042,255.905708,1915
796.680244,448.098292,447.524292,1913
796.803651,161.427875,159.913542,1917
796.829792,263.699042,262.012333,1916
796.925339,192.083792,189.238000,1918
796.966583,127.551375,126.915542,1920
796.990199,211.425667,210.693875,1919
797.166067,267.103375,265.484917,1921
797.228690,139.702791,139.125583,1923
797.288853,223.812167,223.250708,1922
797.374324,141.780333,139.932334,1924
797.394258,161.055417,159.378917,1925
797.536974,128.272958,126.466667,1928
797.540239,134.264375,131.395833,1927
797.557576,159.060125,158.592000,1926
797.651964,86.545959,86.061208,1929
797.796541,64.554875,63.827750,1930
798.079318,180.968083,177.064126,1931
798.211775,145.801833,143.621041,1932
798.373069,140.412125,139.163791,1933
798.393128,151.358667,150.446625,1934
798.525582,197.403208,194.661250,1935
798.551829,152.196041,151.715083,1936
798.644385,184.379417,183.419250,1937
798.703606,137.955417,137.433333,1938
798.729688,159.044084,157.578459,1939
798.859066,127.300542,125.668959,1942
798.887894,261.368917,258.051208,1940
798.996782,362.978584,362.190500,1941
799.020573,121.235625,118.995334,1943
799.137107,72.112542,71.801625,1944
799.278664,162.108042,160.635416,1945
799.283814,110.767125,109.484958,1946
799.359642,127.977208,126.097125,1947
799.502869,101.873333,101.276875,1949
799.553946,118.337334,115.818500,1950
799.567950,169.975459,169.213042,1948
799.667176,128.877000,127.365292,1951
799.682179,116.591709,114.414708,1952
799.841611,120.403208,118.781542,1953
799.858568,126.748708,125.583500,1954
800.045601,146.398875,145.718708,1956
800.094192,158.307042,157.743250,1957
800.120514,224.044042,223.514666,1955
800.221021,126.714875,124.131875,1960
800.313537,237.135500,235.121834,1959
800.326427,94.745875,92.332334,1962
800.364250,299.268667,297.198709,1958
800.464551,293.817417,293.136375,1961
800.533057,197.563333,195.910750,1964
800.565514,166.410709,165.727042,1965
800.644623,366.790375,365.617000,1963
800.750397,184.860958,142.801167,1967
800.800394,365.439666,364.436917,1966
800.871323,149.206458,147.456459,1968
800.980794,248.486584,247.546542,1969
801.000606,223.260333,222.839750,1970
801.065320,166.280042,163.585625,1972
801.193630,404.252334,402.943334,1971
801.201556,194.152000,191.280834,1975
801.271806,206.235750,203.865375,1976
801.351408,410.651209,410.099083,1973
801.413748,181.084167,180.390000,1978
801.480161,154.957250,153.827625,1980
801.525957,556.631250,554.957375,1974
801.684264,183.308417,181.768709,1982
801.713396,570.164292,568.599500,1977
801.714617,202.336167,201.431709,1983
801.873234,140.749000,139.979000,1986
801.873670,632.925126,632.545084,1979
802.013971,181.215709,180.722500,1987
802.017867,118.871958,116.975834,1988
802.049873,649.973625,647.171292,1981
802.127966,114.207917,113.383959,1990
802.229791,164.042958,163.366000,1991
802.246323,680.420125,677.772084,1984
802.327253,133.108500,132.290375,1994
802.376249,771.527167,770.175292,1985
802.441644,209.969375,168.225167,1996
802.526201,602.812000,601.172250,1989
802.558354,199.370500,155.353625,1998
802.640666,199.000667,157.006792,2000
802.683989,595.642542,594.373500,1992
802.766091,219.310000,176.214500,2001
802.847979,758.191000,756.892208,1993
802.938353,297.650208,255.281250,2003
803.001300,235.174333,193.253667,2005
803.042515,830.659667,828.837042,1995
803.047339,108.955001,68.108834,2007
803.182781,879.794417,878.387417,1997
803.245858,244.514667,201.678750,2008
803.260128,217.566709,174.778042,2009
803.416841,1017.989584,974.228792,1999
803.426773,180.877083,138.255833,2012
803.487092,226.925417,184.692959,2013
803.565218,1000.220667,956.339125,2002
803.664568,247.689750,204.540000,2014
803.679941,192.818792,150.186167,2016
803.705780,1021.706876,977.578876,2004
803.852506,1004.478125,961.297750,2006
803.902290,222.305416,180.365208,2019
803.919289,254.685958,211.424791,2018
804.027742,980.361375,938.039958,2010
804.085290,182.962500,141.583458,2022
804.149129,229.806500,187.172708,2023
804.177050,994.226917,951.763751,2011
804.239325,153.997375,111.642417,2025
804.282089,855.282458,812.186084,2015
804.367457,218.314834,174.760542,2026
804.433252,868.009334,824.972459,2017
804.475793,236.433751,191.246417,2028
804.616272,910.455875,868.676959,2020
804.632221,264.735917,222.624209,2030
804.688629,255.357666,213.038291,2031
804.761088,908.544001,865.951042,2021
804.825121,208.813209,166.553042,2033
804.871218,182.557959,138.966334,2035
804.990303,165.148083,123.797625,2037
805.018312,990.529751,947.996875,2024
805.055572,184.324875,141.280708,2038
805.205251,186.906125,144.937917,2040
805.206733,1029.647209,986.537418,2027
805.252814,262.469375,219.158626,2039
805.335337,1053.218251,1010.835292,2029
805.423913,218.644125,177.238250,2042
805.442286,966.468417,925.775667,2032
805.526331,273.477750,229.823416,2044
805.616755,984.504209,942.157126,2034
805.630853,206.911542,164.436417,2046
805.703454,177.091542,133.378875,2048
805.769081,1007.957126,964.602626,2036
805.778298,161.519750,118.232625,2049
805.933589,877.989875,834.691959,2041
805.970522,267.046209,225.717042,2051
806.008289,239.171625,197.752625,2052
806.122243,915.477792,874.418708,2043
806.166172,232.558375,191.053917,2054
806.189777,219.217542,176.664542,2055
806.273274,937.908709,897.014417,2045
806.350228,184.023584,142.668459,2058
806.400088,210.275333,166.851125,2059
806.450796,1008.477167,964.451834,2047
806.560368,210.116083,166.620417,2061
806.582627,951.751209,909.770168,2050
806.622636,222.516292,180.619542,2062
806.710845,932.508501,886.773125,2053
806.747761,187.359958,143.692792,2064
806.760130,177.464875,136.599167,2065
806.856107,847.783708,804.916000,2056
806.910045,199.163417,156.090958,2067
806.964400,216.622000,171.473167,2068
807.080754,958.489875,915.948250,2057
807.124276,159.854917,114.733209,2072
807.151304,241.222625,199.968709,2071
807.279292,1004.934292,963.832626,2060
807.313353,232.576458,190.194667,2073
807.337406,213.091959,169.378126,2074
807.473454,1022.638167,981.446667,2063
807.496891,217.501375,174.178958,2076
807.531359,217.975334,175.816958,2077
807.639137,1016.477876,973.279125,2066
807.652915,179.441500,138.480125,2079
807.725223,228.298000,187.320584,2080
807.817687,1057.531709,1014.196167,2069
807.932137,292.964584,250.413334,2082
807.983342,258.096708,215.797459,2084
807.988621,1132.494126,1089.098500,2070
808.207699,275.547125,234.484542,2086
808.219443,1068.109000,1024.183125,2075
808.248275,264.900125,220.710000,2087
808.392270,1054.826209,1010.528167,2078
808.438575,229.795417,186.203500,2089
808.441226,221.748917,180.326708,2090
808.523540,992.150251,949.844000,2081
808.657591,218.984209,175.757750,2093
808.694994,1042.060543,999.608751,2083
808.702053,260.790834,214.941125,2094
808.835863,178.250333,137.041625,2096
808.862785,1045.078709,1002.442001,2085
808.924524,229.478667,186.425750,2097
809.008261,172.361875,130.485541,2099
809.067040,1078.347667,1036.625334,2088
809.094227,169.666875,125.544708,2101
809.240248,991.946375,950.312417,2091
809.246265,237.970833,195.208708,2102
809.273311,206.236625,164.870708,2103
809.386219,993.906959,951.752084,2092
809.464188,223.910750,183.535625,2105
809.496272,249.985167,209.255666,2106
809.509139,985.583084,945.892209,2095
809.643319,941.236625,899.258208,2098
809.692624,228.403584,186.144875,2109
809.762159,265.856500,221.585875,2110
809.778368,915.552751,872.780417,2100
809.909276,815.009417,773.235459,2104
809.951340,258.685583,215.205667,2113
809.955053,192.864876,151.017417,2114
810.051857,778.519584,736.508501,2107
810.142434,187.347416,144.422834,2118
810.203744,252.367792,210.738208,2117
810.211202,824.956125,782.551000,2108
810.375136,865.972626,823.049209,2111
810.386185,243.713167,200.736375,2120
810.434382,230.602750,187.175333,2121
810.519118,875.774959,832.710375,2112
810.560295,185.124625,144.287792,2123
810.661589,142.440959,98.787208,2126
810.678288,243.870959,202.533333,2125
810.687740,909.351917,864.909500,2115
810.858806,949.491376,907.425167,2116
810.902073,223.751209,179.537750,2129
810.930382,268.757709,225.632167,2128
811.015262,963.381709,920.576417,2119
811.110732,180.316500,137.328042,2133
811.133105,231.004666,187.467583,2132
811.165223,953.990625,912.354917,2122
811.290629,179.877250,136.422125,2135
811.332216,946.005375,903.454709,2124
811.348295,215.164834,170.826833,2136
811.421241,860.907543,816.703418,2127
811.518779,228.111626,183.940750,2138
811.558547,226.312625,185.240126,2139
811.561873,874.104292,830.989834,2130
811.674215,155.405250,114.862125,2142
811.746623,887.785792,846.708625,2131
811.761663,203.096250,160.521083,2143
811.888910,214.674250,173.250291,2145
811.897149,881.846583,839.515250,2134
811.951285,204.638875,164.219417,2146
812.040163,874.920375,830.820376,2137
812.098143,209.202583,168.123084,2148
812.130891,179.574208,137.509750,2150
812.163514,815.194625,772.772584,2140
812.270294,849.012500,807.228333,2141
812.304577,173.664750,132.301167,2153
812.324076,225.908666,183.687000,2152
812.374127,812.236834,770.452667,2144
812.482229,211.898750,169.917417,2155
812.505310,200.695833,159.830709,2156
812.525361,763.678126,720.683542,2147
812.680307,198.052750,156.320208,2159
812.716231,819.043750,776.329750,2149
812.739424,234.079417,191.446500,2160
812.848804,808.615208,766.613167,2151
812.884353,204.009167,161.569917,2162
812.947309,231.041126,190.193209,2163
813.022536,858.978750,815.172750,2154
813.026385,177.557916,136.709125,2165
813.161268,837.155958,794.705334,2157
813.166288,218.936667,177.081333,2167
813.265299,242.722083,201.170083,2168
813.361686,987.539875,945.146417,2158
813.384397,223.092042,181.812458,2170
813.435845,170.511834,127.435291,2172
813.535081,1009.687001,968.194793,2161
813.572663,210.962500,169.235792,2173
813.614409,178.540541,135.701417,2175
813.684670,945.226917,902.805167,2164
813.778253,243.150250,202.479667,2176
813.800845,228.162667,186.107250,2177
813.836150,951.773667,909.376417,2166
813.919635,141.347208,99.187375,2180
813.965288,164.423875,120.987417,2181
813.968703,942.278459,898.834125,2169
814.063327,897.001292,854.507792,2171
814.074038,154.364875,111.995916,2183
814.182283,216.971417,175.151667,2184
814.230256,845.822250,803.083459,2174
814.276622,213.271626,172.386667,2186
814.400289,785.842751,744.970917,2178
814.415975,233.657958,191.531375,2188
814.520427,243.783167,200.396875,2190
814.542660,857.949459,814.720375,2179
814.638289,237.962667,195.087083,2191
814.710297,874.118584,833.399875,2182
814.738131,217.665000,174.641250,2193
814.864239,225.916542,185.297292,2195
814.872285,903.541917,862.595709,2185
814.893557,182.189584,138.758375,2196
815.020369,946.312792,904.282167,2187
815.030607,166.350625,123.849542,2198
815.092932,220.616959,178.219708,2199
815.142341,912.044292,868.714000,2189
815.219823,199.417750,157.589250,2201
815.297085,204.114750,160.269083,2203
815.327462,911.463000,868.275626,2192
815.440335,220.471416,178.749375,2205
815.455963,913.265792,869.917125,2194
815.492193,195.074250,152.517167,2206
815.627360,171.376625,130.154500,2209
815.638494,900.339125,858.877542,2197
815.669275,228.909625,187.574334,2208
815.772915,879.342625,836.637959,2200
815.863335,235.939375,194.797458,2211
815.887244,248.728375,207.409709,2212
815.940828,910.198334,867.638334,2202
816.028211,164.844166,123.024417,2215
816.058079,170.815459,126.778750,2216
816.104195,961.818959,920.009708,2204
816.186800,158.571000,115.068917,2218
816.250666,923.168167,875.328417,2207
816.256949,198.852792,155.797541,2219
816.383280,889.593834,848.425959,2210
816.458169,271.343917,229.569084,2221
816.480380,228.642750,186.785375,2222
816.523265,853.959167,811.209000,2213
816.637364,179.160042,136.086709,2225
816.713482,233.060625,192.076792,2226
816.725150,201.859875,159.599125,2227
816.821657,184.254000,143.145625,2228
816.880408,939.542333,896.527042,2217
816.974490,260.975751,218.337875,2229
816.998550,894.319709,849.940292,2220
817.044822,223.131126,179.712751,2231
817.087428,830.458709,787.862834,2223
817.227110,252.602292,210.071750,2233
817.242081,858.771959,815.033042,2224
817.290692,245.853125,195.972875,2235
817.450298,223.150375,182.132708,2237
817.452655,1679.721459,1637.622876,2214
817.473913,183.194083,141.133709,2239
817.579950,854.779042,809.742209,2230
817.636319,185.981250,144.722958,2240
817.708432,827.980418,785.818251,2232
817.710690,258.001042,216.197625,2241
817.854526,855.955917,812.155167,2234
817.870609,234.255000,191.697917,2244
817.912779,204.309000,160.755875,2245
818.039504,952.038792,910.906209,2236
818.096909,226.276750,184.215791,2248
818.109819,255.260541,211.679709,2247
818.145360,903.253458,860.783875,2238
818.292237,195.292709,153.157958,2251
818.302378,192.534417,150.661875,2252
818.330355,856.402751,814.465459,2242
818.462263,170.001417,128.968875,2254
818.490541,188.127334,144.626125,2255
818.520904,940.931542,898.329834,2243
818.693497,231.204750,188.909292,2257
818.695101,984.378792,942.293917,2246
818.707168,216.602750,170.593792,2258
818.828748,915.933376,873.392626,2249
818.912288,217.158375,175.819292,2261
818.939709,246.176583,203.881708,2260
818.996200,956.664625,909.031667,2250
819.108596,196.268625,152.690709,2264
819.153382,1007.997375,966.416209,2253
819.177764,238.017792,194.368126,2265
819.320268,211.636250,171.031583,2267
819.324130,170.722417,126.089250,2268
819.337868,1007.478208,964.017251,2256
819.498500,174.352791,133.988458,2271
819.520609,999.664751,957.552459,2259
819.564237,243.931625,202.457500,2270
819.655057,947.856292,906.495333,2262
819.733168,168.902709,126.146125,2275
819.753278,254.753626,212.099416,2273
819.775346,946.572376,903.975042,2263
819.929262,196.062125,153.601875,2277
819.932192,935.960667,891.557917,2266
819.949739,196.430792,152.503167,2278
820.082076,904.276625,860.283959,2269
820.137167,204.955041,161.839125,2281
820.158302,229.002959,186.459583,2280
820.251986,914.099084,870.674292,2272
820.321292,184.090959,142.318459,2284
820.384764,226.443291,184.271791,2285
820.411095,890.452792,848.361208,2274
820.516565,195.235833,152.763625,2287
820.519153,134.372000,92.327667,2288
820.568466,913.391209,871.369917,2276
820.723730,204.558375,164.232250,2291
820.758709,242.110750,200.505375,2290
820.773840,998.472709,957.138292,2279
820.912063,153.323625,151.893000,2294
820.955955,1006.173875,961.626751,2282
821.015083,291.328041,249.715375,2293
821.065515,153.423084,151.605125,2296
821.114721,1032.626584,990.470833,2283
821.265088,249.970292,207.382875,2298
821.281245,215.698584,173.892251,2299
821.310652,1058.643251,1014.447001,2286
821.415366,134.108333,91.470459,2302
821.439276,1028.144834,984.698751,2289
821.565321,300.197041,257.051084,2301
821.580459,165.077208,124.596791,2304
821.600803,1032.303417,988.481375,2292
821.806251,1032.374000,991.015667,2295
821.820795,255.440792,213.326167,2306
821.840228,259.750751,218.927333,2307
821.966083,158.787125,115.729542,2309
822.001778,1045.788043,1002.648500,2297
822.004354,183.522500,141.047084,2310
822.164145,198.043417,156.002875,2312
822.177936,1063.173125,1020.709375,2300
822.213291,211.475833,170.683041,2313
822.317136,1006.448625,965.075125,2303
822.344993,180.827792,138.757791,2315
822.381741,203.768833,202.998542,2316
822.464195,1024.889542,982.864750,2305
822.500695,183.534750,142.266250,2318
822.531187,149.415292,147.457625,2320
822.609289,1008.467834,967.775668,2308
822.704389,240.163584,196.492334,2321
822.737452,206.242458,163.530792,2323
822.770325,930.077750,885.392667,2311
822.896025,191.582125,148.614375,2325
822.949130,944.744500,903.467250,2314
822.979658,242.172000,198.279958,2326
823.083289,869.967875,827.983333,2317
823.087683,191.616834,148.050875,2328
823.170245,825.210750,783.998542,2319
823.172636,223.483750,180.667083,2329
823.296567,213.253250,169.315709,2331
823.315280,814.548876,772.265375,2322
823.378908,208.639084,167.154459,2333
823.489291,192.701834,151.534250,2335
823.502352,893.031417,850.644376,2324
823.572515,193.566625,150.514000,2337
823.663850,174.520500,130.808708,2338
823.686538,916.195000,874.322167,2327
823.761760,189.210875,147.193667,2340
823.821200,157.313333,116.235584,2341
823.827168,847.471917,804.998834,2330
823.954326,192.542876,149.200917,2343
823.973749,886.029668,842.769376,2332
824.110338,289.096500,246.624292,2344
824.235085,1062.409543,1018.156417,2334
824.240070,285.707625,243.159000,2346
824.308915,198.553542,157.325875,2348
824.362083,1046.764251,1041.128958,2336
824.457744,148.810375,107.614500,2351
824.496635,261.515041,219.923083,2349
824.554171,1051.788208,1007.887709,2339
824.660182,202.420750,160.299125,2353
824.666986,170.311167,127.208667,2354
824.686288,999.726584,957.708501,2342
824.817152,156.948750,115.133084,2356
824.840151,1012.953668,970.749500,2345
824.894774,227.732167,186.377625,2357
825.031967,214.775750,172.198250,2359
825.047443,1073.665834,1032.276876,2347
825.134427,239.618458,196.658875,2361
825.180443,940.343251,939.649083,2350
825.190294,158.290708,115.115292,2362
825.304149,123.685625,123.151583,2365
825.365045,230.580584,188.130542,2364
825.382927,1020.813793,1013.853167,2352
825.569139,264.954375,218.539709,2367
825.584660,1030.456000,988.265834,2355
825.590606,225.521625,183.998208,2368
825.815458,1129.129750,1085.617459,2358
825.838896,269.723125,228.039000,2370
825.870685,286.001625,243.506959,2371
825.944931,1104.742625,1063.225917,2360
825.978649,139.713584,97.550833,2374
826.064470,248.974834,207.529583,2373
826.134671,1087.188375,1044.372292,2363
826.161413,216.458084,175.833000,2376
826.260242,195.742167,153.845708,2378
826.295531,1105.213667,1063.162625,2366
826.353610,218.908083,175.484166,2379
826.383133,122.871875,82.037666,2381
826.475078,1092.120458,1039.140375,2369
826.555371,201.724833,159.872417,2383
826.618308,235.150417,190.713833,2384
826.637915,1047.281376,1005.728500,2372
826.756348,885.625126,843.448376,2375
826.795821,177.477125,133.511584,2387
826.829424,274.025208,230.211625,2386
826.887566,908.890793,866.967209,2377
826.962216,205.839375,164.971625,2389
826.996476,200.622917,157.332584,2390
827.019833,858.391333,815.605875,2380
827.113496,817.940959,816.163251,2382
827.182654,220.412792,178.736833,2393
827.197879,201.386500,159.550417,2394
827.264320,789.219959,746.725875,2385
827.360376,162.478167,120.422166,2398
827.403816,221.125916,177.355500,2397
827.420698,782.767709,740.640542,2388
827.547318,186.911959,145.567333,2400
827.620634,791.190750,747.786376,2391
827.674960,271.111458,228.512667,2401
827.720207,172.851875,130.235875,2403
827.782127,894.540500,851.463375,2392
827.838252,163.268291,119.165375,2405
827.964065,243.821084,199.616958,2406
827.965614,945.756584,900.174625,2395
828.009133,170.845500,130.146917,2408
828.058631,945.097709,943.438417,2396
828.178238,214.139334,171.769792,2409
828.187532,178.381583,137.435375,2411
828.218160,953.801918,912.204417,2399
828.392977,214.707500,171.619292,2413
828.399713,212.162125,169.180375,2414
828.415730,995.015000,952.011959,2402
828.551566,930.917458,888.847458,2404
828.610241,210.504292,168.002333,2417
828.662272,269.269583,225.393584,2416
828.730311,947.107583,905.647167,2407
828.772919,162.647916,119.041709,2420
828.840801,178.494167,135.548875,2421
828.878329,912.680417,870.469834,2410
828.937701,207.365083,165.876667,2422
829.039354,980.685417,937.034584,2412
829.071241,230.421333,188.133166,2424
829.170132,232.416333,190.962625,2426
829.256232,1038.037584,996.991042,2415
829.309596,269.172750,226.534583,2427
829.348151,177.999791,137.001375,2429
829.384911,969.157001,926.009876,2418
829.465651,914.060876,871.325876,2419
829.495824,186.205250,143.203083,2431
829.524965,176.792584,131.790166,2432
829.634473,168.789542,127.315708,2434
829.650143,877.193042,834.504125,2423
829.763252,267.402042,226.596709,2435
829.795296,916.933792,874.680042,2425
829.895295,260.783541,220.001250,2437
829.916045,844.785084,802.088875,2428
829.951141,187.868333,144.982250,2439
830.031291,135.960417,91.308875,2441
830.060131,803.881458,762.862042,2430
830.104161,188.099916,147.162459,2442
830.197246,812.316459,770.145542,2433
830.232820,201.506376,159.063333,2444
830.383230,857.189667,811.078334,2436
830.416199,218.918292,176.796084,2447
830.425292,321.113917,277.407375,2446
830.516058,865.882209,822.930209,2438
830.591212,207.947833,166.082291,2449
830.617621,201.397000,158.053875,2450
830.647851,852.515417,809.873751,2440
830.790198,172.541250,131.926667,2454
830.794122,202.889167,160.400625,2453
830.808151,856.991042,814.160375,2443
830.927949,137.734626,94.700375,2456
830.942966,882.813751,840.873542,2445
830.974931,180.774709,137.994208,2457
831.058723,825.867583,782.919375,2448
831.115527,187.556542,144.571875,2459
831.203349,260.351292,219.040208,2460
831.220291,794.974834,754.288792,2451
831.247938,132.372916,89.582500,2463
831.388039,871.966959,868.971834,2452
831.415318,211.932292,169.542917,2464
831.510264,122.208916,119.215250,2467
831.511730,291.407084,250.175917,2465
831.576767,928.897667,885.052001,2455
831.687236,879.062334,838.246792,2458
831.777257,265.497167,224.526459,2470
831.780975,270.692625,227.867208,2469
831.867674,892.718167,849.615959,2461
831.975386,198.093000,156.545958,2473
831.983201,202.194125,158.765542,2474
832.018912,960.155292,916.463333,2462
832.189893,941.921459,900.056209,2466
832.214453,231.220208,190.080333,2477
832.239285,263.862084,222.599416,2476
832.386600,971.248542,925.378125,2468
832.388345,198.432209,157.737417,2479
832.480621,266.151959,223.739542,2480
832.516657,939.851209,895.825875,2471
832.560992,174.345791,132.216000,2482
832.643301,162.649959,119.697375,2484
832.661334,974.076542,931.469584,2472
832.685086,124.065375,82.175042,2486
832.836048,968.291042,926.272958,2475
832.836162,192.827250,151.298000,2487
832.864227,202.865542,161.003208,2488
833.005315,986.386042,944.351042,2478
833.010662,174.491042,133.197458,2491
833.044900,208.818751,167.292125,2490
833.174692,935.370042,892.129001,2481
833.228254,217.568458,174.224458,2494
833.304701,299.352083,257.976542,2493
833.357088,968.727958,925.668626,2483
833.434234,205.945833,165.183667,2497
833.587183,1070.492792,1029.889001,2485
833.613917,179.662875,135.582708,2500
833.626940,322.207958,279.197333,2498
833.750460,1065.357418,1021.696667,2489
833.808086,194.146167,152.229000,2502
833.841037,253.830792,211.645584,2501
833.894464,1030.213334,988.286542,2492
834.062050,220.923500,177.187500,2506
834.063255,1018.337833,977.179583,2495
834.101749,293.631042,250.515125,2505
834.273526,211.456292,170.427250,2508
834.277135,1102.402584,1059.004625,2496
834.294661,231.378583,189.571084,2509
834.495877,1138.765542,1096.419918,2499
834.545892,272.331792,228.781876,2511
834.562139,284.976709,242.392209,2512
834.600142,973.184918,932.604167,2503
834.733997,983.521292,940.861542,2504
834.747491,201.566167,159.623334,2515
834.804775,242.604250,199.324416,2516
834.925424,1030.929376,988.957959,2507
834.983103,249.075166,206.979500,2518
835.016554,211.754083,170.012792,2520
835.123065,1021.290084,978.999583,2510
835.157217,174.078334,128.700250,2522
835.203260,186.667250,144.944042,2523
835.258310,963.612125,922.385042,2513
835.317779,821.879625,821.240000,2514
835.329948,206.846209,164.091375,2524
835.409326,206.024583,163.935333,2526
835.467441,149.645417,146.178375,2528
835.520745,920.585750,879.101417,2517
835.559412,150.061041,108.034500,2530
835.677797,157.021083,154.575167,2532
835.692117,944.606834,902.984542,2519
835.692418,224.951708,181.380208,2531
835.824817,146.998542,145.704126,2534
835.892492,200.059709,157.447792,2536
835.906869,981.409042,939.578792,2521
835.998881,174.027583,132.322458,2537
836.056233,898.986667,856.840542,2525
836.110334,217.807916,175.305667,2538
836.211314,952.968334,910.020417,2527
836.271746,272.839292,230.564541,2540
836.304894,194.542542,152.754875,2542
836.326837,996.850751,953.610292,2529
836.435325,163.555875,120.892917,2544
836.450838,891.403917,849.065584,2533
836.524549,219.633751,178.374875,2545
836.604587,912.453793,870.109626,2535
836.642707,207.347292,165.893584,2547
836.725259,818.370292,777.305958,2539
836.750805,225.164334,181.496000,2549
836.755576,150.967250,106.726375,2550
836.894987,838.717250,796.127500,2541
836.914506,189.212042,147.111416,2552
836.941690,190.844208,148.710625,2553
837.027165,815.815875,773.299917,2543
837.058760,163.718625,121.814875,2555
837.110937,196.414167,154.066209,2556
837.192216,165.033458,124.535250,2558
837.202233,875.367209,832.630459,2546
837.303168,852.291418,806.590459,2548
837.348669,237.706292,195.442625,2560
837.413086,220.851167,179.285167,2561
837.417210,774.484084,731.437292,2551
837.572424,223.724958,182.351750,2564
837.582283,826.676959,782.360834,2554
837.668105,254.996875,210.702042,2565
837.709617,767.887167,724.824333,2557
837.793580,221.119500,179.301500,2567
837.845223,786.444167,745.013501,2559
837.907153,239.011792,192.374875,2569
837.993878,791.623000,749.375375,2562
838.074716,281.105709,240.405084,2571
838.101284,194.089875,153.371750,2573
838.109532,806.325042,765.265083,2563
838.209530,134.794625,92.837792,2575
838.231570,814.343542,771.490417,2566
838.276604,175.288458,131.119334,2576
838.399093,816.783917,774.491084,2568
838.430420,220.867209,178.379250,2578
838.549158,272.515833,229.579583,2580
838.556401,846.746542,804.056167,2570
838.580272,181.143667,139.762583,2581
838.712050,866.803292,823.730251,2572
838.722580,173.388250,127.119417,2583
838.772126,215.680792,173.130417,2584
838.879473,885.567959,843.260251,2574
838.908716,196.635833,152.130125,2586
839.032336,260.171042,217.435458,2588
839.033220,923.659042,881.092625,2577
839.077515,198.021542,155.962042,2589
839.175345,943.752251,901.167167,2579
839.261254,183.705083,140.378000,2593
839.264011,231.635541,188.740417,2591
839.293145,862.687584,818.076000,2582
839.433033,852.723668,800.762375,2585
839.458430,197.159667,155.382209,2595
839.473546,209.521084,167.735167,2596
839.568271,845.653375,803.438709,2587
839.642858,209.789708,167.837250,2598
839.728012,269.554833,226.289000,2599
839.737281,828.534000,787.343084,2590
839.861376,828.143167,784.999250,2592
839.904037,261.143750,219.192750,2602
839.929301,201.266625,159.862208,2603
839.998033,822.651084,780.341042,2594
840.057996,153.924167,110.807667,2606
840.124125,194.793084,152.793959,2607
840.159209,866.023376,823.801126,2597
840.236432,178.393834,136.080875,2609
840.320025,846.435333,802.731417,2600
840.348653,224.507791,182.205917,2610
840.425919,189.470750,147.426708,2612
840.442783,874.490459,831.558875,2601
840.525225,205.168833,162.437917,2613
840.563159,825.852417,782.130417,2604
840.641192,215.250292,174.627250,2615
840.701332,176.081500,134.981291,2617
840.721423,860.008626,817.658917,2605
840.845050,846.993875,800.729708,2608
840.851353,210.121917,167.183042,2619
840.938366,236.995500,194.889334,2620
840.998199,838.951167,797.526917,2611
841.049363,204.281291,161.936833,2622
841.129725,781.050667,738.688126,2614
841.196537,258.131709,214.685625,2624
841.275307,225.919750,184.903250,2626
841.292290,849.482667,808.752000,2616
841.489034,213.694542,172.070500,2629
841.507074,310.503667,266.403375,2628
841.509249,946.072750,904.216251,2618
841.662799,941.336667,899.873917,2621
841.735437,246.387750,203.950834,2631
841.753372,246.276625,203.601125,2632
841.779040,927.651959,882.522958,2623
841.950513,952.287292,910.246459,2625
841.967808,232.354208,190.390375,2635
842.015821,262.409583,219.064708,2636
842.098132,968.374750,927.285917,2627
842.194226,243.690126,200.584126,2638
842.207856,191.997459,150.625709,2640
842.246957,954.629376,911.211293,2630
842.432073,224.191916,181.202000,2643
842.445742,251.482583,208.540791,2642
842.448985,939.705667,896.483584,2633
842.586841,924.004958,880.644625,2634
842.612942,180.851417,139.004541,2645
842.620500,174.734291,131.716958,2646
842.707398,928.336209,885.083209,2637
842.765066,178.189083,134.343416,2648
842.824528,856.696459,815.315375,2639
842.884480,271.518917,230.909875,2649
842.965148,867.000459,823.755334,2641
843.028294,263.196209,221.187750,2652
843.068348,183.830208,140.475125,2654
843.085064,838.075584,795.003709,2644
843.218426,769.423959,728.304500,2647
843.291069,262.760750,219.831208,2656
843.326598,258.213958,215.068875,2657
843.363328,742.788084,700.604334,2650
843.542715,835.276459,793.270917,2651
843.565872,274.780333,232.635375,2660
843.617437,290.803626,246.939583,2661
843.684240,859.679917,818.825875,2653
843.802524,259.773208,214.651500,2663
843.839976,222.513375,180.020750,2665
843.865407,900.235875,858.855084,2655
843.976303,891.221625,851.077500,2658
844.071596,269.040333,226.718625,2667
844.127260,908.815834,867.927375,2659
844.140291,265.972000,223.988625,2668
844.202771,140.205917,139.766375,2670
844.242541,879.181334,836.772126,2662
844.383053,817.142959,773.913001,2664
844.400901,167.430958,166.123125,2672
844.489232,208.650750,207.209917,2673
844.495164,810.901292,770.403084,2666
844.647916,748.529834,704.867626,2669
844.711265,144.851584,143.120833,2675
844.763482,691.866292,649.661542,2671
844.771069,133.294583,132.632792,2676
844.802425,403.513833,402.381583,2674
844.883799,149.869708,146.917167,2677
844.892908,117.412750,115.027792,2678
845.008316,110.012584,107.750708,2679
845.181638,115.221458,114.641917,2680
845.352720,157.278917,156.003167,2681
845.389495,157.823458,156.636375,2682
845.490292,171.677334,171.029542,2683
845.569379,170.538375,168.622709,2684
845.618961,183.932583,182.675792,2685
845.691025,124.373667,122.057833,2687
845.720181,192.428833,190.069250,2686
845.810679,136.646417,134.223542,2688
845.864791,133.114917,131.525625,2689
846.041268,142.332750,141.148000,2690
846.109603,126.992250,124.316792,2691
846.215905,150.866916,149.341208,2692
846.359486,126.728292,126.183751,2693
846.498107,160.956542,158.528708,2694
846.530244,130.503042,130.052125,2695
846.641813,205.218417,203.056000,2696
846.676632,212.600500,211.964959,2697
846.683180,163.861833,162.730166,2698
846.812989,247.225125,246.244250,2699
846.897643,165.081583,164.533833,2701
846.948997,335.463333,334.522125,2700
847.041783,143.427376,142.762376,2702
847.216832,173.701791,172.362750,2704
847.229057,193.221875,191.760917,2703
847.237317,172.061750,170.697916,2705
847.378834,147.134750,144.370041,2706
847.512563,166.252041,164.509333,2707
847.541662,141.611750,139.254500,2708
847.731750,165.913126,164.047333,2709
847.896222,162.966708,160.653791,2710
848.048649,149.154833,147.909708,2711
848.102869,143.456542,142.779583,2713
848.120906,174.622583,171.392958,2712
848.199905,134.136625,133.001750,2714
848.243345,136.705625,136.153792,2715
848.319694,128.170000,127.387458,2716
848.352419,120.750875,118.981333,2717
848.509020,109.391917,107.248750,2718
848.745152,179.569833,178.100125,2719
848.813161,133.506333,132.162916,2720
848.913980,146.835208,146.197042,2722
848.931746,199.409291,197.823500,2721
849.030273,131.358792,129.803042,2723
849.188861,122.532667,120.278667,2724
849.373626,176.768375,176.239000,2725
849.377512,144.992167,143.360000,2726
849.526044,126.830666,124.450375,2727
849.629263,147.492917,145.393791,2728
849.691134,122.234583,120.500917,2730
849.708387,142.457584,141.540583,2729
849.872953,180.338084,179.741042,2731
849.920677,189.017500,188.319834,2732
850.052480,170.312917,168.773500,2734
850.087019,266.402208,263.081584,2733
850.120563,225.701583,225.018500,2735
850.221408,159.913250,158.895333,2737
850.256053,357.183458,356.125000,2736
850.362777,297.265500,296.056833,2738
850.426158,192.229042,190.887084,2740
850.429048,208.063333,206.516625,2739
850.517135,118.557250,118.021167,2741
850.544602,116.337084,114.340917,2743
850.610249,183.319208,182.332792,2742
850.663272,196.360209,193.989833,2744
850.677793,112.816083,111.124125,2745
850.841291,131.125750,129.575542,2746
850.864320,130.896209,128.561417,2747
851.041218,142.868542,141.835750,2748
851.134301,162.806291,162.382500,2749
851.197571,131.814084,129.378084,2750
851.389870,175.739375,174.993000,2751
851.424177,191.392833,189.474250,2752
851.501042,227.060750,226.508625,2753
851.574783,176.433834,175.368083,2754
851.717494,152.243292,151.041333,2755
851.852802,120.736583,120.182417,2756
852.050098,150.578750,150.123166,2758
852.072691,202.130542,200.715959,2757
852.169247,190.334958,189.257250,2759
852.220323,154.406583,152.733000,2761
852.239679,219.043125,217.950250,2760
852.336406,261.941750,261.100875,2762
852.345666,113.953291,113.199041,2763
852.474480,76.146875,74.717708,2764
852.497343,89.896625,88.389291,2765
852.673365,108.323542,107.756834,2767
852.703779,152.664750,152.060417,2766
852.863296,129.943917,129.325291,2768
853.041857,141.744459,140.261917,2769
853.207891,141.978083,141.445792,2770
853.361318,129.228751,127.899333,2771
853.485262,115.269292,114.580666,2772
853.560323,161.246458,159.350916,2773
853.701239,181.151542,178.873916,2774
853.742693,177.474792,176.704500,2775
853.793344,109.710125,109.021791,2777
853.826142,182.891334,180.602042,2776
853.933564,243.019292,241.128125,2778
854.028402,126.838834,124.662417,2781
854.096297,197.010042,195.270542,2780
854.120409,387.032042,382.746583,2779
854.199639,169.201666,168.787792,2783
854.238681,263.295667,259.928083,2782
854.361639,296.583000,295.140417,2784
854.375078,144.829125,143.513417,2785
854.396554,164.866333,163.912000,2786
854.485474,142.588542,141.062541,2787
854.575479,177.150458,174.742166,2788
854.608399,209.399750,206.299916,2789
854.672785,115.694834,114.094167,2790
854.838868,273.544542,272.761709,2791
854.863632,152.658625,152.076750,2793
854.875760,142.639875,141.037458,2794
854.989169,420.763292,419.570958,2792
855.049270,150.094000,148.264667,2796
855.107760,167.325084,165.547083,2797
855.165190,342.575916,342.057916,2795
855.224701,159.655417,158.285167,2798
855.350412,115.850875,115.444000,2799
855.379714,128.084542,127.148000,2800
855.559793,160.910750,159.721042,2801
855.602275,182.499042,179.750083,2802
855.703045,136.640875,135.870583,2803
855.816835,84.746375,83.749167,2804
855.874561,128.897125,127.193208,2805
856.010377,111.483458,108.299333,2806
856.242872,176.655792,174.799625,2807
856.260574,152.534084,152.148791,2808
856.344876,112.139417,110.248541,2809
856.386142,121.200916,119.621250,2810
856.552411,194.268083,193.746000,2811
856.573184,164.977167,163.103500,2813
856.596680,197.777417,196.615708,2812
856.731094,165.237917,161.661792,2814
856.800420,103.449208,102.517334,2815
856.826106,93.843751,92.815917,2816
857.073633,175.268334,172.832917,2817
857.123514,183.111542,181.048583,2818
857.133492,187.028625,185.277167,2819
857.235895,247.249334,246.868125,2820
857.299552,159.205083,158.470667,2824
857.306186,169.831083,166.295208,2823
857.374224,308.956958,307.225916,2821
857.516574,211.229375,167.647959,2829
857.531237,449.688750,449.252126,2822
857.591230,192.133375,191.339750,2830
857.665261,148.649375,106.247458,2832
857.700367,467.651917,467.228125,2825
857.844513,605.787000,602.026250,2826
857.875503,142.295417,139.881583,2835
857.916487,219.987542,216.956833,2834
857.945758,701.061667,698.761292,2827
858.040712,776.893834,735.779917,2828
858.109971,211.637417,209.642417,2836
858.147518,149.050708,147.284667,2838
858.190998,160.425125,159.520667,2839
858.368955,137.260083,136.551334,2842
858.387798,822.602375,778.341375,2833
858.427152,525.478917,523.473417,2837
858.515452,116.818625,114.400708,2843
858.571222,1148.756293,1147.566584,2831
858.683710,167.848333,166.728917,2844
858.696058,130.602208,130.189500,2845
858.712532,649.274209,648.621458,2840
858.828185,96.273042,94.994083,2850
858.853835,149.134708,147.425250,2849
858.867170,801.341042,760.606584,2841
858.977411,351.674167,349.064042,2846
859.036874,138.523875,137.266792,2852
859.134511,502.805334,501.373834,2847
859.227136,160.393042,159.037667,2853
859.255726,587.801083,587.097875,2848
859.306147,117.456209,116.944042,2854
859.358881,127.131375,125.560458,2855
859.395862,609.821917,608.321875,2851
859.517677,147.013708,145.730375,2856
859.527221,127.453084,126.585667,2857
859.752851,186.431875,184.697042,2858
859.856955,138.157834,136.743250,2859
859.902213,163.327500,161.658000,2861
859.947686,215.999583,212.649208,2860
860.014571,228.347000,226.826250,2862
860.044202,171.273375,170.311458,2864
860.125948,113.008875,112.116958,2866
860.201910,136.913000,131.277416,2867
860.227898,328.505917,326.543583,2865
860.376835,524.979292,523.842959,2863
860.376978,214.349626,213.895209,2868
860.419365,186.967667,186.347584,2870
860.564836,374.797500,370.440583,2869
860.586185,187.345959,185.528875,2872
860.614989,194.331667,192.633583,2873
860.737781,450.806417,448.839417,2871
860.829581,214.562833,173.055458,2878
860.858630,125.426875,124.769458,2879
860.929811,496.846291,496.249250,2874
861.065102,165.790625,164.373126,2880
861.107238,163.703459,162.136334,2881
861.126590,664.304084,663.368417,2875
861.244356,179.371500,178.726334,2882
861.254838,147.242666,146.645042,2884
861.281148,783.220667,782.360542,2876
861.353211,108.817041,66.258500,2888
861.447688,881.889459,881.436792,2877
861.522386,123.005459,121.771709,2889
861.560086,479.494750,478.956625,2883
861.713299,595.795083,594.353958,2885
861.776556,208.585417,207.755333,2891
861.795933,229.966625,228.530459,2890
861.888203,758.745167,716.674001,2886
862.025217,828.649501,827.234625,2887
862.074545,176.019375,172.632833,2894
862.152772,161.711375,160.730500,2895
862.178058,591.727792,589.077126,2892
862.258046,165.942291,165.171417,2899
862.320140,139.164958,137.242875,2900
862.323843,592.153042,590.552375,2893
862.483143,459.869084,458.600333,2896
862.550291,151.350209,150.483084,2902
862.638264,576.785709,574.878500,2897
862.665769,99.475250,98.791000,2904
862.709439,177.906750,177.213167,2903
862.811247,745.784959,744.193042,2898
862.880791,166.411583,161.303334,2906
862.893819,161.512750,159.581917,2907
862.937405,705.077625,702.736417,2901
863.047153,147.174416,145.742625,2909
863.079801,491.427417,490.750458,2905
863.149565,247.595542,246.253000,2910
863.274050,516.876500,515.138750,2908
863.327292,262.236042,260.200791,2911
863.394411,182.496709,180.849084,2912
863.457906,225.918583,225.184167,2913
863.566578,168.091000,166.801250,2915
863.596102,224.945292,224.361375,2914
863.640995,236.481583,233.464875,2916
863.722366,155.828166,154.335708,2920
863.730433,284.951917,284.184542,2917
863.832605,334.447459,333.561958,2918
863.902769,170.940292,169.183875,2921
863.947872,439.922001,439.278292,2919
864.073394,245.991375,243.734750,2922
864.088709,190.349250,187.968958,2923
864.169360,211.508791,210.533167,2924
864.226912,154.322583,152.453583,2929
864.244159,233.588250,231.877334,2925
864.338047,105.742583,105.347666,2932
864.344576,308.362250,305.264750,2926
864.499589,147.032083,146.614417,2933
864.526378,461.334417,457.294542,2927
864.552078,190.187667,189.575751,2934
864.684177,613.818042,611.834709,2928
864.704910,193.639250,192.864292,2936
864.760843,195.341709,152.592417,2938
864.841346,747.940083,705.362876,2930
864.901593,176.628667,174.316333,2940
864.903243,171.299041,127.338750,2941
864.961469,848.635084,806.502084,2931
865.014286,615.934667,609.509834,2935
865.117170,215.556250,173.588334,2944
865.139941,614.614875,572.829833,2937
865.155095,251.825000,208.185542,2945
865.215717,594.677417,587.969083,2939
865.261824,144.623792,101.250042,2948
865.364288,224.307417,182.596167,2949
865.416422,655.544750,614.277125,2942
865.435065,173.217041,129.841833,2952
865.568487,204.168125,159.621000,2953
865.615175,773.793125,731.008542,2943
865.651137,234.696875,193.118334,2954
865.734439,165.922167,124.301334,2956
865.765335,765.671959,722.679126,2946
865.807974,192.777083,149.265083,2957
865.955149,933.339168,891.940876,2947
865.966300,231.844084,187.843834,2959
865.970434,205.069375,162.787333,2960
866.068138,913.026334,871.253250,2950
866.125187,170.021250,129.385083,2962
866.152261,185.937208,144.074000,2963
866.191293,975.551208,934.938667,2951
866.345758,220.550459,177.795041,2966
866.359582,207.294500,165.137291,2967
866.367268,932.173667,889.792167,2955
866.520819,175.029167,131.121667,2969
866.527875,876.715875,834.731042,2958
866.550842,191.240291,149.055084,2970
866.680478,152.567334,111.897625,2973
866.749126,941.098667,900.129126,2961
866.762733,241.877126,198.950500,2972
866.897510,216.989792,176.271666,2975
866.902902,932.443750,889.389667,2964
866.970354,221.209917,178.481333,2976
867.059583,991.426334,945.080792,2965
867.107288,209.741584,167.202292,2978
867.165128,194.755750,153.634833,2980
867.215954,1016.553125,973.754834,2968
867.296149,188.830834,146.423667,2982
867.376964,977.743376,934.424459,2971
867.391306,226.153083,184.124792,2983
867.494302,198.129750,155.066916,2985
867.528488,963.470959,920.883834,2974
867.591321,214.334167,173.330208,2986
867.685285,922.521251,879.792958,2977
867.740598,246.270208,204.658709,2988
867.814919,223.568916,181.077166,2990
867.886092,983.150875,937.885959,2979
867.947536,206.914166,164.075333,2992
868.040229,225.269917,181.683542,2993
868.069209,1009.589000,967.079167,2981
868.102772,155.204001,112.051625,2995
868.200160,984.181334,941.833376,2984
868.266622,197.383959,154.734416,2997
868.272376,232.112417,189.667625,2996
868.357309,965.966167,923.986583,2987
868.478164,205.759458,163.900917,3001
868.494304,227.660125,187.144708,3000
868.537390,1008.875000,966.380917,2989
868.757393,279.193834,236.210042,3003
868.779452,1094.128000,1053.142126,2991
868.782280,287.940625,246.601251,3004
868.924457,1038.336834,995.683793,2994
868.951425,193.991000,151.856834,3006
869.021300,241.813834,200.971750,3007
869.104999,180.511042,137.856833,3009
869.115774,1012.979626,971.183792,2998
869.239348,1039.157876,997.713792,2999
869.257336,236.001792,195.725833,3011
869.270169,165.115708,123.032000,3012
869.393164,1035.824709,992.353251,3002
869.494522,237.167000,192.742959,3015
869.495779,256.401250,213.150875,3014
869.531401,993.976084,950.967209,3005
869.701869,207.328625,165.234125,3018
869.732195,949.880167,908.115250,3008
869.737077,241.271041,197.580250,3019
869.855251,902.735458,859.347417,3010
869.874234,172.330958,130.080125,3021
869.900319,168.094209,125.688209,3022
870.002215,886.405626,844.344375,3013
870.024615,169.346625,126.999250,3024
870.026549,152.293167,150.620459,3025
870.172319,902.109834,859.413917,3016
870.204477,177.897417,176.821167,3029
870.271275,269.021958,227.100417,3027
870.376155,982.951375,940.403334,3017
870.480131,208.820209,166.133042,3032
870.486162,281.647916,239.876000,3031
870.501857,970.427208,927.929626,3020
870.651143,914.031709,871.690459,3023
870.680149,199.996708,156.612459,3034
870.715309,229.107375,187.485958,3035
870.826546,926.213751,884.577750,3026
870.858749,207.568375,164.686375,3037
870.916043,235.852459,193.887750,3038
871.001267,976.624542,935.066418,3028
871.019324,192.755792,150.917667,3040
871.183125,1010.769667,959.394625,3030
871.195688,279.608875,236.914709,3042
871.265286,263.984583,222.584250,3043
871.366615,990.423875,946.515500,3033
871.369627,186.470375,144.983708,3045
871.419645,154.327250,111.796708,3047
871.507848,1005.977293,963.920417,3036
871.569136,202.505626,160.967625,3048
871.651407,231.739667,187.709667,3050
871.663642,948.300792,906.738584,3039
871.776767,207.611541,165.563125,3052
871.846372,987.584209,945.128333,3041
871.847060,195.625500,152.294042,3053
871.925162,148.381041,106.161125,3055
871.962903,943.548084,900.800251,3044
872.042144,195.071625,153.501542,3056
872.087327,891.598459,850.690167,3046
872.098410,173.225209,128.748959,3058
872.258283,888.633959,846.026418,3049
872.261928,219.746626,175.557667,3060
872.272308,184.951667,142.928334,3061
872.435395,926.490833,884.284625,3051
872.495248,233.288708,190.700125,3064
872.510957,252.639625,211.435292,3063
872.618986,955.329375,911.391250,3054
872.647225,151.953959,109.640708,3067
872.719659,208.665625,165.433333,3068
872.808290,960.817375,918.624292,3057
872.817258,198.256333,155.789958,3069
872.904765,185.069792,142.791542,3071
872.920300,957.359959,914.813959,3059
872.991524,183.205167,140.349417,3072
873.067301,968.854543,927.641459,3062
873.108308,203.502250,162.438208,3074
873.237450,245.903584,203.390250,3076
873.276597,1004.255292,959.382375,3065
873.347342,280.009625,236.728625,3077
873.415315,979.892667,936.510750,3066
873.449115,211.628083,167.500375,3079
873.515293,868.037042,825.980167,3070
873.595167,247.789501,205.820709,3081
873.647521,232.167542,189.630292,3082
873.672894,855.620792,812.158376,3073
873.786522,191.325166,148.165209,3085
873.809286,888.962667,846.361542,3075
873.854372,206.813542,164.170125,3086
873.987300,878.953833,836.609375,3078
874.014873,228.330084,184.530208,3088
874.097327,242.919542,200.418166,3090
874.146232,869.617000,828.404500,3080
874.184297,196.959583,154.662084,3091
874.296085,198.718042,155.866959,3093
874.306346,160.085625,116.679500,3094
874.313775,864.636209,821.505126,3083
874.421285,905.969751,863.660001,3084
874.459221,163.098542,121.873208,3096
874.520201,213.817333,170.710167,3097
874.559888,886.978167,843.959959,3087
874.638882,217.564375,175.420875,3099
874.640654,831.334292,788.673958,3089
874.691640,171.404042,130.719750,3101
874.809663,794.759292,752.113834,3092
874.861232,222.327292,180.149667,3103
874.971270,279.592251,236.917333,3105
874.993998,809.670751,765.825959,3095
875.130089,268.830334,226.382042,3107
875.178209,864.419500,819.767084,3098
875.251300,279.996500,239.288875,3108
875.306960,176.847125,134.588125,3110
875.335107,875.861583,833.300417,3100
875.490322,930.410250,887.920251,3102
875.504668,252.288459,208.847041,3112
875.541978,234.980375,192.240417,3113
875.691820,201.461167,157.803042,3115
875.700758,1060.074459,1017.541875,3104
875.749727,245.023042,201.308042,3116
875.868639,1058.834000,1016.285084,3106
875.914298,164.534708,122.448083,3120
875.930708,238.847875,196.015166,3118
875.988923,994.877917,952.761834,3109
876.128503,950.270125,907.797917,3111
876.161139,246.810083,205.739333,3122
876.185229,254.486459,213.387125,3123
876.259194,924.051334,879.869084,3114
876.314242,153.081542,109.874333,3126
876.354688,226.149875,183.433541,3125
876.446106,904.068959,860.633667,3117
876.518325,204.046209,160.198208,3129
876.585128,230.422792,189.651875,3130
876.598386,897.603876,855.449000,3119
876.705506,187.148500,146.086208,3132
876.756222,887.563542,846.188875,3121
876.781334,196.180834,154.219333,3133
876.880646,175.115500,133.359625,3135
876.908336,919.390208,877.141708,3124
876.916625,160.383416,117.117583,3136
877.051191,865.937626,823.652376,3127
877.106134,197.766625,154.325792,3139
877.111802,231.120167,188.572126,3138
877.185924,926.698501,884.363376,3128
877.306287,200.134375,158.855084,3142
877.320140,874.002209,833.222251,3131
877.329422,217.584792,176.541166,3143
877.432426,833.998375,792.861125,3134
877.514190,194.027459,151.714791,3146
877.516110,209.806625,169.333500,3145
877.614470,833.103834,791.030042,3137
877.725348,209.215125,166.339250,3150
877.731521,217.293417,174.733125,3149
877.807455,890.807751,849.183417,3140
877.967558,242.177250,200.824458,3152
877.972220,240.659417,197.233459,3153
877.987296,936.066833,895.435917,3141
878.151845,965.896459,922.752250,3144
878.160071,187.825167,144.610083,3156
878.215209,247.634042,203.140292,3155
878.306130,976.695417,936.670583,3147
878.347675,195.792333,153.804292,3158
878.428136,995.673292,954.150167,3148
878.443179,227.949750,186.157125,3160
878.514130,899.641167,858.449959,3151
878.530579,182.872667,140.348250,3162
878.603768,175.609000,133.163334,3163
878.648293,840.798875,797.362417,3154
878.709297,195.144833,152.849375,3165
878.832989,229.183208,186.501291,3167
878.835236,847.901542,805.361375,3157
878.853231,143.902792,141.702458,3169
878.947396,94.148834,92.474084,3172
878.983171,823.065542,820.271667,3159
879.049878,216.826459,173.583667,3170
879.162615,215.204500,173.043500,3173
879.209982,903.829501,860.481709,3161
879.246799,196.888125,154.198625,3175
879.363794,920.592459,877.762667,3164
879.386063,176.026083,174.314000,3177
879.465146,302.512583,261.875250,3176
879.543361,1012.744250,970.136417,3166
879.575314,189.221083,187.603792,3180
879.589318,124.153750,82.071500,3181
879.716021,126.645458,84.047834,3184
879.719229,1070.899667,1029.721584,3168
879.768023,192.665375,150.820542,3183
879.870364,1035.092626,992.871251,3171
879.939403,171.349208,129.409292,3187
880.016560,1033.360709,1029.954042,3174
880.018161,302.109208,260.997625,3185
880.174254,234.814708,192.412792,3189
880.211157,964.333417,921.217792,3178
880.280787,264.204791,222.133625,3190
880.375141,1011.312750,969.536167,3179
880.464987,290.693958,248.053750,3192
880.525274,981.879792,938.860125,3182
880.560952,280.139417,238.145250,3194
880.672227,146.916583,104.570376,3197
880.688549,969.296125,925.632167,3186
880.720469,255.431750,213.694542,3196
880.813104,942.704583,899.556583,3188
880.864518,175.945000,133.725375,3200
880.944235,926.048084,883.921792,3191
880.958234,285.969542,242.928000,3199
881.057889,193.337667,151.082750,3203
881.099134,887.946792,844.770208,3193
881.177329,233.074333,190.862583,3204
881.248111,872.947250,831.028625,3195
881.281122,223.208709,179.876375,3206
881.394867,217.508083,174.930583,3208
881.432134,183.990042,143.219708,3209
881.437938,876.948626,833.368375,3198
881.581346,860.843958,817.337792,3201
881.606296,211.406125,168.925459,3211
881.638299,206.140958,165.451708,3212
881.733438,920.300500,876.575292,3202
881.818422,237.043916,196.037625,3214
881.825338,219.003167,174.607709,3215
881.877552,919.286375,876.846833,3205
881.979136,160.696959,119.910000,3218
882.064585,965.431834,924.553001,3207
882.083248,257.872126,214.266209,3219
882.164241,185.081167,142.247583,3221
882.209587,144.963291,141.597750,3222
882.240303,959.144667,917.073792,3210
882.350169,140.548042,139.112167,3225
882.365578,927.607042,885.241292,3213
882.367647,203.364000,159.404583,3224
882.512272,873.935126,832.333251,3216
882.520488,170.282000,127.266125,3227
882.539559,173.962250,131.573750,3228
882.634390,900.927417,860.010376,3217
882.709316,197.009459,195.065500,3230
882.710675,190.153834,148.142458,3231
882.843934,966.362542,925.024917,3220
882.883049,173.694792,172.523167,3234
882.957280,246.573541,205.160083,3235
883.009299,926.013375,884.658250,3223
883.076926,193.844292,149.138208,3237
883.138369,896.984959,855.731334,3226
883.163961,206.647875,163.250500,3238
883.299277,222.312125,180.402250,3240
883.306965,939.285375,896.671125,3229
883.339342,200.937333,158.401833,3241
883.433275,893.696709,850.772709,3232
883.471265,164.282417,122.649917,3244
883.518326,219.014834,175.690958,3243
883.590348,955.859626,914.161792,3233
883.650723,217.424666,175.690666,3246
883.731136,212.768500,170.650375,3248
883.734738,890.771001,848.239876,3236
883.880349,149.174666,106.565666,3251
883.885413,234.653708,192.414833,3250
883.944838,935.503626,883.665125,3239
884.100427,214.971750,173.069167,3254
884.117307,236.919958,194.663876,3253
884.131720,967.743001,926.116042,3242
884.265282,925.903417,883.371709,3245
884.280313,179.848666,137.109000,3256
884.324140,206.801000,165.470666,3257
884.450822,185.504958,184.564625,3259
884.465676,994.393167,951.407917,3247
884.571513,120.657833,118.634833,3262
884.576329,252.164209,211.164917,3261
884.644551,1054.166751,1010.703167,3249
884.704342,132.806042,91.548042,3264
884.787327,1052.555584,1010.053042,3252
884.858688,282.319334,239.585209,3265
884.938957,234.578459,191.797667,3267
884.977310,1032.432917,989.154251,3255
885.105176,973.436917,931.872375,3258
885.125387,266.669083,223.340250,3269
885.143046,204.061958,161.357875,3270
885.241130,960.799292,919.905292,3260
885.276558,171.364375,129.167500,3272
885.410121,944.426583,897.483417,3263
885.418832,293.413458,250.719583,3273
885.448760,207.605709,165.664917,3275
885.605488,960.918876,917.779042,3266
885.607233,188.385167,146.752959,3278
885.648562,238.424667,195.247209,3277
885.786072,998.714209,956.167625,3268
885.798058,192.546667,150.665375,3280
885.839286,232.017917,190.495375,3281
885.914370,128.279667,87.816750,3283
885.958318,980.968334,938.548334,3271
885.976296,178.206583,135.286958,3284
886.086272,171.878583,129.871000,3286
886.094227,951.143083,909.307584,3274
886.145191,186.835251,145.929000,3287
886.212968,935.374418,892.645542,3276
886.265229,178.931959,138.058667,3289
886.297214,151.997417,110.226083,3291
886.348253,899.461501,857.121417,3279
886.434141,136.904250,93.495792,3294
886.459138,193.883959,151.929166,3293
886.478042,829.455959,785.314834,3282
886.672929,213.751709,169.829916,3297
886.690072,850.747917,806.988875,3285
886.738829,304.650500,262.493875,3296
886.854363,878.045584,833.745792,3288
886.869389,196.424667,153.120334,3299
886.957773,218.911583,176.248333,3301
886.982187,887.924042,845.119043,3290
887.069154,214.768166,172.503333,3302
887.127275,169.479333,128.490833,3304
887.147954,934.961709,891.759458,3292
887.308227,239.033959,195.579417,3306
887.312238,963.967375,922.861626,3295
887.321722,194.415958,151.628458,3307
887.539817,1061.737250,1019.994501,3298
887.552777,240.521167,196.487959,3310
887.564146,255.896083,213.149417,3309
887.681865,991.762918,948.738293,3300
887.734781,181.983959,140.117834,3313
887.788129,918.700417,876.940458,3303
887.789647,249.800833,207.594917,3312
887.913054,178.247125,136.462083,3316
887.936186,953.976333,911.666583,3305
887.988348,200.180458,157.707084,3317
888.174626,1026.637501,984.379959,3308
888.181428,268.355208,227.865750,3319
888.257283,268.908792,226.225708,3321
888.347230,172.581792,130.912542,3322
888.395608,1073.856001,1031.598167,3311
888.519317,261.992500,218.093167,3324
888.563220,999.045250,957.418583,3314
888.572953,225.682916,181.201417,3325
888.738282,1056.392167,1015.495834,3315
888.757279,237.919209,196.769708,3327
888.794190,230.945458,189.210292,3328
888.882462,1092.793917,1047.165584,3318
888.960911,222.595042,180.551292,3330
888.982916,1046.687834,1003.162709,3320
889.046233,288.916250,247.247000,3331
889.120580,939.121459,896.571376,3323
889.162767,201.831291,158.503917,3334
889.237280,191.005209,149.290750,3336
889.289829,169.213917,126.931000,3337
889.316775,921.141959,879.551751,3326
889.406215,168.903584,126.723041,3339
889.462286,889.297792,847.524709,3329
889.469288,179.421083,135.664083,3340
889.602227,195.984541,154.815792,3342
889.624253,830.032583,785.452792,3332
889.700437,238.117251,193.802876,3343
889.783187,180.945334,179.668417,3345
889.814714,932.220625,890.495668,3333
889.894603,194.147042,149.854542,3347
889.914602,931.653334,888.346667,3335
889.981387,198.180208,197.634208,3348
890.063310,900.505667,857.446626,3338
890.101439,206.817041,164.381875,3350
890.207265,225.840416,183.959125,3352
890.209906,146.556375,104.009208,3353
890.257244,940.449708,898.008709,3341
890.400599,193.313750,151.089750,3355
890.403869,934.547834,889.559417,3344
890.473908,263.967667,219.139667,3356
890.561227,160.595458,120.087916,3358
890.568486,944.209001,903.099751,3346
890.647431,173.485959,130.752125,3360
890.747556,186.311125,142.570167,3361
890.747559,932.829042,890.715001,3349
890.873229,225.759042,182.077000,3363
890.885137,970.521125,929.979750,3351
890.927262,179.685333,138.073834,3365
891.038811,937.337917,892.541709,3354
891.074865,201.598834,159.812334,3366
891.145583,218.280125,176.390084,3368
891.169269,911.987709,870.498418,3357
891.205283,166.449500,125.176916,3369
891.307289,903.382959,860.802542,3359
891.381345,235.722666,194.444250,3371
891.391900,222.598834,179.354583,3372
891.472126,903.608125,862.361792,3362
891.608867,216.944583,173.885250,3376
891.634153,252.769709,208.103000,3375
891.677323,929.749333,886.467751,3364
891.809204,200.297125,159.443083,3378
891.874335,240.142292,196.851667,3379
891.972631,295.276334,253.979834,3380
891.993289,184.049250,141.710917,3381
892.020751,945.848167,902.097292,3370
892.135305,162.650542,120.391833,3383
892.145219,151.903209,109.448500,3384
892.158389,952.028583,907.176084,3373
892.298597,991.278167,935.116292,3374
892.375974,230.719708,187.371625,3387
892.378997,243.621583,202.282209,3386
892.379913,907.771667,865.282834,3377
892.535038,155.989167,113.061958,3391
892.568411,1683.259376,1642.410293,3367
892.608795,232.764000,190.265251,3390
892.691148,122.714375,80.702125,3394
892.754734,880.366084,837.493417,3382
892.792151,257.090750,213.690458,3393
892.873509,182.324625,138.527084,3396
892.914770,893.979334,850.230501,3385
892.960026,205.249334,161.666750,3397
893.072950,914.527834,872.812208,3388
893.074923,201.378333,159.531458,3399
893.186457,226.402167,182.930125,3401
893.229662,931.035876,887.329334,3389
893.327146,254.177000,211.600958,3402
893.429768,1049.827042,1007.834626,3392
893.446254,259.756583,218.169875,3404
893.485535,158.354875,115.138625,3406
893.587080,978.195458,936.024250,3395
893.621291,174.999708,132.092041,3408
893.683446,253.654042,212.330709,3407
893.711729,919.539542,877.060042,3398
893.812696,225.593375,185.046750,3410
893.848677,933.865042,889.762125,3400
893.866289,182.805292,141.544959,3412
894.007240,158.530458,116.657625,3415
894.008213,933.274418,891.161251,3403
894.014994,202.261792,160.454584,3414
894.167761,938.078167,895.491042,3405
894.202246,194.988209,154.126584,3417
894.255646,247.401583,206.075042,3418
894.336299,850.740626,809.315500,3409
894.364492,196.700292,154.145542,3420
894.469938,214.259500,171.735375,3422
894.507009,170.667875,128.643959,3423
894.547063,925.747375,881.199084,3411
894.703644,991.882793,950.203334,3413
894.704188,197.163167,156.306792,3426
894.718124,248.154667,204.372292,3425
894.831130,964.807959,923.016500,3416
894.935765,920.712917,879.392792,3419
894.938682,234.465292,190.849750,3429
894.940205,236.545166,194.704709,3428
895.122819,919.161250,878.303125,3421
895.153269,217.462000,176.763125,3432
895.184076,245.363125,202.269667,3433
895.224197,859.675543,818.636001,3424
895.339079,791.994584,749.451792,3427
895.356202,202.898209,159.597376,3436
895.394325,271.480125,228.918376,3435
895.515709,797.560458,756.586251,3430
895.565261,226.144916,185.403458,3439
895.570918,214.678333,171.909500,3440
895.694713,863.559084,822.134833,3431
895.796433,231.134458,188.353375,3443
895.839343,899.115876,849.502500,3434
895.848287,277.333584,235.383167,3444
895.969205,172.731708,131.915584,3446
895.996361,812.266292,769.722334,3437
896.041142,201.784042,159.901876,3447
896.156395,187.152292,143.738875,3449
896.169177,944.952458,901.101250,3438
896.241158,199.997000,158.297125,3451
896.282222,125.790292,81.652375,3452
896.286186,891.822750,844.783625,3441
896.436511,154.256959,111.863791,3455
896.447542,931.797709,890.093459,3442
896.465316,224.140000,182.057458,3454
896.565978,871.233417,828.846375,3445
896.646265,198.705500,158.096458,3458
896.674057,237.523125,195.184792,3457
896.761372,913.043251,862.022000,3448
896.811280,164.985625,123.107833,3461
896.841241,167.152417,125.467417,3462
896.899457,903.069709,860.975792,3450
896.975135,163.821875,121.954875,3464
897.044392,875.189000,833.051917,3453
897.052327,211.048833,170.143750,3465
897.172335,886.112792,843.497667,3456
897.223622,248.463833,205.161542,3467
897.282255,237.825875,195.657000,3468
897.352240,886.898834,844.294500,3459
897.402698,179.038417,137.057375,3471
897.461303,179.008667,138.376292,3472
897.502148,936.151417,894.775292,3460
897.638290,876.876001,835.503959,3463
897.688375,227.037708,186.105500,3475
897.699511,296.772875,254.347333,3474
897.765510,866.031542,822.575834,3466
897.877084,188.687334,146.472083,3478
897.905972,206.418333,163.749541,3479
897.928423,876.058750,830.989542,3469
898.007263,834.890584,792.596000,3470
898.141221,264.100667,223.431834,3481
898.141959,235.938792,194.170667,3482
898.150774,798.499334,754.974792,3473
898.306261,804.087959,761.725709,3476
898.310036,168.065917,125.742458,3486
898.332924,191.679541,148.194375,3485
898.408301,769.972292,729.053792,3477
898.474207,167.909583,126.075833,3488
898.546675,236.622458,192.210375,3489
898.568498,802.949292,758.947000,3480
898.686464,139.765500,99.217417,3493
898.702119,227.871583,185.081458,3492
898.759641,831.190500,789.590084,3483
898.942260,255.760459,214.984875,3495
898.945998,243.846751,201.038250,3496
898.978311,971.007042,929.656000,3484
899.122236,176.190875,134.048542,3499
899.134205,983.393250,939.778583,3487
899.189099,246.806292,205.674584,3498
899.228300,895.337333,853.941667,3490
899.314597,125.477042,83.529834,3503
899.382672,974.331167,932.252709,3491
899.412504,290.241875,249.013042,3501
899.552744,984.210792,940.163001,3494
899.562454,247.817500,204.279542,3505
899.585466,202.753542,160.231458,3506
899.645115,885.454501,843.446042,3497
899.774042,211.554583,169.497125,3509
899.780306,801.964334,760.090042,3500
899.784344,231.575167,190.404667,3508
899.929123,794.892292,751.174376,3502
899.940359,160.014458,116.387833,3513
900.008715,234.651084,192.028958,3512
900.055231,826.893375,784.942667,3504
900.150587,221.441209,180.161042,3515
900.190815,778.278667,734.895000,3507
900.218259,209.507375,166.846458,3517
900.364719,779.205584,731.020500,3510
900.393201,202.365916,159.543416,3520
900.400952,250.329917,207.872583,3519
900.530210,885.060167,843.854959,3511
900.545184,180.435500,137.931792,3522
900.569605,176.385125,132.605958,3523
900.682547,898.175542,854.302459,3514
900.731729,201.487417,159.273042,3525
900.770153,224.942958,182.283500,3526
900.822192,881.795542,837.478833,3516
900.922806,191.041375,148.791417,3529
900.977480,922.211792,879.709543,3518
901.044224,274.038917,232.457167,3530
901.121125,902.840459,855.564501,3521
901.144700,221.858875,180.313583,3532
901.270522,226.268875,183.447250,3534
901.299043,898.058875,854.231001,3524
901.361155,240.011042,196.959875,3535
901.480799,911.173667,869.017333,3527
901.483904,213.348042,171.551917,3537
901.576993,215.800375,173.391459,3539
901.630392,947.825084,904.423626,3528
901.691483,209.636584,166.394376,3540
901.783737,961.510958,918.261167,3531
901.802216,225.172209,183.477292,3542
901.939139,155.379875,113.491584,3545
901.942226,964.714625,921.963584,3533
901.955224,263.700209,221.272333,3544
902.110312,965.573584,925.392709,3536
902.132220,189.962500,148.308417,3548
902.155471,216.300292,173.571125,3547
902.261709,151.358084,109.810167,3550
902.267208,968.149001,925.798417,3538
902.305019,172.752709,129.455959,3551
902.428293,944.368834,902.761709,3541
902.455153,193.405333,151.689125,3553
902.502164,234.936333,192.971917,3554
902.600767,970.337667,925.600375,3543
902.619343,117.154625,75.111167,3558
902.630112,201.789875,158.622042,3556
902.738854,936.619833,893.667250,3546
902.834282,233.480333,190.262625,3559
902.855476,236.096583,194.294625,3560
902.889509,934.246834,890.673000,3549
902.975257,140.935084,98.875292,3563
903.052142,196.626792,155.007125,3564
903.152843,997.349209,954.751584,3552
903.184446,208.109125,165.332708,3566
903.276456,971.424125,928.381709,3555
903.321299,269.127542,226.174375,3567
903.339567,186.697292,144.053292,3568
903.427295,972.118292,930.596917,3557
903.559128,219.541584,177.645709,3572
903.574390,253.055833,209.636292,3571
903.650697,1020.551292,977.935584,3561
903.766453,207.306750,166.470792,3574
903.806131,1067.258209,1024.020084,3562
903.809116,234.690167,192.585167,3575
903.953163,186.671917,144.553791,3577
903.954012,1064.464334,1020.588042,3565
904.039140,232.974000,190.106291,3578
904.112281,927.813542,881.638334,3569
904.134146,180.952916,139.651750,3580
904.221315,182.149625,138.512208,3582
904.257384,980.903584,939.187083,3570
904.268840,156.533125,113.563334,3583
904.355360,134.014126,91.214959,3585
904.418643,991.314918,945.926334,3573
904.427543,170.130333,127.568000,3586
904.550530,899.809458,857.407834,3576
904.568146,212.753625,168.766209,3588
904.586311,167.647375,125.103125,3589
904.677374,868.241209,824.185833,3579
904.729141,160.978125,119.266584,3592
904.772139,221.577708,179.573041,3591
904.779022,824.969542,781.318125,3581
904.902815,768.643459,726.839459,3584
904.985243,213.085834,172.399209,3596
904.985287,256.128250,214.173458,3595
905.038285,769.421042,727.138417,3587
905.189075,203.816959,161.432251,3599
905.238234,810.671459,763.590917,3590
905.275145,289.850459,248.708833,3600
905.388047,149.777833,108.203083,3603
905.427484,841.133417,797.965583,3593
905.428324,239.230541,195.708917,3602
905.583831,906.430001,863.607792,3594
905.596297,208.222000,165.851291,3605
905.656705,229.198083,185.990875,3606
905.753136,974.081793,933.252542,3597
905.776185,192.312167,149.689750,3608
905.855299,198.571042,157.547250,3610
905.880459,977.610375,934.455668,3598
905.949692,196.536084,154.182292,3611
906.031288,992.965167,951.041584,3601
906.123279,267.941625,225.806583,3613
906.130029,180.322625,137.786541,3615
906.215290,940.120709,898.793875,3604
906.294119,170.810209,130.078667,3617
906.325861,195.818584,154.045208,3618
906.359325,930.986584,886.524625,3607
906.528129,930.739834,888.514376,3609
906.534265,240.128001,197.613209,3620
906.560056,234.171584,191.598751,3621
906.736271,208.105333,166.802125,3623
906.740621,964.399334,922.025417,3612
906.814207,279.923000,236.394084,3624
906.837272,956.787708,913.275126,3614
906.935805,199.497375,156.064416,3626
907.016136,984.808125,942.515000,3616
907.044428,230.201709,186.323667,3628
907.148789,212.950500,170.412083,3630
907.160951,144.778667,101.144167,3631
907.205368,990.043834,944.567459,3619
907.368190,219.380292,177.961584,3633
907.373727,1014.367084,973.260167,3622
907.401283,239.243958,196.617459,3634
907.499216,939.136334,897.025208,3625
907.574277,206.059292,163.251084,3636
907.599299,225.534458,183.057875,3637
907.619511,878.861083,836.206584,3627
907.745323,171.023708,130.136708,3640
907.762081,924.776417,877.373292,3629
907.831154,786.706084,744.251083,3632
907.838476,239.138959,196.674333,3641
907.966223,220.872459,176.996167,3643
907.976290,770.899501,728.155167,3635
908.019810,188.619083,147.074667,3645
908.160430,194.182333,151.533667,3647
908.161768,760.454042,718.072542,3638
908.210298,190.455417,147.251417,3649
908.331297,832.055000,791.433125,3639
908.413426,203.107917,160.332084,3652
908.441290,279.498917,238.436042,3651
908.483793,864.245083,821.510083,3642
908.615361,201.911500,157.660417,3654
908.648086,885.979792,843.159917,3644
908.680474,239.145667,196.460833,3655
908.801821,963.312000,920.373709,3646
908.845661,230.271417,188.357167,3657
908.851554,203.448875,161.633791,3658
908.965930,989.603708,944.845417,3648
909.056559,210.863916,169.508208,3661
909.063291,211.698958,170.345292,3662
909.147950,987.490000,942.688250,3650
909.288320,231.729167,188.514667,3664
909.301400,970.062334,927.729251,3653
909.301679,238.364875,194.828667,3665
909.470915,987.077875,943.152000,3656
909.505281,216.926208,172.815125,3667
909.595683,294.246166,252.663542,3668
909.655468,974.954459,933.963042,3659
909.720277,249.322791,206.498250,3670
909.825223,229.505500,187.939792,3672
909.837848,1036.013708,993.147751,3660
909.944933,224.620376,182.786334,3674
909.971326,1005.356626,962.565918,3663
910.014653,189.410667,148.294709,3675
910.142178,197.208958,154.686875,3677
910.149246,1001.259001,957.887292,3666
910.224248,209.575917,169.202542,3679
910.338546,1036.849042,993.797292,3669
910.382674,240.478583,199.329958,3680
910.438264,214.000500,170.559958,3682
910.520304,1014.992417,972.577084,3671
910.540061,157.362625,114.979667,3684
910.678289,1022.791001,980.334251,3673
910.695277,256.989542,215.719000,3685
910.732317,211.993542,169.952126,3686
910.915349,1077.481709,1036.681334,3676
910.933473,255.143875,210.749875,3688
910.974043,278.728333,234.580208,3689
911.101152,1129.790667,1087.590875,3678
911.170043,236.537875,194.338959,3692
911.170406,255.029250,211.242208,3691
911.254301,1105.017958,1061.320167,3681
911.340052,169.975459,127.957083,3695
911.352313,181.879542,139.425709,3696
911.389144,1050.561167,1006.484500,3683
911.548276,1008.188709,963.745709,3687
911.551591,199.261709,155.393875,3699
911.556653,216.572125,173.854917,3698
911.700699,968.350251,923.712417,3690
911.760260,211.961167,171.039166,3701
911.779304,227.692500,184.232417,3702
911.825145,851.078959,810.451834,3693
911.985388,206.041792,163.398667,3706
912.014138,912.965668,870.817792,3694
912.015282,254.991042,211.207500,3705
912.161549,907.211084,865.178417,3697
912.188345,202.920959,160.439709,3708
912.213282,199.119375,157.948292,3709
912.302289,913.108292,871.539958,3700
912.377909,216.322167,173.691292,3711
912.411355,222.970417,180.273917,3712
912.468496,911.808042,869.923834,3703
912.626295,925.570917,884.617125,3704
912.648443,270.494875,227.451875,3715
912.654082,242.693792,198.518542,3716
912.771146,945.977376,903.098001,3707
912.833325,206.994084,163.344417,3718
912.910651,229.403417,188.370875,3719
912.930138,914.824458,872.245501,3710
912.991304,92.695458,92.129042,3721
913.091106,876.952417,833.222834,3713
913.202133,899.817917,858.736959,3714
913.219585,153.735459,151.965625,3722
913.314254,837.725292,793.879917,3717
913.349769,116.693792,115.244791,3723
913.426777,694.580542,693.078459,3720
913.520321,121.792125,120.372000,3724
913.697896,194.125458,189.821625,3725
913.795536,231.364292,229.446875,3726
913.799380,231.228084,228.762625,3727
913.881242,218.741833,218.017917,3728
914.010424,339.897834,339.036542,3729
914.026912,127.993833,127.129333,3731
914.137475,404.508417,403.844584,3730
914.200278,134.398250,131.853167,3732
914.373282,147.339500,145.791625,3733
914.398761,167.124417,165.831167,3734
914.431769,144.198833,143.658666,3735
914.544319,145.521250,103.689250,3736
914.600520,95.439750,92.946875,3737
914.652762,86.832958,85.613792,3738
914.911937,176.660750,175.060959,3740
914.917569,152.606125,150.407834,3741
914.921768,189.506334,188.408501,3739
915.041073,208.031542,206.935750,3742
915.215060,316.134292,314.821792,3743
915.250166,184.139083,182.660625,3744
915.377735,145.981792,144.677750,3745
915.410697,158.192709,156.793291,3746
915.508289,109.680375,108.459458,3747
915.666586,100.479167,99.716166,3748
915.834369,102.475917,99.797542,3749
915.995715,150.985625,147.824834,3750
916.018245,119.144375,117.428500,3751
916.218698,152.073542,150.677917,3752
916.337335,127.941333,126.796833,3753
916.387561,155.098708,154.541916,3754
916.528140,129.409292,128.599625,3755
916.608145,170.347917,169.624875,3756
916.644149,152.472541,150.116750,3757
916.708865,141.829625,141.024042,3758
916.860387,127.525417,126.476292,3759
916.898727,141.698959,141.174542,3760
916.965698,106.587542,105.100917,3761
917.067536,168.783416,126.509250,3762
917.152750,86.869125,85.387750,3763
917.204955,113.302583,111.576792,3764
917.388259,155.270209,154.591500,3765
917.539321,140.546291,139.246625,3766
917.651560,154.585667,151.331251,3767
917.669191,140.085750,138.976833,3768
917.693949,128.661458,128.087167,3769
917.784299,138.875917,136.889083,3770
917.862350,129.910375,127.202250,3771
917.986424,137.818042,136.281833,3772
918.043021,142.799417,140.590042,3773
918.050095,131.966917,130.657333,3774
918.246734,180.543417,178.363209,3775
918.248925,129.398792,128.660583,3777
918.276974,200.875209,198.808750,3776
918.357235,201.810875,200.404750,3778
918.379727,82.697708,82.183792,3780
918.494482,94.885292,94.313334,3782
918.526600,294.266292,291.934708,3779
918.591625,199.850292,197.714417,3781
918.673171,107.489375,107.030292,3783
918.739178,126.802083,126.137666,3785
918.757178,165.398917,164.724291,3784
918.788456,118.518458,117.878542,3786
918.885175,153.220083,150.908333,3787
919.032424,133.362834,129.402875,3788
919.149736,82.772666,81.414084,3789
919.342907,111.013292,110.555083,3790
919.429409,142.942042,141.329708,3791
919.540546,141.519292,140.112875,3792
919.628521,62.950708,62.418416,3794
919.667657,141.355375,139.177208,3793
919.794993,143.406667,140.022459,3795
919.885036,164.092250,163.267417,3797
919.962940,231.266875,228.346125,3798
919.990794,271.614583,270.525500,3796
920.053100,319.521125,318.944792,3799
920.095804,197.106291,194.392041,3801
920.196408,361.696417,361.094709,3800
920.263696,198.638708,196.616875,3802
920.310129,214.290417,172.305584,3803
920.421808,189.860709,188.301459,3804
920.522683,193.519959,192.904542,3805
920.577302,178.944500,178.088459,3807
920.596198,240.269167,238.982042,3806
920.706523,140.400458,139.829084,3808
920.824532,92.031917,90.523125,3809
921.051538,153.073959,150.693083,3810
921.218104,164.431459,163.792125,3813
921.247196,249.040751,248.190251,3811
921.257717,235.208750,233.697626,3812
921.343399,277.155959,275.599042,3814
921.437145,310.543625,304.791375,3815
921.519795,152.430250,151.709541,3818
921.574185,431.309958,430.615791,3816
921.589474,191.164459,188.594000,3819
921.707545,475.040417,474.375125,3817
921.739612,174.260333,173.790458,3821
921.837766,203.588875,202.624917,3823
921.864452,363.042459,362.495001,3820
922.013300,145.487125,141.862291,3826
922.021421,444.025167,441.338625,3822
922.038874,175.533458,173.712875,3825
922.176463,153.376417,151.412917,3830
922.191502,459.097334,452.708667,3824
922.225572,159.987042,158.218666,3831
922.355511,457.139375,456.373750,3827
922.403130,170.593209,169.943958,3833
922.436031,207.308792,206.691333,3832
922.481666,528.768041,527.618875,3828
922.591160,612.194625,610.680584,3829
922.651395,101.871000,100.390791,3835
922.714397,316.026667,314.358334,3834
922.730251,163.331292,162.749125,3836
922.884137,274.218000,272.741583,3837
922.899855,167.594583,166.453292,3839
922.979038,172.966500,170.601375,3840
923.033356,134.138084,132.745667,3843
923.055588,406.058334,405.412583,3838
923.183110,350.557959,348.993458,3841
923.251388,186.346126,185.046459,3844
923.305727,160.589333,158.694083,3845
923.343084,459.189500,458.225251,3842
923.504922,106.584042,105.312958,3848
923.513330,282.329250,281.544958,3846
923.632670,150.856709,149.476542,3849
923.686415,153.131709,151.734333,3850
923.697891,466.204084,465.694541,3847
923.856475,291.029083,290.294375,3851
923.906583,172.998875,171.134834,3854
923.913476,201.095709,199.143292,3853
923.991021,367.444584,366.079875,3852
924.102934,366.039625,364.579542,3855
924.144244,141.553417,140.403666,3859
924.175113,165.427208,163.517667,3860
924.242648,440.099917,438.543875,3856
924.318192,173.905958,131.826916,3864
924.399983,224.838833,180.770042,3865
924.447767,587.358626,586.556250,3857
924.503968,185.738000,142.816625,3867
924.598381,699.949833,699.528958,3858
924.625602,225.568583,181.142792,3868
924.715578,211.575876,169.291208,3870
924.721645,710.564751,709.785417,3861
924.860245,261.841417,219.424042,3871
924.866124,150.507583,107.647458,3873
924.924842,897.639459,854.999542,3862
925.071124,210.849333,170.108459,3875
925.073426,970.454334,927.320625,3863
925.074879,208.741750,166.292000,3876
925.213669,970.981667,922.071208,3866
925.281334,207.874917,166.741458,3879
925.299863,228.720625,186.277292,3878
925.339148,889.526167,845.968376,3869
925.503941,222.577250,180.314458,3882
925.521396,221.505667,179.636042,3883
925.524451,898.817792,855.307834,3872
925.703251,181.821791,130.180458,3886
925.706850,985.170667,940.457583,3874
925.717994,214.019166,168.072917,3885
925.822709,897.845667,855.313376,3877
925.922277,219.008709,177.219584,3888
925.953134,246.267292,203.217583,3889
925.981467,906.571459,865.618834,3880
926.122281,908.571126,866.530584,3881
926.154308,232.007709,188.174584,3892
926.176899,223.739833,182.341834,3893
926.235836,896.649834,854.909125,3884
926.340250,217.933334,176.833417,3895
926.342289,817.818458,776.134917,3887
926.362340,208.004708,166.403125,3896
926.514199,171.877709,130.019167,3900
926.518173,800.146667,758.963334,3890
926.527437,187.150833,144.715375,3899
926.690122,175.887542,133.433417,3902
926.720882,898.138793,855.876292,3891
926.749956,231.752792,187.192542,3903
926.907243,186.338542,141.202833,3906
926.923179,941.696876,899.277167,3894
926.936993,246.838375,203.669375,3905
927.067718,160.437083,118.609458,3908
927.080127,903.197750,862.035708,3897
927.145746,222.540792,180.548959,3909
927.236789,1000.920667,958.317792,3898
927.295417,227.666542,185.455375,3911
927.320631,174.846584,132.122375,3913
927.391129,1028.757918,985.500250,3901
927.466586,171.151167,128.020667,3915
927.519983,992.520084,947.391959,3904
927.548046,227.383625,184.009292,3916
927.634600,167.993000,166.667667,3918
927.675329,925.349834,882.125709,3907
927.700260,180.256125,137.543000,3919
927.806076,869.050875,826.584792,3910
927.845446,210.814916,209.633666,3921
927.890336,214.971750,172.647708,3922
927.945502,865.348750,822.840958,3912
928.035241,189.774375,149.103500,3925
928.076795,839.986293,797.470334,3914
928.170780,280.402792,238.742000,3926
928.175029,783.847459,741.321876,3917
928.229999,194.729792,151.935875,3928
928.332655,784.588000,741.391875,3920
928.367297,196.476000,155.588417,3930
928.380567,150.541417,107.489667,3932
928.502130,801.837167,759.921459,3923
928.502977,170.289875,128.774917,3933
928.573983,206.651667,162.471750,3934
928.669466,863.352875,822.709709,3924
928.695115,192.131333,149.645125,3937
928.772277,198.275000,156.719208,3938
928.865132,195.634834,154.852834,3939
928.877160,931.626501,890.343126,3927
929.012446,240.135292,197.381333,3941
929.029202,164.041209,122.021084,3942
929.041269,964.440167,919.885750,3929
929.117439,942.375292,899.812084,3931
929.200289,187.822250,145.300458,3944
929.229033,847.377417,804.414626,3935
929.259507,230.267917,186.242000,3945
929.349125,120.075958,79.133250,3949
929.371344,869.190000,825.648542,3936
929.429698,229.371916,187.716084,3948
929.503038,807.905584,765.681583,3940
929.567362,218.220333,175.836500,3951
929.619610,189.875292,148.702751,3953
929.650370,773.184125,730.830917,3943
929.738635,171.251208,128.777833,3955
929.788171,168.523250,124.604666,3956
929.808223,766.935750,724.691917,3946
929.947913,209.259166,167.301750,3958
929.972296,854.837375,813.616417,3947
930.054480,266.271833,225.144792,3959
930.108644,849.099417,806.363834,3950
930.159219,211.266416,168.385583,3961
930.226195,171.678792,130.753292,3963
930.247148,875.767376,874.875459,3952
930.406105,246.855000,206.100126,3965
930.442047,215.813500,172.317834,3966
930.538174,1035.123250,987.648375,3954
930.588235,182.114625,139.961791,3968
930.703190,261.106417,220.333166,3969
930.744068,1093.660167,1050.514209,3957
930.793879,205.620625,163.700541,3971
930.849137,145.907417,103.634417,3972
930.907220,1098.965876,1056.514958,3960
930.970855,121.683917,119.997792,3975
930.974411,180.494709,137.361584,3974
931.038061,1064.688334,1022.104709,3962
931.160219,189.331333,186.887750,3977
931.195105,220.661000,177.450875,3978
931.201142,1092.466376,1050.186084,3964
931.278445,1031.264208,1028.769292,3967
931.384202,223.964125,181.121208,3980
931.410390,215.269250,172.744833,3981
931.423072,884.884584,884.415292,3970
931.567141,823.050084,781.576834,3973
931.625169,239.920917,197.642667,3984
931.638303,227.888792,186.525501,3985
931.708321,801.059000,759.664501,3976
931.872142,233.806708,193.217500,3989
931.878065,839.977251,797.792334,3979
931.883591,258.384584,215.667375,3988
931.998259,797.098167,756.066500,3982
932.110082,231.987000,189.189292,3992
932.120385,248.217959,203.891625,3991
932.146302,867.818875,822.324708,3983
932.211433,788.338834,785.790542,3986
932.302469,192.356792,151.129708,3995
932.351308,230.884208,188.700750,3996
932.386193,819.030334,776.562209,3987
932.504535,202.043334,198.200625,3999
932.569449,218.106583,173.579875,4000
932.587531,879.185125,834.452792,3990
932.676712,172.143125,171.047917,4002
932.754651,185.175083,140.383250,4003
932.784279,900.657042,859.439292,3993
932.911153,234.409584,192.665959,4005
932.936201,937.919792,896.588583,3994
932.979591,224.906501,180.682250,4006
933.092815,946.473793,904.735125,3997
933.114707,203.531417,161.404834,4008
933.188809,252.569626,206.998167,4009
933.250072,1038.613042,990.958501,3998
933.278662,185.815583,142.999500,4011
933.377375,991.148667,947.406251,4001
933.425306,175.209708,132.655250,4014
933.462274,273.425833,231.357292,4013
933.537235,949.684459,909.589917,4004
933.657531,232.192042,190.076834,4017
933.688809,226.505709,224.898334,4018
933.723919,939.612625,896.693292,4007
933.797790,108.958208,108.411916,4021
933.840504,182.948500,141.548459,4020
933.853294,873.667375,831.717834,4010
933.997057,199.235750,156.351125,4023
934.023048,908.322626,865.968250,4012
934.049397,208.847333,167.272000,4024
934.157305,878.624833,834.877167,4015
934.176136,179.065250,138.396417,4026
934.199596,176.529500,134.388625,4027
934.275554,898.154834,856.232125,4016
934.310479,153.150959,111.227084,4029
934.385523,209.362417,168.440417,4030
934.458271,921.013043,879.876959,4019
934.470334,194.751959,152.425875,4032
934.574125,188.561917,145.324958,4034
934.623138,899.199292,858.374126,4022
934.650143,191.839667,149.616833,4035
934.785783,932.395625,890.058750,4025
934.822459,199.301958,156.789792,4038
934.828241,254.089500,211.861125,4037
934.935735,886.312875,843.733042,4028
934.976612,190.786167,148.180667,4040
935.051316,228.832042,186.516459,4041
935.080101,880.484209,838.152584,4031
935.166461,230.703084,188.140167,4043
935.221484,170.130626,128.728542,4045
935.239137,928.625250,888.115376,4033
935.322172,851.811334,809.705167,4036
935.367286,200.792667,157.367000,4047
935.423296,201.789584,160.762583,4048
935.453061,802.901167,760.225667,4039
935.538469,171.149709,128.593208,4051
935.585370,162.038625,119.709042,4052
935.592939,764.673292,721.199792,4042
935.718711,742.064459,699.052959,4044
935.722823,184.330125,141.652583,4054
935.755825,170.431333,128.176417,4055
935.829723,749.595875,708.013250,4046
935.916136,197.401459,153.875167,4057
935.966929,244.075417,201.473709,4058
935.993611,754.456792,712.047001,4049
936.097279,181.104584,140.367792,4061
936.127266,160.314000,117.806500,4062
936.151328,829.131042,786.676625,4050
936.277242,179.925666,138.887292,4064
936.293734,840.648084,798.254334,4053
936.307751,180.460583,137.309084,4065
936.402028,108.260250,64.517542,4068
936.420870,827.893208,786.521167,4056
936.462187,184.909958,143.771542,4067
936.598517,842.655625,800.996292,4059
936.639124,237.080375,195.206084,4070
936.703382,241.156417,196.518000,4072
936.781389,951.624334,910.599667,4060
936.831195,232.640916,190.025792,4073
936.952289,958.655250,918.104834,4063
936.958733,255.318583,212.198000,4075
937.000600,169.366458,126.347083,4077
937.115267,963.903209,922.742042,4066
937.125913,173.587750,130.071667,4078
937.135289,176.531833,131.370458,4079
937.287703,979.931750,936.719876,4069
937.302355,187.053126,143.362625,4081
937.392291,266.350000,224.987292,4082
937.394338,973.436042,931.811709,4071
937.453493,165.769625,123.393083,4084
937.528821,889.673459,846.210167,4074
937.591949,199.620166,157.749667,4086
937.616149,162.637417,121.947000,4088
937.697238,915.821375,873.612250,4076
937.767381,175.396375,130.531625,4090
937.813423,812.786917,770.747542,4080
937.844104,227.932542,186.304125,4091
938.010140,874.812168,831.973625,4083
938.048292,280.871792,240.161250,4093
938.091998,278.539625,236.230750,4094
938.181047,878.608209,834.570042,4085
938.184443,174.272875,131.781709,4096
938.311377,917.017208,874.462459,4087
938.321361,229.299000,186.577417,4098
938.436672,255.590125,211.341667,4099
938.469053,940.195375,898.473626,4089
938.523043,211.589000,167.749167,4101
938.620138,922.875334,880.872126,4092
938.643263,206.571459,162.808042,4103
938.699905,176.826125,135.011917,4105
938.796253,952.119876,907.223043,4095
938.859300,239.077417,195.945750,4106
938.894141,194.202750,151.848083,4108
938.967576,919.251959,878.309834,4097
939.047432,188.097583,145.851125,4110
939.116304,222.139166,181.139875,4111
939.139836,955.355626,913.431167,4100
939.252296,204.824958,160.704250,4113
939.330593,1009.192917,966.866834,4102
939.352722,236.379208,192.170417,4114
939.437347,185.020792,142.426667,4116
939.485295,1016.204584,973.838542,4104
939.571265,240.634916,197.015583,4117
939.626246,982.965958,939.120000,4107
939.682343,244.957417,203.689500,4119
939.769605,198.305625,156.856000,4121
939.771248,974.972542,934.311001,4109
939.895462,213.078541,172.402417,4123
939.911308,943.710250,902.294459,4112
939.949277,179.641292,137.288958,4124
940.073255,933.380292,889.872084,4115
940.118096,206.752292,164.479584,4127
940.139063,243.575500,200.321334,4126
940.231662,878.899876,835.417333,4118
940.357228,239.101042,195.449333,4130
940.372546,233.463417,190.881833,4131
940.401472,916.133167,873.515417,4120
940.520143,162.895833,121.232709,4133
940.548070,921.804626,878.077376,4122
940.590180,217.613375,173.910042,4134
940.704283,184.121876,141.956501,4136
940.713843,165.741334,124.467875,4137
940.721999,950.720167,906.918834,4125
940.844995,895.685293,853.739834,4128
940.906289,192.427083,150.862542,4140
940.959901,886.616792,844.312584,4129
940.967119,262.802167,220.041208,4139
941.069853,163.532834,160.388084,4143
941.112514,880.817584,837.620000,4132
941.191593,121.703167,118.636583,4146
941.251502,290.502334,247.171167,4144
941.282916,881.410833,838.690709,4135
941.400452,810.234251,768.038542,4138
941.411592,160.051209,118.758208,4149
941.432215,240.584751,197.545251,4148
941.527739,805.689500,763.238001,4141
941.588201,187.718125,146.026125,4151
941.598680,187.051375,145.044958,4152
941.669226,824.203625,782.656876,4142
941.791899,193.181042,149.841708,4156
941.811537,223.314291,180.076750,4155
941.867754,900.598708,858.573917,4145
942.004590,212.658541,169.532417,4158
942.035267,922.719584,880.318833,4147
942.036081,224.514209,181.303500,4159
942.151323,146.710667,105.164209,4161
942.177556,894.620126,894.241251,4150
942.210963,174.875167,133.633500,4163
942.315883,138.308625,137.813083,4165
942.366906,215.549833,167.997083,4164
942.453957,242.972042,198.943792,4166
942.482796,955.035959,913.201917,4154
942.572359,205.430458,162.329125,4168
942.599188,929.940959,886.729667,4157
942.625761,171.779417,129.079417,4169
942.750262,882.476584,839.358042,4160
942.809893,237.494250,194.412167,4171
942.820897,221.685333,179.596667,4172
942.884254,848.951542,806.132542,4162
942.989380,179.447042,137.327750,4175
943.028703,1596.455876,1555.193792,4153
943.043125,222.194000,179.036375,4176
943.190841,874.929417,830.186583,4167
943.191502,162.768959,120.098125,4179
943.224615,235.204375,191.930958,4178
943.363167,880.352959,838.598250,4170
943.371456,180.598250,137.788875,4181
943.403317,211.785584,168.241791,4182
943.518912,155.708292,114.137042,4184
943.540641,914.855084,872.516751,4173
943.622360,250.880875,210.016626,4185
943.698254,179.301208,138.371625,4187
943.707311,957.009959,914.058834,4174
943.864114,241.722542,199.368750,4189
943.892187,1007.901417,965.909876,4177
943.955107,256.816583,214.534250,4190
944.050539,186.401541,145.472250,4192
944.061237,1018.093417,976.999917,4180
944.131926,907.287500,864.738000,4183
944.209289,805.954042,764.426542,4186
944.237596,282.459917,240.581542,4194
944.280703,230.132876,186.809000,4195
944.355460,814.775792,772.209083,4188
944.468267,187.540792,147.042583,4200
944.486338,277.022667,233.800875,4198
944.498464,791.116375,748.400042,4191
944.612562,720.356000,678.711834,4193
944.679365,211.059042,168.922542,4202
944.687940,201.585416,159.058958,4203
944.771491,710.238084,667.386417,4196
944.881940,193.963292,151.757084,4207
944.896319,216.916875,175.741708,4206
944.926795,794.830168,751.968292,4197
945.089708,852.081125,809.157125,4199
945.097287,215.309792,173.969833,4209
945.121249,224.889000,182.685417,4210
945.252780,897.280709,855.191459,4201
945.279989,190.260000,146.506208,4212
945.361518,263.161500,221.698167,4213
945.368380,869.880667,827.369375,4204
945.452315,199.499708,158.311125,4215
945.484338,871.752000,829.352417,4205
945.557192,195.641250,154.295750,4217
945.578223,806.714709,766.367584,4208
945.593466,141.115625,97.138125,4219
945.735671,808.843584,765.688292,4211
945.790210,232.984792,190.330875,4221
945.797291,219.043709,178.135708,4222
945.866485,745.197251,703.064251,4214
945.998164,200.844875,158.771375,4226
946.003787,213.555709,170.202375,4225
946.026752,746.701376,702.282000,4216
946.161368,792.967292,751.198000,4218
946.210647,212.447083,168.436041,4228
946.283524,279.697833,236.507833,4229
946.304129,819.757167,778.633917,4220
946.433848,223.162042,181.004542,4232
946.450385,856.895667,816.085376,4223
946.457642,174.087375,131.430541,4233
946.586145,152.266333,110.599708,4235
946.611169,160.754125,118.378459,4236
946.627153,891.457583,847.260750,4224
946.761433,175.254333,134.301416,4238
946.762090,895.575334,853.776292,4227
946.786578,175.394042,133.489125,4239
946.886980,860.193542,818.087667,4230
946.914044,151.938792,110.365500,4242
946.918216,156.746334,111.272000,4241
947.033018,871.598584,828.354626,4231
947.045862,158.832042,117.306001,4244
947.143305,229.238625,187.351501,4245
947.222995,918.841292,875.398708,4234
947.267838,234.791375,191.086583,4247
947.362294,904.622542,861.809667,4237
947.404307,260.973125,219.025917,4249
947.504288,236.424708,194.525333,4251
947.522315,895.127042,851.731709,4240
947.625269,219.870000,178.805959,4253
947.637730,133.330167,91.495542,4254
947.666654,880.052834,838.236876,4243
947.809071,183.771875,141.254167,4256
947.811819,174.067250,132.260042,4257
947.888285,221.591708,179.160625,4258
947.975520,166.368709,124.708209,4259
947.987204,941.302250,899.445751,4248
948.075884,187.566167,143.299042,4261
948.174030,950.981792,908.080250,4250
948.247273,271.726000,230.391583,4262
948.255377,179.468917,137.013042,4264
948.321198,958.880125,917.674917,4252
948.426704,171.287083,128.146084,4267
948.433469,186.163834,142.075792,4266
948.455632,933.283459,891.047793,4255
948.546326,1628.081292,1587.915001,4246
948.628282,194.790458,153.873416,4270
948.652639,225.896125,182.134750,4269
948.687103,875.244125,833.224292,4260
948.888159,900.913417,858.736084,4263
948.903315,274.997333,232.787625,4273
948.966723,314.058208,270.028792,4274
949.026723,852.670000,810.887292,4265
949.074827,186.636042,144.096458,4276
949.220492,899.256459,857.134251,4268
949.257231,290.483959,248.952375,4278
949.337139,262.271916,219.257792,4280
949.421654,965.996792,924.099751,4271
949.427776,207.254250,163.627917,4281
949.554668,217.502833,173.442500,4283
949.585311,1038.960709,997.871583,4272
949.622947,201.252042,158.517042,4284
949.731130,176.442875,132.609750,4286
949.732186,146.841625,103.775292,4287
949.788063,1100.922376,1059.816043,4275
949.913176,180.962834,138.900709,4290
949.923193,1019.845459,977.292459,4277
949.952036,220.882667,177.546833,4289
950.090098,176.905750,136.654291,4292
950.114897,1088.138042,1045.747793,4279
950.122287,199.070084,158.451417,4293
950.318271,203.332792,161.299250,4296
950.327318,1070.046542,1025.989126,4282
950.341290,251.173417,209.234083,4295
950.496537,1068.742501,1027.672625,4285
950.510712,183.354500,141.483708,4299
950.526804,208.495583,165.370334,4298
950.675129,1052.143751,1010.057418,4288
950.701277,204.720542,164.196084,4301
950.742530,231.779916,189.749291,4302
950.859314,1071.214959,1030.375500,4291
950.897340,222.172709,179.056500,4304
950.966773,265.465958,223.574458,4305
951.066225,1114.157625,1070.990667,4294
951.070678,211.333500,167.209583,4307
951.167964,201.160459,159.207125,4309
951.226173,1103.849542,1060.376626,4297
951.298915,232.667459,188.429209,4310
951.361362,193.373834,150.769208,4312
951.470451,1129.134126,1086.468543,4300
951.548286,249.339708,208.469042,4314
951.611130,1084.293584,1043.165084,4303
951.626286,264.892542,223.358334,4315
951.742428,193.952208,150.465875,4317
951.769962,1027.397584,984.451417,4306
951.794146,182.992250,141.316583,4318
951.919370,176.908958,135.498417,4320
951.959470,1062.093084,1019.537750,4308
951.993902,223.910167,181.185667,4321
952.114266,1043.572251,1002.570626,4311
952.189947,230.440875,187.786666,4324
952.223347,303.940583,260.341958,4323
952.252127,1025.921750,983.367000,4313
952.402280,178.890541,134.507916,4328
952.420285,949.802875,906.672667,4316
952.433249,243.275375,199.187625,4327
952.564481,938.159542,894.544001,4319
952.613085,192.782334,151.088292,4331
952.657217,254.905875,211.343125,4330
952.697113,902.936418,859.349459,4322
952.806742,193.633417,150.037417,4334
952.839864,182.623292,137.730250,4335
952.892744,898.821584,855.789375,4325
953.026793,220.016417,176.091417,4337
953.050931,936.641417,895.733126,4326
953.052204,212.305917,170.366000,4338
953.271208,1019.067292,978.035334,4329
953.271328,244.498917,203.409209,4340
953.274547,223.503875,180.796292,4341
953.452199,1018.931959,976.784084,4332
953.470363,198.942042,156.591167,4344
953.498239,227.011750,184.533125,4343
953.655537,1091.032250,1047.483209,4333
953.703411,251.176333,208.840334,4346
953.745059,274.671542,233.414125,4347
953.857370,1160.225792,1118.068292,4336
953.981076,277.634292,235.402125,4350
953.982476,1089.712168,1049.138125,4339
954.047092,302.016751,258.400917,4351
954.070992,1018.761334,974.012959,4342
954.212740,938.154875,894.196917,4345
954.226444,243.933958,202.228833,4354
954.280761,233.653583,190.595417,4355
954.344178,845.901292,801.874792,4348
954.371393,158.616791,115.875667,4357
954.479697,198.921042,156.141709,4359
954.509296,853.729042,810.668542,4349
954.556238,212.020375,169.943959,4360
954.585961,728.572250,684.515125,4352
954.701256,221.539500,177.781042,4362
954.736872,755.767251,711.267667,4353
954.756242,199.978626,157.202500,4364
954.844567,773.521584,730.936792,4356
954.904710,203.431375,161.956959,4366
954.963973,227.065125,183.420125,4367
955.087802,861.318209,818.525459,4358
955.163121,199.117917,158.680667,4371
955.193234,288.495375,246.426833,4370
955.233229,861.802375,819.230708,4361
955.374134,180.863084,136.041500,4374
955.378123,214.979042,171.297875,4373
955.398824,889.493792,845.744084,4363
955.528132,942.153042,897.000125,4365
955.562930,188.767542,146.400333,4376
955.579310,200.116292,158.384917,4377
955.664151,907.888917,864.351834,4368
955.736994,208.838583,166.797458,4379
955.792882,229.929000,187.364333,4380
955.876130,139.083583,97.887125,4383
955.904969,1060.372834,1017.143458,4369
956.063643,187.494709,144.986625,4385
956.076689,283.776792,239.982459,4384
956.077108,989.276750,948.260250,4372
956.231114,997.862542,954.453209,4375
956.274184,210.527916,167.786792,4387
956.298302,221.580917,180.483334,4388
956.384482,985.639083,941.797209,4378
956.489581,215.379500,172.706042,4391
956.523278,224.956958,183.323875,4392
956.546778,967.368208,924.611334,4381
956.680040,1015.868875,973.509542,4382
956.711873,222.269542,180.865708,4394
956.841101,317.804959,275.441833,4395
956.868705,963.705459,920.271042,4386
956.963277,283.208333,241.640001,4397
957.037244,196.122209,154.366333,4399
957.080279,1003.155125,961.104376,4389
957.163953,200.639250,159.031542,4401
957.258287,1027.136833,986.180125,4390
957.280196,242.908750,199.862833,4402
957.381263,217.277375,175.061250,4404
957.422826,1038.331876,996.091250,4393
957.438945,180.622459,138.541375,4405
957.542600,995.791417,952.309168,4396
957.547204,165.922750,122.735083,4407
957.632053,209.204042,166.854917,4408
957.672357,960.443167,917.119875,4398
957.752699,210.082833,167.357458,4410
957.821724,189.641959,145.350917,4412
957.855312,986.571542,944.891792,4400
957.925286,172.566333,128.754209,4414
958.003555,923.246333,880.731250,4403
958.069284,247.519125,206.615208,4415
958.175303,895.066376,853.183334,4406
958.202290,276.980667,236.345083,4417
958.288780,849.814292,808.613751,4409
958.293131,223.815084,182.992251,4419
958.331340,155.998500,112.704666,4420
958.389819,842.592625,799.553709,4411
958.458987,170.181667,127.391834,4422
958.493946,200.796750,158.248709,4423
958.521273,848.880959,807.648042,4413
958.625274,769.923292,729.135167,4416
958.655220,161.255792,119.645458,4427
958.691441,232.399125,189.961333,4426
958.765418,761.827792,719.473417,4418
958.818487,163.247875,120.797833,4430
958.857550,232.236375,187.522125,4429
958.871612,669.284584,626.819667,4421
958.990863,659.479042,608.272292,4424
959.066174,247.645417,204.987417,4433
959.087228,229.647250,187.352666,4434
959.140402,750.542334,706.095833,4425
959.323221,801.920875,760.317833,4428
959.326129,238.884041,196.549500,4438
959.339286,273.074084,231.285833,4437
959.493968,802.503625,758.174667,4431
959.583875,257.717542,214.543584,4441
959.590309,267.064584,223.429792,4440
959.591060,825.608292,784.101501,4432
959.709289,837.638084,795.711292,4435
959.803633,213.295541,170.731167,4445
959.819595,235.697583,192.950334,4444
959.852757,861.863333,819.307709,4436
960.005258,201.584250,159.187000,4448
960.021100,880.659792,835.588542,4439
960.035604,215.975375,171.805958,4449
960.195534,856.210542,814.662042,4442
960.234686,213.547251,170.034084,4452
960.249226,243.937459,201.411875,4451
960.402634,908.633834,865.471251,4443
960.410768,215.201000,172.617667,4454
960.447304,212.583000,172.057083,4455
960.583335,992.246501,947.779292,4446
960.652138,249.478833,206.905125,4457
960.663582,252.778459,211.311625,4458
960.770312,1060.998751,1009.444334,4447
960.865230,213.054917,170.511541,4461
960.874109,210.489417,167.904333,4462
960.894828,1042.052667,999.037084,4450
961.031165,995.542334,947.737000,4453
961.080260,214.993334,174.281917,4464
961.106518,231.331917,188.944583,4465
961.202652,953.408167,910.849917,4456
961.291203,210.910000,167.034583,4468
961.329222,222.686042,181.749458,4469
961.352867,905.528751,861.718667,4459
961.495215,203.975042,161.113750,4471
961.526265,197.017042,155.430333,4472
961.534721,951.350751,907.676292,4460
961.731493,961.161542,916.768709,4463
961.799592,304.353292,261.471292,4474
961.811577,285.279167,241.229917,4475
961.865766,970.917793,927.757250,4466
961.977203,165.609208,123.823000,4479
961.977884,178.273959,136.184125,4478
962.006148,974.968750,934.287084,4467
962.128678,926.003167,883.166084,4470
962.184944,207.718291,165.352833,4481
962.199574,846.668667,802.672792,4473
962.232769,254.871750,208.405750,4482
962.371204,171.595667,129.343959,4486
962.381971,846.204334,803.107959,4476
962.402143,217.159834,175.091001,4485
962.531309,799.794042,758.884584,4477
962.582884,211.655792,168.532292,4488
962.585654,203.661500,161.266000,4489
962.698438,832.648834,791.497292,4480
962.816288,233.368041,192.017000,4492
962.829995,244.311375,199.657208,4493
962.878433,872.265042,829.275125,4483
963.037127,220.802458,180.157541,4495
963.054898,224.856626,180.896334,4496
963.092105,963.392501,921.207001,4484
963.229375,192.223791,145.395542,4498
963.237870,1005.062334,962.980959,4487
963.276222,221.293625,177.426667,4499
963.380509,978.333125,936.337209,4490
963.473782,235.884833,192.422416,4502
963.508768,279.353958,236.034166,4501
963.528170,996.823625,954.274709,4491
963.650238,176.439375,132.780666,4505
963.678289,979.811001,938.917292,4494
963.684125,175.319084,133.052208,4506
963.851738,973.279417,928.935000,4497
963.859986,209.729334,169.137208,4508
963.915539,237.213084,193.491375,4509
963.968326,876.198751,834.945125,4500
964.100707,248.950042,205.155125,4511
964.113350,837.091501,793.655334,4503
964.123831,208.252916,164.698041,4513
964.226323,845.786959,803.261667,4504
964.329304,228.564583,185.976000,4515
964.330213,216.843667,173.501125,4516
964.397877,869.665417,826.689501,4507
964.489110,158.874333,114.270626,4520
964.513280,829.120543,786.906459,4510
964.532070,202.726709,159.855209,4519
964.692296,203.146125,159.722500,4522
964.732532,872.529000,829.059292,4512
964.779728,266.415625,222.628875,4523
964.935810,967.446083,917.116375,4514
964.956492,264.161916,221.569250,4525
965.014677,234.920292,193.345250,4527
965.059332,935.477375,892.710584,4517
965.171273,235.429834,192.889667,4528
965.196291,181.570375,140.226917,4530
965.204426,978.077625,936.190792,4518
965.378909,182.575167,139.481708,4533
965.390831,219.541000,176.398833,4532
965.393764,995.855876,951.662251,4521
965.493089,960.986542,918.354209,4524
965.586238,195.391000,151.961250,4536
965.602994,224.052500,181.459250,4535
965.644272,911.717625,869.202542,4526
965.781777,195.518750,152.462625,4539
965.820184,217.135041,174.507667,4540
965.856394,899.882959,858.482625,4529
965.956195,174.384000,132.414042,4542
966.012861,192.643209,148.598917,4543
966.018249,958.883334,917.476001,4531
966.159601,203.384708,160.655250,4545
966.190302,985.850834,945.283792,4534
966.238209,225.313958,180.506084,4546
966.349715,955.930501,912.161542,4537
966.372272,212.635208,170.557041,4548
966.429248,191.009000,149.508042,4550
966.499351,1006.238917,964.436667,4538
966.514669,164.924958,121.846083,4551
966.621302,192.036250,150.696292,4553
966.629299,984.993334,942.103750,4541
966.744948,245.559417,202.049750,4554
966.762428,906.011750,862.958542,4544
966.806298,184.970625,143.809458,4556
966.922122,177.144625,133.669375,4558
966.927082,908.804459,866.649584,4547
966.983295,176.958250,134.883292,4560
967.101637,911.306667,868.890167,4549
967.110758,188.606542,145.649875,4561
967.195869,212.540125,169.598625,4563
967.257402,885.099543,843.509042,4552
967.279345,177.676626,135.551209,4564
967.438165,242.277292,199.819084,4566
967.438170,180.739125,139.511167,4567
967.446831,932.127001,889.304793,4555
967.615248,177.063834,134.859375,4569
967.638957,200.776625,158.565750,4570
967.655293,1025.969292,982.309125,4557
967.828293,213.008250,172.226250,4572
967.839146,1076.679042,1032.200751,4559
967.840094,108.384500,105.733542,4573
968.008416,1081.312167,1039.456834,4562
968.044318,185.657501,183.449876,4574
968.107043,208.711125,207.718000,4575
968.183132,1072.339917,1031.527584,4565
968.276949,231.090125,229.565291,4577
968.346511,1067.130167,1025.228459,4568
968.388982,157.278041,155.790542,4579
968.555199,1108.338001,1064.982625,4571
968.579752,180.288209,178.253833,4581
968.637805,686.210292,682.679084,4576
968.684748,118.379042,117.028917,4582
968.823305,758.264209,757.328250,4578
968.879284,164.692791,164.043250,4583
968.940729,207.993333,206.228458,4584
968.993679,726.789875,725.574500,4580
969.028742,130.321042,129.080583,4585
969.190262,124.539625,122.523333,4586
969.307379,104.178083,102.771375,4587
969.373676,140.327542,139.352792,4588
969.572969,173.920250,166.950583,4589
969.664127,161.618916,160.774250,4590
969.669783,155.652000,155.052625,4591
969.690214,167.662542,166.363458,4592
969.817432,125.718833,124.982084,4595
969.838104,273.129209,271.246208,4593
969.937434,205.734083,203.638459,4596
970.010022,433.725833,430.548125,4594
970.096598,197.505583,196.614833,4598
970.120999,173.769459,171.777375,4599
970.160607,405.153292,404.566459,4597
970.317439,251.875167,250.413334,4600
970.376808,143.610250,141.873083,4601
970.543044,143.657792,142.417916,4602
970.699546,133.480959,132.867000,4603
970.768095,154.809667,154.091875,4604
970.838945,188.624917,186.444126,4605
970.859318,126.986709,126.296625,4606
970.998154,98.369250,96.032708,4607
971.093340,120.968459,118.748583,4608
971.209886,143.012333,142.250208,4609
971.300467,129.080291,128.467791,4610
971.357220,123.585291,122.754333,4611
971.449585,214.925959,212.571042,4612
971.528582,129.305167,128.295417,4613
971.617523,115.344834,113.692250,4614
971.667756,155.765750,154.140000,4615
971.696616,130.832917,129.993208,4616
971.815953,83.231750,81.209916,4617
971.932186,108.944208,107.880791,4618
972.047732,149.080750,148.629250,4619
972.185607,120.023167,118.429209,4620
972.353257,190.479625,188.948959,4621
972.439159,206.437292,204.994416,4622
972.459902,174.725542,173.332834,4623
972.534297,134.583458,132.918625,4624
972.657895,189.947625,188.230291,4625
972.742361,253.499459,252.807042,4626
972.805947,257.800958,255.539375,4627
972.829225,263.935292,262.284167,4628
972.945434,187.285584,185.699792,4631
972.998908,352.295709,349.382251,4629
973.028610,129.758417,128.311459,4632
973.097322,98.263084,96.744083,4633
973.122172,390.458250,389.788292,4630
973.188048,122.805083,121.452334,4634
973.366400,133.235958,132.496584,4635
973.535414,136.463833,135.039042,4636
973.690190,123.766709,121.321958,4637
973.839321,106.565958,106.060209,4638
973.965586,66.521000,65.896834,4639
974.062101,88.934708,88.275834,4640
974.182562,116.869667,116.455209,4641
974.316568,162.341083,161.151958,4642
974.358288,191.637542,189.645167,4643
974.427186,194.473416,191.341792,4644
974.578648,177.948166,175.760083,4645
974.684835,118.572417,117.191083,4646
974.874811,148.220333,147.848167,4647
974.913829,180.725709,179.995084,4648
974.924696,170.031459,169.399417,4649
975.023508,124.866292,124.253792,4650
975.252323,190.534458,189.848750,4651
975.273436,206.365250,204.787334,4652
975.319390,222.322917,220.689875,4653
975.396802,96.045250,94.734209,4658
975.441594,270.209625,268.440375,4654
975.563400,164.741791,162.708583,4659
975.582823,403.329208,401.483542,4655
975.668956,142.842292,141.304917,4660
975.750940,185.452751,183.845375,4661
975.766369,553.625042,552.071917,4656
975.854300,121.779291,120.932875,4662
975.949802,146.219209,144.523750,4663
975.955781,724.085834,722.114458,4657
976.031227,171.715250,171.124333,4664
976.152962,163.362792,162.447542,4667
976.154433,256.073417,255.278916,4665
976.210564,144.529292,143.903959,4668
976.315569,411.608167,410.935292,4666
976.373076,140.154000,139.118584,4669
976.399163,143.932834,143.237500,4670
976.535635,137.259500,135.966542,4671
976.687750,157.990875,156.244666,4672
976.709779,144.328917,143.803334,4673
976.771749,154.103833,152.292292,4674
976.838680,106.994417,105.453541,4675
976.975504,74.814250,74.047167,4676
977.089412,142.557917,139.350167,4677
977.108806,131.238625,129.720792,4678
977.199332,132.971417,131.502000,4679
977.329840,115.720208,115.320625,4680
977.429770,197.280416,195.968792,4681
977.501115,102.373834,101.197833,4682
977.750926,185.157584,183.591334,4683
977.751710,161.895709,160.057333,4684
977.799528,205.674000,204.990626,4685
977.875520,143.734792,142.936208,4686
978.031978,132.439708,131.389125,4687
978.155236,169.626041,168.645167,4688
978.229114,195.888875,194.829833,4689
978.262528,196.991667,196.143500,4690
978.365485,225.512583,223.192667,4691
978.387608,155.193500,154.381500,4692
978.541621,142.355792,139.374667,4693
978.574427,112.942666,110.478667,4694
978.714024,132.193250,131.506958,4696
978.736043,169.763416,168.270959,4695
978.876376,143.684333,141.285375,4697
979.068203,169.161708,167.482583,4698
979.103683,145.059250,144.000791,4699
979.120965,148.456292,146.095542,4700
979.178897,159.590084,159.145001,4701
979.297256,232.273708,230.874876,4702
979.348490,120.737166,120.111541,4706
979.430633,198.485291,197.489834,4707
979.430723,360.210958,357.447708,4703
979.526330,443.523792,441.945876,4704
979.535356,155.508792,153.713000,4708
979.647503,549.648750,547.738334,4705
979.719730,154.693875,152.905667,4711
979.794088,395.545500,393.566833,4709
979.876806,144.509459,143.637667,4712
979.965329,564.816292,563.282417,4710
980.050324,111.987750,108.598875,4714
980.063241,162.886500,161.187250,4713
980.184806,119.079042,117.580750,4715
980.218715,114.068209,113.428292,4716
980.350606,159.673792,158.268542,4717
980.372566,138.697417,137.902334,4718
980.391291,143.499417,140.944125,4719
980.513256,140.666167,139.853000,4720
980.526215,127.863751,126.601126,4721
980.720014,154.636709,154.093042,4722
980.776142,164.100125,161.710209,4723
980.902891,234.000667,233.328666,4724
980.964557,234.765125,233.070833,4725
981.015259,209.756167,208.760125,4728
981.060945,143.947416,141.084125,4731
981.128574,395.818792,393.768375,4726
981.235869,170.856000,168.911751,4734
981.258417,186.547375,143.947417,4735
981.275758,517.895584,516.648126,4727
981.406120,170.225709,127.801625,4737
981.426359,564.034625,562.417625,4729
981.573727,175.389667,174.912500,4738
981.591029,187.059250,186.365375,4739
981.609528,711.089750,709.904125,4730
981.765663,191.906459,147.787792,4742
981.787385,798.293709,795.144875,4732
981.802882,147.000000,144.764667,4743
981.916786,913.719042,912.945834,4733
981.920378,154.690667,111.475292,4745
982.024978,138.730376,137.258917,4746
982.160734,261.447375,259.479209,4747
982.166220,1037.616126,994.135917,4736
982.208562,141.508791,138.748166,4749
982.331290,892.685209,850.415417,4740
982.360113,199.359125,154.914084,4751
982.384759,842.102917,841.129042,4741
982.420746,188.802250,187.518625,4753
982.513323,803.863667,803.423542,4744
982.587099,214.359541,213.492709,4754
982.679162,752.446625,711.550292,4748
982.705053,242.712751,242.053292,4756
982.768276,695.110501,693.794209,4750
982.833074,184.459625,182.482417,4759
982.877226,158.349917,115.958792,4761
982.957306,755.001626,713.970833,4752
983.125720,726.436083,724.493000,4755
983.135924,302.833417,259.088958,4763
983.182517,305.267375,263.008084,4764
983.268207,701.677667,700.886084,4757
983.342206,216.466251,170.032042,4766
983.370259,187.704125,145.087833,4768
983.381869,797.306126,796.935126,4758
983.494577,152.334875,109.866167,4770
983.527234,156.941459,115.882959,4771
983.581291,888.514959,848.383959,4760
983.751094,256.485542,214.753292,4773
983.768308,241.048208,200.328041,4774
983.779087,1010.779875,967.143625,4762
983.935458,978.117583,936.531459,4765
983.942526,174.184500,130.559042,4777
983.962610,211.498875,209.571250,4776
984.049310,913.361750,871.381000,4767
984.147381,211.894375,168.420000,4779
984.173422,210.791000,209.413167,4781
984.227812,959.567292,917.596167,4769
984.400119,226.666125,185.180333,4784
984.415922,268.508625,226.093292,4783
984.440367,1058.474667,1016.944542,4772
984.585161,1003.833834,961.644250,4775
984.649664,249.530458,207.765542,4786
984.690313,274.362666,233.240584,4787
984.705806,926.699084,884.882542,4778
984.857201,914.659959,871.786126,4780
984.858067,208.387375,167.743917,4790
984.906913,216.562500,172.938792,4791
984.965418,916.072501,874.080959,4782
985.066771,209.547042,166.511625,4793
985.093580,865.730833,824.516583,4785
985.149757,242.810166,200.650917,4795
985.230131,789.731542,749.106750,4788
985.240478,173.681667,131.795708,4797
985.383354,233.560250,190.710916,4799
985.391559,806.365583,764.978375,4789
985.447667,217.517126,174.569501,4800
985.540390,157.003875,114.120417,4802
985.558311,852.484500,809.975250,4792
985.685343,237.652041,195.164666,4804
985.716364,858.286333,816.152750,4794
985.790295,249.870542,208.881458,4805
985.896062,210.678125,167.978708,4807
985.899258,933.803792,889.067667,4796
986.045822,255.501750,213.516625,4809
986.049723,956.105500,914.131167,4798
986.103139,207.045417,164.665667,4810
986.238223,135.064709,93.346167,4814
986.242282,1001.784584,959.624459,4801
986.263135,217.298375,175.109084,4812
986.445775,207.533083,205.292792,4815
986.448244,1056.666043,1014.895292,4803
986.464902,222.602333,180.712875,4816
986.621846,176.045042,172.262125,4818
986.663215,1103.872875,1061.347875,4806
986.751284,303.010167,261.789792,4819
986.847196,225.320667,183.422459,4821
986.873351,1156.963209,1112.625209,4808
986.978681,227.367292,184.155709,4823
987.027248,1127.961918,1085.616292,4811
987.051056,203.819583,160.506792,4824
987.145694,166.981791,125.331791,4826
987.168421,1118.660375,1075.392209,4813
987.300319,273.055708,229.926375,4827
987.306285,1043.128917,1002.176584,4817
987.384697,919.392542,918.977792,4820
987.406386,260.656958,219.737584,4829
987.515706,215.366375,173.445709,4831
987.543463,880.226084,838.025709,4822
987.574790,190.073626,188.674501,4833
987.711357,837.967375,796.746125,4825
987.800276,284.529584,243.653667,4835
987.821961,247.135000,205.123333,4837
987.896285,845.196334,802.543875,4828
987.990267,168.271833,127.033083,4840
988.020270,219.957208,177.126250,4839
988.045041,876.580834,833.731792,4830
988.200278,179.973792,137.767583,4843
988.215645,225.344000,183.297625,4842
988.221127,914.813668,872.286334,4832
988.356194,155.876000,113.551667,4845
988.372482,966.057167,923.111876,4834
988.386234,170.562583,127.806583,4846
988.502046,958.559876,917.039375,4836
988.536887,164.367000,121.372125,4849
988.630758,274.531250,232.388042,4848
988.653934,942.536000,898.135583,4838
988.716247,214.180750,171.661292,4851
988.827830,931.522084,890.782084,4841
988.922189,291.417000,250.404292,4853
988.960846,244.561626,202.449625,4855
988.978875,933.802334,892.039459,4844
989.109229,888.083584,847.482125,4847
989.113939,153.059375,109.491084,4858
989.154056,231.842334,190.425083,4857
989.256337,870.062084,827.321250,4850
989.285150,175.905625,135.117500,4860
989.312940,198.967708,157.442834,4861
989.368226,831.303959,789.188750,4852
989.494281,209.111292,168.679292,4864
989.499092,242.724417,197.606209,4863
989.514130,860.167292,819.719250,4854
989.640923,813.058751,770.360501,4856
989.717217,222.896917,180.324958,4867
989.720268,221.159751,178.671209,4868
989.797495,818.582917,776.008042,4859
989.867245,149.998041,107.838500,4871
989.941441,221.141959,177.865625,4872
989.966487,812.399292,769.716209,4862
990.087097,219.828000,178.338708,4874
990.104135,791.154875,747.499667,4865
990.150242,207.728500,166.619541,4875
990.247649,879.399208,834.397667,4866
990.327845,177.563167,133.900084,4879
990.334643,247.514167,204.475834,4877
990.416339,902.190334,859.597667,4869
990.518209,190.330875,147.745792,4881
990.574301,239.633042,197.967584,4882
990.588414,947.457876,903.259000,4870
990.698945,901.418000,858.772250,4873
990.714208,195.964416,154.042292,4884
990.745065,170.733208,128.527291,4885
990.819322,852.812625,808.700667,4876
990.893118,194.150833,150.701250,4887
990.932979,218.747959,176.786167,4888
990.951748,847.585376,804.305251,4878
991.099216,206.062792,162.128750,4891
991.119135,871.459167,830.185417,4880
991.171354,238.304209,195.900833,4892
991.249603,833.225750,789.953209,4883
991.366195,266.952875,222.339541,4894
991.368161,779.732042,738.623375,4886
991.389296,217.917583,174.031958,4896
991.529087,783.984834,742.363709,4889
991.542148,173.976250,130.169083,4899
991.584301,218.083833,176.404083,4898
991.616112,796.753417,795.519376,4890
991.709124,180.003251,137.820083,4901
991.786839,202.505334,159.816125,4903
991.809138,857.370793,816.624375,4893
991.923444,136.581667,93.996583,4906
991.924413,805.257542,804.636875,4895
991.952393,243.247375,200.020917,4905
992.166428,241.983292,239.077709,4909
992.209301,959.657417,917.477751,4897
992.233131,309.650542,269.111208,4908
992.349102,959.789250,918.395333,4900
992.390850,224.378000,181.635416,4911
992.418351,209.018834,166.770917,4912
992.492245,950.077917,908.721042,4902
992.516513,167.390708,125.761417,4914
992.560268,169.377833,125.379625,4915
992.622560,1006.411292,1003.355792,4904
992.728972,236.705875,194.715792,4917
992.784631,268.087458,224.789542,4918
992.831143,1021.991250,981.517251,4907
992.918982,189.975042,148.441125,4921
992.935986,151.317833,107.197125,4922
993.009219,1056.794084,1014.703375,4910
993.099406,180.382709,137.766125,4924
993.141794,205.750709,162.370833,4925
993.145136,911.992959,871.366709,4913
993.267286,848.908959,807.323417,4916
993.329130,229.704709,188.579125,4927
993.361361,801.054625,758.061209,4919
993.382728,240.895375,197.872500,4928
993.516138,893.544167,851.717417,4920
993.521056,191.904709,149.844041,4931
993.598276,236.882917,194.240375,4932
993.701993,185.833083,142.943208,4934
993.726417,895.253917,851.253667,4923
993.847382,249.071375,208.028042,4936
993.922940,913.701543,870.404501,4926
993.950830,248.789626,205.759167,4937
994.040109,192.686375,150.987084,4939
994.074043,928.886292,885.204834,4929
994.182781,259.821625,218.178916,4940
994.194352,927.026042,884.837917,4930
994.316509,276.360583,235.343792,4942
994.332688,949.926251,907.290417,4933
994.467329,284.513542,241.609375,4944
994.500803,979.711834,936.222875,4935
994.540272,223.724084,182.431667,4946
994.652754,926.307667,882.329875,4938
994.677900,210.532583,165.694375,4948
994.714834,214.001667,171.311292,4949
994.807340,856.484708,814.010167,4941
994.856274,203.484750,162.178625,4951
994.884733,206.804208,164.402583,4952
994.956150,882.070001,839.185667,4943
995.052223,167.458375,126.067959,4956
995.076718,882.341834,839.391000,4945
995.097149,240.843458,200.119791,4955
995.225135,892.432043,849.150750,4947
995.259665,207.418459,164.808876,4958
995.272230,195.498917,153.788833,4959
995.364394,824.086376,780.780876,4950
995.395983,170.829458,128.606334,4961
995.485231,225.527750,184.658834,4962
995.550171,835.311750,792.053792,4953
995.617347,252.930125,211.471750,4964
995.704598,219.336834,177.836458,4966
995.720962,913.596251,871.103625,4954
995.804296,186.917500,144.728792,4968
995.896258,940.071126,899.075625,4957
995.909261,204.628376,163.419084,4969
996.040240,235.910792,193.226250,4971
996.056650,959.476292,916.967917,4960
996.114162,217.875875,175.351167,4972
996.193271,921.016542,878.255000,4963
996.302180,261.920459,217.753083,4974
996.315760,201.577542,159.052250,4976
996.330241,934.209792,892.767167,4965
996.446178,895.973458,853.698417,4967
996.500413,184.614792,141.001292,4979
996.530186,227.973084,184.880500,4978
996.593204,872.219251,829.626875,4970
996.645441,144.990417,102.310833,4982
996.750424,841.120000,797.436792,4973
996.771444,241.237792,200.364500,4983
996.865304,219.821875,178.998458,4985
996.883262,826.577208,785.995876,4975
996.939177,188.717375,145.283833,4986
997.040261,846.953917,805.340959,4977
997.106233,240.895083,199.263750,4988
997.140623,201.416250,157.658375,4990
997.169295,839.027583,797.198501,4980
997.328208,187.550709,146.176625,4993
997.335203,889.001750,846.697543,4981
997.365618,259.360208,215.030375,4992
997.478195,884.955167,842.332751,4984
997.496089,160.858250,118.910167,4996
997.537520,209.293875,167.161459,4995
997.648104,151.996542,108.648166,4999
997.661755,890.292083,848.319792,4987
997.667840,189.623000,147.227791,4998
997.812189,164.052000,122.986792,5001
997.822190,160.415500,116.563709,5002
997.826286,943.010834,900.540376,4989
997.956629,916.332084,874.234959,4991
998.013381,201.168917,159.025417,5004
998.074149,251.935542,207.231209,5005
998.091074,921.685042,868.021584,4994
998.185379,171.971042,130.523750,5008
998.215863,850.211251,806.731625,4997
998.295896,221.709833,178.976000,5009
998.381664,844.120667,802.683583,5000
998.419210,233.809917,192.098959,5011
998.547334,251.403833,209.202875,5013
998.585129,917.270083,874.704542,5003
998.677421,295.721416,252.086041,5014
998.746350,920.047042,876.250667,5006
998.843867,296.491709,251.731083,5016
998.866957,910.294584,867.669834,5007
998.926201,248.750542,205.421709,5018
998.979634,888.526917,847.618917,5010
999.077351,233.445041,191.583875,5020
999.144090,928.201459,884.767625,5012
999.164282,238.056583,197.418083,5022
999.253777,176.393583,131.330500,5024
999.312499,893.270292,849.283167,5015
999.340089,195.980166,152.412166,5025
999.415262,830.097334,787.383917,5017
999.456934,203.137959,160.398584,5027
999.552458,806.071000,764.258542,5019
999.582307,269.786125,226.697334,5028
999.615211,198.874958,155.486917,5030
999.719668,852.692750,811.073667,5021
999.791180,208.841792,168.284959,5033
999.821111,841.439667,798.405417,5023
999.822380,269.887333,228.102292,5032
999.956184,791.874417,751.580959,5026
999.986101,194.889625,151.080708,5036
1000.074258,253.110375,210.995750,5037
1000.128319,788.193876,745.786709,5029
1000.157226,201.016376,159.443084,5039
1000.318330,861.357292,818.918917,5031
1000.348275,273.977958,232.607959,5041
1000.390292,261.939708,221.304708,5042
1000.461270,846.027001,802.719167,5034
1000.561190,242.825042,200.144875,5044
1000.584631,864.941000,822.580209,5035
1000.626356,236.024834,191.524375,5046
1000.741079,918.677958,876.660459,5038
1000.765169,180.507542,138.924334,5049
1000.773899,212.669333,169.898750,5048
1000.878131,892.000376,848.404959,5040
1000.956539,215.439000,173.035917,5051
1000.967631,202.441459,161.133292,5052
1001.032288,875.023917,832.460708,5043
1001.175285,218.707708,177.919583,5055
1001.188089,220.417750,177.072583,5056
1001.199098,849.738167,806.284501,5045
1001.376370,201.049042,159.712875,5058
1001.388273,200.148958,158.333875,5059
1001.398964,937.669542,893.723250,5047
1001.559283,932.891751,890.666292,5050
1001.622167,245.764458,203.671417,5061
1001.640802,252.500501,208.475751,5062
1001.657459,883.536501,840.045501,5053
1001.754145,875.984959,835.022708,5054
1001.789751,167.568625,126.185791,5065
1001.832088,799.762834,757.666584,5057
1001.861348,220.522459,177.179333,5066
1001.956289,757.154709,716.633167,5060
1001.977287,223.119458,182.204167,5068
1002.033734,201.618375,160.404417,5070
1002.143367,187.040583,145.134500,5072
1002.158235,759.236917,715.376084,5063
1002.230648,196.879667,154.317042,5074
1002.356925,797.602751,753.751251,5064
1002.387225,243.826625,203.063292,5075
1002.438443,207.763500,166.464667,5077
1002.533290,176.329416,133.317334,5078
1002.541797,884.318459,840.915250,5067
1002.642287,203.816083,159.413042,5080
1002.694110,904.337292,859.953500,5069
1002.713553,180.232792,138.103291,5081
1002.874967,1013.581626,970.390459,5071
1002.890297,247.989583,206.870417,5083
1002.918361,224.216417,180.611376,5084
1003.046308,171.301667,128.230084,5086
1003.050376,1073.050125,1029.835042,5073
1003.088354,196.940042,153.423375,5087
1003.207080,1048.831001,1006.499668,5076
1003.237152,190.809208,149.340334,5089
1003.273978,223.575917,181.269083,5090
1003.342892,135.788625,93.703750,5092
1003.368845,981.596292,939.350417,5079
1003.398101,160.926208,118.610916,5093
1003.546195,1004.366708,961.160667,5082
1003.547740,204.822916,162.785292,5095
1003.579287,210.408625,167.927666,5096
1003.669424,955.854667,912.569584,5085
1003.733177,186.945792,145.172417,5098
1003.749923,202.155333,159.503167,5099
1003.816290,897.896126,857.028958,5088
1003.908630,175.419417,132.791458,5102
1003.940258,190.315417,148.269333,5103
1003.976214,887.836834,845.263417,5091
1004.108232,834.231417,793.807001,5094
1004.121557,181.277250,138.188458,5106
1004.136905,228.214000,185.882958,5105
1004.258126,859.984125,817.766542,5097
1004.314590,206.320042,161.374500,5108
1004.322568,200.975542,159.373376,5109
1004.376204,796.894583,753.454917,5100
1004.500159,177.551500,134.776250,5113
1004.535162,865.720042,823.125333,5101
1004.545083,230.455750,187.663875,5112
1004.684327,868.007001,825.747125,5104
1004.709477,209.288625,166.081417,5115
1004.771126,235.944333,193.061750,5116
1004.824681,848.428292,806.801333,5107
1004.892285,207.934125,165.504208,5118
1004.920574,149.409458,107.187792,5120
1005.022747,885.816751,842.989584,5110
1005.077829,185.509042,141.138667,5122
1005.152371,231.759209,190.374334,5123
1005.169429,911.263793,869.077709,5111
1005.280983,203.114333,161.556792,5125
1005.348323,972.088834,929.312125,5114
1005.417636,265.233208,222.309208,5126
1005.456571,175.508083,133.750750,5128
1005.474306,929.200417,887.050792,5117
1005.573251,155.592500,114.094750,5130
1005.658681,949.188334,905.433667,5119
1005.669834,213.227584,169.979834,5131
1005.770940,197.653167,155.351000,5133
1005.782327,957.616042,905.699084,5121
1005.818256,159.555959,116.915750,5134
1005.911297,888.518751,847.433417,5124
1005.957267,174.899958,134.075666,5137
1005.962282,191.307375,150.040625,5136
1006.059125,889.671708,848.349542,5127
1006.154711,192.397625,148.457167,5141
1006.160874,203.568458,160.950708,5140
1006.235039,886.682126,844.126500,5129
1006.374703,900.365959,854.474250,5132
1006.406447,251.717667,208.531458,5143
1006.418099,257.180876,214.423125,5144
1006.515787,845.938625,803.191083,5135
1006.588179,213.448666,172.065541,5146
1006.620460,213.990000,173.073542,5147
1006.661156,842.861833,798.323167,5138
1006.768277,147.777292,107.005208,5151
1006.772266,184.052750,142.173792,5150
1006.818812,907.485833,862.654626,5139
1006.962984,194.675250,152.772958,5153
1006.973064,913.914167,871.857875,5142
1006.996137,223.843375,182.589459,5154
1007.112724,877.669042,835.650084,5145
1007.149464,186.463375,144.517042,5156
1007.190169,217.064167,173.430251,5157
1007.270544,852.414500,810.084334,5148
1007.292778,180.033291,137.593459,5159
1007.367245,217.763584,175.960459,5160
1007.426289,155.719958,113.799291,5162
1007.443489,927.678500,885.963167,5149
1007.567142,199.881791,157.538792,5164
1007.604581,943.390292,900.915459,5152
1007.659860,233.548000,191.090667,5165
1007.749240,930.395667,888.788834,5155
1007.812172,245.018375,203.093626,5167
1007.852802,192.903667,151.426334,5169
1007.916254,920.098376,876.879209,5158
1007.974991,162.797542,119.889000,5171
1008.028140,175.309458,133.080208,5172
1008.045204,855.002167,811.788250,5161
1008.178306,203.220500,162.708583,5174
1008.200956,908.138875,864.829584,5163
1008.252472,224.308583,182.303917,5175
1008.364736,921.210209,878.170709,5166
1008.386171,207.834375,165.636916,5177
1008.466466,213.956167,171.309833,5179
1008.524224,919.618584,878.269584,5168
1008.619728,254.957500,212.792708,5180
1008.681134,931.880834,890.498584,5170
1008.696645,230.145125,187.372209,5182
1008.793397,173.643750,129.829000,5184
1008.813358,897.079750,855.116501,5173
1008.900199,219.046625,177.250208,5185
1008.996345,951.117417,910.200375,5176
1009.067284,273.852833,232.456875,5187
1009.165238,964.248834,922.260500,5178
1009.169531,269.298459,226.617417,5189
1009.223704,156.382625,113.734542,5191
1009.288529,902.320126,858.387542,5181
1009.358311,193.033459,152.037666,5192
1009.359151,135.409458,94.693375,5194
1009.410135,885.887042,843.346876,5183
1009.576220,217.872083,176.358292,5196
1009.601338,904.674751,861.783417,5186
1009.602159,242.988375,199.823167,5197
1009.746124,169.869000,128.116625,5199
1009.843779,1030.389792,986.588167,5188
1009.891590,290.215333,246.787625,5200
1009.953218,207.067584,164.391500,5202
1009.979297,982.914334,941.161375,5190
1010.051160,159.530875,116.907292,5204
1010.117177,163.919875,119.769125,5205
1010.143331,973.760083,931.035000,5193
1010.217193,166.000916,123.525208,5207
1010.301519,184.306792,141.075667,5208
1010.324308,1035.737792,992.945042,5195
1010.406611,189.397250,146.688209,5210
1010.489401,187.859292,145.726584,5211
1010.492275,1082.113375,1040.328917,5198
1010.582601,175.969500,132.373500,5213
1010.618296,1016.115042,973.281168,5201
1010.665204,175.765042,130.731708,5214
1010.775241,931.440126,888.183334,5203
1010.825803,243.178250,199.804792,5216
1010.843784,178.547542,136.607333,5218
1010.944263,964.935126,921.641000,5206
1011.026739,200.896791,156.517667,5220
1011.100266,956.897959,914.552625,5209
1011.109137,265.326834,223.748875,5221
1011.243384,143.090500,101.365542,5224
1011.269153,944.809834,902.966459,5212
1011.269264,242.493125,199.401125,5223
1011.415125,922.820792,879.676293,5215
1011.417199,173.801834,133.297792,5226
1011.440301,171.018166,130.057084,5228
1011.537948,919.617417,877.464875,5217
1011.573110,155.881542,112.045792,5230
1011.654139,238.998375,196.430792,5229
1011.666367,891.085417,848.475833,5219
1011.733295,195.325375,153.817125,5232
1011.841124,896.833292,855.981000,5222
1011.850349,196.187250,152.831875,5234
1011.909737,176.407000,131.718125,5236
1012.025934,184.792709,142.646584,5237
1012.025962,916.790876,875.318209,5225
1012.085388,175.631167,130.541833,5239
1012.200208,174.255958,132.691417,5240
1012.203118,933.952250,892.187917,5227
1012.302941,217.535791,174.426875,5242
1012.323853,883.506750,839.785625,5231
1012.411055,210.827167,168.414167,5243
1012.479961,906.825792,863.327792,5233
1012.498197,195.232042,151.756500,5245
1012.657409,246.316292,205.370375,5247
1012.658576,992.124001,948.975708,5235
1012.692174,212.188667,170.136458,5248
1012.797365,946.916250,905.737876,5238
1012.861079,202.472375,159.816417,5251
1012.902862,245.374792,202.394792,5250
1012.933297,907.322208,863.951375,5241
1013.092233,889.095667,847.443334,5244
1013.111278,250.166875,207.235875,5254
1013.113238,210.342416,168.198042,5255
1013.235830,911.950083,869.032792,5246
1013.320062,208.764792,166.676709,5258
1013.326936,234.691334,191.425500,5257
1013.336223,837.983417,794.690167,5249
1013.502150,809.943167,769.283667,5252
1013.544140,217.185792,176.665709,5262
1013.545263,225.171917,184.353751,5261
1013.599445,802.054459,758.916667,5253
1013.694646,761.308917,719.278876,5256
1013.757279,211.998791,169.367625,5266
1013.783793,670.538167,627.650917,5259
1013.788518,244.352791,201.094541,5265
1013.917314,681.462833,640.458292,5260
1013.965576,208.266041,165.534833,5269
1013.992096,208.279167,166.147042,5270
1014.114416,778.152959,735.755126,5263
1014.168654,203.043458,161.006417,5273
1014.205654,213.520709,171.969000,5274
1014.244255,742.079917,700.900958,5264
1014.408161,239.466791,196.168292,5276
1014.436231,230.538583,188.211042,5277
1014.446324,846.861167,804.400626,5267
1014.567247,872.567792,830.959209,5268
1014.627298,219.097958,177.963334,5279
1014.638473,202.202000,160.218917,5280
1014.684614,896.062709,852.869500,5271
1014.834459,917.105001,874.437375,5272
1014.836213,208.886417,168.149917,5283
1014.846703,208.185833,166.086959,5284
1015.023136,908.680792,866.240375,5275
1015.083263,248.776792,204.416042,5286
1015.085088,248.846208,204.348084,5287
1015.176797,932.513750,889.692709,5278
1015.278142,194.859875,152.922292,5290
1015.298337,213.217375,170.960125,5291
1015.338220,891.862126,848.605334,5281
1015.532442,254.262750,213.583125,5293
1015.534263,967.002459,924.273876,5282
1015.563208,264.846458,223.590209,5294
1015.662115,977.481167,935.571293,5285
1015.743145,208.856666,166.170375,5297
1015.754374,221.892417,179.148667,5296
1015.790373,943.632958,900.652667,5288
1015.925293,902.127917,861.586834,5289
1015.989480,246.305500,203.436917,5300
1016.001525,247.120709,203.831542,5301
1016.066131,889.301000,847.928958,5292
1016.172990,171.446626,128.341500,5305
1016.179144,189.645459,146.178666,5304
1016.224300,886.042209,843.893167,5295
1016.330486,767.261542,725.236458,5298
1016.367280,188.117709,147.350584,5308
1016.370252,197.242500,156.538375,5307
1016.498981,836.831042,794.161959,5299
1016.583052,252.534917,209.209583,5310
1016.618628,251.310792,208.657458,5311
1016.649281,858.878125,816.409417,5302
1016.816662,233.590000,190.437334,5314
1016.848130,921.766417,879.442959,5303
1016.881207,262.541417,220.138041,5315
1017.041524,193.376459,152.176792,5318
1017.052319,986.163792,943.683126,5306
1017.056866,240.170001,196.900083,5317
1017.172509,948.178292,906.126667,5309
1017.245615,204.072166,161.245583,5320
1017.249793,879.516459,878.928167,5312
1017.266180,213.835708,171.540834,5321
1017.402626,152.815833,151.487583,5325
1017.430771,185.138333,143.614917,5324
1017.430896,931.869750,889.855167,5313
1017.585866,183.216542,140.126292,5327
1017.603248,953.934043,911.689043,5316
1017.617853,186.951042,144.556709,5329
1017.734173,130.904667,90.149500,5331
1017.755234,169.336125,128.383208,5330
1017.756592,875.366917,833.326376,5319
1017.909568,852.666209,809.953667,5322
1017.939700,184.445041,141.768666,5334
1017.943878,209.690250,167.888583,5333
1018.089350,916.818875,873.937167,5323
1018.128537,218.928792,176.205750,5336
1018.176134,236.402542,195.218333,5337
1018.258222,168.836792,127.375500,5339
1018.260674,994.472209,952.375667,5326
1018.373381,197.227334,152.642292,5341
1018.382163,951.373792,908.571126,5328
1018.528528,270.284583,228.610959,5342
1018.540671,922.797458,880.709375,5332
1018.582889,209.469750,165.991875,5344
1018.711223,954.601083,912.320501,5335
1018.738132,197.444625,155.640917,5347
1018.765630,237.071917,195.565708,5346
1018.839442,895.549084,854.337167,5338
1018.905572,194.325541,151.357208,5349
1018.948399,210.242375,168.833000,5350
1018.980048,851.473584,808.781167,5340
1019.160220,898.459334,848.705667,5343
1019.188604,283.005626,240.613625,5353
1019.190105,241.675876,200.127083,5354
1019.302881,920.698042,879.132917,5345
1019.352237,191.980833,150.550750,5356
1019.398460,209.832584,167.283375,5357
1019.428769,845.848501,802.636042,5348
1019.598666,246.396791,203.881417,5360
1019.598791,200.304417,158.165875,5361
1019.609176,843.520417,800.433084,5351
1019.739127,899.660417,858.081584,5352
1019.821238,222.555375,180.001501,5363
1019.850352,251.549667,208.678459,5364
1019.914756,934.673250,892.442542,5355
1019.998477,177.209958,135.153959,5367
1020.014162,163.774334,122.606750,5368
1020.048810,858.687958,815.465000,5358
1020.212895,909.992126,866.978584,5359
1020.253130,254.633459,213.408709,5370
1020.260092,245.901833,202.752667,5371
1020.392403,179.470376,136.924084,5373
1020.401151,972.360959,929.335459,5362
1020.518105,908.894584,866.863667,5365
1020.559955,306.806501,262.850584,5374
1020.607461,213.989708,171.940709,5376
1020.742191,1003.028542,961.122167,5366
1020.748392,230.251583,186.961250,5378
1020.807242,199.761334,158.988083,5380
1020.891128,148.911000,106.085875,5381
1020.897333,982.537208,941.388001,5369
1021.040130,991.285751,949.466584,5372
1021.041283,234.020792,190.542917,5383
1021.119680,228.526375,186.580625,5384
1021.185116,924.994000,883.760209,5375
1021.212782,172.627584,130.358959,5386
1021.325217,205.503083,162.976916,5388
1021.356409,955.220584,912.827126,5377
1021.378335,193.200000,149.789791,5389
1021.485192,925.216542,882.435459,5379
1021.553173,227.929916,186.442958,5391
1021.633980,885.555417,843.975709,5382
1021.650226,293.775708,250.821084,5392
1021.724502,171.294084,129.705041,5395
1021.738541,841.170167,795.417584,5385
1021.820921,186.916917,142.890417,5396
1021.882280,840.967168,798.495543,5387
1021.925647,201.112334,159.040875,5398
1022.051388,230.426875,187.662125,5400
1022.064460,851.639542,808.909209,5390
1022.183561,257.890792,216.210167,5402
1022.198110,819.736459,776.201126,5393
1022.321445,270.019750,226.618584,5403
1022.382040,896.809959,853.343751,5394
1022.399223,215.630333,173.126333,5405
1022.539323,889.062125,845.588625,5397
1022.553234,231.752209,190.811834,5407
1022.580705,198.626458,156.114876,5408
1022.680228,941.650209,900.538334,5399
1022.756291,216.934958,175.746958,5410
1022.766563,213.304000,170.954875,5411
1022.822291,939.980417,897.027250,5401
1022.978556,211.956208,165.962125,5415
1022.995129,238.807042,197.851792,5414
1023.054973,990.476375,947.677208,5404
1023.155322,176.731042,134.590458,5417
1023.173942,178.797501,135.837917,5418
1023.187962,989.812250,946.477292,5406
1023.341825,942.577709,901.039417,5409
1023.360493,205.135583,163.362500,5420
1023.376469,202.506792,160.582625,5421
1023.505115,924.370125,881.514375,5412
1023.549142,188.627833,148.131375,5424
1023.597145,255.284167,213.112083,5423
1023.644218,963.966792,920.441376,5413
1023.776091,178.915333,138.472541,5428
1023.788024,238.863041,197.378125,5427
1023.813603,991.276417,948.192292,5416
1023.932227,156.115459,113.874250,5430
1023.968739,180.700042,137.960084,5431
1023.982141,927.096334,884.979667,5419
1024.167635,198.872625,155.211000,5434
1024.191145,258.879542,214.674833,5433
1024.211130,1023.133126,980.744042,5422
1024.355717,979.223875,937.806625,5425
1024.356162,188.492792,146.349875,5436
1024.368207,177.023000,132.858833,5437
1024.462195,957.042042,914.541251,5426
1024.548735,192.545501,149.065291,5440
1024.573352,217.601126,174.385166,5439
1024.575949,931.690376,888.458084,5429
1024.661222,847.602000,806.853542,5432
1024.775521,202.148916,159.664459,5444
1024.801230,252.480667,210.982625,5443
1024.808573,826.409500,783.947792,5435
1024.967819,756.670542,714.390250,5438
1025.015032,213.782333,170.244084,5448
1025.017220,241.664500,200.929458,5447
1025.118910,750.668625,702.295709,5441
1025.245188,230.120917,188.575042,5451
1025.247150,229.908875,185.523917,5452
1025.250621,788.398042,744.930375,5442
1025.383285,138.060416,96.844125,5454
1025.394641,818.646792,774.770792,5445
1025.484238,237.071041,195.984834,5455
1025.591184,207.865584,164.243625,5457
1025.591717,930.482001,887.281208,5446
1025.663039,178.770084,134.499459,5459
1025.797290,988.677667,947.701417,5449
1025.818147,226.928625,186.078375,5460
1025.882415,219.341500,175.465792,5462
1026.010779,213.463251,171.661292,5463
1026.014272,1046.432626,1004.302250,5450
1026.101049,218.601542,175.548334,5465
1026.166385,1047.438292,1005.141376,5453
1026.217137,206.334334,164.204542,5466
1026.284542,1033.902334,992.452125,5456
1026.328244,227.173333,184.366292,5468
1026.398226,181.059667,139.713583,5470
1026.420311,1025.639125,984.584126,5458
1026.494236,165.958333,124.678166,5472
1026.613947,214.653833,172.242584,5473
1026.637912,1046.175084,1002.558084,5461
1026.780494,962.321792,920.121709,5464
1026.785820,291.564292,249.405333,5475
1026.791307,177.335083,136.161375,5476
1026.897538,883.236958,839.650000,5467
1026.992349,211.817666,168.735000,5478
1027.013242,227.404916,184.695000,5479
1027.071138,904.717042,862.917126,5469
1027.155664,163.284042,119.166541,5482
1027.172271,159.013167,116.594333,5483
1027.261224,976.664792,934.594500,5471
1027.289801,134.110083,92.211584,5485
1027.396303,224.013125,181.589042,5486
1027.397290,976.944792,934.138625,5474
1027.430352,168.047542,126.506917,5487
1027.575702,178.380125,135.283459,5490
1027.597476,959.525000,918.769834,5477
1027.621153,224.819875,183.118833,5489
1027.752560,155.046208,111.264125,5493
1027.764656,973.312667,928.587042,5480
1027.830768,255.030417,212.418500,5492
1027.931044,1033.481750,991.811626,5481
1027.949211,196.614541,155.699542,5495
1028.002830,172.043958,129.130459,5497
1028.053085,981.922959,936.455626,5484
1028.138791,207.732583,165.781875,5498
1028.142277,139.350750,98.550375,5500
1028.224317,934.489501,893.095292,5488
1028.326259,187.447167,145.815250,5502
1028.361622,219.312041,178.189375,5503
1028.378287,947.890708,905.076959,5491
1028.493959,872.781292,830.881334,5494
1028.557196,195.556375,152.668542,5506
1028.558022,231.731500,189.327542,5505
1028.595298,830.603667,788.160042,5496
1028.704825,147.611334,104.928542,5509
1028.756294,807.043417,764.756709,5499
1028.776293,218.251834,176.435875,5510
1028.904659,851.537167,809.280209,5501
1028.973211,216.887417,174.144541,5513
1028.980359,275.496959,233.561417,5512
1029.013285,788.927417,746.939375,5504
1029.141105,762.777167,721.133875,5507
1029.183844,210.613666,168.978833,5516
1029.192676,212.282000,169.139833,5517
1029.288795,794.810334,751.950501,5508
1029.360164,167.465084,125.838709,5521
1029.401227,217.345917,175.119000,5520
1029.438138,842.810501,799.536209,5511
1029.533526,173.329042,130.116292,5523
1029.573456,797.131417,753.774000,5514
1029.670762,268.487917,225.413708,5524
1029.733545,200.000791,158.973208,5526
1029.754949,850.264625,807.899167,5515
1029.873424,202.639500,160.860583,5528
1029.874261,860.942834,819.840584,5518
1029.895143,161.576625,119.927500,5529
1030.024299,883.161417,840.841167,5519
1030.101574,227.303125,186.686792,5532
1030.114393,240.941750,200.402417,5531
1030.185469,896.641668,855.584334,5522
1030.267572,153.158542,111.024667,5536
1030.325636,224.038792,182.522958,5535
1030.342384,904.208084,860.813917,5525
1030.480262,906.780000,865.147209,5527
1030.519392,251.788541,209.025250,5538
1030.572527,246.858792,204.304041,5539
1030.603294,848.323584,805.828625,5530
1030.724424,244.124417,201.273333,5541
1030.736356,841.178334,797.382542,5533
1030.766296,193.744833,152.564416,5543
1030.879754,155.296458,113.620792,5545
1030.885708,861.378584,817.651334,5534
1030.942748,206.369042,163.172626,5546
1031.004105,818.616751,778.740084,5537
1031.042256,162.487208,119.415625,5548
1031.122899,780.482208,737.059458,5540
1031.166090,223.307583,181.773084,5550
1031.212160,208.037375,166.369292,5551
1031.255135,735.704376,691.785500,5542
1031.400051,233.937083,190.881250,5554
1031.418562,206.378958,163.382916,5555
1031.482334,227.165750,184.615666,5556
1031.565058,798.726834,757.134292,5547
1031.600206,200.120375,156.773459,5557
1031.693253,210.884333,168.755417,5559
1031.711281,825.547917,782.201584,5549
1031.785137,220.050250,177.326334,5560
1031.836356,794.081167,753.353709,5552
1031.915921,222.642875,180.035917,5562
1031.968290,845.371334,802.888334,5553
1031.994494,209.334125,167.891500,5564
1032.102896,186.941417,143.642042,5566
1032.113967,1510.629751,1466.550751,5544
1032.156072,187.766542,144.954833,5567
1032.217370,798.773208,756.137667,5558
1032.279924,177.001125,133.048417,5569
1032.372594,216.503876,174.446125,5571
1032.373664,773.432626,729.649376,5561
1032.442239,162.278667,119.951125,5573
1032.494926,783.620250,742.272709,5563
1032.537637,165.023541,122.543750,5574
1032.668056,225.798709,183.011500,5576
1032.675247,838.857250,795.507709,5565
1032.737546,199.871875,157.239541,5578
1032.829298,834.767208,793.340917,5568
1032.872550,204.479042,202.053250,5579
1032.968608,231.024792,228.206125,5581
1032.995781,881.780376,840.493500,5570
1033.050048,150.922334,149.566083,5582
1033.118604,901.201001,859.500251,5572
1033.200807,134.435583,132.885667,5584
1033.242798,869.120584,824.637334,5575
1033.392777,897.833126,855.999376,5577
1033.394793,183.181250,182.717208,5585
1033.441712,210.008750,207.948125,5586
1033.552234,876.954751,833.361667,5580
1033.574660,175.313541,174.128791,5589
1033.680687,180.784917,179.214292,5590
1033.700119,771.576459,770.162750,5583
1033.858362,125.895000,122.451291,5593
1033.909205,635.764209,635.328167,5587
1034.065841,178.709709,176.932875,5594
1034.116164,737.217542,735.238001,5588
1034.156564,257.736792,257.038250,5595
1034.200693,134.830791,132.185958,5599
1034.249374,738.411917,737.008125,5591
1034.370322,137.178125,136.649626,5600
1034.380856,814.644542,813.335834,5592
1034.430594,115.277459,114.250208,5601
1034.483937,538.280751,535.693959,5596
1034.517532,119.164792,118.520209,5603
1034.647990,666.585500,665.228375,5597
1034.723707,157.922333,157.319750,5604
1034.785941,760.326583,757.692542,5598
1034.881104,149.010750,148.087333,5605
1034.915101,598.529750,597.297750,5602
1035.087537,189.181709,181.904334,5606
1035.145926,184.963625,182.065334,5607
1035.242874,147.098000,145.928417,5609
1035.283150,216.617042,215.068291,5608
1035.304906,131.538458,130.856834,5610
1035.386926,190.935792,189.374500,5611
1035.454171,172.671333,170.878750,5613
1035.505933,273.641375,271.992583,5612
1035.530035,155.007125,152.600875,5614
1035.607652,208.137417,207.681542,5615
1035.684765,117.820500,116.963000,5617
1035.729445,279.829084,278.508709,5616
1035.775361,137.456959,136.381875,5618
1035.896072,215.116126,213.515167,5619
1035.907683,173.903333,172.368000,5620
1035.949336,148.176292,146.207541,5621
1036.037188,179.365083,178.967542,5622
1036.101610,155.383959,154.541625,5624
1036.171322,148.452208,147.542208,5625
1036.185089,285.814959,284.471833,5623
1036.273909,146.909292,145.279458,5628
1036.325749,260.673583,259.817542,5626
1036.408611,179.899417,178.592750,5629
1036.423772,102.276417,100.555292,5631
1036.517435,438.552334,437.821709,5627
1036.608648,376.904792,376.242417,5630
1036.642460,122.498833,119.927208,5634
1036.684790,119.242083,118.599250,5635
1036.757181,358.829042,357.004959,5632
1036.869407,465.751709,464.742542,5633
1036.873857,140.431667,138.226083,5636
1036.995765,96.464959,94.486292,5638
1037.005323,124.750792,124.154042,5637
1037.206015,140.972417,140.095667,5639
1037.375226,141.181833,139.619083,5640
1037.517279,118.424250,117.777042,5641
1037.536219,133.198917,131.526500,5642
1037.696141,128.580666,127.467375,5643
1037.859047,126.823667,126.004376,5644
1037.918939,144.692042,143.188500,5645
1038.064220,164.547834,163.903542,5646
1038.177050,111.188292,109.615625,5647
1038.273986,166.265750,165.453167,5648
1038.326453,93.784833,91.893958,5649
1038.526088,129.645542,128.104083,5650
1038.537152,138.436667,137.417292,5651
1038.565520,134.635667,133.090417,5652
1038.695561,226.561709,225.081208,5653
1038.714872,149.220166,148.912167,5655
1038.761202,178.151167,176.828458,5656
1038.849664,331.852792,330.865792,5654
1038.878956,158.685042,157.204542,5658
1039.006650,292.382708,291.782167,5657
1039.093924,194.954375,194.417417,5660
1039.137669,405.126167,403.899709,5659
1039.253431,186.747458,186.167042,5661
1039.356836,124.870083,122.981250,5662
1039.462715,150.831625,148.901667,5663
1039.509926,110.566750,109.424292,5664
1039.688952,155.221500,153.422792,5665
1039.690665,124.842666,123.876375,5666
1039.722688,146.070167,144.372958,5667
1039.814759,162.477000,159.266042,5668
1039.842893,110.256709,108.368458,5669
1040.025826,126.851959,126.244708,5670
1040.219763,154.153417,153.370875,5672
1040.220580,149.875542,147.427583,5673
1040.241878,189.416209,186.783333,5671
1040.388468,155.732792,154.840583,5675
1040.393678,165.080125,163.935625,5674
1040.509379,152.210916,151.358375,5676
1040.573108,173.772666,172.956292,5677
1040.634958,186.605417,183.796083,5678
1040.678965,159.238917,158.330667,5679
1040.749919,136.075334,134.781792,5683
1040.860357,306.643751,305.956583,5680
1040.883202,123.427792,122.465584,5686
1040.909467,176.826709,175.484750,5685
1041.033839,134.779167,132.242541,5687
1041.051555,486.457709,486.048501,5681
1041.169152,214.073125,213.332000,5688
1041.203338,638.012958,637.506625,5682
1041.213859,148.070708,146.269083,5689
1041.374345,152.754001,151.427500,5691
1041.390295,157.459167,155.694583,5692
1041.400695,783.503584,780.711459,5684
1041.517688,122.860208,121.312916,5694
1041.551939,149.065583,148.547292,5695
1041.560938,394.500167,391.888001,5690
1041.670379,341.627125,340.933250,5693
1041.695418,129.505834,127.588125,5697
1041.840837,396.929750,392.291667,5696
1041.892349,160.656417,158.846334,5698
1041.947760,132.061708,130.579167,5700
1042.013761,248.525083,247.990459,5699
1042.046799,147.982042,146.665167,5702
1042.098364,251.964125,248.073292,5701
1042.197745,130.980792,128.950500,5705
1042.221840,149.071417,147.755125,5706
1042.258197,350.020126,349.256542,5703
1042.392711,161.032084,157.762209,5707
1042.405939,421.762542,420.460834,5704
1042.453553,155.389500,153.877209,5708
1042.519076,120.717333,120.220625,5709
1042.527572,125.925041,125.433875,5710
1042.721665,155.820292,153.661959,5711
1042.860228,126.613958,125.104291,5712
1042.932176,163.955166,163.204416,5713
1042.985771,192.576708,190.627500,5714
1043.000841,190.528042,188.564542,5715
1043.140402,116.066708,115.424458,5718
1043.192037,328.828209,328.280167,5716
1043.195049,158.495167,157.333750,5719
1043.328482,98.668208,97.069875,5723
1043.331332,431.306750,429.042250,5717
1043.366632,174.951875,173.885833,5722
1043.496401,97.666334,96.969542,5726
1043.503833,442.347209,439.150542,5720
1043.663942,598.916209,597.038751,5721
1043.727956,161.912042,161.054541,5727
1043.811741,225.382208,224.671417,5728
1043.833203,600.597667,599.907292,5724
1043.895750,164.061334,160.587875,5731
1043.967823,698.852583,698.192251,5725
1043.982493,153.718833,151.827083,5733
1044.011257,111.704250,110.187000,5734
1044.167406,576.282292,575.619333,5729
1044.167662,169.528042,168.586834,5736
1044.235413,169.602709,169.065459,5737
1044.325919,658.653626,647.494459,5730
1044.333593,166.148208,122.747625,5740
1044.469571,702.470709,701.769542,5732
1044.489182,217.753666,175.542208,5742
1044.553273,227.316541,182.660916,5743
1044.573442,625.592917,624.921500,5735
1044.697313,227.705625,184.144042,5745
1044.746336,191.984334,150.093125,5747
1044.758318,683.818333,681.048959,5738
1044.886523,802.674542,801.469376,5739
1044.906857,160.478792,119.318501,5750
1044.975025,277.676875,235.286917,5749
1045.037787,806.078001,804.069292,5741
1045.054877,168.326375,166.961958,5752
1045.223717,168.821625,167.414333,5756
1045.244229,910.602583,868.938584,5744
1045.245202,270.158875,228.035792,5754
1045.407084,917.865959,875.240042,5746
1045.479614,234.379250,192.179458,5759
1045.480207,256.459583,214.952500,5757
1045.554194,980.733250,938.682500,5748
1045.674063,194.411875,151.139042,5761
1045.716332,236.100667,192.991167,5762
1045.736223,977.867042,934.914459,5751
1045.883132,209.036042,168.251417,5764
1045.916565,1009.665125,966.877042,5753
1045.967800,251.432125,208.530875,5765
1046.064131,1026.311125,983.615501,5755
1046.081380,198.223959,157.621917,5767
1046.183248,215.426167,172.118625,5769
1046.223808,979.554334,934.766876,5758
1046.288716,224.548042,182.384709,5770
1046.433372,144.619125,101.198708,5774
1046.452382,269.098959,224.884917,5772
1046.452901,1045.786292,1002.674751,5760
1046.589993,156.587084,114.036416,5775
1046.616075,1061.851583,1020.119917,5763
1046.632410,179.990417,138.279750,5776
1046.757275,1021.026709,974.878626,5766
1046.830782,240.702000,198.703166,5778
1046.844124,228.020042,184.328375,5779
1046.909274,992.678750,949.696125,5768
1046.998727,167.911917,125.469459,5782
1047.017343,173.173292,131.448625,5783
1047.050554,969.140084,926.615084,5771
1047.165960,942.117750,893.538334,5773
1047.200946,202.199959,159.073833,5785
1047.260072,242.701958,198.050417,5786
1047.280226,827.308417,786.437750,5777
1047.335326,169.331166,127.483417,5788
1047.442679,810.244459,769.173126,5780
1047.468936,208.844417,167.673333,5790
1047.548542,213.181500,169.267583,5792
1047.602279,844.981375,803.716667,5781
1047.699082,256.381709,213.854083,5793
1047.749545,840.233917,798.366626,5784
1047.795407,246.845083,204.166667,5795
1047.957673,907.094709,866.022208,5787
1047.960246,164.817625,123.837292,5799
1047.966353,267.242208,226.166208,5797
1048.080130,879.164125,837.846042,5789
1048.163574,203.299250,159.330792,5801
1048.173720,216.010083,172.838167,5800
1048.194456,914.199708,871.339583,5791
1048.355167,191.556459,147.352917,5804
1048.359352,890.339043,849.519417,5794
1048.370287,196.548334,155.038625,5805
1048.530259,926.893626,884.198584,5796
1048.546248,186.859458,142.349084,5808
1048.566860,211.672708,169.666000,5807
1048.644228,894.641125,851.236459,5798
1048.747279,216.986875,175.925166,5810
1048.785107,238.818417,194.866875,5811
1048.810189,843.801292,799.134584,5802
1048.916633,836.479292,794.793417,5803
1048.976235,228.920416,186.701083,5814
1049.023396,238.256084,195.836667,5815
1049.050140,855.668334,815.035959,5806
1049.160183,183.920042,142.309417,5818
1049.206141,835.831500,793.450292,5809
1049.214948,191.528750,149.007250,5819
1049.320600,160.397416,118.486667,5821
1049.338368,771.484001,729.768667,5812
1049.391081,184.909667,141.743875,5822
1049.490912,846.644459,803.420625,5813
1049.536681,216.058500,174.617916,5824
1049.621208,230.105750,186.279917,5826
1049.665616,855.389208,812.229251,5816
1049.728329,191.615375,150.292625,5828
1049.828289,911.619626,868.821917,5817
1049.831131,209.897917,167.595167,5829
1049.916763,866.574334,825.461292,5820
1049.920050,191.692666,149.217541,5831
1049.965971,137.640125,94.287083,5832
1050.040244,825.262667,782.484792,5823
1050.118322,201.539042,158.831750,5834
1050.164977,198.967417,155.455125,5836
1050.203946,865.555834,823.568375,5825
1050.328146,837.209042,795.094417,5827
1050.360703,242.355167,200.265333,5838
1050.419343,254.321959,211.603875,5839
1050.447403,781.765251,739.341167,5830
1050.572075,243.906250,200.318125,5841
1050.583279,752.129292,706.744792,5833
1050.624670,205.303875,162.656084,5843
1050.794166,874.098167,829.434375,5835
1050.797258,213.945083,172.758834,5846
1050.824688,252.576625,209.993583,5845
1050.970308,173.013750,131.002958,5849
1050.995987,955.720209,911.546125,5837
1051.078552,284.352250,241.645541,5848
1051.131677,926.630542,883.181251,5840
1051.165442,195.094667,151.599000,5851
1051.251546,890.802209,846.928834,5842
1051.282584,204.006542,161.718667,5853
1051.384397,252.700292,210.067083,5854
1051.416303,968.863584,928.147208,5844
1051.494475,242.896208,200.280208,5856
1051.597644,972.936125,932.168417,5847
1051.602808,218.394167,175.963959,5858
1051.745399,250.906250,207.916042,5860
1051.749076,924.357000,880.569083,5850
1051.830362,232.615833,191.662041,5861
1051.927103,931.059792,888.144251,5852
1051.928537,183.120001,141.113292,5863
1052.045787,215.394083,171.024000,5865
1052.094199,928.719750,888.672167,5855
1052.162798,235.660833,194.233084,5866
1052.218258,935.635167,893.856833,5857
1052.258948,213.137750,168.298958,5868
1052.435767,217.473667,174.775416,5871
1052.449299,1032.959667,990.632709,5859
1052.455414,292.579000,251.576791,5870
1052.583125,980.298959,939.159375,5862
1052.607264,157.930209,114.670209,5874
1052.624513,188.707750,146.294167,5873
1052.725405,976.308084,934.881209,5864
1052.790507,183.219750,140.278542,5877
1052.815354,232.203125,189.277375,5876
1052.872437,943.883792,897.648500,5867
1052.989201,894.966042,852.683709,5869
1052.990732,200.193000,156.067042,5880
1053.097702,282.317000,239.614958,5881
1053.133078,874.092042,831.432875,5872
1053.237277,248.042958,203.996333,5883
1053.261467,163.729125,120.884459,5885
1053.319016,863.567542,812.655376,5875
1053.474332,212.823333,170.678958,5888
1053.485581,861.028876,818.780959,5878
1053.504329,267.025792,225.028416,5887
1053.627143,901.704125,860.852708,5879
1053.743656,871.196375,829.671208,5882
1053.777216,291.603667,248.064834,5891
1053.779084,304.717875,262.790209,5890
1053.859237,868.486792,826.083417,5884
1053.920183,176.493042,134.119125,5894
1053.942146,164.899001,122.368459,5895
1053.989199,856.093292,812.351459,5886
1054.152238,232.021708,191.049834,5898
1054.153181,211.001000,170.046916,5899
1054.156222,837.185126,796.164542,5889
1054.352009,199.731875,156.752459,5901
1054.362147,857.784084,815.057833,5892
1054.395922,242.709250,200.077792,5902
1054.507544,880.382125,838.905667,5893
1054.600289,248.258792,205.531375,5904
1054.610285,248.103334,206.674417,5905
1054.706302,927.183542,883.575876,5896
1054.755142,154.821042,112.750167,5908
1054.819117,959.866542,918.237543,5897
1054.819132,208.822542,165.850708,5909
1054.939687,950.458542,907.783042,5900
1054.960546,205.379125,162.964666,5911
1055.061144,241.999917,197.864916,5913
1055.145588,989.336542,942.301209,5903
1055.172663,232.938709,190.734542,5914
1055.277097,215.921417,171.195791,5916
1055.339571,943.610501,901.894584,5906
1055.397770,252.158667,209.786209,5917
1055.482245,205.124208,163.806709,5919
1055.583789,1076.214709,1034.130418,5907
1055.660304,262.495917,221.966500,5921
1055.712078,229.797458,186.851292,5922
1055.759812,1053.477833,1011.397042,5910
1055.858837,198.490541,154.153416,5924
1055.920360,1101.218125,1059.937667,5912
1055.986751,274.655500,230.932333,5925
1056.055290,196.416792,154.520042,5927
1056.125317,1164.739334,1122.258376,5915
1056.191466,204.689625,162.658417,5929
1056.295220,1122.530792,1081.510209,5918
1056.314086,257.741166,214.282542,5930
1056.408314,1068.702542,1025.549292,5920
1056.437313,245.816667,202.919792,5932
1056.518157,222.918792,180.592709,5933
1056.525944,942.116292,898.492584,5923
1056.608750,200.403000,159.236000,5935
1056.673913,155.740958,114.447083,5937
1056.680639,920.807125,878.337542,5926
1056.814125,205.360751,164.175667,5939
1056.817186,896.788375,853.982501,5928
1056.840455,166.521542,123.581208,5940
1056.899009,773.652542,730.150459,5931
1057.054303,237.080083,195.062000,5943
1057.060465,746.361583,704.906417,5934
1057.070283,256.137583,213.652833,5942
1057.191480,753.084792,710.020501,5936
1057.316223,790.246042,749.270375,5938
1057.327770,273.432541,232.201666,5946
1057.340236,279.745083,233.347916,5947
1057.466050,785.391251,742.003209,5941
1057.544715,216.910750,174.895875,5951
1057.557223,240.974126,200.208167,5950
1057.587408,746.909626,705.863959,5944
1057.759294,860.261209,817.763626,5945
1057.786140,228.877250,187.034750,5955
1057.832436,287.700583,244.784459,5954
1057.958764,888.442334,846.236417,5948
1057.994290,234.960542,194.371042,5957
1058.056717,224.257250,180.819917,5959
1058.163281,971.763334,928.297709,5949
1058.188290,229.488292,189.120167,5960
1058.259355,202.609167,159.112625,5962
1058.326893,986.623168,944.510000,5952
1058.343150,179.835542,138.088125,5963
1058.465881,999.812333,956.883959,5953
1058.493063,233.683917,192.223208,5965
1058.533621,206.709708,164.371667,5966
1058.600131,1012.691751,971.229875,5956
1058.669138,176.039500,133.970083,5969
1058.681480,215.578708,173.594166,5968
1058.733220,947.065292,905.453501,5958
1058.835294,166.120501,121.452625,5972
1058.907281,912.953126,871.122876,5961
1058.931711,250.215000,208.161626,5973
1059.086587,179.267375,136.609084,5976
1059.103204,914.871417,873.755750,5964
1059.123025,287.699125,244.495417,5975
1059.294135,207.510042,164.777084,5978
1059.309298,966.124834,923.746250,5967
1059.341889,238.657708,196.799167,5979
1059.453250,919.609542,878.838917,5970
1059.496180,202.021458,159.643167,5981
1059.521408,212.077833,169.320375,5982
1059.548890,948.737417,905.359584,5971
1059.672156,175.961334,133.583042,5985
1059.685862,952.623876,910.361668,5974
1059.691888,170.446792,127.360042,5986
1059.828232,896.499917,853.335292,5977
1059.883242,211.066333,168.892500,5988
1059.918622,232.738625,189.979416,5989
1059.982436,859.390584,818.000167,5980
1060.127266,243.992583,201.943583,5992
1060.128188,209.541792,167.204916,5993
1060.137382,795.471542,753.769625,5983
1060.319871,866.602918,824.927251,5984
1060.352114,224.825417,183.071292,5995
1060.374503,246.294125,202.290375,5996
1060.493105,944.196167,900.150125,5987
1060.493203,141.059333,99.622834,5999
1060.537188,217.293708,172.454042,5998
1060.645245,953.338167,912.712500,5990
1060.674333,181.193833,138.553625,6001
1060.702468,209.252167,166.685167,6002
1060.769620,941.364667,898.204126,5991
1060.830826,156.457000,114.041084,6005
1060.851063,205.736708,164.261125,6004
1060.872287,889.814042,848.295001,5994
1061.034072,203.207958,160.380500,6008
1061.054935,917.527043,872.101125,5997
1061.094503,243.405167,200.480875,6009
1061.224297,849.756834,809.001084,6000
1061.246861,212.757125,171.034209,6011
1061.290981,236.014041,192.538208,6012
1061.362140,137.805500,94.201917,6014
1061.392318,855.093459,812.128626,6003
1061.480995,189.990208,147.025666,6016
1061.519227,816.724709,772.781042,6006
1061.577263,215.086958,172.941416,6017
1061.613080,843.422126,799.205459,6007
1061.715212,137.926542,94.955001,6021
1061.724812,243.733876,200.968250,6019
1061.804182,931.857209,889.892792,6010
1061.852330,137.082166,94.490375,6023
1061.933533,208.692166,165.812500,6024
1061.944210,849.686834,807.541292,6013
1062.023482,171.121708,128.021250,6026
1062.081585,834.698375,791.521500,6015
1062.113362,179.812209,137.621167,6027
1062.216744,135.132667,92.153833,6030
1062.219513,827.152375,785.144500,6018
1062.263509,239.997334,196.339500,6029
1062.374226,854.969793,811.528959,6020
1062.432462,215.697417,174.295917,6032
1062.441311,177.765292,136.853792,6034
1062.522072,908.957876,864.764542,6022
1062.634469,193.118917,150.371958,6037
1062.651549,847.327542,805.549500,6025
1062.655183,222.681958,181.455750,6036
1062.803629,169.122625,125.516416,6039
1062.833870,889.636709,846.228542,6028
1062.845204,193.613875,150.060750,6040
1062.972408,857.997000,814.568708,6031
1062.994026,160.131709,117.512500,6043
1063.024309,220.652542,177.890708,6042
1063.113625,894.074709,850.161084,6033
1063.128165,155.726375,154.689792,6045
1063.207197,213.153209,172.081292,6046
1063.279082,904.820875,862.731042,6035
1063.345599,217.411833,215.841208,6049
1063.386388,864.292625,822.539084,6038
1063.469527,262.292625,218.387750,6050
1063.526586,180.957583,132.537708,6052
1063.540530,885.320917,839.908709,6041
1063.636958,167.400917,123.688542,6054
1063.678451,833.212626,791.243833,6044
1063.697225,170.619167,129.919125,6055
1063.822651,185.663042,141.189125,6057
1063.849131,170.661751,129.454501,6058
1063.941063,243.813208,198.469541,6059
1064.021926,908.274209,866.802709,6048
1064.063830,241.159042,199.647292,6060
1064.177282,236.190209,194.271875,6062
1064.191190,912.085417,870.072000,6051
1064.285118,221.248125,176.525417,6064
1064.339428,162.124666,118.735459,6065
1064.357135,969.636501,924.247625,6053
1064.501852,216.696083,172.913125,6067
1064.502162,961.610125,917.327251,6056
1064.523390,183.942792,140.463751,6068
1064.651928,1627.605001,1584.583292,6047
1064.673714,171.539375,128.366292,6071
1064.801592,299.710542,256.230042,6070
1064.818957,969.811209,926.935042,6061
1064.820968,169.022292,125.533334,6073
1064.956290,934.340750,893.686209,6063
1065.030501,211.523958,167.311375,6076
1065.041226,239.605333,199.400542,6075
1065.112323,921.096751,877.770250,6066
1065.216408,185.885001,142.597001,6079
1065.242760,201.506667,159.872417,6080
1065.250978,893.815709,850.367292,6069
1065.397595,874.164083,831.112334,6072
1065.450204,233.763542,193.252500,6082
1065.502134,259.343875,217.437500,6083
1065.556848,883.105417,837.638084,6074
1065.700751,250.529417,208.073541,6086
1065.720736,899.753459,856.401000,6077
1065.778323,276.170417,233.318167,6087
1065.872143,915.821376,872.388417,6078
1065.878616,177.844625,135.944084,6089
1065.991286,878.932250,836.733626,6081
1066.032609,254.262751,212.343834,6091
1066.089091,216.932334,174.300000,6092
1066.161344,910.347959,866.853459,6084
1066.181687,190.362084,147.222250,6094
1066.241525,152.412167,110.818750,6096
1066.343866,182.502542,139.599250,6097
1066.367976,970.347583,928.409709,6085
1066.473249,231.701166,189.507208,6099
1066.521605,177.704334,133.756292,6100
1066.543374,986.482876,942.829126,6088
1066.680967,960.212751,917.738792,6090
1066.692218,218.935209,176.584625,6102
1066.707195,185.565333,143.549000,6103
1066.796497,917.858376,876.409626,6093
1066.912266,231.278250,189.217875,6105
1066.920165,227.921458,184.249917,6106
1066.937136,904.490417,862.138959,6095
1067.102253,920.531208,868.790417,6098
1067.162230,242.032292,199.006500,6110
1067.188303,820.296459,776.952459,6101
1067.192996,280.698250,236.905375,6109
1067.348381,186.132333,142.677209,6113
1067.352292,808.873042,766.145042,6104
1067.447611,259.280875,215.176792,6114
1067.480391,773.158459,730.996875,6107
1067.564852,216.447875,172.052708,6116
1067.618299,170.669042,129.013791,6118
1067.651979,855.445500,812.445375,6108
1067.803526,185.199291,141.652000,6121
1067.825337,260.444333,217.512458,6120
1067.850503,913.326167,871.077084,6111
1067.956299,152.732709,111.669542,6123
1067.995456,893.162668,850.062209,6112
1068.081243,255.880042,214.623792,6124
1068.119158,926.136750,884.477417,6115
1068.203552,247.217542,205.278500,6126
1068.254352,902.030209,860.927084,6117
1068.322340,241.081750,200.124167,6128
1068.361132,880.708792,839.675667,6119
1068.396588,193.015958,149.532250,6130
1068.506129,854.119292,812.424667,6122
1068.538376,216.021750,172.389584,6132
1068.558897,197.746500,155.431792,6133
1068.635288,784.750459,740.549834,6125
1068.701268,162.875708,119.943250,6136
1068.717691,211.529500,166.836834,6135
1068.793963,798.468709,755.165250,6127
1068.916998,215.706750,174.210167,6139
1068.942110,224.396083,181.729625,6140
1068.965440,846.262375,803.886417,6129
1069.117317,862.929667,820.615251,6131
1069.167956,225.813292,184.240875,6143
1069.171155,254.109042,208.966916,6142
1069.291309,894.701792,853.797584,6134
1069.442599,274.626917,231.194250,6146
1069.450328,279.153292,235.758250,6147
1069.461412,902.494834,859.047000,6137
1069.630127,187.511333,146.359500,6149
1069.635325,1000.003667,957.436084,6138
1069.656379,206.012917,162.888250,6150
1069.801276,1007.276667,965.085042,6141
1069.886415,251.060834,209.746250,6153
1069.918464,288.318042,247.347625,6152
1069.990478,1025.013793,981.328833,6144
1070.077487,191.051000,148.490125,6156
1070.112260,193.769917,150.297000,6157
1070.114198,996.841417,954.022417,6145
1070.259521,968.174958,923.935250,6148
1070.304945,192.650792,150.693084,6160
1070.322087,244.563958,200.863542,6159
1070.444972,983.527126,939.926751,6151
1070.514057,191.932708,148.813000,6164
1070.558228,253.255625,212.377958,6163
1070.577323,920.905709,877.380000,6154
1070.732109,218.029292,175.177917,6166
1070.738148,936.838584,894.608751,6155
1070.763667,205.416458,162.842459,6167
1070.875103,884.594667,842.305917,6158
1070.910385,178.259666,134.183000,6169
1070.986538,248.371667,206.125792,6170
1071.015829,901.595625,859.590084,6161
1071.076296,201.165708,158.404750,6172
1071.197201,937.641251,896.440417,6162
1071.242352,255.789917,213.667708,6174
1071.348228,271.906833,230.902291,6176
1071.354570,909.573001,867.892667,6165
1071.478126,900.772834,859.157834,6168
1071.478200,235.826792,194.449500,6178
1071.548497,200.250167,159.566167,6179
1071.627305,863.605459,821.472750,6171
1071.683787,205.643084,163.817791,6181
1071.742093,831.684583,783.710667,6173
1071.761566,213.034792,172.411167,6183
1071.881143,197.321250,155.005083,6185
1071.903348,887.485958,846.414625,6175
1071.947331,205.205000,164.434084,6186
1072.014608,817.377459,775.490334,6177
1072.103398,222.236876,180.933083,6188
1072.153032,205.678083,163.329542,6190
1072.187088,832.483459,790.169917,6180
1072.295941,192.507000,147.191333,6192
1072.378556,225.487500,184.906458,6193
1072.391613,913.399958,870.311459,6182
1072.545702,918.374917,877.059167,6184
1072.546591,250.618375,208.138291,6195
1072.597467,218.875125,175.650708,6196
1072.652280,890.681167,848.121750,6187
1072.712345,166.609042,124.797459,6198
1072.853236,949.869375,907.744834,6189
1072.913724,316.221792,273.299542,6200
1072.945074,232.710333,190.980417,6202
1072.993414,978.785792,935.536292,6191
1073.131023,217.257250,174.314875,6204
1073.154887,209.791167,166.228709,6205
1073.189889,1002.764876,960.920042,6194
1073.319983,928.336792,885.682583,6197
1073.341342,186.426625,144.088875,6208
1073.366150,235.094709,194.413917,6207
1073.506785,960.160251,915.951458,6199
1073.514994,194.986167,153.637167,6210
1073.561208,219.846667,177.900917,6211
1073.630308,978.005000,937.184209,6201
1073.669739,162.916834,120.388333,6213
1073.778416,925.161125,882.802083,6203
1073.794232,233.003458,192.126375,6215
1073.816282,185.937209,142.902375,6216
1073.911675,918.243959,876.780042,6206
1073.964967,186.527833,144.011291,6218
1074.013119,218.850042,174.376709,6219
1074.110277,920.351250,876.748834,6209
1074.130287,165.286916,122.813250,6222
1074.194341,181.185083,137.768459,6223
1074.228453,862.254167,818.871376,6212
1074.325823,215.512792,172.924208,6224
1074.413852,898.800875,856.477125,6214
1074.453135,258.764625,216.323333,6226
1074.520280,194.426458,153.284542,6228
1074.608949,939.173667,896.368375,6217
1074.637101,223.225042,180.624500,6229
1074.693155,172.841375,129.339583,6231
1074.759322,943.004417,901.955542,6220
1074.802343,193.370333,150.619875,6232
1074.900651,988.950959,944.734000,6221
1074.907689,214.510917,171.056375,6234
1074.980330,220.979500,178.320625,6235
1075.085298,954.985209,914.356625,6225
1075.153250,252.561750,209.066083,6237
1075.212772,232.402042,189.661792,6239
1075.272978,1044.488958,1002.563626,6227
1075.353707,200.424875,157.294083,6241
1075.405848,193.043958,147.956375,6242
1075.411396,958.240792,916.903459,6230
1075.533726,180.000625,138.258458,6244
1075.573869,936.745542,893.402417,6233
1075.667478,261.608959,220.026625,6245
1075.717749,915.374542,872.556125,6236
1075.735146,201.396126,158.979042,6247
1075.773959,106.461834,64.103084,6249
1075.865218,957.499959,914.555833,6238
1075.924830,189.649250,147.701750,6251
1075.931283,213.507292,171.392083,6250
1076.014372,929.034458,886.824458,6240
1076.115377,190.515792,148.157334,6254
1076.127024,854.020126,811.254500,6243
1076.139826,208.503167,167.646791,6255
1076.283125,167.734875,126.009625,6257
1076.304807,893.371501,850.084376,6246
1076.320743,193.695542,151.082459,6258
1076.473284,899.397625,856.876709,6248
1076.510424,227.276000,184.663791,6260
1076.526317,221.470958,179.721792,6261
1076.669222,895.238459,853.114500,6252
1076.669431,158.983417,115.901334,6264
1076.693297,219.999209,178.389750,6263
1076.829337,964.080250,923.022042,6253
1076.873225,203.768250,162.564500,6267
1076.877712,208.458250,164.319459,6266
1076.994974,980.566417,938.497584,6256
1077.132625,254.894209,212.640167,6271
1077.136702,996.843167,954.204417,6259
1077.145706,272.461876,231.037917,6270
1077.302435,981.653750,938.076708,6262
1077.320033,183.302292,141.237542,6274
1077.393090,260.435291,216.982500,6273
1077.456630,930.276376,887.691875,6265
1077.491336,188.871375,145.383583,6276
1077.577071,183.951542,139.667500,6278
1077.627988,934.665959,893.277292,6268
1077.676276,219.610708,175.154000,6279
1077.760556,183.445208,140.821333,6281
1077.841782,1012.414376,967.864626,6269
1077.894304,217.992833,176.459209,6283
1077.997228,1002.201084,961.117208,6272
1078.004632,244.041291,200.001083,6284
1078.075294,180.957875,139.774542,6286
1078.128157,982.416750,938.712834,6275
1078.181435,184.183417,142.366000,6287
1078.264302,944.246334,902.864084,6277
1078.330434,255.101583,214.302083,6289
1078.391317,209.855625,166.139750,6291
1078.422447,931.075834,887.709667,6280
1078.557466,226.994833,184.025042,6293
1078.586389,958.346084,915.843834,6282
1078.602300,210.958708,170.014833,6294
1078.749937,908.138292,864.181792,6285
1078.850132,292.632667,251.205500,6296
1078.859184,272.772208,229.877667,6297
1078.895243,890.592208,847.431667,6288
1079.032993,182.842333,140.863042,6300
1079.052654,924.471625,882.495250,6290
1079.062376,203.157792,159.396125,6301
1079.242294,977.955709,935.731417,6292
1079.255495,222.469042,181.794375,6303
1079.322289,269.597708,228.419334,6304
1079.424139,1001.672292,961.206750,6295
1079.469046,226.720667,184.775500,6306
1079.499298,176.969916,133.793625,6308
1079.575519,973.180542,929.138292,6298
1079.677427,178.092833,135.782500,6311
1079.679612,210.544250,169.786166,6310
1079.729234,979.277833,937.920667,6299
1079.863206,185.748500,144.407375,6313
1079.863210,183.574417,141.104834,6314
1079.871412,976.144168,933.705792,6302
1079.995419,933.011334,889.857501,6305
1080.121197,257.973042,217.381500,6317
1080.123986,260.767792,218.841291,6316
1080.143072,887.546042,842.876709,6307
1080.277212,155.979250,113.530666,6320
1080.296872,872.715375,830.814250,6309
1080.322497,198.496375,155.025209,6321
1080.416822,841.278959,799.635667,6312
1080.431181,153.930291,111.054708,6323
1080.490985,194.082292,152.306292,6324
1080.553811,824.551876,781.679793,6315
1080.657264,166.236292,124.849958,6328
1080.671152,799.706834,755.590500,6318
1080.677251,260.403208,218.211001,6326
1080.806316,810.878250,769.764625,6319
1080.829992,172.694375,130.302958,6330
1080.889222,218.036292,174.544125,6331
1080.989737,846.645625,804.482875,6322
1081.056933,250.577542,207.702250,6333
1081.112901,223.645625,182.053666,6335
1081.151665,829.142708,787.127833,6325
1081.260283,203.312083,162.360334,6337
1081.305466,192.543751,150.553376,6338
1081.329302,898.081334,857.227876,6327
1081.439231,178.913000,138.330791,6340
1081.457236,151.710125,111.184208,6341
1081.540679,986.832292,943.835667,6329
1081.618503,179.236458,138.179417,6343
1081.669831,212.575417,170.295417,6344
1081.706332,1029.044625,986.552583,6332
1081.854081,235.552042,192.785542,6346
1081.869685,199.821126,158.485250,6347
1081.889284,1059.240001,1016.586083,6334
1081.987229,997.453918,954.965668,6336
1082.020129,166.025708,124.116125,6349
1082.094385,942.686792,900.045126,6339
1082.133331,263.623208,219.327792,6350
1082.243287,256.021500,214.939375,6352
1082.285070,190.647625,147.587417,6354
1082.295769,966.428750,924.499917,6342
1082.413140,169.818250,128.770542,6356
1082.435141,894.427042,853.418125,6345
1082.460129,175.019542,133.388792,6357
1082.613473,907.111042,866.217042,6348
1082.641852,228.688542,185.571167,6359
1082.648267,213.105959,170.744876,6360
1082.803329,914.010125,865.411459,6351
1082.845055,231.562916,189.286417,6362
1082.886219,244.337333,199.735084,6363
1083.008297,163.214917,120.464167,6366
1083.026256,1006.093958,961.925709,6353
1083.071284,267.916250,224.572250,6365
1083.173207,1039.834833,999.048459,6355
1083.230325,221.990417,177.730000,6368
1083.295770,224.452959,181.533333,6370
1083.296099,1000.304959,959.396959,6358
1083.366154,905.993667,905.309709,6361
1083.459985,229.628000,187.003542,6372
1083.493348,197.559834,155.678833,6373
1083.519546,871.257042,830.370625,6364
1083.648213,154.848750,113.952125,6377
1083.676303,216.298833,173.604375,6376
1083.682429,796.190792,752.695708,6367
1083.812668,164.439333,122.297875,6379
1083.818782,142.461958,100.695875,6380
1083.868278,842.006375,799.242500,6369
1083.947363,134.673291,91.514792,6382
1084.011320,192.514000,149.191001,6383
1084.035880,862.633917,821.118376,6371
1084.160074,863.959250,821.903251,6374
1084.185139,237.737500,195.203459,6385
1084.212658,201.305125,160.695209,6386
1084.262309,896.137667,894.912667,6375
1084.326034,140.865666,140.114041,6389
1084.336326,176.227041,135.285500,6388
1084.446585,927.004750,885.547542,6378
1084.512785,186.729667,184.541000,6392
1084.517591,181.223583,137.583250,6393
1084.599709,917.248209,874.490167,6381
1084.719405,201.782000,159.207417,6396
1084.738067,225.241917,182.159833,6395
1084.812405,944.108375,902.200542,6384
1084.912665,193.245208,150.767166,6398
1084.928780,190.679709,148.188833,6399
1084.963642,927.723125,884.959834,6387
1085.080707,168.019542,125.532459,6401
1085.112877,900.179875,857.493875,6390
1085.174846,246.047083,203.406583,6402
1085.237994,975.665251,929.598542,6391
1085.296950,216.211916,171.372833,6404
1085.356555,909.932334,867.576208,6394
1085.384571,209.700167,165.226541,6406
1085.504239,207.268834,163.921042,6408
1085.505221,905.493751,864.068042,6397
1085.575337,218.747667,177.454375,6409
1085.726307,913.881501,871.805084,6400
1085.727681,223.424834,182.037917,6411
1085.783635,208.272458,166.709375,6413
1085.927543,201.201584,158.250750,6414
1085.939958,976.280376,933.789792,6403
1085.969770,186.097333,141.897000,6416
1086.096205,983.303417,934.307792,6405
1086.128132,200.557001,158.300626,6417
1086.153657,213.676459,172.336501,6418
1086.221947,983.920001,941.980084,6407
1086.331303,235.079542,191.875250,6420
1086.355316,227.161375,182.177042,6421
1086.401485,1016.884167,975.510667,6410
1086.575388,220.038292,176.840125,6425
1086.580958,1075.717417,1029.781958,6412
1086.582695,250.310084,208.641709,6424
1086.700232,972.528958,929.521542,6415
1086.797074,827.267584,783.960042,6419
1086.836054,260.631584,218.109792,6427
1086.881303,300.319542,258.250125,6428
1086.914268,760.575084,718.526084,6422
1086.956681,159.569958,117.392625,6431
1087.055210,833.224583,789.539625,6423
1087.078444,164.142709,121.816625,6434
1087.084186,202.843667,159.699750,6433
1087.227099,825.577375,782.858417,6426
1087.260194,204.948625,164.108584,6436
1087.275417,196.954042,156.538083,6437
1087.407226,180.095416,138.219667,6439
1087.413223,830.494584,786.946417,6429
1087.491725,231.488542,187.923167,6440
1087.574571,874.300292,832.217751,6430
1087.626847,219.597292,177.601376,6442
1087.689292,853.199375,811.402667,6432
1087.740990,249.233542,206.413375,6444
1087.787083,159.133916,116.049791,6446
1087.807241,850.526542,801.350375,6435
1087.867414,783.197334,740.659500,6438
1087.950229,209.196166,167.509125,6448
1087.972331,185.218250,141.562167,6449
1088.000388,724.937209,721.384417,6441
1088.191039,240.792125,198.794166,6452
1088.217987,804.724959,763.140875,6443
1088.252589,280.226917,237.225917,6453
1088.354928,779.272084,735.832126,6445
1088.365190,174.127917,130.686500,6455
1088.448288,230.235542,188.538291,6456
1088.518484,829.155834,784.525292,6447
1088.606167,251.204917,209.712417,6458
1088.621369,173.044666,129.852916,6460
1088.671884,864.619584,822.770667,6450
1088.806207,938.775250,896.417958,6451
1088.859135,252.951708,208.930750,6462
1088.868132,246.738625,204.882708,6463
1088.901079,900.667250,898.685959,6454
1089.027979,168.822791,126.374209,6466
1089.066196,198.044000,153.171667,6467
1089.094719,842.098834,799.499167,6457
1089.221884,193.855666,151.222166,6469
1089.245280,880.060709,839.358625,6459
1089.249926,183.691667,140.614834,6470
1089.396515,877.998625,834.695750,6461
1089.420680,198.768208,155.792875,6472
1089.481310,236.006750,193.619125,6473
1089.515909,119.361375,116.163250,6475
1089.526250,854.346209,813.735126,6464
1089.627170,111.245167,109.727625,6478
1089.681520,200.172292,157.732750,6477
1089.703605,897.378709,855.719375,6465
1089.812790,185.584000,142.295708,6480
1089.845301,944.184208,900.505084,6468
1089.890133,208.580750,166.438125,6481
1089.998836,186.011583,143.487166,6483
1090.013089,918.346333,875.919625,6471
1090.092388,202.241666,159.716667,6485
1090.179134,929.182334,887.157834,6474
1090.212189,213.315375,170.906750,6486
1090.300834,208.421792,165.706042,6488
1090.332287,911.564501,868.979418,6476
1090.386554,207.401251,165.412042,6489
1090.484798,183.932292,141.790833,6491
1090.507371,981.092876,938.152834,6479
1090.596970,210.380042,169.030167,6493
1090.618985,915.354709,873.114959,6482
1090.703306,218.484583,176.421583,6494
1090.714905,869.566250,827.734542,6484
1090.825655,228.645667,187.476333,6496
1090.872034,858.908167,816.415250,6487
1090.940101,236.761000,194.116709,6498
1091.014219,188.533042,144.703417,6500
1091.026344,814.122459,771.771584,6490
1091.143317,203.196875,161.764750,6502
1091.166285,833.966875,791.749000,6492
1091.210233,195.989208,153.570084,6503
1091.296221,788.817167,747.476042,6495
1091.306253,162.900500,120.580834,6505
1091.413443,203.174417,160.506208,6507
1091.433728,814.686542,770.969501,6497
1091.502290,206.046167,162.785875,6508
1091.578625,863.689750,821.692667,6499
1091.595813,182.336292,180.084625,6510
1091.727933,224.549209,180.456500,6512
1091.754285,882.216418,840.468126,6501
1091.792361,196.514209,194.316500,6514
1091.927573,199.602083,158.034916,6515
1091.936399,910.030334,868.902126,6504
1092.002530,210.135042,167.154458,6517
1092.051639,124.028625,123.374125,6518
1092.100281,933.961875,892.572626,6506
1092.232515,180.841208,178.805083,6521
1092.240444,934.159625,892.914167,6509
1092.248495,245.924875,203.632041,6520
1092.380150,946.387751,944.427751,6511
1092.432317,199.767167,157.483958,6523
1092.439204,198.728834,156.567251,6524
1092.592370,1013.720167,972.236417,6513
1092.653282,220.927875,180.458833,6527
1092.665922,226.686542,183.882708,6528
1092.751474,997.154959,954.843459,6516
1092.845317,908.877667,867.666625,6519
1092.890825,237.504750,194.840917,6530
1092.914292,248.328500,206.446625,6531
1092.966966,866.646667,824.454750,6522
1093.121903,231.039667,189.434000,6534
1093.145094,896.560876,852.775293,6525
1093.149942,235.607750,192.978334,6535
1093.227145,846.966459,837.361875,6526
1093.328292,183.161708,140.949667,6538
1093.339230,217.294000,176.069542,6537
1093.411799,819.394917,775.826625,6529
1093.544145,215.821083,173.604375,6541
1093.562313,223.061708,182.289625,6542
1093.585720,834.227626,791.848459,6532
1093.729731,185.571750,144.088583,6544
1093.775794,930.449917,886.969126,6533
1093.817900,255.546667,210.501083,6545
1093.907617,177.867375,135.100875,6547
1093.937137,161.309750,119.513625,6548
1093.942398,975.389042,932.442875,6536
1094.057995,150.364666,108.196083,6550
1094.073766,923.786792,883.054667,6539
1094.099101,161.951125,117.623042,6551
1094.176964,118.929417,76.740125,6553
1094.247374,173.573750,132.063459,6554
1094.255474,1028.291834,981.032792,6540
1094.393541,216.543833,173.883208,6556
1094.429982,1018.164584,974.859083,6543
1094.474688,227.275709,185.172166,6557
1094.545753,152.190792,110.495292,6559
1094.562281,976.537042,935.810459,6546
1094.678496,203.776417,161.346500,6561
1094.687423,141.645291,99.967875,6562
1094.728920,910.980292,869.360042,6549
1094.860599,182.087209,140.224875,6564
1094.885613,198.154250,155.589000,6565
1094.888291,945.851959,903.375667,6552
1095.069994,970.875501,928.728792,6555
1095.076245,215.602917,173.521833,6567
1095.095204,209.572125,169.024917,6568
1095.227327,971.815834,930.424542,6558
1095.254108,184.089209,140.821917,6570
1095.331277,901.279167,858.831751,6560
1095.363413,287.142042,244.264417,6571
1095.424124,196.763584,153.832000,6573
1095.502198,170.897416,128.885458,6575
1095.504204,941.886459,900.144876,6563
1095.656227,927.279208,884.936209,6566
1095.661647,237.507375,195.364458,6577
1095.733902,231.665292,188.523708,6578
1095.767935,879.611542,837.491667,6569
1095.834371,178.124334,136.725166,6580
1095.852140,756.920209,712.567333,6572
1095.953323,219.380876,176.021417,6582
1095.984642,730.510959,687.338167,6574
1096.041784,207.389292,163.872917,6584
1096.122953,169.594833,127.016458,6586
1096.125265,761.832751,721.041417,6576
1096.247690,205.868542,161.492625,6588
1096.286703,782.472251,737.942917,6579
1096.308662,185.669167,140.474542,6589
1096.485334,823.662584,781.121542,6581
1096.509839,262.108291,219.536041,6591
1096.528217,241.478708,199.369625,6592
1096.629248,861.292834,819.699126,6583
1096.704142,194.267792,150.486292,6595
1096.718333,232.960000,190.854125,6594
1096.726275,874.113917,831.698583,6585
1096.859447,874.773667,832.096125,6587
1096.922951,218.769834,175.618917,6598
1096.946094,227.722833,184.061500,6599
1097.051304,926.014250,884.894792,6590
1097.121405,198.366584,156.695000,6602
1097.242607,203.527042,202.979000,6603
1097.265708,957.004709,911.332334,6593
1097.384950,263.521709,220.879459,6605
1097.407949,165.306459,121.985208,6606
1097.439062,910.826292,868.242667,6596
1097.576974,191.985792,149.408875,6608
1097.588849,180.863667,137.969417,6609
1097.624304,995.033667,954.049542,6597
1097.742368,1016.055542,973.863042,6600
1097.742833,165.791208,123.772542,6611
1097.796682,207.807250,164.988250,6612
1097.899129,1039.653417,997.494459,6601
1097.962693,220.287958,179.027917,6614
1097.992866,196.156042,152.431709,6616
1098.049195,997.861084,956.592875,6604
1098.156261,193.530458,151.735500,6618
1098.174490,181.604208,138.099209,6619
1098.244955,979.208125,935.792375,6607
1098.322781,166.483625,125.024958,6621
1098.391162,216.636583,175.324042,6622
1098.405335,966.235667,924.164792,6610
1098.500845,178.032167,135.786000,6624
1098.569282,944.942542,903.526750,6613
1098.625209,234.031875,192.238666,6625
1098.666950,166.087251,124.029500,6627
1098.695076,952.235959,909.776876,6615
1098.888449,989.302709,945.784584,6617
1098.892235,267.004792,224.793625,6629
1098.902695,235.725584,194.108250,6630
1099.021269,972.045083,929.016376,6620
1099.095588,203.324916,159.353250,6633
1099.108327,219.863875,177.810500,6632
1099.173847,928.853333,885.842417,6623
1099.267121,171.500875,129.477542,6636
1099.293374,185.023125,143.043833,6637
1099.393124,987.751917,945.300126,6626
1099.433242,166.099209,123.991000,6639
1099.500976,207.565459,165.172584,6640
1099.611134,1040.765834,997.361167,6628
1099.719590,326.429834,284.635750,6641
1099.772902,271.857542,229.930166,6643
1099.791055,1095.965208,1052.499000,6631
1099.923135,1020.426167,979.774542,6634
1099.968884,249.259208,207.440625,6645
1099.973298,200.359833,158.809000,6646
1100.111285,1089.997709,1047.461626,6635
1100.190058,221.151584,179.100251,6649
1100.198760,225.430917,181.676833,6650
1100.265647,1091.737792,1049.995043,6638
1100.342843,152.750500,111.286000,6652
1100.353076,919.798834,877.665542,6642
1100.441238,242.443250,199.556292,6653
1100.471290,860.121501,819.104708,6644
1100.482289,139.406167,96.009084,6655
1100.636778,195.516709,153.202875,6657
1100.651465,860.391876,819.595292,6647
1100.753437,282.061792,239.555458,6658
1100.811298,888.138709,847.683667,6648
1100.873233,236.425583,193.547667,6660
1100.950281,196.818125,154.296042,6662
1100.959695,848.372584,806.281875,6651
1101.051379,785.710917,743.985959,6654
1101.107914,234.646708,193.191250,6664
1101.114422,164.108583,122.953250,6665
1101.212515,859.424125,817.030667,6656
1101.276100,122.681417,121.227166,6668
1101.347029,780.714958,779.435709,6659
1101.358064,175.693875,174.252458,6669
1101.498753,220.376042,178.432333,6671
1101.536725,845.623917,843.864584,6661
1101.647270,289.171459,246.962334,6673
1101.653784,155.012375,112.908542,6674
1101.707285,895.948959,854.069125,6663
1101.861263,901.534667,858.484959,6666
1101.878284,224.478334,182.153708,6677
1101.897611,250.305708,207.762916,6676
1102.045489,979.785042,935.793542,6667
1102.142290,263.979334,222.625375,6680
1102.153338,292.046417,248.941292,6679
1102.199143,966.694751,925.897000,6670
1102.356399,1009.336709,967.953584,6672
1102.387561,245.239750,202.434750,6683
1102.397659,244.296208,200.469208,6684
1102.533014,996.258667,946.169000,6675
1102.577291,189.707583,148.908375,6687
1102.624195,267.761375,226.100875,6686
1102.705133,997.810917,955.125792,6678
1102.830277,932.626626,890.812125,6681
1102.833342,256.018875,211.696042,6690
1102.845459,221.224500,179.732000,6691
1103.005362,175.049875,134.020834,6693
1103.008162,962.639125,920.298751,6682
1103.038178,204.808334,162.009167,6694
1103.178870,979.708917,937.800792,6685
1103.227204,221.823584,180.561500,6696
1103.259931,251.732250,207.462792,6697
1103.331171,933.478292,890.872209,6688
1103.451192,223.971125,181.970541,6700
1103.486444,953.413417,911.990042,6689
1103.490429,230.460417,187.208000,6701
1103.627916,922.751376,877.011626,6692
1103.708585,222.113792,181.078334,6704
1103.710658,259.441000,216.925917,6703
1103.741641,896.142625,854.063292,6695
1103.914292,876.077417,833.843500,6698
1103.926479,215.779375,173.123125,6708
1103.940398,231.769709,187.944750,6707
1104.069446,890.561292,848.708583,6699
1104.109497,195.181000,151.990708,6710
1104.129578,203.076709,158.790042,6711
1104.233570,902.357750,859.117584,6702
1104.268310,198.842000,157.907458,6713
1104.333283,223.763167,182.166542,6714
1104.436668,946.196418,903.851375,6705
1104.479490,245.883750,204.099875,6716
1104.595344,262.022833,219.497250,6718
1104.644911,165.395708,123.985458,6720
1104.645341,1016.340792,974.427417,6706
1104.794987,1053.299626,1011.121709,6709
1104.861149,215.779959,174.958000,6723
1104.863891,268.510084,226.923084,6721
1104.922779,982.340042,939.040667,6712
1105.057332,193.401834,149.117500,6726
1105.088285,958.666334,916.563084,6715
1105.101080,239.909834,196.970376,6725
1105.232699,175.321709,133.968917,6728
1105.287488,1019.144584,975.050709,6717
1105.319664,231.352333,189.191333,6729
1105.403291,966.579834,924.769709,6719
1105.473430,240.693250,198.777250,6731
1105.474804,187.299875,145.525042,6732
1105.570923,925.981001,883.700709,6722
1105.692554,219.093000,176.810667,6735
1105.699280,224.441583,182.988167,6736
1105.727082,931.968334,890.404084,6724
1105.928716,236.139166,194.278875,6738
1105.930649,231.334250,188.471792,6739
1105.932210,1009.398250,966.751042,6727
1106.123719,1022.620083,981.578208,6730
1106.124521,193.846625,150.526833,6742
1106.136092,207.347584,164.840958,6741
1106.286277,966.589167,925.368500,6733
1106.321597,197.843334,156.011333,6744
1106.346287,221.734917,179.344375,6745
1106.486800,1083.474000,1040.952501,6734
1106.524827,203.199792,161.332792,6748
1106.583392,297.078542,254.046625,6747
1106.623610,1052.663501,1009.290626,6737
1106.667650,180.826625,137.767583,6750
1106.773700,1046.580792,1003.628208,6740
1106.782744,199.313334,155.534459,6752
1106.878307,254.656791,212.789500,6753
1106.906442,974.197875,929.948833,6743
1107.039067,265.333542,222.681084,6755
1107.060848,924.731792,882.591208,6746
1107.110826,232.492167,190.122917,6757
1107.196576,850.249750,807.901209,6749
1107.202753,163.665542,122.514583,6759
1107.341295,230.449625,187.114959,6761
1107.342095,817.251751,775.294917,6751
1107.400292,203.681333,159.910916,6762
1107.500138,832.452834,789.008209,6754
1107.509213,167.897916,125.369417,6764
1107.601561,201.228417,158.737541,6766
1107.638106,855.329709,812.317917,6756
1107.671350,170.130042,128.970042,6767
1107.773510,171.906292,129.254125,6769
1107.799290,892.810334,851.737542,6758
1107.863743,225.622833,181.487834,6770
1108.024742,963.852167,920.558334,6760
1108.052111,278.555959,235.680958,6772
1108.169817,306.059542,263.788875,6774
1108.223860,199.083791,155.763125,6775
1108.246623,1043.831833,1000.439709,6763
1108.371642,201.810875,161.274166,6777
1108.382535,1040.422834,997.908625,6765
1108.411329,187.434625,143.284459,6778
1108.560188,1050.954042,1009.005084,6768
1108.578348,206.688417,162.229959,6780
1108.641518,258.951875,217.422334,6781
1108.749394,1078.005542,1034.787834,6771
1108.775343,215.119334,171.606166,6783
1108.858050,216.496875,173.067708,6785
1108.933164,183.739500,142.951667,6786
1108.957635,1158.314792,1115.150167,6773
1109.026550,168.469000,126.021292,6788
1109.112289,1060.140375,1019.275834,6776
1109.140371,207.183958,163.661167,6789
1109.246139,219.566667,176.668334,6791
1109.256585,1009.924417,967.144209,6779
1109.304593,192.263458,150.805084,6792
1109.409600,998.236751,955.431459,6782
1109.446965,200.791208,156.037875,6794
1109.512671,208.039709,166.157250,6796
1109.551547,973.174417,930.631333,6784
1109.653986,244.363291,201.727458,6797
1109.689819,177.118667,135.886625,6799
1109.710292,934.908625,892.682000,6787
1109.858287,900.613875,859.799792,6790
1109.907131,217.291375,173.811750,6802
1109.907135,253.101917,209.811292,6801
1109.992810,852.404292,810.458250,6793
1110.086280,179.132041,134.665709,6805
1110.109154,852.541959,810.188750,6795
1110.127309,220.161958,177.950791,6806
1110.213926,766.923208,723.380875,6798
1110.269740,718.160334,715.710042,6800
1110.271210,184.895958,143.803916,6808
1110.353721,244.545000,201.249709,6809
1110.453326,183.568000,181.995917,6812
1110.454242,183.003334,140.083417,6813
1110.559217,205.467501,162.694875,6814
1110.616411,163.062667,119.583334,6815
1110.624288,765.961583,724.885000,6804
1110.770457,211.218292,167.766667,6817
1110.795217,802.382875,759.316834,6807
1110.845653,229.204500,185.887625,6818
1110.913248,785.913334,743.583459,6810
1111.015145,244.654959,200.176084,6820
1111.044377,198.684792,156.875250,6822
1111.049293,835.335959,792.345750,6811
1111.191430,1481.101709,1437.618875,6803
1111.255221,240.053042,198.104959,6824
1111.258204,213.791959,173.040000,6825
1111.357800,903.539001,859.236292,6816
1111.425688,167.454875,125.271125,6829
1111.459240,203.990208,160.192959,6828
1111.480136,854.770292,812.941792,6819
1111.538554,112.841458,70.417958,6831
1111.616656,821.405376,778.406125,6821
1111.669963,210.702334,168.289333,6832
1111.713975,175.383834,131.947667,6834
1111.734838,821.550625,779.562584,6823
1111.932960,218.936667,176.954167,6837
1111.933243,263.248417,221.001084,6836
1111.948347,899.034500,856.659125,6826
1112.057359,865.907584,823.285459,6827
1112.131507,198.252250,154.970084,6840
1112.137470,779.653583,737.308250,6830
1112.166454,233.471583,191.474792,6839
1112.289377,157.835708,115.290000,6843
1112.306866,826.715167,782.800376,6833
1112.368502,231.010208,190.212167,6844
1112.461319,844.640417,803.287626,6835
1112.498957,209.541500,166.246208,6846
1112.587346,218.805708,176.269333,6848
1112.616768,881.902292,838.564417,6838
1112.689022,227.647876,184.977042,6849
1112.770430,822.058417,780.220875,6841
1112.798477,211.093459,168.907375,6851
1112.918537,861.136501,817.296376,6842
1112.951129,262.075333,220.593625,6853
1112.979349,208.895750,167.936709,6854
1113.089975,923.489583,880.143542,6845
1113.107101,188.523708,145.712875,6856
1113.191084,239.937833,196.287875,6857
1113.234145,927.260833,885.685500,6847
1113.310566,220.564750,177.450292,6859
1113.355779,856.781917,814.267125,6850
1113.356038,164.937500,122.798959,6861
1113.491222,180.616626,137.703125,6863
1113.514491,897.689917,854.642250,6852
1113.525032,168.981458,126.484167,6865
1113.617341,818.827042,774.784208,6855
1113.668431,177.176125,133.587417,6866
1113.728377,213.870417,173.439875,6867
1113.777894,798.509250,756.066209,6858
1113.899142,230.695208,188.960625,6870
1113.915315,808.183833,766.959667,6860
1113.944306,215.904792,174.406750,6871
1114.059600,825.432709,782.583084,6862
1114.119896,220.733042,179.414958,6873
1114.125372,210.018959,165.669001,6874
1114.167664,811.853875,769.299417,6864
1114.317130,191.735542,150.832500,6878
1114.324929,799.857625,756.658292,6868
1114.339415,219.477709,178.501167,6877
1114.474294,856.915792,813.655792,6869
1114.544116,226.965958,184.913750,6880
1114.572044,247.079875,205.420834,6881
1114.676996,899.060750,856.272667,6872
1114.749286,205.146959,164.278625,6884
1114.830235,258.173417,215.914417,6885
1114.858956,914.621168,870.880209,6875
1114.967559,218.182125,175.957250,6887
1114.984666,925.033084,882.128626,6876
1115.073192,242.935583,202.159709,6888
1115.150815,983.130167,941.087583,6879
1115.166231,198.652125,155.214500,6890
1115.317164,243.935709,200.750958,6892
1115.333136,993.687042,951.433584,6882
1115.342475,191.628209,148.451333,6893
1115.467430,993.098167,950.117292,6883
1115.522064,204.864042,160.725542,6895
1115.555374,222.201292,178.829292,6896
1115.658394,981.338751,940.272084,6886
1115.775242,253.144208,210.504291,6899
1115.775339,916.355417,875.577500,6889
1115.809742,254.336834,211.341959,6900
1115.898846,914.155958,872.975542,6891
1115.950183,174.905208,130.218666,6902
1116.003923,228.566625,187.188459,6903
1116.012289,846.027000,803.279459,6894
1116.145476,195.259459,151.158292,6906
1116.161623,157.663625,114.873500,6907
1116.175604,833.109084,790.766959,6897
1116.317539,850.082917,806.343708,6898
1116.324441,178.942167,136.667125,6909
1116.457066,798.641667,755.361834,6901
1116.462791,301.130958,257.688084,6910
1116.585554,267.997917,226.833833,6912
1116.601487,791.721583,749.494667,6904
1116.722395,265.298542,223.150959,6914
1116.766132,180.564125,139.648833,6916
1116.792994,894.116125,851.211959,6905
1116.927426,161.275917,118.851250,6919
1116.944457,222.042042,179.634584,6918
1116.946949,934.633293,892.301084,6908
1117.056571,880.944751,838.005292,6911
1117.122847,195.401209,151.731125,6921
1117.154102,209.620250,167.107500,6922
1117.194222,869.741250,827.408167,6913
1117.289464,166.582208,124.139750,6925
1117.359669,896.843501,847.872667,6915
1117.404381,250.240375,206.595083,6926
1117.527089,237.588459,195.020000,6928
1117.528239,925.675918,883.650250,6917
1117.614784,210.374209,167.081834,6930
1117.637052,843.996126,800.683334,6920
1117.748134,219.862125,176.515500,6932
1117.783134,836.171875,792.966708,6923
1117.807300,192.490958,149.375334,6933
1117.910634,854.032959,811.454875,6924
1117.982144,233.978208,193.249292,6935
1117.990163,207.014791,166.234250,6936
1118.033323,839.073375,795.696709,6927
1118.149435,159.256708,118.853583,6940
1118.160250,800.562292,759.752583,6929
1118.200278,218.108334,176.320959,6939
1118.334249,184.795917,141.322709,6942
1118.416279,889.154292,846.664584,6931
1118.441267,280.987875,239.021125,6943
1118.537424,203.156042,160.563084,6945
1118.582182,945.099751,903.489709,6934
1118.635265,218.909250,176.934625,6946
1118.663096,125.653208,83.598083,6948
1118.705191,897.851792,854.648667,6937
1118.874686,239.388625,194.794834,6950
1118.878147,215.033584,172.812209,6951
1118.890146,184.927167,141.881250,6952
1118.981956,948.609375,905.031459,6941
1119.112278,237.572126,196.290792,6953
1119.121708,243.538458,201.032417,6954
1119.179383,979.064626,936.812917,6944
1119.295300,854.013709,813.258542,6947
1119.361267,248.957916,207.342042,6957
1119.361275,239.541750,196.048708,6958
1119.441943,859.735917,817.081709,6949
1119.573170,211.880958,170.123917,6961
1119.592249,1681.594542,1639.368209,6938
1119.593259,231.959583,187.347125,6962
1119.772741,882.569334,837.431876,6955
1119.828706,255.498250,212.383792,6964
1119.851295,259.011958,218.144792,6965
1119.978155,996.161251,953.571792,6956
1120.039294,210.555042,169.453083,6968
1120.041060,189.733834,146.605084,6969
1120.139953,960.534458,916.992417,6959
1120.225099,185.784958,142.636958,6971
1120.265761,224.688334,182.387625,6972
1120.315818,1020.486251,978.132459,6960
1120.415210,190.077417,147.504000,6974
1120.425137,983.163709,940.812251,6963
1120.499860,234.073583,192.040334,6975
1120.571962,978.666500,936.388250,6966
1120.603127,187.877375,145.280333,6977
1120.682154,182.257250,139.962375,6979
1120.766401,993.630458,951.976667,6967
1120.818200,246.201959,204.640333,6980
1120.892804,914.612709,873.288792,6970
1120.914362,232.181542,189.525875,6982
1120.996132,177.896542,134.899625,6984
1121.047210,907.223042,864.532958,6973
1121.088607,195.770751,152.950584,6985
1121.182571,866.729208,823.999167,6976
1121.273302,277.147501,236.267209,6987
1121.297292,250.044375,208.572000,6988
1121.354427,929.258458,888.029042,6978
1121.486722,883.562458,842.218125,6981
1121.537301,263.968542,220.700083,6991
1121.538378,241.049667,198.989875,6992
1121.646874,880.436375,837.506250,6983
1121.751043,213.713792,171.576125,6995
1121.776314,237.907250,196.660625,6996
1121.806499,892.099834,851.202625,6986
1121.965154,876.514042,833.886667,6989
1121.968648,217.572250,174.797584,6998
1122.000128,223.779208,181.447584,6999
1122.102668,920.070667,877.511834,6990
1122.207564,242.389584,201.891667,7001
1122.231332,262.661292,220.466458,7002
1122.235268,880.818459,840.063876,6993
1122.418427,931.678417,887.267208,6994
1122.519049,287.685417,244.924167,7006
1122.527701,320.102417,277.544459,7005
1122.578132,931.227209,887.569667,6997
1122.675404,147.679000,106.605625,7010
1122.729460,210.389375,169.472334,7009
1122.747148,940.628500,899.609375,7000
1122.900530,900.384042,856.847542,7003
1122.912075,236.625666,194.264583,7012
1122.935689,206.194333,163.669916,7013
1123.019273,916.582626,873.194876,7004
1123.116511,204.399708,162.845667,7016
1123.119675,219.127417,177.319625,7015
1123.182706,947.399250,903.690376,7007
1123.341741,923.275208,879.750083,7008
1123.344179,227.628917,186.036667,7019
1123.378663,258.971125,213.985042,7020
1123.500678,922.531459,880.892250,7011
1123.526584,184.809042,140.889583,7022
1123.595969,848.802500,804.844542,7014
1123.606024,261.804375,218.390084,7023
1123.694775,194.072084,152.532625,7025
1123.810723,875.010792,833.918458,7017
1123.826137,230.139000,188.956250,7027
1123.920934,226.120708,182.791000,7029
1123.980467,961.156001,919.877001,7018
1124.029373,218.624291,177.121583,7030
1124.126834,205.858333,161.976209,7032
1124.151155,968.409167,925.388625,7021
1124.279608,900.925375,858.095001,7024
1124.305635,276.247708,230.892666,7034
1124.378454,251.583500,209.468875,7035
1124.389520,862.915084,820.532709,7026
1124.470133,190.511125,150.482208,7037
1124.494197,888.139001,843.896375,7028
1124.600771,222.285292,179.067875,7039
1124.707616,237.468584,195.204042,7041
1124.713632,887.476042,844.616792,7031
1124.807139,826.641083,785.210709,7033
1124.809487,208.675542,166.491792,7043
1124.919207,211.570916,170.160958,7044
1124.933224,782.037376,740.903334,7036
1124.941133,133.974167,91.541333,7046
1125.120911,187.667666,146.786208,7049
1125.124395,818.739542,777.095376,7038
1125.128553,209.321000,167.718542,7048
1125.273845,884.291626,841.352167,7040
1125.337230,212.813709,170.617417,7052
1125.362057,241.117334,198.377083,7051
1125.428551,934.322667,889.178793,7042
1125.530331,193.084208,150.050542,7055
1125.546437,184.364250,142.042833,7056
1125.585518,871.867208,830.284584,7045
1125.736249,205.896833,164.394125,7058
1125.746098,936.577250,894.426167,7047
1125.765415,218.954167,175.065625,7059
1125.884891,943.726583,900.853625,7050
1125.897873,161.597625,119.197459,7061
1125.985619,239.506750,197.365875,7062
1126.039296,910.705542,869.896125,7053
1126.128562,243.652209,199.443709,7064
1126.159531,173.894583,131.269542,7066
1126.201200,927.330834,884.328375,7054
1126.369491,240.896834,198.499875,7068
1126.424189,264.627708,223.616459,7069
1126.426083,997.499125,955.464709,7057
1126.565077,195.561334,154.061250,7071
1126.605069,1019.531625,977.319292,7060
1126.608065,181.964417,138.744375,7073
1126.735195,170.083667,128.447667,7074
1126.762380,996.930959,954.690918,7063
1126.826930,221.843417,179.534250,7075
1126.878273,980.373918,939.177459,7065
1126.931915,196.681042,153.099625,7077
1127.035918,208.966917,168.402208,7079
1127.040963,1001.635834,954.120126,7067
1127.128323,196.369833,153.728166,7081
1127.144103,942.868500,901.189334,7070
1127.291373,866.105334,823.744542,7072
1127.297541,261.602250,219.372417,7082
1127.307440,179.081000,135.685958,7084
1127.441161,831.957292,787.549292,7076
1127.469113,177.709584,134.280709,7086
1127.512030,214.460751,171.797209,7087
1127.610290,847.885501,806.817084,7078
1127.622877,181.685291,138.607000,7089
1127.728347,259.215542,216.514958,7090
1127.763544,885.244792,842.156000,7080
1127.808294,197.966125,157.078250,7092
1127.925922,884.947292,842.006375,7083
1127.966743,238.373334,195.910458,7094
1128.027202,218.866083,174.951000,7096
1128.057288,913.147376,870.256334,7085
1128.109218,183.271083,141.334667,7097
1128.168117,140.876750,99.002166,7099
1128.199811,892.335501,849.860958,7088
1128.232239,122.984167,80.321791,7101
1128.326348,814.300083,772.308542,7091
1128.357716,189.562042,146.263834,7102
1128.438322,238.487667,195.940791,7103
1128.441366,818.464792,775.645500,7093
1128.516506,190.135166,149.343541,7105
1128.564871,801.308083,759.588083,7095
1128.657207,218.848000,178.177709,7107
1128.730119,213.576126,170.431625,7109
1128.736877,770.097417,727.850375,7098
1128.809205,150.952959,107.636959,7111
1128.860652,803.334584,748.503583,7100
1128.899529,169.367916,126.888125,7112
1129.026874,794.605292,752.473751,7104
1129.038199,228.972625,187.999875,7114
1129.113357,252.673750,211.354208,7115
1129.174786,147.873833,104.199083,7117
1129.192047,834.299083,791.210876,7106
1129.322275,147.452375,106.578208,7120
1129.341607,228.220709,185.346583,7119
1129.366364,924.973001,881.485501,7108
1129.516788,951.893251,951.072209,7110
1129.589190,247.544500,205.494917,7123
1129.597322,273.968917,231.119292,7122
1129.709053,972.137542,930.578833,7113
1129.730104,140.880250,99.136042,7126
1129.818640,221.293042,179.524042,7127
1129.867677,968.116333,925.541167,7116
1129.875993,166.900708,123.368000,7128
1129.987269,168.592667,125.838125,7130
1129.995635,957.409251,913.808875,7118
1130.028208,160.512625,119.019250,7131
1130.123222,931.159251,888.895584,7121
1130.182652,195.346084,151.397751,7133
1130.198587,202.932917,161.901833,7134
1130.310589,944.198792,901.683709,7124
1130.408875,892.049667,890.063709,7125
1130.430257,231.649542,187.387375,7138
1130.436612,253.923250,210.424084,7137
1130.582996,852.873001,811.370000,7129
1130.626274,217.376834,176.256791,7140
1130.641669,211.376083,168.315000,7141
1130.704517,828.476834,786.579500,7132
1130.833034,206.720792,164.460917,7144
1130.846501,818.272584,777.246168,7135
1130.858450,216.744208,173.486250,7145
1131.002994,156.473042,114.437167,7148
1131.040144,916.902000,875.289625,7136
1131.062853,229.784333,188.857375,7147
1131.219315,216.290667,175.350584,7150
1131.242419,931.807334,889.385001,7139
1131.264266,224.102958,180.075291,7151
1131.401150,964.500542,921.750375,7142
1131.428097,185.641750,142.098250,7154
1131.453282,233.929500,190.280709,7153
1131.528338,945.310334,903.489417,7143
1131.602219,201.049333,159.931625,7156
1131.605259,177.131792,135.328084,7157
1131.638332,933.790959,890.671834,7146
1131.799281,940.809042,900.085667,7149
1131.819474,214.181625,171.281542,7161
1131.822468,220.232250,175.791583,7160
1131.924285,861.394042,819.478042,7152
1131.953412,154.100625,111.447000,7163
1132.053050,233.562000,191.496959,7164
1132.106159,181.847750,138.699750,7166
1132.123354,859.049625,815.539084,7155
1132.273069,819.757459,777.187834,7158
1132.299121,246.050584,202.664584,7168
1132.305403,199.220292,157.704459,7169
1132.352651,824.291417,823.536292,7159
1132.470534,197.439958,153.894125,7171
1132.495931,196.776125,154.128625,7172
1132.584684,946.316292,903.487375,7162
1132.635895,165.324250,121.410625,7175
1132.739161,243.206250,199.870709,7176
1132.771535,949.043375,905.458751,7165
1132.865143,229.222584,188.380208,7178
1132.918938,965.497168,922.478667,7167
1132.961277,222.079084,179.972917,7179
1133.071281,206.114708,163.689458,7181
1133.080677,957.282375,913.895501,7170
1133.192541,231.227209,186.582375,7183
1133.229394,158.076333,115.799833,7184
1133.244466,939.026959,897.867834,7173
1133.371492,1018.803917,1015.254625,7174
1133.381299,188.717958,145.112625,7186
1133.450291,220.860208,179.677750,7187
1133.586473,214.949292,173.480708,7189
1133.622628,172.302958,129.906875,7191
1133.640086,1055.356459,1012.337959,7177
1133.810517,1038.951959,994.781668,7180
1133.833063,210.419708,168.740833,7193
1133.841229,254.736417,212.960709,7192
1133.936669,1017.716000,974.932000,7182
1134.060572,227.492416,186.596959,7196
1134.065556,255.009416,211.720250,7195
1134.076038,995.330292,953.667459,7185
1134.218058,973.556792,931.681042,7188
1134.237301,176.709459,174.888000,7199
1134.319120,253.547292,212.526708,7200
1134.386489,1004.095751,963.083334,7190
1134.401988,164.654292,161.776709,7203
1134.523603,204.464458,160.216875,7204
1134.547623,907.504792,865.639834,7194
1134.610121,208.103000,165.589667,7206
1134.671771,830.520250,789.373375,7197
1134.723425,199.800125,159.023084,7207
1134.817416,207.250459,164.260250,7209
1134.848756,912.062375,869.384542,7198
1134.943974,220.511667,176.809792,7211
1135.007539,931.470167,890.031917,7201
1135.025208,207.747167,163.517667,7212
1135.101737,883.655793,841.719959,7202
1135.159934,215.930750,172.801708,7214
1135.194088,807.564917,764.356542,7205
1135.218744,211.186792,168.719833,7215
1135.324784,777.141167,733.252917,7208
1135.340873,180.906250,138.135084,7218
1135.424401,230.283666,189.073208,7219
1135.460334,788.534251,746.537751,7210
1135.505600,180.793667,138.451250,7221
1135.591268,742.471042,700.083417,7213
1135.605073,180.639958,138.657166,7223
1135.661367,155.729000,113.128750,7225
1135.794295,769.045375,726.324375,7216
1135.875301,283.997292,241.320042,7226
1135.892444,231.039667,190.391251,7228
1135.963355,861.578375,818.017667,7217
1136.083216,207.881917,166.404000,7230
1136.105247,212.772875,170.591459,7231
1136.141321,922.551875,880.204792,7220
1136.266270,183.031916,141.509667,7233
1136.310514,205.242917,160.900541,7234
1136.328673,987.780792,944.496876,7222
1136.496717,1036.351167,995.643251,7224
1136.497192,230.893250,188.058792,7236
1136.513174,202.628126,159.426167,7237
1136.630805,1025.713501,982.892750,7227
1136.703280,206.548125,163.203250,7239
1136.713016,215.812625,173.235708,7240
1136.784191,989.858625,945.652167,7229
1136.886284,922.896626,881.883042,7232
1136.898533,195.230292,154.154583,7243
1136.944809,231.771166,190.283625,7244
1137.031281,889.921375,848.214209,7235
1137.087227,200.926834,157.850000,7246
1137.165042,220.200167,177.993084,7248
1137.177301,848.607084,806.381917,7238
1137.221164,133.918750,91.587417,7250
1137.293418,780.224084,735.762417,7241
1137.348569,717.730417,676.260667,7242
1137.373220,208.157250,165.249292,7251
1137.390608,169.426541,125.969375,7253
1137.404292,620.063792,578.018584,7245
1137.535286,186.691458,145.272750,7255
1137.556685,658.115208,614.420334,7247
1137.603694,230.432125,189.022167,7256
1137.688383,153.056167,110.996084,7259
1137.730836,127.105417,83.508833,7261
1137.765266,733.946501,691.443667,7249
1137.845313,156.895084,112.220209,7262
1137.931459,200.588792,199.662458,7263
1137.986280,808.938083,767.570417,7252
1138.031324,185.971041,143.337250,7265
1138.098739,805.283792,762.599250,7254
1138.144508,213.016709,211.507917,7266
1138.227285,836.660708,793.158042,7257
1138.276130,244.772500,203.867125,7268
1138.345429,200.899417,157.954709,7270
1138.445283,1040.952501,999.800958,7258
1138.453862,177.708125,135.291333,7272
1138.599228,1042.529250,1002.054959,7260
1138.634874,289.400417,246.689042,7273
1138.664327,219.004333,176.567125,7274
1138.736282,970.978167,928.408543,7264
1138.862194,262.943041,220.873042,7276
1138.875812,240.901208,198.039625,7277
1138.898268,911.950667,866.648417,7267
1139.015160,916.388959,874.976083,7269
1139.055131,191.860375,151.421083,7280
1139.092397,216.550250,174.420750,7281
1139.189363,962.053167,918.558667,7271
1139.230174,214.992167,173.639667,7283
1139.244132,188.981917,146.989209,7284
1139.361919,908.017543,865.251917,7275
1139.424230,194.020167,152.639666,7287
1139.464291,220.139500,177.770250,7288
1139.557375,893.009834,843.727209,7278
1139.615195,190.926167,149.343250,7290
1139.731571,116.340000,115.138042,7293
1139.739359,274.975167,230.483750,7291
1139.771340,1035.021459,991.551167,7279
1139.933053,201.448042,199.617250,7294
1139.975632,236.235125,193.722959,7295
1140.000898,1102.608792,1060.179751,7282
1140.103838,1011.401418,969.025750,7285
1140.144197,211.114750,169.051166,7297
1140.179116,203.456750,160.282500,7298
1140.282229,1092.840584,1051.798126,7286
1140.316269,212.394875,171.322958,7300
1140.345024,200.785084,156.439500,7301
1140.495543,1133.586417,1091.536542,7289
1140.505875,223.622000,179.632250,7303
1140.569269,252.961625,209.022042,7304
1140.708252,1150.844625,1108.853959,7292
1140.733826,238.244126,195.151542,7306
1140.788368,219.070834,176.397959,7308
1140.848193,1076.817584,1034.763918,7296
1140.920343,212.069959,170.644541,7309
1140.949473,948.537042,907.579167,7299
1141.035334,246.948916,205.424625,7311
1141.077123,897.971375,854.735292,7302
1141.149833,229.455917,185.997583,7313
1141.213365,868.304500,824.515417,7305
1141.310687,275.327501,231.261334,7315
1141.355763,205.906750,162.099001,7317
1141.405292,899.384792,858.120376,7307
1141.531760,797.907833,796.465250,7310
1141.548289,192.482500,150.909792,7320
1141.550854,240.144041,195.304084,7319
1141.729278,881.047709,838.534376,7312
1141.754607,222.816708,220.621333,7322
1141.809903,261.579791,218.192625,7323
1141.874782,925.273709,880.394376,7314
1142.007665,930.504459,888.284542,7316
1142.027961,218.027250,175.397251,7327
1142.049325,294.681625,252.373042,7326
1142.157273,943.870668,902.410542,7318
1142.207828,200.126208,156.810209,7329
1142.249114,221.117167,176.495083,7330
1142.330893,925.577042,881.078625,7321
1142.432339,183.188250,141.777125,7334
1142.470041,262.177417,220.665083,7333
1142.491107,940.223667,896.291375,7324
1142.645366,212.983750,170.054791,7336
1142.649860,920.552792,875.726834,7325
1142.667636,197.557208,154.899208,7337
1142.821659,946.858209,893.452001,7328
1142.835773,190.366750,145.320292,7339
1142.915531,265.629584,223.645042,7340
1142.928436,879.069917,835.498125,7331
1143.029126,207.444125,164.590708,7342
1143.055292,897.983042,856.330708,7332
1143.110535,194.973042,152.838291,7344
1143.204770,873.856667,830.147500,7335
1143.255276,226.119834,183.358583,7346
1143.283292,172.718292,131.348000,7348
1143.356357,865.227125,822.853209,7338
1143.526865,859.192542,817.560917,7341
1143.531223,275.912876,233.230959,7350
1143.538290,254.920750,210.344167,7351
1143.639314,803.509875,760.662875,7343
1143.759147,830.672208,787.903375,7345
1143.764422,233.181959,190.486625,7354
1143.783204,256.308792,213.279500,7353
1143.884582,829.259959,787.709708,7347
1143.975877,216.692583,174.458667,7357
1143.996139,231.698542,191.048667,7358
1143.997816,793.020376,750.729875,7349
1144.110113,134.204000,90.585834,7361
1144.170319,813.926751,770.422334,7352
1144.275500,279.335292,237.284834,7362
1144.306676,768.350625,725.846334,7355
1144.310315,200.172000,158.949000,7364
1144.451354,812.002333,769.470042,7356
1144.505355,229.821083,188.558709,7366
1144.553121,246.426541,203.323750,7367
1144.633586,850.361167,807.545375,7359
1144.686201,180.814667,136.354167,7370
1144.790544,905.924251,862.542042,7360
1144.800332,247.191876,205.088041,7371
1144.890993,204.754958,161.657125,7373
1144.950177,952.344750,908.364625,7363
1145.025712,235.128542,191.086292,7374
1145.106153,935.810167,892.383334,7365
1145.129140,238.095666,195.029333,7376
1145.261302,950.945626,908.997833,7368
1145.264721,238.970667,195.909875,7378
1145.323290,217.100333,174.400333,7379
1145.475929,1024.541292,981.082959,7369
1145.516319,192.996125,151.960375,7383
1145.552471,291.134376,247.884292,7381
1145.651779,175.810542,132.863209,7384
1145.663705,1030.097834,986.616167,7372
1145.721142,204.803375,163.709583,7385
1145.757297,956.944917,915.947083,7375
1145.818895,167.079209,125.406458,7387
1145.841325,120.162291,78.224125,7389
1145.913470,963.269417,920.280959,7377
1146.041710,222.784916,178.875959,7391
1146.087200,958.037208,917.483584,7380
1146.096350,254.986667,211.356250,7392
1146.255248,990.495625,943.036209,7382
1146.301223,259.487959,217.209708,7394
1146.305537,218.313375,175.571959,7395
1146.491296,190.037458,149.298625,7398
1146.495191,942.699042,901.116708,7386
1146.544873,239.317167,198.047209,7399
1146.682096,1018.366125,975.951375,7388
1146.708036,216.698125,173.559167,7400
1146.744595,199.695708,156.082791,7402
1146.857245,149.176125,108.410167,7404
1146.863081,1105.760542,1061.922750,7390
1146.884755,202.622875,160.187417,7403
1146.999440,1085.932459,1043.201251,7393
1147.066033,208.764500,166.624500,7406
1147.088249,225.132542,184.464292,7407
1147.104434,1008.048125,967.224709,7396
1147.192926,937.641542,894.547792,7397
1147.239977,151.693500,108.302834,7411
1147.277698,211.643250,169.648209,7410
1147.366386,871.156709,829.138334,7401
1147.430978,190.981000,148.701583,7414
1147.471277,193.545625,152.429958,7415
1147.497250,752.626584,711.307917,7405
1147.578230,147.201834,105.934792,7417
1147.643713,758.918709,715.198458,7408
1147.680216,208.914125,166.279167,7418
1147.783281,139.528083,98.704666,7421
1147.839041,259.769416,216.789417,7420
1147.878251,878.774751,834.186500,7409
1148.036096,252.719834,209.103708,7423
1148.047616,943.142667,899.220292,7412
1148.103224,264.149959,222.489750,7424
1148.200273,1007.307875,965.705708,7413
1148.230290,194.157250,152.392041,7426
1148.345082,144.772542,101.546667,7429
1148.366132,261.843750,219.550625,7428
1148.371085,1004.654292,961.666418,7416
1148.525701,1028.430376,986.321584,7419
1148.577219,211.050292,169.558958,7432
1148.592229,247.112833,202.919208,7431
1148.654289,974.034542,927.419209,7422
1148.755276,163.016875,121.841125,7436
1148.778028,899.744708,857.623375,7425
1148.785165,207.921292,163.933000,7435
1148.909825,154.513334,112.700875,7438
1148.947346,169.295292,127.742416,7439
1148.969920,922.274792,878.598584,7427
1149.172295,224.919626,182.556792,7442
1149.183505,953.178043,911.311625,7430
1149.187078,277.222750,232.838083,7441
1149.350314,979.195000,937.339667,7433
1149.373693,190.152667,149.144333,7445
1149.381240,208.907709,167.383125,7444
1149.497151,971.425583,928.677459,7434
1149.531258,180.923458,140.318209,7447
1149.571144,197.410792,156.608667,7448
1149.644219,989.897125,947.305917,7437
1149.689234,192.068042,151.342625,7450
1149.746198,961.004042,921.025584,7440
1149.764336,233.040501,190.471750,7451
1149.875485,905.550334,863.602542,7443
1149.928575,182.342708,140.706709,7455
1149.941862,252.603459,208.396125,7454
1150.100172,913.077959,871.111209,7446
1150.160229,218.339042,177.269750,7459
1150.220156,291.546500,247.547417,7458
1150.252696,870.349375,827.624875,7449
1150.377190,216.937001,176.259125,7461
1150.384942,813.783543,770.515376,7452
1150.402175,181.986292,180.313584,7462
1150.511865,867.622001,827.004792,7453
1150.545549,143.357667,141.823208,7466
1150.564053,186.829708,144.404750,7464
1150.689558,143.975417,100.748375,7468
1150.710700,946.324459,899.979209,7456
1150.822992,258.923583,216.168750,7469
1150.851121,975.621209,933.204126,7457
1150.899038,209.450792,166.540500,7470
1150.968518,868.328709,825.839876,7460
1151.033708,210.692125,167.845708,7472
1151.114643,215.568792,172.755042,7474
1151.118695,865.967376,823.562251,7463
1151.252766,219.035250,177.025334,7476
1151.316176,931.209417,888.698125,7465
1151.384193,269.520125,228.664917,7477
1151.529285,1017.321083,967.046792,7467
1151.538714,285.912375,242.818041,7479
1151.638683,254.455834,212.281417,7481
1151.693367,982.630542,940.856292,7471
1151.732485,203.161000,160.403250,7482
1151.856292,217.583042,175.988750,7484
1151.866479,1015.334834,972.994167,7473
1151.937616,244.215709,202.806042,7485
1152.022220,1053.678501,1013.041751,7475
1152.026086,169.766625,121.568417,7487
1152.167651,1048.925209,1006.085209,7478
1152.184285,246.642958,205.765291,7489
1152.190290,168.046375,124.860167,7490
1152.295180,978.967208,938.302750,7480
1152.334839,167.170500,125.241667,7492
1152.376810,192.493875,149.403041,7493
1152.441552,902.815958,900.661126,7483
1152.513790,218.593959,175.722750,7495
1152.565939,231.071167,187.933375,7496
1152.598089,865.573042,821.789793,7486
1152.698324,184.517666,141.207791,7499
1152.736539,870.023875,826.210876,7488
1152.760594,194.621000,153.306125,7500
1152.899132,873.024834,830.827959,7491
1152.919606,221.257166,179.210208,7502
1152.964506,227.948875,186.264458,7503
1153.042594,852.286750,809.168500,7494
1153.074592,175.445666,131.457667,7505
1153.205411,240.887209,198.545375,7507
1153.215314,172.697876,132.136959,7508
1153.229281,852.446001,808.852042,7497
1153.342875,901.285292,895.340251,7498
1153.400540,185.199875,143.238084,7511
1153.446299,240.868542,198.695000,7510
1153.519757,921.647709,877.402167,7501
1153.615947,215.387083,173.271292,7514
1153.622752,176.434709,133.326667,7515
1153.639071,878.443709,833.990792,7504
1153.809269,186.498375,143.909792,7518
1153.834247,914.606292,872.317251,7506
1153.903302,287.319083,246.135458,7517
1153.987748,913.132793,871.392084,7509
1154.054269,244.962958,203.711084,7520
1154.076520,173.178834,130.782458,7522
1154.100308,870.986667,829.551626,7512
1154.276899,933.990459,888.435917,7513
1154.296538,219.978208,176.488083,7525
1154.313297,258.992708,217.100333,7524
1154.425652,905.857750,863.723001,7516
1154.555656,259.080791,215.919958,7528
1154.560208,283.292625,241.940416,7527
1154.613060,973.952584,931.780793,7519
1154.756681,922.396417,878.744417,7521
1154.786351,230.656417,188.515251,7531
1154.829071,268.849292,225.306667,7532
1154.883745,895.958292,851.509167,7523
1154.980231,223.520792,180.006750,7534
1155.017129,188.035750,146.191500,7536
1155.023461,923.113333,880.513084,7526
1155.162131,848.815917,808.129875,7529
1155.196797,179.631666,137.129125,7539
1155.203295,223.041583,181.443500,7538
1155.342341,916.658750,870.013376,7530
1155.343212,181.062292,139.078042,7541
1155.426285,229.449209,188.428042,7542
1155.500740,887.643751,847.051917,7533
1155.552280,209.900833,168.268042,7544
1155.651837,225.513750,182.607833,7546
1155.717272,930.884208,887.620417,7535
1155.789392,237.072792,194.537583,7548
1155.923168,1039.399375,997.099250,7537
1155.931729,279.851250,237.096417,7549
1155.961299,171.876833,130.745125,7551
1156.020133,996.636959,953.490125,7540
1156.084260,161.073501,118.923292,7552
1156.167824,964.496751,921.224793,7543
1156.171705,239.943667,196.042584,7553
1156.315467,972.242834,927.462958,7545
1156.352047,267.725500,224.914959,7556
1156.362568,194.720750,152.305125,7557
1156.508304,1007.524000,966.559708,7547
1156.555404,239.899917,197.650542,7559
1156.612434,260.355083,217.605500,7560
1156.660311,943.004417,899.736542,7550
1156.715352,159.913250,118.025542,7563
1156.803733,191.276459,150.119667,7564
1156.874122,912.794751,869.008001,7554
1156.951139,235.756500,194.826041,7566
1156.972601,952.441001,910.307126,7555
1157.061287,257.518917,215.254958,7567
1157.127259,176.101917,134.077417,7569
1157.143154,971.420333,928.501875,7558
1157.199133,137.812500,96.627417,7571
1157.268140,905.536334,863.574250,7561
1157.367723,240.445917,196.571375,7572
1157.398760,890.416918,846.989792,7562
1157.432932,233.775501,190.371417,7574
1157.561922,901.576667,858.236459,7565
1157.608495,240.750708,198.894208,7576
1157.710379,311.581083,268.687125,7577
1157.765349,891.190125,850.046167,7568
1157.870205,261.672250,219.489667,7580
1157.961197,988.564792,945.967750,7570
1157.966133,255.715250,212.053334,7581
1158.022444,152.223166,109.200583,7583
1158.104178,961.005501,918.798125,7573
1158.233066,963.871709,921.585292,7575
1158.233273,210.816959,167.908708,7586
1158.236172,274.953001,232.215667,7584
1158.391934,158.636042,116.054458,7589
1158.409944,976.982709,933.663209,7578
1158.487605,254.502792,212.558792,7588
1158.585519,1023.573250,981.501501,7579
1158.597736,205.783083,162.006250,7591
1158.688107,200.476208,156.415291,7593
1158.768344,1002.959709,959.548625,7582
1158.794134,208.581334,167.801958,7594
1158.935792,247.661167,205.445625,7596
1158.948195,982.029709,940.280834,7585
1158.964910,196.531125,152.858125,7597
1159.107180,1002.980126,962.416001,7587
1159.124127,175.897458,133.168000,7600
1159.139835,204.006542,160.733709,7599
1159.282407,1046.197542,1004.267542,7590
1159.348673,224.509834,180.592709,7603
1159.361325,254.109042,209.295625,7602
1159.457234,1047.269417,995.390667,7592
1159.561107,199.748500,156.424625,7607
1159.609844,1012.083917,969.113834,7595
1159.620293,271.586584,229.685750,7606
1159.720237,159.111166,118.108667,7609
1159.756703,146.820333,104.307000,7610
1159.766343,972.189459,931.032376,7598
1159.883841,127.107459,85.145958,7613
1159.949670,984.730251,943.020167,7601
1160.004509,284.235292,242.582666,7612
1160.102456,962.583126,920.037709,7604
1160.134510,250.644041,208.592417,7615
1160.208320,203.786334,161.530834,7617
1160.291365,1008.922250,968.160084,7605
1160.302395,199.915334,157.343084,7618
1160.366590,158.246084,117.114084,7620
1160.454274,997.016126,957.049334,7608
1160.474879,183.483125,140.036458,7621
1160.603363,983.035376,939.229667,7611
1160.636896,245.501666,200.287792,7623
1160.645934,191.626458,147.241208,7624
1160.743061,976.678208,932.676792,7614
1160.841864,204.953875,162.817375,7627
1160.855295,905.582708,864.636209,7616
1160.870045,266.649250,224.394625,7626
1160.990967,856.421417,814.300959,7619
1161.045167,189.837376,146.087084,7631
1161.073286,231.401625,188.706584,7630
1161.148216,845.790751,804.653792,7622
1161.232668,159.344792,117.581042,7635
1161.236195,761.298126,719.815542,7625
1161.250245,205.046333,162.975750,7634
1161.378077,730.154833,686.948501,7628
1161.417314,181.095542,140.110250,7638
1161.459193,226.496667,185.894334,7637
1161.532787,789.690708,746.041042,7629
1161.611552,233.442125,191.281126,7640
1161.664722,205.511542,162.468251,7642
1161.689357,819.126876,776.583500,7632
1161.876176,885.176542,826.671708,7633
1161.876274,264.706167,223.333250,7644
1161.930622,265.881291,222.026291,7645
1162.026281,878.042084,836.908334,7636
1162.083332,207.044541,164.343958,7648
1162.140583,209.919208,168.121916,7649
1162.219890,969.612001,925.449292,7639
1162.235284,151.911083,111.047708,7651
1162.364250,223.631626,182.740542,7652
1162.406062,988.693418,945.717501,7641
1162.435308,215.379209,174.436209,7653
1162.562288,1029.460834,988.403501,7643
1162.577910,213.632708,170.649792,7655
1162.613684,207.600750,166.136250,7656
1162.804063,1114.672417,1072.057584,7646
1162.842196,264.247083,220.819958,7659
1162.890299,327.974791,286.794375,7658
1162.960961,1084.759376,1041.044959,7647
1163.002662,198.585917,157.108000,7661
1163.080775,1054.454917,1010.398667,7650
1163.130187,239.852959,197.808334,7663
1163.155297,152.615750,110.733292,7665
1163.233397,998.074292,956.209626,7654
1163.339121,208.904208,167.188875,7667
1163.367778,212.458750,171.072125,7668
1163.417611,982.266542,932.451625,7657
1163.536723,197.579083,154.007292,7670
1163.587962,220.162834,177.308250,7671
1163.591134,977.419917,934.439042,7660
1163.702046,165.284584,121.200042,7673
1163.736375,894.146751,849.585918,7662
1163.779605,191.613917,148.512000,7674
1163.878938,917.952001,874.843959,7664
1163.938717,236.635583,193.620583,7676
1163.943712,206.272792,164.212417,7677
1164.016759,935.958626,892.567958,7666
1164.104435,165.685333,124.321458,7680
1164.123235,179.487584,138.812917,7681
1164.141199,907.769334,866.203625,7669
1164.263135,845.504917,805.418250,7672
1164.320134,215.681958,173.450084,7683
1164.326311,203.062125,160.799917,7684
1164.404293,813.136917,770.753667,7675
1164.500648,174.318084,131.072376,7688
1164.531292,751.662334,710.530917,7678
1164.547757,227.607625,183.107167,7687
1164.689190,810.233376,768.251167,7679
1164.731304,230.634834,189.093625,7690
1164.751796,220.465584,175.855166,7691
1164.839548,822.768626,779.969750,7682
1165.005745,864.522167,823.359834,7685
1165.020455,268.623542,226.160958,7695
1165.028982,297.641750,253.937250,7694
1165.167328,904.174834,862.376375,7686
1165.185872,180.099209,136.237501,7697
1165.254554,234.066292,189.506917,7698
1165.303546,899.221459,855.749125,7689
1165.417338,249.976416,206.215333,7700
1165.435137,887.360542,845.921125,7692
1165.472793,218.198750,175.973000,7702
1165.632130,942.921292,902.216584,7693
1165.653148,217.994583,177.468666,7705
1165.659664,242.291000,201.077625,7704
1165.797141,957.575500,915.355584,7696
1165.808082,175.929251,132.610917,7707
1165.891466,238.305667,195.743625,7708
1165.994311,965.276959,924.378001,7699
1166.062427,265.252166,222.815541,7710
1166.114669,928.774292,885.501751,7701
1166.167292,275.801458,235.384625,7712
1166.263288,200.831458,159.889625,7714
1166.279685,976.116167,931.776417,7703
1166.371575,204.250958,160.773667,7716
1166.423757,950.929875,908.384459,7706
1166.561615,298.292167,255.539084,7717
1166.571335,911.630126,869.175125,7709
1166.617435,245.838250,202.176917,7719
1166.758253,950.142667,906.931376,7711
1166.770135,208.498500,166.100959,7721
1166.834368,840.032376,797.609167,7713
1166.886421,268.954000,226.798833,7723
1166.921039,806.333209,762.070459,7715
1166.994301,236.016958,193.328625,7724
1167.020255,740.532917,695.744000,7718
1167.135285,711.502750,670.745542,7720
1167.150768,264.326126,221.140208,7727
1167.192330,197.991500,155.664250,7729
1167.286613,715.247459,671.401209,7722
1167.376363,225.566542,181.889459,7732
1167.432825,297.510792,252.792167,7731
1167.493335,723.179333,683.014500,7725
1167.591629,215.227250,171.616958,7735
1167.659121,226.256917,183.243667,7736
1167.665267,830.859459,786.232708,7726
1167.748542,156.888083,112.803833,7738
1167.818117,897.041834,854.160417,7728
1167.865257,206.117333,162.823500,7739
1167.952721,204.156167,160.825583,7741
1167.971826,951.531292,909.919792,7730
1168.031305,166.011417,125.320709,7743
1168.177629,146.286583,105.279125,7746
1168.179197,985.773833,942.278167,7733
1168.205534,252.777000,211.593084,7744
1168.343477,164.244209,123.370917,7748
1168.351405,1064.759500,1021.708334,7734
1168.358162,180.504334,138.683417,7747
1168.496284,1002.915959,960.294417,7737
1168.535949,192.438458,149.502500,7750
1168.582302,230.873125,188.239917,7751
1168.611993,946.688167,904.980418,7740
1168.744287,247.984625,206.404334,7753
1168.796088,977.934709,936.599126,7742
1168.837359,255.029834,212.479750,7755
1168.949237,204.912458,163.087750,7757
1168.965831,993.969667,950.146750,7745
1169.009190,213.083208,171.870417,7758
1169.064200,858.635459,814.981709,7749
1169.174671,225.408459,183.128750,7760
1169.197295,188.067542,145.958458,7762
1169.204731,846.554333,803.810875,7752
1169.336586,139.257417,97.464792,7765
1169.340819,804.840751,762.405584,7754
1169.351309,176.610875,133.895417,7764
1169.459997,847.946459,805.453833,7756
1169.516494,179.889500,136.474333,7767
1169.538046,197.205458,154.432833,7768
1169.587339,749.956959,707.483875,7759
1169.727319,761.458834,719.896042,7761
1169.741236,224.709625,182.045208,7771
1169.752653,214.577708,172.394250,7772
1169.932275,868.034709,820.810083,7763
1169.951316,210.059792,168.335708,7775
1169.982450,255.096042,211.405250,7774
1170.066886,862.133709,819.999834,7766
1170.177178,825.833750,785.267584,7769
1170.203635,271.331084,228.638667,7777
1170.213123,261.775791,220.935459,7778
1170.338045,877.971208,834.034250,7770
1170.375720,198.520292,155.943958,7781
1170.462660,875.284376,831.537292,7773
1170.500280,296.606333,252.397250,7782
1170.621800,283.731875,242.292458,7784
1170.638114,885.433792,842.901500,7776
1170.701210,238.512167,196.123958,7786
1170.823305,840.817834,798.692709,7779
1170.897067,275.237084,232.813584,7788
1170.948621,247.373875,206.437291,7790
1171.006237,939.320084,897.905459,7780
1171.115042,217.942666,176.277792,7792
1171.136134,922.994626,880.916458,7783
1171.194777,246.121750,202.799625,7793
1171.288358,173.297833,131.920833,7795
1171.326294,950.535542,909.485209,7785
1171.419076,224.282626,180.837125,7797
1171.468136,179.762042,138.965459,7798
1171.499220,998.905834,958.106042,7787
1171.646253,227.159042,186.287208,7800
1171.668081,1029.937417,987.532292,7789
1171.706086,237.931459,195.021750,7801
1171.796102,149.829167,108.341333,7803
1171.815383,992.044959,947.621501,7791
1171.873618,205.504250,161.667625,7804
1172.020290,1014.033417,971.160167,7794
1172.028969,232.840708,189.937125,7806
1172.054920,181.260334,138.730375,7808
1172.139991,1003.831793,959.715459,7796
1172.219167,198.843751,157.439042,7809
1172.247609,218.614667,175.750751,7810
1172.338334,1012.001959,969.692793,7799
1172.402240,183.036875,140.184333,7813
1172.451282,203.643125,160.987459,7814
1172.469137,969.898125,929.082292,7802
1172.608294,206.019333,165.068458,7816
1172.655428,949.320458,907.936458,7805
1172.673525,222.212959,179.986625,7817
1172.801289,192.955292,152.194584,7819
1172.803701,988.283043,945.558542,7807
1172.852246,196.775250,154.944125,7820
1172.945752,890.796084,848.216834,7811
1173.047687,246.359167,203.814625,7822
1173.078642,226.361042,184.144625,7824
1173.097878,957.830708,914.353709,7812
1173.235103,156.438333,114.466625,7827
1173.260897,922.520375,880.072083,7815
1173.330230,282.512417,240.578334,7826
1173.444138,208.995792,165.853333,7829
1173.444240,975.084834,932.064292,7818
1173.502877,172.620875,129.158751,7831
1173.609995,936.448334,893.025001,7821
1173.641545,197.367917,155.040084,7832
1173.711296,208.380375,167.389541,7834
1173.752380,948.652542,906.374001,7823
1173.825288,215.241834,174.099916,7835
1173.954816,1009.024917,966.043459,7825
1173.955149,243.824875,203.020125,7837
1174.041222,215.902750,172.705167,7839
1174.101692,146.840167,104.826750,7840
1174.136225,1038.314959,996.755084,7828
1174.267168,225.904292,183.127584,7842
1174.325285,223.568917,181.471792,7843
1174.335162,1073.219876,1031.780167,7830
1174.503335,1059.082500,1018.428834,7833
1174.506188,238.987000,196.877917,7845
1174.525642,200.314916,157.441375,7846
1174.639971,998.391626,956.286042,7836
1174.710410,204.192041,161.911458,7849
1174.729665,225.250375,182.853417,7848
1174.808669,1056.249250,1013.045542,7838
1174.922380,967.216250,925.269042,7841
1174.955309,244.862625,202.193834,7852
1174.986829,257.145584,215.335751,7853
1175.065289,929.042626,888.010376,7844
1175.111398,188.979583,147.874708,7855
1175.146916,191.569583,148.320375,7856
1175.204543,869.357709,827.301417,7847
1175.320614,173.657750,132.254500,7860
1175.335291,223.860000,182.795958,7859
1175.346713,821.038167,777.109959,7850
1175.543740,223.098459,181.629875,7862
1175.554311,914.319876,873.345667,7851
1175.573672,238.355834,194.975958,7863
1175.698265,889.561459,846.249542,7854
1175.747280,192.938375,150.830750,7866
1175.756707,212.947584,170.412667,7865
1175.821215,834.361792,789.051084,7857
1175.948261,882.935084,838.497626,7858
1175.987189,239.871916,197.685834,7869
1176.007967,251.223583,207.942000,7870
1176.079942,875.369834,829.347751,7861
1176.164862,216.564250,173.379792,7872
1176.222890,876.142167,832.615875,7864
1176.232873,245.646333,202.528667,7873
1176.357220,192.325000,149.095042,7876
1176.367309,793.613917,752.498251,7867
1176.425283,202.370584,161.792167,7877
1176.509136,810.838876,768.802126,7868
1176.583281,226.023583,184.244083,7879
1176.610322,789.069751,747.652209,7871
1176.686199,260.883584,219.866500,7881
1176.779873,196.551833,151.554667,7883
1176.788563,780.577000,738.225250,7874
1176.884330,804.349292,761.753125,7875
1176.938753,252.518584,208.805041,7885
1177.055646,275.743709,233.429583,7886
1177.072336,839.429501,796.103584,7878
1177.182667,243.874750,202.014167,7889
1177.268590,901.240375,858.327459,7880
1177.298746,243.066833,200.401833,7890
1177.401292,218.592500,176.757875,7892
1177.416141,906.985334,866.517459,7882
1177.465137,196.514209,155.925000,7893
1177.580927,970.570709,928.221583,7884
1177.594239,192.924958,150.641458,7895
1177.673368,208.206833,166.522708,7897
1177.747164,958.583501,917.567584,7887
1177.789235,208.289375,167.658750,7898
1177.862468,189.065041,147.458208,7900
1177.891571,1007.206959,965.475876,7888
1177.972831,183.581125,141.360625,7902
1178.075230,1002.865792,960.087626,7891
1178.089578,227.070958,186.105792,7903
1178.198490,225.644708,183.467958,7905
1178.231642,932.878334,889.283209,7894
1178.263698,188.446125,147.293709,7906
1178.364025,947.846375,902.879250,7896
1178.392083,160.425417,116.424583,7909
1178.446840,248.325001,205.808751,7908
1178.499315,905.036125,863.131792,7899
1178.561348,197.292375,152.584833,7911
1178.633308,886.123292,845.005000,7901
1178.673828,226.948459,182.439250,7913
1178.786932,225.560416,184.045750,7915
1178.788091,896.506625,855.527167,7904
1178.855136,221.799958,179.799666,7916
1178.946876,159.911208,117.411875,7918
1178.964839,875.237126,830.522584,7907
1179.001472,146.302917,104.563083,7920
1179.127296,863.568709,819.811126,7910
1179.163358,216.457209,174.451376,7921
1179.173068,208.207126,166.123125,7922
1179.281866,889.759208,847.232458,7912
1179.393922,266.602583,223.374083,7924
1179.421405,258.018834,215.355292,7925
1179.472345,973.006126,931.953167,7914
1179.561163,167.223584,124.644917,7928
1179.629216,207.797625,166.715792,7929
1179.672244,998.383459,957.430251,7917
1179.763634,202.454292,159.701500,7931
1179.824087,194.847042,151.217208,7932
1179.834164,1046.052292,1003.837626,7919
1180.023319,259.660333,218.703625,7934
1180.034600,1033.111917,991.264459,7923
1180.064379,240.268875,197.826416,7935
1180.224282,189.663250,148.692250,7938
1180.248188,1075.081876,1033.338542,7926
1180.254916,231.556792,189.289333,7937
1180.410909,186.609792,145.233958,7940
1180.413331,1131.432750,1090.399917,7927
1180.429034,180.811458,138.941542,7941
1180.554966,1082.598709,1041.010834,7930
1180.574325,163.396625,161.759792,7943
1180.620493,207.123875,166.482167,7944
1180.694332,1022.065042,979.504459,7933
1180.728922,154.560584,152.933667,7947
1180.843138,1008.940042,968.026792,7936
1180.889169,268.660584,226.321083,7948
1181.019235,954.834417,914.230042,7939
1181.024590,295.633625,253.338166,7950
1181.057944,168.757167,127.343709,7952
1181.188859,933.913459,892.972501,7942
1181.214278,195.010084,153.481708,7953
1181.263136,238.519167,197.517834,7954
1181.350293,921.238209,878.756959,7945
1181.372824,183.944833,141.553708,7956
1181.442288,179.127958,137.810750,7958
1181.511197,956.198542,915.497917,7946
1181.546794,196.470459,152.532042,7959
1181.640789,198.464583,154.473959,7961
1181.678365,167.134917,123.701958,7962
1181.701538,1007.169626,963.586750,7949
1181.846065,205.240583,162.371708,7964
1181.904937,1061.772543,1018.347168,7951
1181.956275,277.876667,233.912292,7965
1181.987419,141.315125,100.120125,7967
1182.048281,990.314209,948.234292,7955
1182.171220,214.908750,169.318334,7969
1182.213265,225.815042,182.289625,7970
1182.242621,1028.310792,984.771375,7957
1182.372734,201.483333,158.525500,7972
1182.407461,1034.611667,991.998292,7960
1182.464214,250.930458,207.689708,7973
1182.491412,944.589334,942.704584,7963
1182.632198,259.444500,218.474667,7975
1182.691959,990.387417,948.878000,7966
1182.714567,250.338959,206.760167,7977
1182.865281,960.307834,917.859250,7968
1182.909668,217.685708,174.882166,7980
1182.934335,302.099292,258.521958,7979
1182.980142,931.826292,889.289625,7971
1183.100204,857.550750,813.143334,7974
1183.112249,202.553458,160.345500,7983
1183.176124,241.753167,198.495500,7984
1183.254309,846.805751,805.464917,7976
1183.282200,181.971125,141.040667,7986
1183.400491,224.328709,180.911209,7988
1183.411058,919.614792,917.364001,7978
1183.426665,172.319875,128.680708,7989
1183.585694,174.613250,132.166708,7992
1183.602892,888.299708,845.653667,7981
1183.623823,223.304666,181.113333,7991
1183.784274,918.955333,875.636709,7982
1183.804918,201.987333,159.676125,7995
1183.852679,266.950833,225.830500,7994
1183.964181,984.015375,941.490959,7985
1184.010630,226.320209,182.872084,7997
1184.103290,250.571709,207.978751,7999
1184.110139,997.869250,956.948126,7987
1184.227391,216.724667,175.527041,8001
1184.286047,1003.813709,960.543792,7990
1184.346685,243.363167,200.659375,8002
1184.397279,169.852666,127.497708,8004
1184.415207,988.521625,946.314250,7993
1184.481605,857.766292,857.252667,7996
1184.510883,164.181792,121.332459,8006
1184.530147,132.834334,90.283667,8007
1184.624178,142.559958,139.590209,8009
1184.683803,878.848543,837.599001,7998
1184.785128,274.225292,232.243084,8010
1184.813639,189.439250,146.374958,8012
1184.903294,939.078000,896.568167,8000
1184.986118,200.974083,158.813666,8014
1185.018081,204.402917,159.573166,8015
1185.096356,986.192376,943.854625,8003
1185.156775,170.636666,127.143625,8017
1185.215920,197.808625,155.271667,8018
1185.241073,955.000375,912.552667,8005
1185.357604,200.792375,158.464833,8020
1185.370451,154.508376,112.943834,8021
1185.388523,973.289042,931.546584,8008
1185.563258,1033.090334,991.015375,8011
1185.597160,225.650833,184.268583,8024
1185.602135,244.505916,203.096250,8023
1185.710574,1026.752417,984.394542,8013
1185.777295,180.116125,138.758375,8027
1185.780378,217.087208,174.439125,8026
1185.868303,964.990542,924.225459,8016
1185.988233,210.902125,169.635375,8030
1186.015197,234.782334,190.757291,8031
1186.061530,965.134917,922.415083,8019
1186.165277,924.180542,881.638626,8022
1186.226267,236.957292,195.924167,8033
1186.250435,235.198251,193.004584,8034
1186.337738,949.180750,898.850458,8025
1186.411839,185.542292,142.754500,8037
1186.458142,207.674834,166.741167,8038
1186.479833,877.683917,834.420417,8028
1186.618160,206.296125,164.144166,8040
1186.629709,919.113709,876.559250,8029
1186.672388,214.224792,169.807458,8041
1186.775964,907.620584,864.384792,8032
1186.820042,190.298792,148.687001,8044
1186.850324,232.134292,189.361667,8043
1186.940305,878.735667,837.477375,8035
1187.027691,207.613000,165.537166,8047
1187.081041,230.684708,188.237583,8048
1187.089290,923.981334,881.298250,8036
1187.228170,890.412250,849.583876,8039
1187.229186,201.465250,159.229875,8050
1187.249343,168.284958,126.280875,8051
1187.347229,867.372626,825.254792,8042
1187.426071,196.867417,152.937167,8054
1187.455249,227.049375,184.986083,8053
1187.477912,805.502542,761.228417,8045
1187.643818,217.728291,175.305083,8057
1187.658807,203.534042,161.953458,8058
1187.660263,884.268875,841.753792,8046
1187.802059,861.724208,817.800375,8049
1187.865857,222.021334,178.943916,8060
1187.869244,210.408917,167.796125,8061
1187.959557,870.230667,827.962917,8052
1188.096187,226.923666,182.351167,8065
1188.104048,238.173250,195.542667,8064
1188.134342,884.962167,841.565667,8055
1188.219329,123.100542,82.056625,8067
1188.293282,946.012084,904.783542,8056
1188.333337,229.266042,186.969125,8068
1188.446118,225.713833,184.410625,8070
1188.467383,989.438334,947.677792,8059
1188.486981,193.665208,150.352417,8071
1188.572199,911.892334,870.451167,8062
1188.596518,150.377792,107.922208,8073
1188.632797,165.390167,164.830750,8074
1188.756054,953.969625,911.382501,8063
1188.818701,245.432541,202.720875,8076
1188.819294,186.467750,184.377958,8078
1188.907281,947.705501,907.362168,8066
1189.031507,212.201500,167.823542,8081
1189.062277,927.895792,885.577292,8069
1189.069891,251.153000,208.453875,8080
1189.195226,861.862167,820.235792,8072
1189.197167,165.626125,124.747875,8083
1189.279864,217.548916,173.773834,8084
1189.340475,853.471208,812.365459,8075
1189.361691,166.444541,123.870250,8086
1189.495769,155.255334,113.160250,8089
1189.502629,906.074167,863.559958,8077
1189.538802,258.899959,215.454458,8088
1189.663232,907.161209,864.831625,8079
1189.697521,194.864542,150.983292,8092
1189.713716,217.917000,174.380209,8091
1189.784200,876.895833,835.767625,8082
1189.824062,160.810708,118.343458,8094
1189.881234,183.684959,142.931250,8095
1189.951167,881.238167,839.363876,8085
1189.968321,184.099417,141.590167,8097
1190.097964,146.759667,104.089125,8100
1190.114697,916.437375,874.586125,8087
1190.138400,257.144708,214.741042,8099
1190.285256,923.543251,882.145834,8090
1190.318888,204.155000,162.656959,8103
1190.364276,266.277959,223.780667,8102
1190.421283,882.447125,839.442042,8093
1190.491345,206.060459,161.939166,8105
1190.554488,840.751334,797.905792,8096
1190.649299,284.987500,243.776167,8107
1190.651231,159.864250,118.032250,8109
1190.675149,851.071667,810.404001,8098
1190.834178,184.846375,142.867375,8111
1190.861126,209.865833,165.200000,8112
1190.865479,897.124084,854.676083,8101
1190.973716,835.300376,791.872376,8104
1191.026695,165.550292,122.143000,8115
1191.067891,748.971126,706.418709,8106
1191.111168,276.971626,232.281584,8114
1191.270133,243.413916,201.324083,8118
1191.270453,848.110667,804.864667,8108
1191.336227,268.321375,227.070083,8119
1191.465284,910.773501,870.049833,8110
1191.480766,210.603166,167.330333,8121
1191.550333,214.085667,172.333583,8123
1191.640277,965.104292,923.730792,8113
1191.658262,192.947125,152.644334,8124
1191.761251,210.892792,167.439125,8126
1191.810375,944.866126,902.463626,8116
1191.857300,216.995042,176.375792,8127
1191.901398,140.122500,95.894166,8129
1191.911841,938.106750,896.175292,8117
1192.059881,202.563667,159.645500,8131
1192.068250,957.043792,913.703000,8120
1192.124134,222.706458,180.154916,8132
1192.225771,955.310417,913.644375,8122
1192.287335,227.436417,186.214875,8134
1192.354893,230.735167,188.325083,8136
1192.394295,913.501750,872.510043,8125
1192.413341,125.983083,124.510458,8138
1192.523053,864.767458,822.242167,8128
1192.541830,128.459042,127.107167,8141
1192.588710,233.785416,190.920916,8139
1192.647163,836.768626,794.545501,8130
1192.793197,251.326833,209.398875,8143
1192.824144,235.400958,192.881209,8144
1192.824144,912.287250,870.627042,8133
1192.985186,191.949625,150.644083,8146
1192.986140,917.865084,876.810959,8135
1193.016068,191.910542,149.415584,8147
1193.189786,963.999750,921.696417,8137
1193.227289,242.065542,200.533084,8149
1193.250392,264.220834,221.910792,8150
1193.335093,940.758875,896.929542,8140
1193.358694,168.888708,126.585084,8152
1193.421069,193.740750,151.813666,8153
1193.481458,958.367958,916.364167,8142
1193.499228,164.105666,123.187750,8155
1193.641685,994.485333,953.713542,8145
1193.695342,213.847375,171.334334,8158
1193.699826,278.720750,235.764667,8157
1193.742200,918.036584,876.421875,8148
1193.856136,160.767251,119.422625,8161
1193.879274,179.425167,135.877583,8162
1193.883288,867.188584,823.831458,8151
1194.030741,780.309251,737.215500,8154
1194.063548,207.387833,164.223208,8164
1194.173647,294.348542,250.021334,8165
1194.192126,833.409792,792.188250,8156
1194.217639,186.860916,146.130834,8167
1194.347371,848.119417,806.237542,8159
1194.364151,190.477000,147.655959,8169
1194.401337,209.189167,166.739416,8170
1194.501789,860.064334,818.495709,8160
1194.546093,198.691209,155.595417,8172
1194.602652,238.488250,195.526333,8173
1194.630387,888.156209,843.923792,8163
1194.719315,173.196042,130.782167,8176
1194.776298,892.993792,849.986376,8166
1194.831871,229.194000,186.421958,8177
1194.874280,154.929250,113.653458,8179
1194.904334,840.747250,796.615458,8168
1195.093827,876.154125,833.599084,8171
1195.094154,262.254417,221.144583,8181
1195.111616,237.304083,192.977166,8182
1195.254698,853.329459,811.909000,8174
1195.269755,175.905917,132.119167,8184
1195.278189,184.019209,142.762375,8185
1195.395137,893.316376,842.115459,8175
1195.409917,155.197583,112.965125,8187
1195.444730,174.936416,132.286000,8188
1195.550711,920.288834,877.050126,8178
1195.591227,196.070000,153.962375,8190
1195.592190,182.247041,141.733375,8191
1195.730805,954.491709,911.334376,8180
1195.773959,223.213958,181.794375,8193
1195.808172,216.930583,173.523292,8194
1195.840895,936.524751,894.360542,8183
1195.949171,175.176459,132.444084,8197
1195.994127,882.494376,841.379292,8186
1196.018931,210.734709,168.846709,8198
1196.114321,836.107417,794.267834,8189
1196.165762,216.572708,174.276375,8200
1196.185594,191.448250,149.763250,8201
1196.257422,812.659459,769.648250,8192
1196.354775,762.561917,721.097709,8195
1196.427286,261.502208,220.031875,8204
1196.448805,263.193583,221.777500,8205
1196.531642,800.823918,758.002292,8196
1196.577360,150.037125,109.053292,8208
1196.656101,207.256876,162.980417,8209
1196.669307,828.373584,787.073584,8199
1196.783372,205.976458,164.076500,8211
1196.796857,777.897167,735.790126,8202
1196.894355,238.218458,194.954083,8212
1196.936537,822.179751,777.735292,8203
1196.980834,197.436750,153.989208,8214
1197.046140,788.698751,746.855667,8206
1197.100530,206.133083,164.944208,8216
1197.184831,830.018000,787.128417,8207
1197.185202,204.350417,163.520292,8218
1197.325107,224.543667,182.917292,8220
1197.358289,826.621250,784.299250,8210
1197.386079,201.221417,158.738417,8221
1197.501582,176.434125,132.085042,8223
1197.533660,864.316834,817.958459,8213
1197.553283,194.953792,152.832750,8224
1197.716372,214.753291,172.943750,8226
1197.732351,935.459584,893.876667,8215
1197.754515,220.819667,178.243625,8227
1197.881261,944.684417,902.277250,8217
1197.961242,244.836959,203.270084,8229
1198.000350,267.974875,226.657959,8230
1198.124925,1078.758918,1029.236250,8219
1198.176383,215.106209,173.847917,8233
1198.241032,240.652417,197.433250,8234
1198.267157,1081.940417,1034.102125,8222
1198.393287,1007.185667,966.254625,8225
1198.393563,217.148750,173.808541,8236
1198.481297,240.233583,197.620500,8237
1198.514680,961.361334,955.613750,8228
1198.611224,217.910875,175.347084,8239
1198.709787,228.466584,186.699334,8241
1198.715830,961.277917,919.140543,8231
1198.770792,159.553042,117.168625,8243
1198.799873,918.580543,875.836500,8232
1198.901145,191.322250,150.352416,8244
1198.933240,808.285042,767.688250,8235
1198.975308,204.498875,161.166250,8246
1199.055224,788.036959,747.083750,8238
1199.088572,155.315125,114.354333,8249
1199.106236,205.070542,164.501458,8248
1199.185338,791.761833,748.321583,8240
1199.294263,239.015292,198.004041,8251
1199.310243,795.539792,789.833917,8242
1199.312168,223.577084,181.018833,8252
1199.464466,154.201250,113.795500,8256
1199.485298,190.999084,148.896709,8255
1199.565163,252.960167,208.975375,8257
1199.607130,142.637542,101.456250,8258
1199.673220,873.329625,831.322625,8247
1199.788941,223.738375,181.925333,8260
1199.843250,236.101542,193.452875,8261
1199.860879,885.549584,843.194333,8250
1200.027862,237.653209,194.801541,8263
1200.037921,931.666459,890.228501,8253
1200.061493,218.220334,174.952750,8264
1200.208310,1022.933918,981.995875,8254
1200.265819,227.859333,186.174042,8267
1200.281397,253.504125,211.695167,8266
1200.393575,1677.712167,1635.609792,8245
1200.446057,180.205667,137.470667,8270
1200.503299,221.883083,180.830708,8271
1200.560891,1075.556417,1033.288958,8259
1200.633500,187.425291,145.570250,8273
1200.701811,198.472750,156.133834,8274
1200.711052,1037.806293,992.660958,8262
1200.814332,179.772834,139.089709,8276
1200.841120,139.283959,138.742042,8277
1200.894419,1033.501584,990.841834,8265
1201.030373,189.237417,187.834500,8280
1201.053697,239.328250,198.132083,8279
1201.088433,1026.907292,983.154375,8268
1201.238307,184.580375,142.563459,8283
1201.249694,1041.353542,1000.356584,8269
1201.254739,224.341250,180.958750,8282
1201.411710,161.989334,119.426709,8286
1201.436168,1042.554042,1000.445542,8272
1201.465365,227.024292,184.060334,8285
1201.597613,185.879459,142.679833,8288
1201.609133,1048.217626,1004.300792,8275
1201.654093,217.888125,175.758916,8289
1201.720329,1009.247459,966.722459,8278
1201.824577,226.933000,183.226166,8291
1201.838612,944.166126,901.372792,8281
1201.848342,194.210334,153.214542,8293
1201.965133,876.682042,833.653334,8284
1202.042321,203.694750,158.509750,8296
1202.078225,253.634791,211.855584,8295
1202.104040,849.266542,806.229667,8287
1202.204565,162.224709,119.677833,8299
1202.233236,767.845459,726.704709,8290
1202.245776,167.531292,125.050333,8300
1202.411839,802.687084,759.201625,8292
1202.429888,196.632917,195.802833,8303
1202.440196,235.592000,194.411000,8302
1202.536146,124.271875,83.811875,8305
1202.610517,180.585125,178.811500,8306
1202.618533,898.156875,854.616583,8294
1202.723286,112.733250,71.529500,8309
1202.773042,236.871250,193.917209,8308
1202.811595,963.222167,919.398959,8297
1202.972086,248.769792,204.945417,8311
1202.976109,1010.939709,968.326043,8298
1202.994277,221.201167,178.799251,8312
1203.137582,1033.520834,991.655583,8301
1203.176300,204.178333,163.047209,8314
1203.178959,202.819167,161.197166,8315
1203.285393,1039.594208,997.162250,8304
1203.356599,218.980125,177.239708,8317
1203.374295,197.965542,154.895709,8318
1203.448299,1008.064750,966.363125,8307
1203.555071,180.736208,138.078792,8322
1203.569256,212.618584,169.506458,8321
1203.603779,985.210334,942.940834,8310
1203.753875,198.765000,157.134250,8324
1203.769972,958.344042,915.961083,8313
1203.778752,209.465375,166.910916,8325
1203.904130,909.835209,869.402625,8316
1203.927201,173.291708,131.394667,8327
1204.010511,240.517083,196.802958,8328
1204.037074,858.092667,815.265209,8319
1204.144269,240.120125,197.554875,8330
1204.181276,895.843375,853.457209,8320
1204.250223,239.687584,197.467376,8332
1204.328130,879.806376,838.603501,8323
1204.361806,217.502250,175.334251,8334
1204.449988,199.742083,157.838917,8336
1204.465802,862.005376,818.276667,8326
1204.544357,216.207833,172.880167,8337
1204.577141,127.105708,86.466334,8339
1204.602617,823.850709,778.249792,8329
1204.712821,784.541625,741.655833,8331
1204.724235,179.844875,139.120625,8341
1204.728997,151.829417,109.369458,8342
1204.849416,812.305667,771.012667,8333
1204.881182,156.928041,112.941209,8345
1204.929593,216.747126,175.325208,8344
1204.996764,815.456834,772.950209,8335
1205.059259,209.812167,167.773667,8347
1205.121602,191.972375,148.974000,8349
1205.153621,791.800917,749.466959,8338
1205.249508,190.229084,149.627917,8351
1205.319731,198.089500,155.705375,8352
1205.321805,855.980708,812.491750,8340
1205.476232,873.596209,832.000458,8343
1205.477231,227.688708,185.971042,8354
1205.521350,201.587167,157.434667,8355
1205.594791,865.742209,823.598709,8346
1205.708630,232.379875,189.099167,8357
1205.733822,212.446500,170.566959,8359
1205.746764,865.542709,821.431043,8348
1205.897308,900.523751,859.427333,8350
1205.931437,222.775583,180.436083,8361
1205.985298,251.451958,210.471917,8362
1206.039309,885.665376,844.340001,8353
1206.208433,311.101583,269.636792,8364
1206.219468,234.127833,190.260584,8366
1206.233783,911.944542,870.108458,8356
1206.402303,925.053501,881.022334,8358
1206.432575,213.074167,171.033917,8369
1206.453383,244.914250,201.841501,8368
1206.599122,1004.301667,961.966834,8360
1206.627372,194.764208,151.012750,8372
1206.635322,232.987709,190.128167,8371
1206.762220,1015.421750,973.277375,8363
1206.814907,215.763625,172.885417,8374
1206.875297,247.900333,205.615084,8375
1206.905200,973.732084,932.433834,8365
1207.043862,1004.518668,960.967584,8367
1207.063975,249.036376,207.153334,8378
1207.095289,219.952250,177.732333,8379
1207.143636,909.827042,868.245584,8370
1207.279195,215.195167,174.937000,8382
1207.295875,251.994167,209.703958,8381
1207.298635,845.213250,801.884125,8373
1207.471851,836.506125,792.084417,8376
1207.500292,204.394750,163.340625,8386
1207.546274,267.041541,224.409208,8385
1207.626158,863.918125,821.860667,8377
1207.634940,163.051292,121.351708,8388
1207.763898,217.586542,175.480667,8390
1207.764897,859.664459,817.469918,8380
1207.803644,177.464583,136.453626,8391
1207.923926,828.606626,785.808626,8383
1207.992033,228.105208,186.190084,8393
1208.005141,240.215792,199.311292,8394
1208.101301,957.632959,914.221584,8384
1208.169199,164.034792,123.495750,8398
1208.181048,188.999417,146.591667,8397
1208.274725,976.060459,932.930542,8387
1208.344277,175.045500,131.033583,8400
1208.379913,198.851041,155.498583,8401
1208.428389,928.059418,886.125334,8389
1208.544346,200.043375,158.126792,8403
1208.566092,931.114334,887.908584,8392
1208.590306,210.368958,169.232876,8404
1208.705238,901.562084,860.514083,8395
1208.722917,178.544042,135.945833,8406
1208.843751,277.622625,235.059125,8407
1208.853965,930.002208,887.344792,8396
1208.888754,183.500333,140.260459,8409
1209.004145,902.807208,861.240917,8399
1209.071549,217.547167,176.295000,8412
1209.101607,257.818750,216.442042,8411
1209.122193,847.448584,805.074084,8402
1209.280247,208.668542,166.313875,8415
1209.288258,186.613875,145.899250,8416
1209.331278,902.857959,860.182167,8405
1209.507430,917.081084,873.831292,8408
1209.546240,257.957000,209.241083,8419
1209.569077,288.812125,246.912167,8418
1209.645344,922.407500,879.864709,8410
1209.732672,225.204584,182.514791,8421
1209.762682,216.415792,174.017667,8422
1209.841176,952.397834,910.837376,8413
1209.948237,944.059084,890.274876,8414
1209.960452,197.731333,153.776583,8426
1209.971772,239.072167,196.436334,8425
1210.121281,160.797000,120.225292,8429
1210.127299,1005.073417,961.782500,8417
1210.147375,199.115584,156.767625,8428
1210.267679,936.370459,894.800375,8420
1210.324163,202.859417,159.776167,8431
1210.332660,205.342666,161.801500,8432
1210.435691,866.590083,825.089417,8423
1210.520279,196.080208,153.684125,8435
1210.543284,210.599959,169.646167,8436
1210.619932,974.554584,931.301001,8424
1210.811204,267.880666,224.448291,8439
1210.834174,313.851417,270.936167,8438
1210.868145,1026.932084,983.743542,8427
1210.953053,141.822042,99.748541,8441
1211.024187,189.971834,149.182250,8442
1211.025588,1053.799833,1011.993208,8430
1211.115256,162.180958,118.962667,8444
1211.164452,1017.039625,975.183125,8433
1211.315802,291.583834,249.129709,8445
1211.320246,1052.535167,1009.638001,8434
1211.354624,239.329709,196.593250,8447
1211.476294,1040.566917,998.852459,8437
1211.505307,185.046166,142.686541,8450
1211.543400,227.577292,184.846959,8449
1211.674256,168.932458,128.730000,8453
1211.675610,1055.644042,1013.195750,8440
1211.681144,204.816500,159.884083,8452
1211.816140,947.961583,906.392084,8443
1211.870246,195.966167,154.393167,8455
1211.870690,195.066083,152.495000,8456
1211.964575,938.970084,895.218334,8446
1212.061678,191.403917,148.402334,8459
1212.069909,905.417042,862.953001,8448
1212.094277,223.575334,180.294917,8460
1212.227890,873.226958,831.324084,8451
1212.252729,191.029417,147.672000,8462
1212.282143,212.202375,170.101750,8463
1212.358058,814.643084,772.683626,8454
1212.421050,193.126500,150.072709,8465
1212.471166,790.007750,746.797917,8457
1212.500152,247.384667,204.518125,8466
1212.611254,190.181251,147.780208,8469
1212.621627,805.465792,762.307875,8458
1212.662080,190.891167,149.511834,8470
1212.716281,751.668459,708.864625,8461
1212.834178,212.515917,165.550000,8473
1212.857411,763.098876,719.809417,8464
1212.880407,268.068791,225.554291,8472
1213.029267,195.049458,153.029625,8476
1213.077282,795.106667,753.593750,8467
1213.129291,271.842959,230.868166,8477
1213.238301,880.219375,839.304084,8468
1213.282600,253.293833,209.920375,8479
1213.353924,224.593542,182.905334,8481
1213.367413,867.227084,824.069459,8471
1213.542434,880.317667,837.693792,8474
1213.543166,260.540292,217.719542,8483
1213.562292,208.333125,164.262000,8484
1213.738918,1022.603750,977.226251,8475
1213.782928,239.735125,197.653167,8487
1213.804227,261.768500,218.499750,8486
1213.894441,1014.005417,972.404126,8478
1213.992179,209.232917,168.250833,8490
1214.015143,210.896000,169.710625,8491
1214.031761,954.463709,911.793459,8480
1214.158689,920.349209,877.150168,8482
1214.178274,186.079250,143.750834,8493
1214.219806,204.639458,160.921834,8494
1214.329158,150.861959,108.044708,8497
1214.335300,176.572959,134.628958,8496
1214.349291,981.855876,938.340376,8485
1214.487093,924.763875,881.978709,8488
1214.501735,172.546500,129.602083,8499
1214.617288,281.960875,241.105958,8500
1214.635239,896.296042,854.169751,8489
1214.658516,171.392083,128.843458,8502
1214.761726,867.267334,825.059667,8492
1214.833124,197.853250,156.323417,8505
1214.860310,242.977000,201.709667,8504
1214.914184,882.399292,839.316625,8495
1215.017653,797.817126,756.415917,8498
1215.040952,180.603500,136.512542,8509
1215.058876,225.729583,184.602541,8508
1215.113637,764.311917,721.705834,8501
1215.240125,738.373417,697.892417,8503
1215.268857,251.168166,206.824333,8511
1215.302731,261.754500,220.004750,8512
1215.386251,727.713292,684.482751,8506
1215.470374,230.232917,187.924917,8515
1215.478144,209.254501,166.636459,8516
1215.528718,766.970459,723.342376,8507
1215.628133,157.726916,115.567667,8519
1215.702633,224.459667,181.045958,8520
1215.731496,817.275084,774.458417,8510
1215.803237,175.079916,132.539166,8522
1215.877088,818.173709,774.335334,8513
1215.949323,246.666292,204.220917,8523
1216.035618,232.345167,187.342166,8525
1216.070292,956.632250,915.130709,8514
1216.115294,165.935292,125.095833,8527
1216.245146,209.496000,169.146834,8528
1216.258643,955.874501,913.700959,8517
1216.323285,207.954542,167.110416,8530
1216.415308,1029.035000,986.149792,8518
1216.436131,190.970209,149.116334,8531
1216.512275,188.960625,145.103291,8533
1216.607127,1078.372459,1035.407917,8521
1216.621571,206.248000,164.124333,8534
1216.710789,198.479750,156.925125,8536
1216.797282,1065.759334,1023.783542,8524
1216.888140,177.317292,136.192000,8539
1216.899362,292.206834,249.873751,8537
1216.977200,1100.076543,1057.931584,8526
1217.051989,151.581792,110.112917,8542
1217.097183,1026.858000,985.960209,8529
1217.136896,248.733917,206.362625,8541
1217.274790,227.852042,226.028250,8543
1217.328303,1069.622167,1027.544584,8532
1217.383618,286.418417,244.403542,8545
1217.497325,1061.175792,1018.758417,8535
1217.541278,142.734667,142.307375,8548
1217.544641,269.817042,228.121250,8547
1217.615849,994.253751,951.148626,8538
1217.654826,89.186125,86.884000,8549
1217.739607,942.307625,899.992042,8540
1217.866912,186.977583,186.147500,8550
1217.883487,184.711334,184.044875,8551
1217.884675,818.689958,776.057625,8544
1218.045508,146.718250,146.260917,8553
1218.053097,916.171375,874.620250,8546
1218.153481,421.821459,420.066208,8552
1218.230149,162.677376,162.274875,8554
1218.268225,132.148334,129.894334,8555
1218.426074,193.611834,192.155250,8556
1218.431395,117.310083,116.743666,8557
1218.515634,144.203792,142.785709,8558
1218.519718,121.400125,119.706125,8559
1218.614250,209.833750,209.265583,8560
1218.706701,141.585500,140.411250,8561
1218.733731,154.367791,153.639208,8562
1218.831090,113.874250,111.334416,8563
1218.890085,158.443250,157.316542,8564
1219.000181,100.934458,100.127125,8565
1219.022493,109.302375,108.592458,8566
1219.144439,79.173500,77.091000,8567
1219.334467,137.617667,136.110917,8568
1219.374360,141.302000,139.426000,8569
1219.480448,201.833334,200.162666,8570
1219.480955,145.310666,143.800125,8571
1219.575461,176.929084,175.646625,8572
1219.588315,92.627500,92.110084,8575
1219.654334,231.450042,230.634250,8573
1219.752855,161.449166,159.806792,8577
1219.834240,363.420750,362.213542,8574
1219.895200,211.821167,209.889459,8578
1219.992413,427.091875,426.350167,8576
1220.056560,157.402000,156.738167,8581
1220.064125,160.739250,160.120333,8582
1220.143425,411.321167,410.086542,8579
1220.184063,118.519333,118.205792,8583
1220.236308,502.191375,500.187916,8580
1220.253330,154.167708,152.632084,8584
1220.349266,116.764375,115.983000,8586
1220.389878,284.671042,283.084083,8585
1220.595188,195.307000,194.507833,8587
1220.636330,163.947584,162.492750,8589
1220.647708,208.366958,206.825208,8588
1220.706084,200.424000,198.487042,8590
1220.850913,285.936875,285.379791,8591
1220.853152,121.311750,119.492917,8592
1221.041896,143.131625,142.737000,8593
1221.187355,120.491000,119.342708,8594
1221.252740,182.781375,181.365333,8595
1221.287704,144.693500,144.287208,8596
1221.344550,195.832292,194.881458,8597
1221.461122,228.407375,227.753458,8598
1221.513650,128.999792,127.968166,8599
1221.565817,167.484042,165.765541,8600
1221.728504,162.912750,161.701750,8601
1221.848849,115.634458,114.730292,8602
1221.921601,114.828583,114.332458,8604
1221.940514,163.389042,161.185500,8603
1221.963086,147.829209,145.127791,8605
1222.081612,238.341250,237.549958,8606
1222.110731,135.873500,134.526000,8610
1222.198387,331.317291,330.450750,8607
1222.206387,141.091709,139.542375,8611
1222.338147,442.093459,439.540792,8608
1222.417664,199.524501,198.965084,8612
1222.437149,204.353917,202.533042,8613
1222.510355,610.124375,608.628125,8609
1222.659838,424.275250,422.543625,8614
1222.686219,249.032000,207.069917,8620
1222.688838,271.154042,228.327458,8619
1222.828492,534.366876,532.619500,8615
1222.841319,181.441167,138.911500,8622
1222.889667,202.349292,158.796458,8623
1222.980867,616.362542,613.016251,8616
1223.022299,193.788291,151.285167,8625
1223.130490,731.590126,731.059583,8617
1223.137977,248.269000,206.115584,8627
1223.211890,230.988626,187.177375,8628
1223.277085,875.446542,873.464376,8618
1223.336921,206.395291,163.742250,8630
1223.357330,145.400500,103.371916,8632
1223.396534,886.143709,843.586042,8621
1223.483327,794.453333,752.904542,8624
1223.508212,150.843875,107.552666,8635
1223.550390,213.427375,169.468834,8634
1223.667136,825.777167,780.747334,8626
1223.701476,193.225958,149.975000,8638
1223.743375,260.012958,215.825458,8637
1223.786659,764.325917,721.649251,8629
1223.851749,184.580667,141.204292,8640
1223.872141,734.115958,690.715083,8631
1223.930284,228.775167,186.183084,8641
1224.004552,727.433001,683.551750,8633
1224.041283,189.513042,147.942083,8644
1224.151479,221.170250,179.342625,8646
1224.224314,827.756417,785.518125,8636
1224.305288,300.696958,259.052792,8647
1224.349578,799.155583,756.097125,8639
1224.453872,302.360334,259.828042,8649
1224.521122,777.711959,735.592959,8642
1224.556175,250.849959,207.272917,8651
1224.659128,872.451417,831.261958,8643
1224.669364,215.456500,173.845000,8653
1224.749597,228.443541,183.859666,8654
1224.765282,893.121542,850.577875,8645
1224.884592,225.439958,182.011375,8656
1224.948204,906.885584,864.496209,8648
1224.976677,227.057250,182.703792,8658
1225.077241,192.617250,152.016084,8660
1225.092511,868.165084,826.158958,8650
1225.123645,175.415042,133.018667,8661
1225.261569,169.035126,126.052792,8664
1225.284356,934.755209,891.895959,8652
1225.340290,263.024417,222.349750,8663
1225.416796,860.593126,819.424375,8655
1225.475282,213.676750,171.816458,8666
1225.537488,197.161708,153.429792,8668
1225.573151,903.765042,860.055584,8657
1225.649868,174.549083,130.941709,8670
1225.684417,919.102042,876.570334,8659
1225.758486,220.979500,176.789084,8671
1225.832652,855.935500,813.911001,8662
1225.930358,280.458500,237.328583,8673
1225.979187,220.680251,180.200125,8675
1226.004582,880.904501,837.038126,8665
1226.139419,209.027875,166.139750,8677
1226.180129,200.908166,158.540667,8678
1226.184508,900.113959,850.442250,8667
1226.279877,863.064125,862.326792,8669
1226.303859,164.420958,121.831792,8680
1226.407166,227.014667,183.505000,8681
1226.414252,134.351292,130.355458,8683
1226.434145,860.953625,817.387375,8672
1226.593127,908.692751,867.933209,8674
1226.648269,233.995709,192.884126,8686
1226.657556,250.354417,209.177208,8685
1226.742226,909.543542,867.637459,8676
1226.814896,157.302542,114.140250,8690
1226.882257,233.954000,189.403667,8689
1226.895272,890.670959,847.670250,8679
1227.016517,134.233458,91.830667,8693
1227.029288,844.744250,801.728375,8682
1227.039916,224.979708,181.410250,8692
1227.251118,947.238251,904.839834,8684
1227.293681,277.139625,235.027333,8695
1227.296236,266.915251,223.712125,8696
1227.433801,999.623626,957.591542,8687
1227.498324,204.610292,160.195875,8699
1227.526218,229.947375,189.428750,8700
1227.551072,957.922001,916.420167,8688
1227.698647,200.300625,158.544750,8702
1227.713399,971.158709,930.058792,8691
1227.732182,205.927750,163.451166,8703
1227.849136,953.833708,913.505834,8694
1227.876615,177.931250,136.168084,8705
1227.910301,196.880833,155.822917,8706
1227.976165,936.216167,894.009958,8697
1228.082208,233.057708,192.104500,8708
1228.100197,223.546167,182.340959,8709
1228.137307,886.151001,843.970750,8698
1228.281218,198.990458,157.763667,8712
1228.305324,205.097958,162.453083,8713
1228.333223,899.404917,856.944375,8701
1228.493999,212.760625,169.769833,8715
1228.505335,199.968417,155.229375,8716
1228.511946,960.838667,917.066500,8704
1228.631695,137.639833,96.142083,8718
1228.663894,931.689500,889.027417,8707
1228.736375,231.003501,186.840209,8719
1228.820892,189.158084,146.440876,8721
1228.848117,937.781834,893.579751,8710
1228.937250,200.845750,157.916792,8723
1229.002607,1026.424292,983.830459,8711
1229.070133,249.208167,208.256708,8724
1229.133304,196.022166,153.321583,8726
1229.167442,1030.097833,986.117126,8714
1229.287396,217.242667,173.669416,8728
1229.304418,971.175917,928.622625,8717
1229.343247,209.912500,167.426000,8729
1229.458488,946.522501,904.049126,8720
1229.472801,168.346792,124.516000,8732
1229.480539,193.113084,149.617417,8731
1229.639040,975.116334,933.678084,8722
1229.705175,246.669209,205.779000,8734
1229.734716,261.876417,219.904708,8735
1229.791145,943.004126,901.935125,8725
1229.904159,901.527958,857.090792,8727
1229.972437,237.684125,196.488833,8739
1230.008277,303.087459,261.005208,8738
1230.014320,846.837834,804.963251,8730
1230.162741,819.464042,777.772918,8733
1230.165114,192.644667,151.192708,8742
1230.197228,188.937001,147.120750,8743
1230.303149,822.591292,779.773459,8736
1230.333732,168.606958,168.231583,8746
1230.339169,175.392292,134.663959,8745
1230.425761,786.699375,744.360459,8737
1230.502268,199.095459,155.816500,8748
1230.544787,211.038334,209.549375,8749
1230.585286,794.101876,753.130000,8740
1230.693127,148.310750,106.742125,8753
1230.732272,828.075500,786.309417,8741
1230.738278,235.980791,194.811167,8752
1230.829043,135.901208,94.077959,8755
1230.899123,166.818167,124.600583,8756
1230.939624,925.263792,882.155459,8744
1230.979803,150.739459,108.736250,8758
1231.105280,908.028042,865.547667,8747
1231.126601,186.956875,144.609208,8760
1231.146731,246.537083,203.983792,8759
1231.259030,919.838208,877.316126,8750
1231.293250,166.623333,124.590375,8763
1231.323255,217.946167,175.892500,8762
1231.434136,1008.341250,967.616417,8751
1231.494342,235.282542,192.614917,8765
1231.506150,212.865917,171.540542,8766
1231.568012,982.681292,939.880084,8754
1231.710099,203.908250,161.296333,8770
1231.710557,216.181875,174.689667,8769
1231.720295,981.983625,938.428459,8757
1231.868695,888.853875,843.696875,8761
1231.903764,193.193584,150.483958,8773
1231.915304,205.172334,161.612791,8772
1232.029348,882.578084,839.503292,8764
1232.108829,240.096208,197.653750,8775
1232.128222,224.424959,181.787083,8776
1232.200418,877.139376,835.207042,8767
1232.336137,207.895626,165.867625,8780
1232.355134,920.979501,879.855084,8768
1232.405850,296.989000,253.775959,8779
1232.496953,928.920709,885.710292,8771
1232.551250,215.095708,174.300583,8782
1232.605200,199.326167,157.021084,8784
1232.673809,953.490417,910.520042,8774
1232.788818,237.547042,194.234834,8786
1232.790264,874.926209,832.396833,8777
1232.850238,245.003792,202.780084,8787
1232.976707,947.321376,902.214251,8778
1233.025372,236.534376,194.474292,8789
1233.043210,192.949167,150.627167,8791
1233.105073,904.618167,863.050709,8781
1233.242193,887.037667,843.458292,8783
1233.260459,235.060875,194.221709,8793
1233.266556,223.311083,180.762167,8794
1233.371850,874.863500,831.940375,8785
1233.454787,780.946834,780.343084,8788
1233.460211,217.983208,176.734541,8796
1233.489276,228.784208,186.334750,8797
1233.607122,152.315334,147.828334,8800
1233.648129,857.833959,815.014667,8790
1233.672142,211.902834,170.047792,8801
1233.759136,782.390875,740.451542,8792
1233.780273,173.130125,132.565708,8803
1233.808343,160.190333,116.913416,8804
1233.894731,135.570458,93.641625,8806
1233.925291,820.180667,778.829917,8795
1233.991137,210.831541,169.973708,8807
1234.076360,181.589916,139.330334,8809
1234.117292,850.709709,809.918667,8798
1234.190997,199.835125,158.832041,8811
1234.211356,839.481709,798.497584,8799
1234.245301,168.902125,127.310458,8812
1234.324348,835.044292,792.818834,8802
1234.360609,169.563625,128.104667,8814
1234.408105,196.712542,153.879542,8815
1234.505306,833.140875,790.042167,8805
1234.529410,205.030583,162.918583,8817
1234.629131,820.750875,776.962667,8808
1234.656207,150.865750,108.690750,8820
1234.715288,307.155333,265.425416,8819
1234.781139,855.820584,813.078584,8810
1234.863597,234.446042,190.820292,8822
1234.937866,820.539125,778.008001,8813
1234.943276,227.957916,184.602542,8824
1235.122487,184.599334,142.319625,8827
1235.139556,894.218501,852.723667,8816
1235.172286,308.649250,264.748459,8826
1235.265238,904.604750,862.633917,8818
1235.296035,172.444125,129.506709,8829
1235.326104,186.519083,143.151458,8830
1235.441137,911.705375,869.268167,8821
1235.508134,242.860334,202.514084,8832
1235.590140,294.071458,251.577959,8833
1235.630513,974.283333,932.567709,8823
1235.691416,183.262334,141.651708,8836
1235.793303,203.133292,160.972292,8837
1235.839780,209.233792,165.341751,8838
1235.891504,200.054167,158.438584,8839
1235.966363,1023.070417,981.652293,8828
1236.066273,226.474500,184.592042,8841
1236.089148,916.832292,875.543667,8831
1236.090251,198.727084,157.625708,8842
1236.216535,890.398250,848.626917,8834
1236.268625,201.282083,158.680375,8844
1236.272610,183.444333,141.055834,8845
1236.340613,899.452167,855.798125,8835
1236.451078,178.448667,136.934000,8849
1236.469240,200.585292,159.057209,8848
1236.563950,1782.783043,1740.780126,8825
1236.643665,192.573209,149.345583,8851
1236.710328,241.070375,199.015250,8852
1236.729285,935.943167,893.155084,8840
1236.858632,214.949291,173.008208,8854
1236.873350,163.002000,121.582125,8855
1236.874257,907.872584,866.699459,8843
1237.020742,930.453125,887.956125,8846
1237.099904,241.249167,198.902959,8857
1237.121928,248.544042,204.835750,8858
1237.128176,911.619625,869.143918,8847
1237.249938,909.302917,864.666834,8850
1237.275613,153.654375,112.154000,8862
1237.309920,209.979291,167.665458,8861
1237.405365,841.375792,797.091167,8853
1237.453457,203.485917,160.576500,8864
1237.498824,223.187125,181.012416,8865
1237.616243,886.921584,844.972334,8856
1237.640282,186.791209,144.245209,8868
1237.692369,192.453625,149.612458,8869
1237.718295,844.000501,802.013334,8859
1237.799146,182.885209,142.801750,8870
1237.895278,202.858250,161.998959,8872
1237.932790,912.016000,870.529334,8860
1237.978830,179.666375,137.340000,8874
1238.011582,883.387751,882.969500,8863
1238.071679,176.371125,132.038667,8875
1238.118276,139.426000,97.954208,8877
1238.188225,878.271042,834.709167,8866
1238.264276,192.556583,147.816667,8879
1238.303787,185.469375,138.831292,8880
1238.303996,898.603125,853.007458,8867
1238.472770,832.470334,790.594292,8871
1238.515063,250.750792,206.326750,8882
1238.522964,219.147250,174.428626,8883
1238.643706,925.370251,883.404959,8873
1238.680223,207.438583,165.215167,8885
1238.684184,169.087625,126.292541,8886
1238.823220,890.408459,843.903959,8876
1238.852047,208.305125,165.919541,8888
1238.862305,182.060958,140.629709,8889
1238.971983,960.375792,957.975376,8878
1239.060251,208.168042,166.717250,8892
1239.071176,247.920750,205.118084,8891
1239.163588,975.348793,934.018750,8881
1239.283988,212.779292,167.800792,8896
1239.286864,226.583000,184.516208,8895
1239.289207,985.205084,943.557709,8884
1239.420374,136.337833,93.911708,8898
1239.436403,913.407834,869.863750,8887
1239.515591,228.708958,182.279417,8899
1239.604285,920.069792,877.413251,8890
1239.658215,237.819458,196.388792,8901
1239.682323,166.692750,121.833542,8903
1239.751226,888.887125,845.342459,8893
1239.905247,246.997042,203.682209,8905
1239.905761,933.703168,885.780000,8894
1239.963077,280.721292,236.548959,8906
1240.042059,878.451292,835.198584,8897
1240.131521,225.747375,182.010792,8909
1240.158292,195.193250,153.485792,8910
1240.221936,932.711208,889.898042,8900
1240.360790,201.407209,160.037500,8913
1240.362475,926.035542,883.916542,8902
1240.368624,237.063458,194.832166,8912
1240.470954,866.634417,823.494000,8904
1240.579966,217.478625,174.607416,8916
1240.599984,848.739792,805.454709,8907
1240.616311,255.498833,210.947334,8915
1240.706427,126.443334,84.455875,8919
1240.769285,863.999501,819.063292,8908
1240.843361,243.357625,199.653125,8920
1240.909697,867.610333,824.956417,8911
1240.915224,208.774708,168.193667,8922
1241.047965,204.584041,162.092875,8924
1241.090941,868.969500,825.651750,8914
1241.125287,215.559750,172.771958,8925
1241.210039,162.053500,118.964125,8927
1241.309434,218.460667,178.101000,8928
1241.330493,205.170292,162.947458,8929
1241.382568,911.593959,867.482001,8918
1241.509379,199.928458,157.611125,8931
1241.544133,927.789042,884.593209,8921
1241.587217,256.705750,213.772125,8932
1241.700345,190.946292,147.908542,8934
1241.708372,939.057000,895.872250,8923
1241.742287,198.135292,156.000833,8935
1241.828301,119.886666,78.305209,8938
1241.879854,964.611083,922.509000,8926
1241.909976,209.596334,165.832042,8937
1242.030303,1661.638709,1618.501209,8917
1242.100305,220.424750,179.925375,8941
1242.144860,316.526875,275.643084,8940
1242.178162,968.091834,927.318000,8930
1242.301198,200.855083,160.143958,8944
1242.369136,224.256375,182.726833,8945
1242.370231,987.642542,947.089209,8933
1242.506149,918.897875,876.461251,8936
1242.529155,227.918834,183.300833,8947
1242.590467,221.306167,177.728833,8948
1242.692308,949.982251,907.753293,8939
1242.696775,190.612625,148.342250,8950
1242.796027,205.532251,162.787334,8952
1242.812089,902.094084,859.956125,8942
1242.900043,207.656166,164.476667,8953
1243.017421,987.080500,943.572001,8943
1243.035874,239.824958,198.197708,8955
1243.102862,202.788833,159.054583,8957
1243.177072,998.886292,957.208292,8946
1243.223270,205.811375,162.252125,8958
1243.302829,932.568292,891.188959,8949
1243.317679,214.797916,171.416583,8960
1243.468820,245.512751,202.941958,8962
1243.482575,953.380751,911.502375,8951
1243.522807,219.952834,177.136751,8963
1243.629192,932.402917,888.141334,8954
1243.654251,185.397042,142.258959,8965
1243.683044,200.429833,155.998209,8966
1243.762525,950.414792,908.975959,8956
1243.878907,224.637875,182.589167,8969
1243.882247,253.028416,207.550875,8968
1243.909129,873.217917,831.387083,8959
1244.029290,852.186708,810.263709,8961
1244.062219,179.938792,138.187583,8973
1244.119835,240.901501,199.448083,8972
1244.162219,132.913376,90.802542,8975
1244.186971,869.254751,826.618042,8964
1244.276359,156.487625,113.223250,8977
1244.299273,776.428334,734.509417,8967
1244.417906,254.645417,212.519709,8978
1244.484588,801.505834,759.299917,8970
1244.485365,208.975375,165.994792,8980
1244.609185,846.622292,805.527626,8971
1244.635044,217.105000,173.812625,8982
1244.738514,253.898750,211.002458,8983
1244.784360,875.191334,833.730625,8974
1244.830127,220.906292,177.418792,8985
1244.933283,871.042959,828.990459,8976
1244.939281,200.743959,156.620042,8987
1245.093278,263.114833,220.599166,8989
1245.119454,932.457458,888.523417,8979
1245.196107,262.785250,219.851042,8990
1245.262375,168.024500,125.403250,8992
1245.270428,971.124292,928.478250,8981
1245.375438,179.295083,177.125667,8994
1245.464703,979.305834,936.680792,8984
1245.526333,263.943751,221.349333,8995
1245.540326,164.852334,163.354625,8997
1245.591137,956.064668,914.518793,8986
1245.686249,159.893417,117.539917,8999
1245.706294,165.933250,124.307458,9000
1245.729594,945.202709,902.895876,8988
1245.801806,862.493334,820.129917,8991
1245.886298,200.009834,159.145875,9002
1245.944260,824.779958,782.478959,8993
1245.968723,262.407542,219.437750,9003
1246.086320,199.990584,156.860083,9006
1246.096102,825.642709,782.497626,8996
1246.156452,212.161834,168.189291,9007
1246.228936,764.196417,722.547292,8998
1246.350243,759.083209,718.322792,9001
1246.360867,274.508500,231.090709,9009
1246.387699,231.209709,188.435333,9011
1246.495817,145.542833,101.618708,9013
1246.515955,786.314667,743.912167,9004
1246.616020,255.097792,212.587083,9014
1246.632828,830.998292,788.631667,9005
1246.699280,203.438083,161.617750,9016
1246.780141,811.402959,770.741126,9008
1246.826238,210.203292,168.043166,9018
1246.884266,184.954583,142.961876,9020
1246.918719,822.599459,781.055625,9010
1247.024423,198.166500,156.538084,9022
1247.062223,177.918125,134.278375,9023
1247.110908,881.946334,841.122042,9012
1247.215698,153.442917,111.786208,9026
1247.223457,199.017292,156.473916,9025
1247.240548,852.810875,811.319251,9015
1247.371206,155.487792,114.139959,9028
1247.378383,862.400875,819.959876,9017
1247.457742,234.259667,190.780917,9029
1247.518944,886.020334,844.575667,9019
1247.577393,206.154667,164.180916,9031
1247.684190,904.024918,863.418792,9021
1247.693807,236.019875,193.999750,9033
1247.826917,249.498375,205.497250,9035
1247.830940,146.718542,103.639375,9036
1247.844310,925.563917,884.232125,9024
1247.973388,862.438792,820.362084,9027
1247.980645,153.712125,111.648541,9038
1248.015161,184.203250,142.735250,9039
1248.108314,867.731376,824.400500,9030
1248.158349,183.857333,142.491125,9041
1248.177698,197.028417,155.956791,9042
1248.300144,921.722667,879.588209,9032
1248.418344,259.956667,217.480084,9045
1248.461227,283.503209,240.342667,9046
1248.498164,979.177209,936.453292,9034
1248.608186,146.937000,103.799208,9049
1248.614854,196.474250,152.382417,9048
1248.650118,956.273792,912.465167,9037
1248.799542,191.319333,149.011042,9051
1248.818371,972.980751,930.612376,9040
1248.874623,259.750166,218.449583,9052
1248.964058,948.872167,907.452583,9043
1248.987839,188.265875,146.420167,9054
1249.063248,188.590792,146.804292,9056
1249.111642,1003.285792,960.795209,9044
1249.188363,224.275042,181.247792,9057
1249.251416,951.233792,906.852334,9047
1249.277373,214.106083,170.960416,9059
1249.363136,174.750917,132.301458,9061
1249.395476,897.282167,854.259875,9050
1249.440479,189.030041,147.337167,9062
1249.477195,827.042126,825.531001,9053
1249.578227,215.051083,172.533083,9064
1249.668512,850.101584,807.531667,9055
1249.676155,235.641584,193.821833,9066
1249.768516,190.269042,147.287876,9068
1249.900138,231.590917,190.708291,9069
1249.905303,917.445959,867.794667,9058
1249.965645,197.095209,154.149334,9071
1250.062237,162.082084,121.307083,9072
1250.076966,965.283667,921.651792,9060
1250.163310,197.647625,152.771500,9074
1250.223285,161.020709,119.609583,9075
1250.229608,952.221667,910.915834,9063
1250.352137,188.804875,145.355000,9077
1250.427138,1031.632292,989.333334,9065
1250.428119,204.800750,192.596833,9078
1250.606245,1129.014834,1124.845751,9067
1250.608699,256.522875,213.384500,9080
1250.706107,278.936875,235.596375,9081
1250.776282,1100.101625,1058.997042,9070
1250.776539,170.264208,128.345875,9083
1250.904293,198.162125,157.184708,9085
1250.918474,141.922959,98.767375,9087
1250.939981,1034.643459,991.933542,9073
1251.097338,1020.335459,977.567501,9076
1251.158288,253.957376,211.463876,9088
1251.164215,245.709333,203.468709,9089
1251.259482,1029.853709,987.962209,9079
1251.351934,923.785626,922.081125,9082
1251.369554,205.314666,161.657417,9093
1251.388690,230.369417,187.545750,9092
1251.574753,222.784042,179.458417,9095
1251.583711,974.976042,933.829459,9084
1251.614581,244.992125,203.618625,9096
1251.746444,970.127668,928.056208,9086
1251.812207,237.422500,196.260459,9098
1251.838304,254.558792,210.611333,9099
1251.858887,918.851209,876.790251,9090
1251.978707,166.475167,124.752250,9102
1251.991209,893.831750,853.283958,9091
1252.004238,165.901459,122.565625,9103
1252.119838,860.319250,817.446001,9094
1252.148311,157.063958,116.036666,9106
1252.212574,233.837333,189.820458,9105
1252.294463,905.754500,863.445626,9097
1252.341232,221.362459,179.624375,9108
1252.397540,184.933875,141.155584,9110
1252.433491,818.875751,777.142917,9100
1252.526852,185.601209,143.066000,9112
1252.586228,839.747417,798.476584,9101
1252.626488,228.911667,186.244917,9113
1252.770021,243.151125,199.483666,9115
1252.771261,912.335959,871.131917,9104
1252.788996,202.728750,158.046291,9116
1252.911156,906.902501,853.602167,9107
1252.930135,158.837584,116.210500,9119
1252.950303,180.260792,138.369584,9118
1253.048138,136.964042,94.528584,9121
1253.057361,909.010667,867.861167,9109
1253.145768,215.598542,173.539042,9122
1253.186258,891.776959,849.443875,9111
1253.261458,213.295833,170.177292,9124
1253.320596,887.060418,845.520667,9114
1253.333140,187.339250,144.913125,9126
1253.452933,826.415333,783.563084,9117
1253.492878,231.375375,188.663125,9128
1253.622080,301.451208,260.120875,9129
1253.631474,842.421417,799.717917,9120
1253.636173,183.206041,140.480375,9131
1253.783674,151.157125,107.977333,9134
1253.784180,833.843792,792.913917,9123
1253.825171,203.054250,160.365916,9133
1253.947229,889.835918,840.104126,9125
1254.075719,291.512667,248.291167,9137
1254.076075,292.373667,248.987084,9136
1254.106502,920.225251,878.011750,9127
1254.242425,166.688375,123.664917,9140
1254.266253,190.162584,148.544375,9141
1254.274203,941.043251,896.542501,9130
1254.412239,919.330417,876.955917,9132
1254.444046,201.593292,159.450958,9143
1254.468668,202.391875,158.734042,9144
1254.561624,925.420126,881.556958,9135
1254.610884,198.621792,157.962584,9146
1254.714903,270.835834,228.015083,9147
1254.736133,910.927500,870.375626,9138
1254.828141,217.228958,175.213209,9150
1254.937235,989.986667,948.481042,9139
1254.939945,225.010041,181.465667,9151
1255.025249,197.090833,155.384250,9153
1255.121902,1015.380334,974.057000,9142
1255.123207,185.958208,145.277416,9154
1255.199172,173.900125,132.496000,9156
1255.268228,993.996500,950.046708,9145
1255.284469,162.545834,119.530833,9157
1255.435168,966.462876,923.985125,9148
1255.456285,257.080250,214.723542,9159
1255.467226,198.967417,156.807292,9160
1255.586132,1024.468667,980.097125,9149
1255.638481,203.275333,160.630166,9162
1255.735852,999.697417,958.419000,9152
1255.736249,279.949541,239.230250,9163
1255.858187,219.669042,177.046625,9166
1255.896891,160.621125,117.588333,9168
1255.907809,967.841000,926.628500,9155
1256.074264,216.045667,174.474709,9169
1256.115120,991.891542,948.973667,9158
1256.151188,254.259542,211.472042,9170
1256.299597,1015.091875,973.637584,9161
1256.311074,195.923875,152.255250,9173
1256.316137,241.854375,201.189042,9172
1256.403363,936.117875,893.350792,9164
1256.500197,189.103250,187.628000,9176
1256.516337,216.701917,174.035166,9175
1256.537136,950.978583,908.748459,9165
1256.647988,147.769417,144.309084,9179
1256.700514,964.632375,918.992084,9167
1256.707332,190.956500,148.400001,9180
1256.834095,926.250500,880.812625,9171
1256.849943,201.901583,159.455917,9182
1256.936329,785.106292,742.763875,9174
1256.942289,241.742958,198.165625,9183
1257.030951,196.830667,154.322583,9185
1257.059133,742.976208,701.545542,9177
1257.175329,238.970083,197.056416,9187
1257.208864,177.893334,134.991500,9189
1257.218842,815.454208,772.774917,9178
1257.315341,778.182709,731.419500,9181
1257.374714,165.823875,124.704125,9192
1257.393154,217.789250,175.817250,9191
1257.431358,723.992208,681.652126,9184
1257.534864,141.684375,100.207333,9196
1257.589306,739.337084,698.259334,9186
1257.592770,218.020250,174.470333,9195
1257.705309,762.998833,720.001917,9188
1257.741147,206.235167,163.329250,9198
1257.824765,765.608667,723.702292,9190
1257.863735,274.397083,231.980292,9199
1257.903836,198.494625,157.170125,9201
1257.979649,760.769625,719.575208,9193
1258.027157,202.360375,160.122667,9203
1258.052967,189.207084,145.137125,9204
1258.161274,845.894000,804.685875,9194
1258.170061,142.865917,100.453208,9207
1258.221726,168.675500,125.824708,9208
1258.298358,866.975667,824.866875,9197
1258.374436,213.126375,170.996291,9209
1258.412936,191.172333,148.500334,9211
1258.437973,845.165125,801.116167,9200
1258.545487,171.011166,128.969458,9213
1258.573319,832.130834,786.839083,9202
1258.644312,231.334541,190.325917,9214
1258.699854,154.329000,111.657583,9216
1258.721155,817.296959,773.947709,9205
1258.767615,123.267376,82.182334,9218
1258.865836,165.949292,123.025584,9219
1258.867768,888.085334,846.764917,9206
1258.912307,144.640708,103.432583,9221
1259.029294,859.191375,817.543417,9210
1259.076245,163.899166,120.660166,9224
1259.088461,222.600000,179.599291,9222
1259.206743,908.346542,865.770500,9212
1259.299298,210.805875,168.851958,9227
1259.301299,225.027250,183.135166,9226
1259.349238,911.229084,868.528501,9215
1259.492556,919.198584,878.631250,9217
1259.507099,207.760584,163.949042,9229
1259.523575,222.253792,178.620750,9230
1259.648214,927.027500,883.708292,9220
1259.712307,205.171458,162.119125,9233
1259.718396,225.803959,183.441125,9232
1259.760277,892.485125,849.719792,9223
1259.959379,247.032625,202.349000,9236
1259.977288,216.969959,174.531292,9238
1259.984621,266.185792,224.154000,9237
1260.115074,137.739292,94.343958,9240
1260.155172,948.390334,906.023126,9228
1260.208229,248.816167,207.956876,9239
1260.271242,921.967667,880.407792,9231
1260.310149,195.036917,150.946834,9242
1260.380356,856.739333,815.650500,9234
1260.469200,260.951250,218.038625,9244
1260.514138,242.863250,201.187583,9245
1260.541337,893.104042,849.604292,9235
1260.629874,1600.542417,1557.745292,9225
1260.639030,124.868625,82.737083,9249
1260.656136,186.897084,143.009416,9248
1260.770116,785.458917,742.774084,9241
1260.872492,233.430167,190.002167,9252
1260.914392,284.482334,241.868958,9251
1260.925427,770.221083,728.241792,9243
1261.060740,750.565667,707.990500,9246
1261.121184,206.751709,165.928292,9256
1261.128393,255.864000,212.429583,9255
1261.178968,798.586542,754.541084,9247
1261.282273,161.053667,119.450041,9259
1261.316289,187.854334,145.754583,9260
1261.346933,805.572542,762.283084,9250
1261.517208,861.039084,810.653667,9253
1261.518876,202.565125,159.505500,9263
1261.522278,239.969626,197.785292,9262
1261.715444,945.308876,902.160584,9254
1261.766278,249.048042,208.133334,9265
1261.775717,256.824459,213.433500,9266
1261.870444,944.972875,902.225625,9257
1261.960283,193.966209,152.705875,9269
1261.983202,207.448209,165.065250,9270
1262.015274,954.514750,911.872501,9258
1262.144397,965.409959,922.630626,9261
1262.146381,186.057375,141.676792,9272
1262.194394,211.170167,166.965750,9273
1262.335281,988.311626,947.438626,9264
1262.373478,229.049334,186.882209,9275
1262.441397,246.963792,202.700167,9277
1262.463558,128.236792,86.760916,9278
1262.480291,957.972750,915.495584,9267
1262.620997,905.524375,863.776084,9268
1262.664233,200.636916,158.851875,9281
1262.676892,235.459875,194.175625,9280
1262.747038,876.572084,834.098125,9271
1262.839135,174.872542,134.325042,9284
1262.872278,195.366500,153.552875,9285
1262.887286,871.973376,831.076459,9274
1263.040576,201.415667,159.015501,9287
1263.045342,898.932126,855.198751,9276
1263.101670,228.286042,186.254542,9288
1263.176722,803.224917,761.986750,9279
1263.223137,182.530834,141.946000,9290
1263.259165,157.455958,115.111792,9292
1263.400117,919.791542,874.399167,9282
1263.407605,148.409625,105.979125,9295
1263.431914,208.755458,165.683000,9294
1263.535951,914.919834,872.765834,9283
1263.607290,199.670041,157.581958,9297
1263.649792,249.639250,205.734958,9296
1263.699882,952.806168,908.876209,9286
1263.827697,940.377084,896.009042,9289
1263.834965,227.654292,183.907792,9300
1263.951085,301.260750,257.272750,9301
1263.984323,938.955792,891.513875,9291
1264.007995,180.274500,136.592459,9303
1264.117282,940.538667,899.324125,9293
1264.197965,246.853250,203.372750,9305
1264.243290,258.930583,217.809375,9306
1264.299733,867.778625,823.722667,9298
1264.421293,223.293292,179.719459,9309
1264.477518,941.532667,899.108875,9299
1264.511123,267.799292,226.076667,9310
1264.597867,897.953875,855.497708,9302
1264.610890,189.578667,146.433583,9312
1264.654340,176.799292,133.549792,9313
1264.719259,884.252542,843.096042,9304
1264.756214,158.327167,116.540958,9315
1264.853956,845.885833,804.930583,9307
1264.871251,216.878667,174.214250,9317
1264.915084,195.792917,151.398042,9318
1264.971504,854.183750,809.820667,9308
1265.090068,236.095417,193.738709,9320
1265.104848,189.741126,146.923000,9322
1265.116489,816.719750,773.554542,9311
1265.269996,758.849876,716.814292,9314
1265.323252,233.166500,192.137459,9324
1265.342354,237.470625,190.572083,9325
1265.462937,852.025709,809.575959,9316
1265.551083,208.691584,165.333875,9329
1265.592220,268.931833,223.433875,9328
1265.616345,860.108376,818.889459,9319
1265.755389,204.269625,160.909291,9331
1265.820857,949.584126,908.057792,9321
1265.835288,243.030959,201.395542,9332
1265.974989,219.560542,176.442000,9334
1265.994924,1023.389501,980.806459,9323
1266.042209,221.317541,177.944958,9335
1266.210395,1093.877750,1051.059042,9326
1266.219092,244.031958,201.732708,9337
1266.251319,209.080666,166.034750,9339
1266.355435,145.016375,103.248250,9340
1266.372073,1102.022833,1058.936084,9327
1266.487241,268.114583,225.082667,9341
1266.509179,1046.215626,1004.648167,9330
1266.624081,268.632292,226.127708,9343
1266.673167,1056.786501,1014.167876,9333
1266.728332,241.052292,198.365417,9345
1266.805521,181.422500,140.134750,9347
1266.841700,1006.378334,961.123333,9336
1266.960453,154.905917,111.248083,9350
1266.974483,246.110666,203.582167,9349
1267.018655,1023.696334,981.341959,9338
1267.155082,903.739084,859.862500,9342
1267.201314,226.802917,183.296459,9353
1267.240355,279.878667,235.988667,9352
1267.281675,909.580000,867.961501,9344
1267.422220,220.871292,174.644750,9356
1267.482672,242.288667,199.826667,9357
1267.490897,981.680875,938.442167,9346
1267.649363,976.182083,933.600792,9348
1267.664133,241.888208,199.040916,9359
1267.735856,253.155292,209.816834,9360
1267.839136,997.403750,954.957792,9351
1267.876315,226.931542,184.263334,9362
1267.964047,945.371000,901.009084,9354
1267.989658,253.771292,212.696750,9364
1268.091233,251.061125,210.382375,9365
1268.116165,961.062084,917.755417,9355
1268.146455,182.371292,138.494417,9367
1268.280528,189.271834,145.867750,9369
1268.316898,1035.187126,992.852875,9358
1268.352441,236.248833,194.822250,9370
1268.485523,994.592959,953.714417,9361
1268.491845,211.291792,169.612334,9372
1268.495106,178.178292,135.830334,9373
1268.631469,967.320084,925.069250,9363
1268.674845,189.289333,147.498459,9375
1268.703694,211.814750,168.566417,9376
1268.780146,903.802667,860.498917,9366
1268.832914,158.051833,116.503916,9379
1268.892086,160.408792,159.015792,9380
1268.947217,957.543126,915.090167,9368
1269.015356,207.317542,164.480750,9381
1269.036881,137.908750,137.037542,9383
1269.082227,935.737250,893.463667,9371
1269.211133,858.677167,818.029917,9374
1269.260416,195.015917,193.424000,9384
1269.380754,885.623959,844.582959,9377
1269.401100,169.249500,167.415792,9385
1269.502318,870.822751,828.160084,9378
1269.504215,188.230875,185.708250,9386
1269.586495,687.722292,679.622709,9382
1269.625413,113.471166,112.751042,9391
1269.626375,224.145250,180.686333,9390
1269.704391,357.128333,353.742959,9387
1269.841464,446.067417,445.475625,9388
1269.918616,186.144292,183.411375,9394
1269.939909,172.396875,171.538792,9395
1269.979418,580.045667,579.298417,9389
1270.103264,541.393708,539.491167,9392
1270.205386,286.730500,244.200542,9399
1270.235925,295.977792,254.198000,9400
1270.268917,702.373584,701.861708,9393
1270.374125,184.499000,182.344458,9402
1270.436061,646.375625,646.009875,9396
1270.461568,228.975833,186.053875,9403
1270.553964,155.450750,154.995458,9404
1270.590086,752.169250,750.281583,9397
1270.608649,176.766916,176.271667,9405
1270.757112,881.029918,839.200834,9398
1270.757900,192.467334,189.018083,9406
1270.830358,136.950625,136.172458,9407
1270.843417,777.469583,775.854334,9401
1271.008658,117.518334,116.826208,9411
1271.013992,312.743667,311.322083,9408
1271.045374,148.376958,147.782833,9412
1271.184552,452.508875,450.760625,9409
1271.216605,148.734250,148.225583,9414
1271.332053,176.437917,175.737917,9415
1271.366800,634.452292,633.743250,9410
1271.405153,172.389584,171.441084,9416
1271.566315,166.933667,166.076750,9418
1271.597441,698.683708,693.837958,9413
1271.660552,424.234126,422.124209,9417
1271.775898,129.698041,128.084542,9420
1271.801199,234.851750,193.239084,9419
1271.875665,144.006917,140.611333,9421
1271.981189,141.861417,140.192208,9422
1272.065303,164.977459,164.286500,9423
1272.200179,134.145667,132.871083,9424
1272.206725,109.056792,108.498541,9425
1272.419826,188.087375,186.159459,9426
1272.441293,160.794958,160.010959,9427
1272.523341,200.248417,197.839542,9428
1272.541364,143.052291,141.699833,9429
1272.711799,158.181917,156.663209,9430
1272.756109,189.839125,189.264833,9431
1272.815231,181.734584,181.262375,9432
1272.873490,141.787916,140.019250,9433
1272.976861,222.569083,220.064250,9434
1273.046873,146.891208,145.376000,9435
1273.143941,66.637958,65.965083,9437
1273.187256,122.177125,121.503667,9436
1273.349512,116.868500,116.280500,9438
1273.522833,124.455917,124.096000,9439
1273.600985,149.028542,148.232583,9440
1273.653801,124.118459,123.644208,9441
1273.776634,211.344583,209.700750,9442
1273.825226,171.409292,128.942917,9443
1273.920323,189.717792,186.944916,9444
1273.935861,139.218916,138.672042,9446
1273.966785,234.969875,233.284625,9445
1274.065977,124.594167,123.713041,9448
1274.082282,86.474792,85.959125,9449
1274.098831,199.250917,198.262458,9447
1274.188565,122.593917,122.233125,9450
1274.303630,193.087125,191.553541,9451
1274.401839,213.257916,171.926417,9452
1274.411840,178.670042,177.188958,9453
1274.490897,225.809209,211.950375,9454
1274.539503,178.937792,176.384833,9456
1274.593773,303.519417,301.663250,9455
1274.600581,148.379875,147.839708,9459
1274.670818,282.309416,279.825583,9457
1274.680648,115.662459,114.176416,9460
1274.814917,416.181500,415.006376,9458
1274.909633,177.951376,175.393750,9461
1274.966876,134.147125,132.315750,9463
1274.998095,172.348167,170.186042,9462
1275.096978,211.605625,207.629042,9464
1275.213681,162.295291,160.058208,9466
1275.230712,163.756833,162.615542,9467
1275.296249,396.790625,394.848125,9465
1275.458946,231.634667,229.982083,9469
1275.471046,237.178375,235.052708,9470
1275.471841,344.598333,343.143208,9468
1275.608062,329.127750,328.487834,9471
1275.690867,164.209209,163.303583,9473
1275.706341,307.405875,306.807083,9472
1275.742414,175.328708,172.780417,9474
1275.831141,98.340084,97.807208,9475
1275.940749,166.981792,166.017542,9476
1275.987664,179.537750,178.947417,9477
1276.045730,147.402791,145.224917,9478
1276.159504,130.981375,128.297167,9479
1276.214653,148.929959,148.320667,9480
1276.331374,131.228708,130.672792,9481
1276.370097,137.317250,134.920042,9482
1276.583072,183.776542,175.547750,9483
1276.650876,212.966833,211.389208,9484
1276.679761,114.635791,112.693000,9486
1276.709028,198.205000,196.878792,9485
1276.832928,244.348416,243.836541,9487
1276.847701,172.029375,169.573250,9488
1276.916811,184.887792,183.130501,9489
1277.031812,132.404125,132.008626,9490
1277.223556,157.982417,156.953125,9491
