timestamp,response_ms,inference_ms,request_id
56.243035,57.806583,55.729041,1
56.275142,61.558583,60.341458,2
56.434650,42.060083,41.147750,3
56.559943,41.712708,40.782875,4
56.698091,43.868708,42.990208,5
56.899918,48.349292,47.692750,6
56.932555,58.735833,57.414583,7
57.253267,68.392334,67.273209,8
57.264411,66.497084,66.019917,9
57.561143,42.922833,42.176167,10
57.892590,41.048000,40.592416,11
58.259413,70.676666,70.247916,13
58.267688,82.827500,81.976416,12
58.319459,107.886917,107.421416,14
58.345717,52.900750,52.151750,15
58.576849,58.622667,57.809792,16
58.598923,47.343917,46.732875,17
58.894243,42.683375,42.256958,18
59.225868,40.939500,40.417417,19
59.355014,42.122209,41.703375,20
59.559608,41.359791,40.628583,21
59.714572,66.877125,66.334041,24
59.727435,111.278709,110.501416,23
59.728197,119.428166,118.832000,22
59.770459,97.293583,95.432458,25
59.892634,41.078042,40.621000,26
60.109374,42.256083,41.793500,27
60.159964,40.814084,40.357333,28
60.226318,55.773083,55.321292,29
60.254229,69.384875,68.813208,30
60.360791,73.198709,71.195833,31
60.376846,75.820792,75.289959,32
60.442248,85.370542,84.838542,33
60.478270,91.513625,90.651167,34
60.502613,78.478750,77.926917,35
60.527461,59.600041,58.600791,36
60.587464,69.236125,67.623500,37
60.597249,64.096667,63.513333,38
60.651087,41.563958,40.935709,39
60.712803,42.939750,42.372750,40
60.924637,73.087000,72.536042,42
60.927149,77.570500,77.034708,41
61.259305,98.599667,98.093625,43
61.272098,96.573166,95.832042,44
61.280118,95.272041,94.716708,45
61.486516,41.776584,41.223876,46
61.585768,67.535709,67.109875,47
61.600200,72.540125,71.967000,48
61.736629,79.066750,78.422458,49
61.758699,78.327083,77.619208,50
61.775636,57.996750,57.199333,51
61.913750,62.209292,61.658042,52
61.933875,52.878000,52.376333,53
62.099809,61.156375,60.671041,55
62.115933,82.631208,82.122833,54
62.226214,41.324209,40.564708,56
62.424252,42.606083,41.957708,57
62.559566,41.335583,40.866875,58
62.666396,41.166417,40.697416,59
62.895114,43.576458,43.024042,60
63.226670,41.756458,41.008334,61
63.416710,70.750750,70.090417,62
63.426484,62.227083,61.483625,63
63.560931,42.796251,42.195417,64
63.638142,42.158375,41.653209,65
63.717039,41.421916,40.717833,66
63.892253,40.697125,40.208875,67
64.165571,41.644750,41.092917,68
64.227454,42.548042,41.960625,69
64.342932,63.399000,62.770750,71
64.344517,84.998958,82.812625,70
64.382159,56.699708,55.988334,72
64.422920,51.825083,51.215208,73
64.455267,42.455875,41.645333,74
64.562265,67.780417,67.322209,75
64.571261,53.089459,52.497375,76
64.686873,72.971208,72.472750,77
64.692662,67.960958,67.489917,78
64.902746,64.825250,64.256208,79
64.932425,80.869541,80.302542,80
65.123374,42.942667,42.366042,81
65.252655,83.624625,82.978292,82
65.259393,74.526667,73.661292,83
65.305032,71.049125,70.508666,84
65.330531,62.209292,61.635291,85
65.601572,83.348708,82.553916,86
65.650104,96.793667,93.459916,88
65.658775,113.888250,113.325625,87
65.671185,74.213709,73.631250,89
65.740161,107.154542,106.425375,90
65.779908,92.214792,91.589750,92
65.792381,157.023417,156.053333,91
65.906511,54.953209,54.295209,93
65.934782,45.111792,44.382333,94
66.162955,41.483750,41.016500,95
66.226651,41.729333,41.223875,96
66.379106,41.339667,40.808250,97
66.559925,41.696958,41.073959,98
66.682835,72.631709,72.014542,100
66.687356,78.122917,77.668208,99
66.892927,41.363875,40.815833,101
67.110244,41.271708,40.654833,102
67.192358,47.754875,47.204500,103
67.230430,45.549875,44.986375,104
67.561435,43.211000,42.417667,105
67.669119,41.448167,40.981792,106
67.920551,68.984708,67.058542,107
67.929570,58.192458,57.548166,108
68.111889,40.786667,40.307458,109
68.226614,41.722917,41.131708,110
68.319527,41.377584,40.964583,111
68.456154,42.083417,41.515250,112
68.561918,43.713833,43.296167,113
68.698233,40.852583,40.147334,114
68.902909,61.132750,60.393375,115
68.925426,73.862833,73.210958,116
68.968388,41.538584,40.958458,117
69.017774,41.937875,41.249542,118
69.217240,63.338916,62.806917,119
69.285041,100.177291,99.423041,121
69.302645,62.959166,62.247208,122
69.308210,144.888917,144.339125,120
69.559629,41.485792,40.961959,123
69.702644,88.414959,87.877125,125
69.716958,106.604750,106.100750,124
69.731175,62.863208,62.139875,126
69.791447,43.376083,42.879375,127
69.895135,43.577042,42.885209,128
70.088199,41.488416,40.949709,129
70.144033,42.751917,42.255209,130
70.227201,42.312958,41.800792,131
70.271132,41.453416,40.798333,132
70.369796,42.549500,42.037333,133
70.559130,40.905959,40.383875,134
70.904175,55.316625,54.726583,135
70.932591,81.029667,80.329083,136
71.005778,65.675167,65.243500,137
71.034440,68.057791,67.489333,138
71.059376,46.465708,45.812666,139
71.162149,42.691542,42.164500,140
71.226680,41.803125,41.267333,141
71.559180,40.945625,40.354125,142
71.676453,69.331208,68.756334,143
71.695798,71.846542,71.036875,144
71.741536,41.498916,40.814667,145
71.820620,65.014250,64.598625,146
71.832296,74.554375,73.748208,147
71.893358,41.815083,41.245166,148
72.272129,97.509125,96.954375,149
72.280830,88.120084,87.535875,151
72.292385,107.565500,106.925875,150
72.548124,59.011166,58.304750,152
72.569543,51.318458,50.777417,153
72.658490,40.971292,40.559459,154
72.723273,41.279000,40.567042,155
72.801966,44.882542,44.383500,156
72.892855,41.297958,40.786084,157
73.226403,41.533625,40.950875,158
73.480899,43.274583,42.600834,159
73.556079,70.584500,69.816250,160
73.599891,61.302792,60.663458,162
73.600090,81.864708,81.084500,161
73.656344,40.995792,40.559458,163
73.922424,88.175792,86.739917,164
73.944408,94.754042,94.031000,165
73.945861,94.217958,93.797958,166
74.115090,74.534542,73.971625,168
74.116819,86.530500,85.964376,167
74.246944,73.539959,73.028667,169
74.251671,66.803625,66.157584,170
74.482366,41.302333,40.839750,171
74.559066,40.868917,40.384167,172
74.681892,42.564667,42.063875,173
74.821549,41.457500,40.900417,174
74.893937,42.397542,41.950125,175
75.093135,41.492791,40.910625,176
75.158113,43.424500,42.705542,177
75.226237,41.362708,40.882042,178
75.294122,40.461459,39.943167,179
75.371272,75.049042,74.514708,180
75.379142,72.769083,72.278500,181
75.568854,50.622542,50.192042,182
75.641998,103.162500,102.354583,183
75.669697,113.971666,113.140709,184
75.669973,96.447750,95.996542,185
75.908802,57.248333,56.635542,186
75.934155,50.174250,49.409792,187
76.045619,70.887250,70.131542,190
76.063587,103.602333,103.084625,188
76.071055,109.386667,108.890250,189
76.126054,42.161292,41.703666,191
76.228952,44.075500,43.373166,192
76.578627,60.393375,59.807125,193
76.601875,52.490083,51.673708,194
76.752836,41.766375,41.015625,195
76.892908,41.346959,40.793667,196
76.989641,67.365667,66.477834,198
77.024349,104.419000,103.964292,197
77.042015,97.903750,97.191792,199
77.226101,41.195875,40.602042,200
77.348380,42.989333,42.268333,201
77.579800,61.573751,59.798084,202
77.598359,52.430584,51.596709,203
77.668515,41.703667,41.200833,204
77.728200,40.856084,40.337208,205
77.783345,41.095833,40.647833,206
77.892369,40.816708,40.359959,207
77.993550,41.091458,40.602625,208
78.116819,70.138250,69.569209,209
78.126340,68.525625,67.895333,210
78.235151,53.435083,52.777667,211
78.285756,100.865626,100.377083,212
78.299173,97.571833,96.966626,213
78.504096,63.892500,63.248209,215
78.518802,100.496958,100.056250,214
78.592586,86.758583,86.169709,218
78.601199,111.810417,105.001750,217
78.643421,172.123875,170.665833,216
78.650267,132.022041,131.273625,219
78.807623,41.797584,41.246625,220
78.902030,71.135458,70.421166,222
78.920344,108.079708,107.658542,221
78.929250,77.688917,77.049291,223
79.163870,53.443542,53.027041,224
79.207820,62.335000,61.770042,225
79.232103,47.209459,46.715666,226
79.360355,40.784042,40.329625,227
79.480494,42.515084,41.992125,228
79.566315,48.090000,47.543708,229
79.602160,46.310541,45.570292,230
79.644106,41.111875,40.658917,231
79.769412,42.977667,42.471917,232
79.832035,43.421000,42.908250,233
79.893212,41.648250,41.120041,234
79.935389,40.944750,40.491792,235
80.033949,65.057709,64.504125,236
80.044746,55.188583,54.429375,237
80.227425,42.529666,42.072333,238
80.404743,42.719833,42.212917,239
80.495686,42.323458,41.910458,240
80.559539,41.307875,40.895750,241
80.670337,41.580291,41.016500,242
80.716381,41.056458,40.551292,243
80.914240,62.679166,62.232333,244
80.927251,71.972834,71.345750,245
81.058359,43.114167,42.573709,246
81.183267,44.230375,43.582000,247
81.225699,40.838875,40.355292,248
81.296856,41.326541,40.788709,249
81.383485,43.697208,43.109208,250
81.596949,90.837834,90.261500,251
81.652109,133.885500,133.408916,252
81.658922,83.692291,83.142208,254
81.663363,132.612375,132.046833,253
81.747274,42.041417,41.460708,255
81.893162,41.588166,40.992875,256
82.124502,42.088667,41.562500,257
82.236450,51.547125,51.005792,258
82.308490,52.229042,51.794167,260
82.311685,85.780625,83.319250,259
82.342488,74.341750,73.796625,261
82.531545,47.076458,46.608333,262
82.572467,54.291708,53.734916,263
82.892818,41.283084,40.777625,264
83.226422,41.531875,40.984708,265
83.299738,41.446417,40.944459,266
83.561254,43.029583,42.511000,267
83.642333,40.946500,40.390875,268
83.764148,55.142500,54.571416,269
83.789079,58.940875,58.442709,270
83.893481,41.918917,41.498916,271
83.949681,41.799333,41.334708,272
84.227672,42.782834,42.233041,273
84.270742,41.770750,41.342000,274
84.442528,69.679459,69.155625,275
84.455916,65.998041,65.363667,276
84.560415,42.187834,41.731376,277
84.603926,42.889292,42.383541,278
84.683373,42.535792,42.084292,279
84.892370,40.814083,40.300750,280
85.077333,40.887583,40.503458,281
85.227760,42.878500,42.145834,282
85.560757,42.531417,42.002333,283
85.808809,41.561917,40.924625,284
85.924420,48.332083,47.799209,286
85.926850,75.290542,74.704875,285
86.052470,40.803875,40.340709,287
86.227252,42.357000,41.765791,288
86.584572,66.336959,65.345292,289
86.600396,54.460583,53.921291,290
86.893288,41.717083,41.113916,291
87.226098,41.200834,40.560917,292
87.358069,43.082376,42.525292,293
87.559885,41.634250,41.147750,294
87.893640,42.079917,41.528083,295
87.962333,41.885666,41.401208,296
88.228085,43.193209,42.614542,297
88.392281,41.926792,41.392750,298
88.473193,80.881500,40.326417,299
88.488274,41.745667,41.205791,300
88.559484,41.255667,40.842958,301
88.899765,48.185959,47.635875,303
88.907550,75.422667,74.680666,302
88.974419,42.996916,42.496125,304
89.198137,52.506417,51.730292,305
89.232348,47.501709,46.889500,306
89.324584,41.580000,41.024375,307
89.559255,41.026416,40.502292,308
89.892613,41.053833,40.576375,309
90.227681,42.807333,42.224000,310
90.559065,40.814375,40.321167,311
90.813391,40.695959,40.203041,312
90.894561,42.962208,42.282041,313
91.025239,40.703250,40.226083,314
91.161284,75.101250,73.113542,315
91.195457,92.151209,91.347958,316
91.236642,90.965875,90.411125,317
91.246500,61.606708,61.020459,318
91.419251,41.744500,41.134333,319
91.551335,60.228292,59.713792,320
91.577874,59.676167,59.004458,321
91.790378,41.472083,40.868333,322
91.893230,41.661958,41.064916,323
92.227466,42.567584,41.906667,324
92.338854,41.744500,41.072208,325
92.506614,40.951167,40.472833,326
92.558843,40.647834,40.176208,327
92.742862,42.502542,41.801667,328
92.895329,43.769250,43.339041,329
93.227968,43.093166,42.531125,330
93.418165,41.662541,41.071625,331
93.523098,45.350958,44.751584,332
93.565144,46.918667,46.204959,333
93.656618,41.075125,40.522709,334
93.892617,41.058500,40.579875,335
94.229448,44.557042,43.992375,336
94.274227,48.895583,48.367375,337
94.403910,40.804167,40.303083,338
94.557255,55.373208,54.825458,339
94.591165,72.923375,72.165625,340
94.661880,43.308708,42.847000,341
94.893233,41.670416,41.177209,342
95.082310,41.143959,40.434625,343
95.225508,40.617500,40.093084,344
95.517146,41.478791,40.863958,345
95.558886,40.672916,40.237750,346
95.893480,41.911625,41.487834,347
95.985119,41.939917,41.371750,348
96.135095,43.174542,42.639041,349
96.225478,40.565875,40.076459,350
96.559535,41.306416,40.767125,351
96.893631,42.082542,41.644167,352
97.135220,43.918292,43.178333,353
97.228339,43.487208,42.654208,354
97.559947,41.720584,41.157666,355
97.749381,41.017083,40.548083,356
97.892675,41.088542,40.465833,357
98.063594,42.161584,41.484916,358
98.227161,42.273000,41.560167,359
98.281525,41.487542,41.092917,360
98.558942,40.717542,40.249417,361
98.894535,42.978541,42.464333,362
99.225648,40.760709,40.254083,363
99.287485,43.260583,42.635250,364
99.558963,40.756625,40.263125,365
99.603376,43.132250,42.624750,366
99.910759,48.067542,47.488001,369
99.938204,86.652417,86.206167,368
99.961160,118.948667,118.248959,367
100.227903,43.037458,42.472208,370
100.499947,40.775583,40.292292,371
100.561388,43.161125,42.536667,372
100.648125,42.667917,42.123667,373
100.892938,41.380792,40.858416,374
101.116213,40.567625,40.084625,375
101.175829,42.312666,41.937291,376
101.239248,54.390292,53.790042,377
101.274486,81.208166,80.715542,378
101.559611,41.381667,40.807083,379
101.892962,41.372041,40.835959,380
101.946232,40.768583,40.270125,381
102.100512,41.435625,40.889917,382
102.226366,41.461875,40.916458,383
102.408324,42.830667,42.300708,384
102.503852,40.904208,40.379208,385
102.559363,41.114500,40.635292,386
102.829203,40.742625,40.145000,387
102.875137,46.188917,45.496500,388
102.918901,67.328333,66.510500,389
103.017474,43.271959,42.842042,390
103.228371,43.489833,43.015291,391
103.560881,42.649542,42.217291,392
103.718701,41.043625,40.343333,393
103.846549,41.244875,40.814959,394
103.892413,40.875916,40.377459,395
104.225926,41.037500,40.523000,396
104.402244,42.553583,42.119292,397
104.567468,49.246167,48.672458,398
104.600064,78.430041,77.714292,399
104.743510,42.403375,41.994750,400
104.900491,48.979292,48.522541,403
104.918341,108.971042,108.145333,401
104.923990,98.244417,97.679166,402
105.242909,70.557959,70.093917,404
105.251162,66.271625,65.550333,405
105.328536,40.958750,40.491792,406
105.412717,41.930000,41.448166,407
105.578411,71.658417,71.087333,408
105.589349,71.175125,70.701166,409
105.891952,40.391750,39.938500,410
106.045350,42.985834,42.426125,411
106.227998,43.113876,42.412708,412
106.320578,42.382083,41.754709,413
106.559195,40.965459,40.418292,414
106.676195,52.585167,51.972375,415
106.710596,47.896917,47.111750,416
106.894620,43.052042,42.592375,417
107.226096,41.171375,40.531459,418
107.399362,41.585833,41.083000,419
107.559172,40.948833,40.436958,420
107.893346,41.807500,41.384000,421
107.934967,41.427167,40.870375,422
108.226121,41.232041,40.589500,423
108.322271,41.165833,40.701209,424
108.560844,42.622417,42.094792,425
108.892335,40.756625,40.285583,426
108.980728,40.602625,40.139459,427
109.180905,42.729167,42.201250,428
109.226152,41.248667,40.746125,429
109.559609,41.401500,40.882042,430
109.771435,43.322417,42.628250,431
109.893478,41.921833,41.420167,432
110.228140,43.284500,42.485333,433
110.559640,41.411709,40.674084,434
110.636272,42.372458,41.916583,435
110.892927,41.369125,40.741750,436
111.113067,42.882583,42.339792,437
111.158462,41.477916,40.969250,438
111.228476,43.550500,42.825708,439
111.561088,42.838250,42.186666,440
111.766682,42.022458,41.329458,441
111.895163,43.601542,42.891334,442
111.980245,41.942250,41.350458,443
112.156869,43.721125,43.074791,444
112.226455,41.586417,41.037209,445
112.511813,40.945042,40.394083,446
112.561465,43.210708,42.534041,447
112.599503,71.121458,70.627083,448
112.735872,43.426542,42.702041,449
112.784586,40.943875,40.481292,450
112.893050,41.508542,40.991417,451
113.227558,42.667041,42.096250,452
113.503752,42.908542,42.311500,453
113.560288,42.069708,41.455459,454
113.624428,40.635000,40.171542,455
113.846639,40.511333,40.039125,456
113.895169,43.614667,43.077417,457
114.225516,40.628292,40.131292,458
114.293411,41.431250,40.919083,459
114.458185,41.895292,41.382833,460
114.561356,43.138084,42.580125,461
114.910440,58.858625,58.078417,462
114.930044,71.702166,70.892792,463
115.225724,40.810875,40.294334,464
115.287251,41.526917,40.977708,465
115.559113,40.885833,40.351791,466
115.805236,41.092625,40.536125,467
115.892742,41.185083,40.686042,468
115.963074,41.323917,40.868625,469
116.103227,43.712959,43.145667,470
116.226255,41.367666,40.580167,471
116.563009,44.787167,44.217834,472
116.893541,41.975792,41.537417,473
117.226866,41.947500,41.298833,474
117.504763,41.739250,41.312833,475
117.559661,41.437958,40.822542,476
117.893791,42.233333,41.798458,477
118.013222,42.275625,41.710375,478
118.230173,45.261417,44.506292,479
118.278151,56.840000,56.404542,480
118.400589,56.323750,55.936416,481
118.429454,52.106541,51.400125,482
118.505641,40.947083,40.488000,483
118.561490,43.296458,42.608416,484
118.720503,41.656708,41.129084,485
118.894161,42.603750,42.144959,486
118.978414,43.074792,42.340667,487
119.225709,40.797459,40.305708,488
119.378562,41.939333,41.262375,489
119.561277,43.052041,42.359916,490
119.801124,43.318625,42.789542,491
119.892479,40.928125,40.478083,492
120.256129,49.404542,48.813041,494
120.258362,73.454500,73.054625,493
120.572292,97.512041,96.448042,496
120.577340,112.247041,111.451375,495
120.598137,79.934167,79.054792,497
120.636251,92.618459,91.719541,498
120.661172,49.392000,48.886542,499
120.817206,40.761000,40.280334,500
120.892618,41.063750,40.608750,501
121.226593,41.722625,41.170500,502
121.561745,43.515792,42.966292,503
121.893222,41.659042,41.098750,504
121.983655,52.294667,51.755667,505
122.021764,66.513708,65.732917,506
122.228142,43.238125,42.656833,507
122.314766,41.031083,40.577250,508
122.414180,42.147875,41.504750,509
122.597331,56.839417,56.434875,511
122.600804,82.596208,82.169500,510
122.738640,41.164375,40.645792,512
122.894612,43.057583,42.521500,513
123.095410,40.418875,39.906417,514
123.226820,41.931750,41.229125,515
123.333164,66.674708,66.076209,516
123.345319,53.144291,52.712625,517
123.497856,40.694500,40.297833,518
123.593109,70.529959,69.761709,520
123.596343,78.118542,77.731792,519
123.892834,41.273458,40.762750,521
124.108715,40.881750,40.392916,522
124.226485,41.595167,40.907709,523
124.287051,42.963083,42.480375,524
124.497676,41.144541,40.679042,525
124.585841,67.626125,67.215458,526
124.596031,72.957792,72.156875,527
124.756493,42.510708,41.730209,528
124.832214,41.755583,41.193833,529
124.892531,40.979459,40.490917,530
125.050631,42.954333,42.529084,531
125.196428,58.468958,57.869584,533
125.206268,88.193292,87.398209,532
125.245909,61.061000,60.468625,534
125.566734,48.512042,48.097000,537
125.575801,95.683292,94.912417,536
125.587789,116.451709,115.836875,535
125.893099,41.519334,40.802125,538
126.020317,43.569750,42.772916,539
126.246107,61.219375,60.625250,540
126.276177,69.524291,68.997250,541
126.312257,80.982125,80.500875,542
126.381294,52.467917,51.668167,543
126.421958,55.132875,54.394958,544
126.470757,82.332834,81.500708,545
126.492761,46.237917,45.561542,546
126.560384,42.170625,41.633083,547
126.735439,41.050041,40.478084,548
126.908761,57.241042,56.732958,550
126.921420,75.434917,74.569250,549
127.134152,43.359750,42.800333,551
127.214145,56.956376,56.451792,552
127.243365,58.496084,57.675333,553
127.308958,41.644167,41.167583,554
127.504745,71.278667,70.681041,555
127.512560,60.453459,59.893167,556
127.562026,43.812416,43.298792,557
127.940717,84.199209,83.613251,559
127.943945,92.388917,91.874417,558
128.004464,131.804458,131.097167,560
128.011978,64.254167,63.795667,561
128.151910,41.292125,40.816709,562
128.237562,59.791083,59.288541,563
128.295474,110.582209,108.867500,564
128.313644,61.909458,61.359959,566
128.376645,53.238792,52.471416,568
128.384743,182.205334,181.651750,565
128.414579,92.544375,92.073625,567
128.464752,97.541209,96.773833,569
128.560825,42.598500,42.069417,570
128.703678,41.447875,40.932791,571
128.804489,62.430958,61.975667,572
128.825106,54.995500,54.479834,573
128.893377,41.818875,41.101667,574
129.225816,40.941542,40.465250,575
129.308178,82.279751,40.969834,576
129.396380,42.828917,42.110834,577
129.486060,63.199208,62.309041,580
129.523737,122.591875,121.817500,578
129.533136,111.587000,110.970417,579
129.561438,49.906791,49.362541,581
129.595358,80.076208,79.157459,582
129.638712,120.471458,118.245750,583
129.706937,176.722584,176.283333,584
129.713124,62.848333,62.293292,585
129.932890,81.330375,80.780292,587
129.957738,68.278000,67.710125,588
129.966134,118.076584,117.504917,586
130.072137,41.665458,41.156792,589
130.227099,42.203875,41.451375,590
130.295450,43.226459,42.720125,591
130.392443,77.375959,75.156375,592
130.395536,61.168625,60.473000,593
130.509963,41.717083,41.040709,594
130.562326,44.114583,43.546125,595
130.832219,63.878791,63.037625,597
130.843822,79.157459,78.586083,596
130.896290,44.763542,44.073458,598
131.050340,42.574000,42.156041,599
131.096157,43.462708,42.912625,600
131.149893,43.208958,42.541042,601
131.227287,42.392000,41.701042,602
131.328585,58.692958,57.876000,605
131.340267,107.044000,106.645583,603
131.348462,102.397166,101.571167,604
131.585342,67.083916,66.203666,606
131.627591,74.285166,73.544042,607
131.635774,78.902833,78.288584,608
131.876765,101.965208,98.601125,609
131.898023,99.317167,98.590333,610
131.899296,79.101458,78.299083,611
131.929697,78.181250,77.653916,612
131.970987,119.093916,118.562500,613
132.014112,130.935000,130.124167,614
132.100635,41.194125,40.683125,615
132.155789,41.823833,41.027875,616
132.227330,42.435750,41.778917,617
132.295177,55.681792,55.082416,618
132.339084,98.228375,97.593125,619
132.363477,67.307916,66.788750,620
132.392941,45.760458,45.123166,621
132.478315,62.729917,61.931625,622
132.497297,45.838625,45.170125,623
132.561842,43.620792,43.033667,624
132.796356,73.188500,72.625000,625
132.806364,66.101875,65.571917,626
132.929313,49.048708,48.603042,629
132.957311,105.744625,105.011958,627
132.991720,121.429583,120.851500,628
133.010920,50.318625,49.750167,631
133.044394,163.265083,161.483000,630
133.098095,115.771541,115.257917,632
133.124931,45.523334,44.882834,633
133.228708,48.532750,47.831875,634
133.258596,73.719625,72.939708,635
133.305676,41.914250,41.188583,636
133.550309,62.716500,61.923459,637
133.572717,54.536125,54.058958,638
133.625779,41.025542,40.567041,639
133.892650,41.092917,40.632084,640
134.058872,89.497917,85.907792,641
134.064517,65.087167,64.430333,643
134.083260,95.419625,94.866917,642
134.238649,53.693500,53.025583,644
134.269449,54.118750,53.370917,645
134.590990,77.564958,77.014583,646
134.593211,74.978167,73.552792,647
134.892557,40.999292,40.528250,648
135.074749,41.613541,41.150375,649
135.133737,41.812458,41.298541,650
135.227664,42.775833,42.056875,651
135.393584,40.761291,40.263708,652
135.559123,40.896917,40.355000,653
135.828842,42.094209,41.626959,654
135.894159,42.610750,41.963833,655
136.031481,66.991750,66.383042,657
136.039623,82.667667,82.066542,656
136.247578,62.685584,62.121792,658
136.282790,62.184501,61.617500,659
136.311105,76.699292,75.947959,660
136.561663,43.431209,42.739958,661
136.907580,78.854125,78.418083,662
136.952337,100.774334,99.962625,663
136.968456,93.752459,93.185167,664
136.999160,79.548001,77.726251,665
137.026673,43.377833,42.608417,666
137.131157,71.807750,71.245708,667
137.137802,62.979584,62.254792,668
137.283603,101.102167,100.355209,669
137.288370,53.487583,52.903959,671
137.299078,114.193042,113.764291,670
137.333802,83.244000,82.584833,672
137.480088,40.850542,40.322042,673
137.560878,42.670250,42.263375,674
137.721804,85.886792,83.811000,676
137.730737,106.034251,105.408917,675
137.740440,53.449375,52.681708,677
137.806099,40.617209,40.103000,678
137.893328,41.800792,41.289208,679
138.021502,63.415625,62.950416,680
138.037363,57.380166,56.885208,681
138.248409,103.624208,103.110584,682
138.256091,71.183583,70.363125,684
138.263650,101.007375,100.302708,683
138.319771,43.360041,42.694750,685
138.408358,41.277542,40.863375,686
138.474520,43.264666,42.766209,687
138.612448,73.969000,73.405500,690
138.613498,95.268542,94.397625,689
138.628378,113.669208,113.164042,688
138.685510,40.921125,40.474292,691
138.893725,42.168000,41.483750,692
138.980354,66.536458,65.178458,693
138.996610,58.195083,57.657250,694
139.070202,42.715750,42.193375,695
139.224787,67.161208,66.699791,696
139.241248,56.383541,55.707166,697
139.352070,71.273125,70.779917,698
139.356543,63.342708,62.703083,699
139.441609,64.500625,63.410084,700
139.475971,47.521250,46.973209,702
139.497265,91.541334,91.067958,701
139.613306,103.060125,102.312000,703
139.613585,95.389584,94.954708,705
139.622837,104.753542,104.118000,704
139.892425,40.871250,40.416541,706
139.937793,40.454750,39.997417,707
139.987180,42.963375,42.126583,708
140.226357,41.467708,40.961375,709
140.350399,42.369250,41.971125,710
140.559973,41.768125,41.255084,711
140.761096,41.237291,40.748167,712
140.929642,70.766792,70.043750,714
140.938185,86.627042,86.092417,713
140.974792,61.418291,60.579458,715
141.081868,43.184166,42.630875,716
141.227282,42.373333,41.744208,717
141.559362,41.128792,40.591833,718
141.712244,43.570917,42.979125,719
141.841044,42.171500,41.351042,720
141.897515,45.950917,45.313042,721
142.040544,41.814500,41.172541,722
142.122902,40.998125,40.390292,723
142.213199,61.910625,61.182041,724
142.237772,52.846792,52.075334,725
142.562586,44.366875,43.789084,726
142.894342,42.787792,42.065625,727
143.184779,55.875166,55.225041,729
143.195276,83.784167,83.262667,728
143.231539,46.682125,45.991166,730
143.574570,56.347375,55.373500,731
143.600862,48.272583,47.567917,732
143.731695,41.015625,40.560042,733
143.894454,42.919042,42.385584,734
144.225932,41.041583,40.532625,735
144.353522,57.926750,57.472625,736
144.380193,55.057333,54.441333,737
144.560372,42.143209,41.650000,738
144.681170,42.997209,42.276792,739
144.893015,41.458667,40.946500,740
145.226120,41.232042,40.696250,741
145.313718,42.865084,42.323166,742
145.475431,78.842750,78.411375,743
145.475449,60.503333,59.848833,744
145.583383,73.793709,73.253833,745
145.589883,71.704792,71.135458,746
145.894505,42.935667,42.260166,747
146.004523,40.847625,40.382416,748
146.249835,64.935500,64.397375,750
146.259849,80.569125,80.146208,749
146.443694,44.172916,43.436750,751
146.492159,42.945583,42.445666,752
146.559875,41.643000,40.846167,753
146.641141,44.424042,43.619333,754
146.893105,41.535375,40.914708,755
147.251051,66.154083,65.377667,756
147.266884,57.380167,56.874417,757
147.559475,41.272000,40.771209,758
147.772462,41.599250,41.013291,759
147.816198,42.968917,42.312375,760
147.892809,41.273167,40.816125,761
147.948747,40.880583,40.241833,762
148.226577,41.687334,40.924333,763
148.412563,42.569042,42.122500,764
148.559392,41.160291,40.668542,765
148.892890,41.353375,40.839167,766
149.018821,49.616584,49.208833,767
149.146520,40.921125,40.352375,768
149.225811,40.923167,40.359958,769
149.343656,77.893375,77.319958,770
149.385942,97.384291,96.847917,772
149.403576,50.319791,49.785750,773
149.425866,147.450917,146.841625,771
149.559538,41.311375,40.792208,774
149.892259,40.697125,40.172417,775
150.076266,42.681042,42.127750,776
150.226133,41.236125,40.695667,777
150.561275,43.050583,42.315292,778
150.784822,42.681042,42.169166,779
150.892493,40.940083,40.486833,780
150.988932,40.781708,40.322042,781
151.226347,41.441750,40.775000,782
151.560267,42.036167,41.359208,783
151.870228,47.383875,46.860625,784
151.910764,59.136000,58.125084,785
152.117517,41.604500,40.840042,786
152.237897,53.049500,52.425625,787
152.268743,44.346458,43.800750,788
152.386050,43.318917,42.561167,789
152.576911,58.706667,58.282000,790
152.600683,51.689750,50.967000,791
152.781620,40.979166,40.481000,792
152.823718,42.378583,41.383709,793
152.892988,41.424250,40.626542,794
152.973430,43.064583,42.452083,795
153.087883,40.822541,40.371334,796
153.227864,42.956958,42.223708,797
153.411909,41.164375,40.593291,798
153.588149,75.757792,75.145583,799
153.588333,70.155459,69.719417,800
153.895053,43.445209,42.963375,801
154.226089,41.199666,40.606125,802
154.482460,41.379042,40.421500,803
154.561474,43.268459,42.733250,804
154.767724,41.761709,41.190042,805
154.892588,41.033417,40.320875,806
154.951542,42.627666,41.929708,807
155.040373,41.377875,40.611958,808
155.228398,43.510250,42.758625,809
155.575332,57.099000,56.466667,811
155.582303,78.565958,78.030167,810
155.748145,41.093500,40.510750,812
155.897096,45.539959,44.796209,814
155.939390,98.020417,97.010667,813
155.956783,55.948375,54.896916,815
156.071490,41.291542,40.760709,816
156.228154,43.262333,42.488250,817
156.287485,42.664125,42.061542,818
156.559880,41.649125,41.116251,819
156.895086,43.538833,42.966583,820
157.115912,42.196583,41.717666,821
157.225826,40.929584,40.322042,822
157.585683,67.456083,66.822000,824
157.590668,76.749167,75.984708,823
157.892594,41.039542,40.547500,825
158.228068,43.179791,42.597625,826
158.290841,42.565833,42.067958,827
158.472584,40.718417,40.226667,828
158.560580,42.375375,41.960041,829
158.894022,42.465500,41.946334,830
159.226457,41.552000,40.945625,831
159.561595,43.360625,42.847875,832
159.717172,41.203167,40.656291,833
159.893434,41.901125,41.401791,834
160.228070,43.181834,42.369833,835
160.559095,40.885250,40.321167,836
160.836461,41.021750,40.537875,837
160.892321,40.772958,40.381834,838
161.225953,41.064334,40.550417,839
161.560381,42.166541,41.695500,840
161.893766,42.200958,41.599541,841
162.226300,41.425708,40.815542,842
162.476783,42.086916,41.689666,843
162.529782,53.813667,52.963167,844
162.560253,42.012250,41.325959,845
162.892541,40.984125,40.496750,846
163.225860,40.953792,40.405750,847
163.559611,41.366209,40.624208,848
163.920149,77.501084,76.941083,849
163.920161,68.655416,68.060708,850
163.967185,46.585000,45.860791,851
164.227329,42.456459,41.991834,852
164.559102,40.853458,40.328166,853
164.705180,41.534791,41.073958,854
164.893102,41.545292,41.009209,855
165.044183,41.465375,40.778209,856
165.171610,41.815958,41.411417,857
165.228162,43.272833,42.562333,858
165.559935,41.711250,41.121208,859
165.893385,41.827916,41.104291,860
166.039737,49.601417,49.128625,861
166.071166,64.792584,64.091125,862
166.230815,45.947709,45.401417,863
166.448062,41.743625,41.155333,864
166.559781,41.554333,41.001917,865
166.719095,43.365000,42.766209,866
166.892746,41.162916,40.629750,867
167.258761,62.115958,61.571709,869
167.259873,75.013750,74.348750,868
167.560076,41.852125,41.273167,870
167.609677,40.718417,40.225792,871
167.673646,42.535791,41.993875,872
167.847236,42.546292,41.959458,873
167.892541,41.001334,40.609334,874
168.225771,40.891375,40.384458,875
168.324146,42.920792,42.450042,876
168.559184,40.947667,40.383000,877
168.893780,42.223125,41.687917,878
169.061622,42.123959,41.617625,879
169.233183,65.849291,65.412958,880
169.260618,43.157625,42.610166,882
169.292134,107.250791,106.758458,881
169.585301,67.050375,66.529459,883
169.601210,61.565875,61.076167,884
169.829331,41.581459,40.793958,885
169.894307,42.751041,42.040833,886
169.972539,64.693709,64.196709,887
169.989650,56.533750,56.096542,888
170.052963,42.645166,42.140291,889
170.227440,42.572250,41.996500,890
170.326602,41.085333,40.448042,891
170.560151,41.941084,41.469166,892
170.892648,41.090875,40.394667,893
171.228553,43.664542,42.921959,894
171.305061,41.563667,40.955833,895
171.561381,43.162875,42.603167,896
171.783679,79.973250,79.531083,897
171.785056,71.855584,71.337291,898
171.924290,60.977583,60.337375,900
171.936823,85.263792,84.745792,899
172.030392,42.438083,41.777459,901
172.176802,41.070750,40.524750,902
172.225966,41.071625,40.557125,903
172.452139,41.699000,41.248958,904
172.560437,42.212042,41.585541,905
172.893177,41.621125,41.144834,906
173.226200,41.306125,40.502875,907
173.560874,42.648959,42.168875,908
173.845449,43.421000,42.915542,909
173.907135,55.589041,55.065792,910
173.934342,67.837583,67.036958,911
174.053405,62.661959,62.099917,912
174.070483,53.166167,52.726625,913
174.169516,41.417250,40.722208,914
174.226472,41.587583,40.886125,915
174.472237,40.901000,40.405750,916
174.561338,43.132833,42.604333,917
174.868392,53.631083,53.104041,918
174.913075,61.496750,60.776041,919
175.228247,43.376667,42.768542,920
175.382652,40.456500,39.975542,921
175.559957,41.712417,41.003667,922
175.608887,40.801250,40.346541,923
175.802424,43.120000,42.426417,924
175.892243,40.716375,40.225208,925
176.156942,43.300541,42.783125,926
176.230070,45.186458,44.450583,927
176.271554,52.622209,52.049959,928
176.577939,71.515208,71.054083,929
176.587729,69.506500,68.631792,930
176.660733,71.157041,70.429917,931
176.672016,69.333834,68.747291,932
176.838372,41.431542,40.850250,933
176.893024,41.484917,40.954666,934
177.226387,41.491917,40.642584,935
177.381175,41.259458,40.662125,936
177.559375,41.153292,40.693333,937
177.892526,40.969250,40.488875,938
177.995844,40.844417,40.317083,939
178.227354,42.482709,42.017500,940
178.616674,49.165958,48.630750,943
178.617641,99.418375,98.898916,941
178.637664,98.072042,97.561625,942
178.894732,43.194958,42.672000,944
179.226287,41.398000,40.616916,945
179.517858,41.017084,40.515416,946
179.559172,40.941833,40.463792,947
179.842334,41.050625,40.589791,948
179.894621,43.080333,42.581875,949
180.230203,45.293792,44.592042,950
180.570584,52.359416,51.843167,951
180.601354,64.895250,64.466208,952
180.894609,43.073625,42.572833,953
181.097202,41.151250,40.739417,954
181.173289,43.114750,42.413292,955
181.225744,40.852875,40.384750,956
181.351652,41.650875,41.079500,957
181.560175,41.970250,41.387792,958
181.802713,41.028166,40.494125,959
181.893912,42.360792,41.905208,960
182.226122,41.202000,40.590958,961
182.366923,41.189458,40.731250,962
182.572847,54.641125,53.958917,963
182.620710,66.943042,66.142417,964
182.640809,50.119417,49.347083,965
182.699079,42.411541,41.888583,966
182.892446,40.895167,40.416834,967
183.037483,43.201375,42.694458,968
183.227740,42.853125,42.286708,969
183.332362,41.020875,40.546625,970
183.559793,41.569208,40.836542,971
183.877127,50.064000,49.465500,972
183.910689,59.133083,58.690916,973
184.146265,41.724375,41.267625,974
184.227774,42.887542,42.155167,975
184.462210,74.727625,74.287500,976
184.474697,79.674583,79.107583,977
184.559368,41.122083,40.662709,978
184.682813,109.314625,108.615791,979
184.684512,52.915333,52.518667,981
184.686807,109.934709,109.310541,980
184.766187,49.279708,41.447583,982
184.799325,41.182750,40.621291,983
184.924138,72.560834,71.784709,984
184.938496,69.365334,68.616916,985
185.048777,41.094083,40.628000,986
185.258098,73.206584,72.601083,987
185.272981,60.894166,60.442958,988
185.329811,81.829125,81.253083,989
185.368217,76.230000,74.396583,990
185.386665,54.886708,54.080833,991
185.483195,41.119458,40.567917,992
185.559382,41.137833,40.487708,993
185.624613,43.166958,42.526458,994
185.752561,40.883791,40.403125,995
185.799640,42.559709,42.046958,996
185.892641,41.086500,40.587459,997
186.156407,41.426583,40.865416,998
186.225496,40.609625,40.133333,999
186.444075,71.577625,70.882584,1000
186.453371,73.915625,73.236334,1001
186.531307,50.954167,50.446083,1002
186.562940,44.732041,44.081042,1003
186.893136,41.584083,41.087083,1004
186.972997,42.674042,42.137375,1005
187.227729,42.836500,42.018083,1006
187.560754,42.529667,42.041417,1007
187.620780,41.910166,41.418125,1008
187.892529,40.947958,40.393500,1009
188.145092,41.837834,41.297667,1010
188.202778,56.253167,55.752667,1011
188.230560,45.690167,45.096917,1012
188.335759,41.520500,41.008041,1013
188.559363,41.140167,40.681375,1014
188.695609,41.380500,40.858417,1015
188.848377,42.501958,42.063584,1016
188.896300,44.758292,44.208500,1017
189.030649,40.808542,40.327000,1018
189.226667,41.775708,41.050041,1019
189.427315,41.874000,41.448459,1020
189.560118,41.886250,41.090875,1021
189.892625,41.067833,40.590083,1022
190.018359,44.485000,43.879208,1023
190.150146,41.922417,41.475292,1024
190.226991,42.101500,41.556083,1025
190.502069,40.745542,40.231333,1026
190.559170,40.970125,40.446875,1027
190.634620,40.388250,39.917208,1028
190.891582,54.630625,54.210042,1029
190.919312,67.745708,67.068750,1030
191.033119,41.013000,40.476625,1031
191.248475,63.584791,63.133292,1033
191.259894,78.857041,78.342833,1032
191.395663,42.035000,41.288625,1034
191.602737,82.650167,82.190792,1036
191.630788,112.563208,112.016917,1035
191.668063,144.400083,143.836000,1037
191.687246,156.851333,155.473500,1038
191.740621,43.536500,42.995167,1040
191.765111,218.520459,218.071292,1039
191.911626,60.039875,59.462375,1041
191.934495,51.067625,50.288000,1042
192.144074,66.691333,66.047042,1044
192.163465,92.257666,91.714583,1043
192.249129,80.071834,79.436001,1046
192.254050,109.978167,109.438292,1045
192.274173,89.307167,88.525792,1047
192.584147,65.905875,65.244667,1050
192.610441,95.666375,94.814125,1049
192.624117,113.671834,113.117666,1048
192.777757,60.097042,59.437875,1053
192.777816,92.102792,91.470459,1052
192.831131,50.887959,50.318625,1056
192.842719,161.278250,160.760833,1051
192.914271,132.553750,131.936584,1057
192.932499,80.926417,80.405501,1058
192.943064,203.989042,203.393750,1054
193.015739,274.291208,273.635251,1055
193.027570,65.267125,64.490416,1060
193.061704,196.563208,196.009042,1059
193.174151,43.678250,43.061084,1061
193.226331,41.457791,40.896042,1062
193.473433,42.869750,42.359916,1063
193.559799,41.576208,40.820792,1064
193.692382,77.613084,77.113167,1065
193.701382,57.987417,57.440833,1066
193.784894,41.050917,40.540208,1067
193.829349,41.069291,40.649584,1068
193.895977,44.415000,43.791417,1069
194.068949,40.851125,40.338667,1070
194.142461,41.700458,41.204916,1071
194.225646,40.748459,40.248250,1072
194.548171,86.985500,86.536625,1073
194.552365,83.266458,82.621584,1074
194.591444,73.206875,72.434250,1075
194.711694,41.734875,41.162042,1076
194.895595,64.598917,63.003500,1077
194.913379,61.819917,61.129834,1078
194.964082,41.222417,40.644333,1079
195.065269,40.782000,40.254666,1080
195.226711,41.815084,41.348708,1081
195.313386,58.196250,57.769833,1082
195.361674,78.924125,78.068375,1083
195.378965,49.669667,49.063000,1084
195.529854,48.985708,48.476167,1085
195.595258,77.079042,76.484333,1086
195.603685,62.818875,62.218333,1087
195.689147,41.296501,40.836542,1088
195.829760,58.229500,57.495084,1090
195.840549,82.682834,82.001500,1089
195.893156,41.615292,41.143375,1091
195.966764,56.765916,56.084292,1093
195.978386,84.328125,83.812167,1092
196.078331,41.312250,40.733875,1094
196.187516,45.411042,45.001250,1095
196.248910,67.801417,67.135834,1096
196.269299,54.861041,53.842250,1098
196.330574,145.673500,145.033875,1097
196.335896,103.621292,102.981375,1099
196.584206,65.950208,65.399833,1100
196.597567,58.871750,58.335083,1101
196.893470,41.906666,41.309042,1102
196.944209,42.413000,41.706291,1103
197.162635,41.971708,41.500667,1104
197.225709,40.819333,40.298708,1105
197.288653,41.024084,40.511333,1106
197.377977,43.893500,43.231417,1107
197.512065,41.080667,40.507250,1108
197.559226,40.995500,40.517167,1109
197.725203,41.178375,40.638792,1110
197.821585,41.323917,40.687209,1111
197.913957,73.394125,72.880208,1112
197.916431,64.869000,64.278084,1113
198.107366,42.011958,41.591375,1114
198.238126,69.907833,69.383417,1115
198.247809,62.946625,62.117708,1116
198.380990,41.365625,40.935708,1117
198.484156,41.491334,40.972167,1118
198.562147,43.925583,43.211292,1119
198.847353,42.258709,41.669250,1120
198.923157,71.615833,71.206042,1121
198.933845,61.479542,60.932375,1122
198.995104,43.365875,42.819292,1123
199.127312,41.228542,40.682542,1124
199.226346,41.451958,41.001916,1125
199.336165,40.971000,40.464084,1126
199.560038,41.813333,41.135500,1127
199.727862,66.090500,64.684375,1129
199.736061,76.533334,75.943875,1128
199.908744,60.614459,60.159751,1130
199.931690,80.113542,79.347917,1131
200.150949,42.920208,42.403375,1132
200.246415,61.519792,60.811334,1133
200.271625,60.103459,59.433500,1134
200.357167,41.922416,41.179833,1135
200.471612,41.293583,40.782584,1136
200.561981,43.758458,43.251541,1137
200.725493,41.167000,40.658625,1138
200.812245,41.753542,41.057625,1139
200.929629,67.588792,67.042500,1141
200.929844,78.305792,77.955500,1140
201.158659,42.626209,42.135041,1142
201.269369,84.499917,83.970251,1143
201.274424,76.263542,75.812334,1144
201.312370,67.490792,66.920876,1145
201.432077,43.911584,43.330583,1146
201.559710,41.477625,40.950000,1147
201.845369,41.611792,41.137250,1148
201.894126,42.568750,42.070583,1149
202.075775,41.653208,41.098750,1150
202.243253,58.359583,57.770417,1152
202.243762,78.212750,77.807625,1151
202.339075,58.754792,58.300958,1154
202.351400,76.676542,76.050333,1153
202.559387,41.155041,40.681375,1155
202.893864,42.309458,41.775709,1156
202.957662,40.679042,40.149958,1157
203.002596,42.305084,41.887416,1158
203.225779,40.918500,40.363750,1159
203.380134,41.242542,40.549834,1160
203.562074,43.873375,43.337291,1161
203.752949,51.078417,50.487208,1162
203.790938,57.968750,57.404958,1163
203.908754,57.204584,56.647791,1164
203.932776,57.723750,57.059041,1165
204.019100,66.982708,66.489791,1166
204.031369,61.965167,61.399042,1167
204.226901,41.968791,41.245750,1168
204.559910,41.704250,41.190916,1169
204.648969,41.463042,40.963125,1170
204.705388,40.744083,40.254667,1171
204.892736,41.183042,40.655125,1172
205.251401,69.351625,68.593583,1173
205.257352,72.449708,71.529209,1174
205.519535,46.831750,46.445000,1175
205.584760,69.380500,68.892833,1176
205.603159,83.432416,82.947375,1177
205.640669,96.903042,96.436084,1178
205.818986,43.261167,42.746667,1179
205.894592,43.029875,42.615416,1180
206.141819,41.180708,40.533500,1181
206.227942,43.052917,42.341250,1182
206.276682,41.223875,40.737666,1183
206.560120,41.898791,41.361542,1184
206.738859,41.147459,40.593583,1185
206.893443,41.879833,41.128792,1186
207.113646,41.409375,40.867459,1187
207.247781,62.913084,62.234666,1189
207.248829,86.452625,85.884750,1188
207.287904,59.999041,59.257042,1190
207.559651,41.444083,41.063167,1191
207.892655,41.076000,40.389708,1192
208.039148,41.223292,40.711125,1193
208.226363,41.489875,40.998125,1194
208.320117,41.491042,40.999292,1195
208.561161,42.936833,42.248791,1196
208.704496,43.125833,42.443916,1197
208.760323,41.061125,40.609625,1198
208.892248,40.692750,40.209167,1199
209.021353,50.044167,49.612791,1200
209.051926,72.338291,71.789667,1201
209.225965,41.052666,40.557708,1202
209.347524,41.553750,41.048292,1203
209.419248,41.733417,41.093500,1204
209.581984,63.827750,63.111125,1206
209.587843,77.665000,77.207375,1205
209.752455,40.834791,40.326417,1207
209.893612,42.051625,41.599250,1208
210.230303,82.235125,79.609250,1209
210.250457,77.711667,77.073208,1210
210.264540,79.739042,79.219291,1211
210.559851,41.624917,41.078333,1212
210.892787,41.210167,40.730667,1213
211.225891,41.002500,40.457375,1214
211.342341,41.901416,41.433000,1215
211.560133,41.832583,41.098458,1216
211.749155,41.362708,40.790167,1217
211.892459,40.898084,40.371917,1218
212.226622,41.725250,40.906250,1219
212.350453,41.213959,40.739416,1220
212.559738,41.508250,40.803875,1221
212.614403,42.971250,42.275625,1222
212.780878,40.885834,40.368417,1223
212.893372,41.816542,41.116542,1224
213.105109,41.654083,41.078333,1225
213.226167,41.276083,40.658333,1226
213.585079,66.867500,66.241291,1227
213.596232,48.624625,47.943000,1228
213.639775,41.071625,40.597375,1229
213.827633,41.765208,41.311958,1230
213.897110,45.570000,45.028375,1231
213.934943,60.746875,59.985042,1232
213.989308,42.948500,42.267750,1233
214.197159,77.483875,76.955958,1234
214.209475,80.569417,79.935041,1235
214.247612,45.247709,44.568125,1237
214.280726,95.858292,95.159750,1236
214.559660,41.455459,40.936584,1238
214.678831,41.120333,40.662708,1239
214.804109,42.403958,41.846291,1240
214.892465,40.902459,40.466417,1241
214.949104,40.924625,40.402834,1242
215.226351,41.467125,40.691875,1243
215.498815,41.205792,40.692167,1244
215.570813,52.556875,52.103625,1245
215.599173,46.235000,45.714375,1246
215.895243,43.669791,42.952292,1247
216.007339,65.611000,65.035834,1249
216.014949,76.912209,76.417251,1248
216.218709,58.384666,57.698667,1250
216.244368,59.471125,58.578916,1251
216.513842,42.606958,42.125125,1252
216.562120,43.889417,43.105708,1253
216.614360,41.992709,41.559000,1254
216.893123,41.558708,40.784625,1255
217.003353,41.897334,41.425125,1256
217.141064,42.486500,41.979000,1257
217.227084,42.232167,41.580875,1258
217.561095,42.891333,42.312959,1259
217.892204,40.649000,40.147041,1260
218.228107,43.215375,42.367208,1261
218.559104,40.873875,40.375125,1262
218.889504,62.021458,61.545458,1263
218.931174,79.634916,72.584166,1264
218.949898,54.833042,54.276250,1265
219.054427,43.379875,42.890167,1266
219.227825,42.953167,42.493791,1267
219.376789,40.965750,40.432000,1268
219.560166,41.938167,41.421333,1269
219.671347,42.115208,41.692875,1270
219.811970,40.670291,40.207417,1271
219.893253,41.699000,41.182750,1272
220.225669,40.754000,40.158708,1273
220.560987,42.753958,42.321416,1274
220.621930,41.345792,40.671166,1275
220.797352,41.120917,40.600000,1276
220.892366,40.811750,40.359083,1277
221.096606,52.342500,51.774625,1278
221.152452,95.144000,93.606042,1279
221.167358,50.563917,50.063709,1280
221.225783,40.890208,40.381250,1281
221.446336,41.932625,41.408209,1282
221.559847,41.618792,41.104584,1283
221.909587,58.054209,57.251250,1285
221.954854,105.703500,105.158958,1284
221.974802,53.696125,53.222458,1286
222.005902,83.006875,82.506375,1287
222.061718,43.463000,42.945292,1288
222.184593,41.258583,40.732125,1289
222.225603,40.705000,40.216750,1290
222.560270,42.068250,41.525167,1291
222.848482,41.344625,40.637625,1292
222.895175,43.589583,42.943542,1293
223.113360,40.506375,40.075875,1294
223.225775,40.879708,40.368125,1295
223.559444,41.217458,40.574042,1296
223.893693,42.143209,41.668084,1297
223.968826,40.537000,40.065084,1298
224.071264,42.384709,41.814208,1299
224.226986,42.074084,41.341125,1300
224.572976,62.554333,62.039833,1301
224.592283,74.086250,73.416000,1302
224.783888,42.735000,42.317625,1303
224.846138,40.637917,40.116416,1304
224.892573,40.993750,40.361708,1305
225.225763,40.848500,40.127208,1306
225.299562,40.931042,40.434916,1307
225.561516,43.292958,42.636417,1308
225.892675,41.092334,40.574917,1309
226.025614,42.363125,41.849792,1310
226.155707,43.345750,42.826583,1311
226.243529,58.622667,57.693709,1313
226.243639,103.578709,102.965041,1312
226.561604,43.374625,42.745208,1314
226.923124,81.043958,80.532375,1315
226.924479,72.891583,72.238542,1316
227.226293,41.391000,40.725708,1317
227.561345,43.121167,42.409791,1318
227.625266,40.713750,40.283250,1319
227.893213,41.635708,40.901000,1320
228.170340,40.531458,40.034167,1321
228.227903,43.037167,42.488541,1322
228.559174,40.921417,40.399042,1323
228.643096,42.115791,41.400625,1324
228.903739,52.192000,51.634041,1326
228.935954,89.909750,89.391166,1325
229.227896,43.027250,42.436334,1327
229.444066,41.242542,40.770917,1328
229.510084,40.398750,39.886000,1329
229.561276,43.067500,42.537542,1330
229.691598,40.979459,40.454167,1331
229.892907,41.350750,40.877666,1332
230.228133,43.242209,42.689209,1333
230.560856,42.658875,42.163625,1334
230.897386,45.851167,45.298750,1335
230.931926,61.747875,61.010250,1336
231.226165,41.251292,40.707917,1337
231.337367,41.183042,40.660958,1338
231.426541,55.216875,54.654250,1339
231.490270,90.964708,90.134917,1340
231.494327,65.028834,64.656083,1341
231.563131,44.963042,44.527583,1342
231.892479,62.824709,62.269083,1343
231.909197,57.628959,56.697375,1344
232.255364,70.472208,69.902292,1345
232.261715,75.598833,74.875792,1346
232.428120,44.445916,43.966417,1347
232.516867,41.584084,40.873291,1348
232.560021,41.809541,41.292417,1349
232.614203,43.665708,43.118250,1350
232.892844,41.291542,40.595917,1351
233.226478,41.590500,40.859000,1352
233.383887,41.273458,40.586000,1353
233.560716,42.509542,42.084292,1354
233.892135,40.554208,39.989250,1355
234.225958,41.068125,40.504625,1356
234.400114,53.779250,53.244334,1357
234.429398,44.455542,43.915958,1358
234.559781,41.534500,40.819041,1359
234.892549,40.994333,40.478375,1360
235.226837,41.950708,41.219500,1361
235.560101,41.883333,41.295334,1362
235.663969,41.191791,40.643167,1363
235.892368,40.840333,40.381833,1364
236.226885,42.012834,41.552000,1365
236.561117,42.881708,42.371875,1366
236.664279,42.244708,41.778625,1367
236.892610,41.021166,40.490042,1368
237.228817,43.917417,43.146833,1369
237.402567,41.227667,40.715792,1370
237.559407,41.178375,40.682541,1371
237.694112,46.854500,46.169083,1372
237.731788,45.120250,44.408875,1373
237.893080,41.544417,40.993458,1374
237.949354,41.253917,40.797750,1375
238.138370,70.078167,68.922583,1376
238.146434,66.942750,66.038000,1377
238.252414,67.529875,65.906458,1378
238.261511,60.569833,60.086541,1379
238.590761,72.535167,71.837791,1380
238.597247,60.885709,60.165292,1381
238.911063,59.505833,58.808750,1382
238.933098,55.097000,54.369875,1383
239.033960,40.897500,40.446000,1384
239.225729,40.817000,40.270125,1385
239.588489,41.817125,41.261500,1387
239.597672,79.452334,78.846542,1386
239.687934,42.261625,41.650292,1388
239.892163,40.607875,40.099208,1389
240.225863,40.952042,40.431709,1390
240.290442,42.349125,41.635417,1391
240.581657,63.481542,63.057166,1394
240.612024,111.842792,111.346083,1392
240.612620,103.757500,102.948708,1393
240.892562,41.023500,40.602916,1395
240.956221,40.586000,40.117292,1396
241.230317,45.433792,44.774917,1397
241.566609,48.377292,47.596792,1398
241.613353,41.638625,40.909750,1399
241.762391,41.075125,40.539042,1400
241.892904,41.342583,40.812333,1401
242.046609,41.249834,40.717250,1402
242.232751,47.853750,47.252333,1404
242.255462,78.835750,78.285958,1403
242.379761,68.049917,67.414667,1405
242.395152,52.866334,52.164292,1406
242.581428,59.734500,59.056083,1408
242.598519,80.269000,79.468666,1407
242.669900,41.256834,40.808833,1409
242.817322,41.158250,40.691583,1410
242.892705,41.152709,40.702958,1411
243.012690,73.883542,73.259667,1412
243.018510,70.093041,69.546167,1413
243.227455,42.572251,41.920959,1414
243.282802,40.678167,40.224042,1415
243.506267,41.851833,41.330625,1416
243.561064,42.840583,42.135916,1417
243.658142,42.427000,41.909583,1418
243.765314,54.358500,53.670458,1419
243.787456,70.275916,69.697834,1420
243.892574,41.021458,40.558584,1421
244.031825,78.138959,77.756875,1422
244.053284,93.622959,93.016875,1423
244.079662,113.026667,112.374792,1424
244.263187,71.127292,70.338333,1426
244.275785,90.893833,90.379917,1425
244.312026,62.530417,61.627708,1427
244.348099,89.414208,88.530167,1428
244.506336,41.442334,40.940958,1429
244.559317,41.092334,40.632667,1430
244.652989,42.658875,42.242083,1431
244.729494,41.188875,40.725709,1432
244.801807,43.152667,42.635250,1433
244.862253,52.584584,51.860958,1434
244.895672,44.105250,43.336125,1435
244.943533,42.107333,41.607709,1436
245.001239,41.630750,41.156500,1437
245.057306,43.136917,42.591208,1438
245.144076,42.683375,42.156333,1439
245.225576,40.676416,40.185542,1440
245.451371,41.171667,40.709375,1441
245.512932,40.757792,40.299583,1442
245.559557,41.315166,40.642000,1443
245.714663,41.365042,40.855500,1444
245.798133,42.425250,41.921833,1445
245.913697,50.172208,49.740541,1447
245.933225,81.671625,81.237042,1446
246.104452,43.210125,42.470458,1448
246.149646,41.595750,41.133750,1449
246.225897,41.002500,40.498208,1450
246.288030,42.222833,41.429209,1451
246.464381,41.036334,40.503166,1452
246.604767,86.536916,83.689375,1453
246.617613,85.113000,84.330750,1454
246.636132,50.023166,49.373333,1455
246.934147,70.672875,70.086333,1457
246.945287,93.720375,93.104958,1456
247.023068,56.382959,55.778625,1460
247.024770,141.960583,141.223250,1458
247.042525,122.256167,121.468375,1459
247.124985,41.501542,40.974500,1461
247.226551,41.636875,40.861334,1462
247.311816,41.423084,40.968958,1463
247.486180,40.948250,40.475166,1464
247.595720,59.203958,58.658250,1466
247.598254,80.029542,79.353167,1465
247.765418,61.244167,60.376750,1467
247.801885,61.893125,61.031250,1468
247.827173,84.294292,83.626083,1469
247.894579,43.044750,42.539000,1470
248.002512,41.268792,40.734167,1471
248.058034,41.721167,40.949708,1473
248.086657,79.734958,79.069375,1472
248.225783,40.895167,40.398750,1474
248.287725,41.344333,40.684584,1475
248.382336,41.201417,40.492959,1476
248.434512,42.139417,41.726416,1477
248.524048,47.793959,47.251458,1478
248.560515,42.298375,41.734584,1479
248.625148,41.522542,40.978583,1480
248.884997,62.129959,61.393500,1481
248.903628,52.038000,51.448833,1482
249.176882,72.625292,71.859375,1483
249.187570,57.603291,56.852541,1484
249.256963,72.049541,71.356250,1485
249.266376,72.135292,71.561292,1486
249.350381,41.234958,40.832459,1487
249.396679,41.275209,40.602042,1488
249.503850,41.712417,41.208709,1489
249.596359,78.136042,77.618334,1490
249.597157,66.019042,65.282875,1491
249.914721,72.521458,72.005791,1492
249.928485,76.956541,76.301750,1493
249.961250,108.455666,102.405625,1494
250.047296,41.323625,40.762167,1495
250.179503,41.864958,41.184208,1496
250.226163,41.303209,40.665626,1497
250.369168,43.022583,42.278250,1498
250.509422,41.910458,41.169042,1499
250.582940,64.742708,64.034834,1500
250.599413,54.792208,54.015208,1501
250.743683,41.865833,41.387791,1502
250.907676,56.147876,55.169917,1503
250.932226,50.962042,50.147709,1504
251.252294,96.135959,95.634000,1505
251.262908,93.445625,92.898459,1506
251.328172,143.275709,142.457000,1507
251.339425,144.561083,143.946542,1508
251.377828,91.769417,90.800792,1510
251.394089,143.174791,142.519708,1509
251.462603,147.243250,146.552000,1511
251.501368,156.236792,155.645875,1512
251.504354,100.981709,100.226583,1513
251.577939,59.691625,58.457875,1514
251.598388,68.465250,67.547959,1515
251.752939,57.452500,56.693583,1518
251.778553,103.407791,102.876667,1516
251.787237,94.412208,93.728250,1517
251.894790,43.226459,42.705250,1519
251.962445,66.462959,65.950500,1520
251.980176,59.382458,58.710167,1521
252.210374,84.806166,83.949250,1522
252.227985,89.385917,88.666667,1523
252.244483,59.582250,58.782500,1524
252.321189,41.443208,40.738542,1525
252.388142,40.736208,40.208000,1526
252.540044,53.168208,52.309250,1527
252.569879,51.704333,51.081042,1528
252.736645,75.561791,75.021917,1529
252.744184,67.633417,66.854375,1530
252.892861,41.279291,40.760708,1531
253.033843,40.611958,40.134500,1532
253.171598,40.885250,40.195459,1533
253.234485,49.592375,49.117542,1534
253.309927,74.936750,74.352833,1537
253.319302,95.352833,94.728083,1535
253.351329,126.116375,125.682667,1536
253.480148,79.706375,79.051000,1538
253.502957,79.816333,79.151625,1539
253.536670,107.932708,106.411083,1540
253.566550,48.314875,47.574333,1541
253.709244,41.130542,40.646376,1542
253.793108,42.755125,42.213209,1543
253.892907,41.329167,40.689250,1544
254.123859,42.643708,42.165667,1545
254.246546,61.652500,61.174458,1547
254.290251,106.775375,105.259000,1546
254.305160,55.737500,55.079208,1548
254.507361,41.439708,40.930167,1549
254.558896,40.717833,40.253792,1550
254.717449,60.962417,60.570125,1551
254.773262,91.274167,87.751125,1552
254.778139,87.665083,87.049666,1553
254.914362,80.317709,78.053791,1554
254.952736,101.170417,100.411208,1555
254.973137,88.774875,88.138167,1556
255.004905,102.545917,101.847667,1557
255.043074,56.500791,55.464208,1558
255.070487,63.757167,63.269791,1559
255.226132,41.272583,40.476625,1560
255.358372,45.151459,44.449417,1561
255.591767,76.310209,75.784625,1562
255.592493,74.275541,73.616666,1563
255.803379,41.775708,41.354542,1564
255.893123,41.566000,40.825458,1565
256.242256,74.304709,73.751709,1566
256.244720,59.816750,59.080000,1567
256.435924,41.649125,40.879417,1568
256.569613,69.017084,68.577833,1569
256.592980,74.737834,74.012166,1570
256.627746,96.231334,95.509166,1571
256.816181,43.519583,42.766792,1572
256.895389,43.828750,43.072458,1573
257.251065,63.432542,62.779500,1575
257.262903,77.994875,77.511875,1574
257.372773,71.789667,71.332625,1577
257.372841,77.905917,77.553291,1576
257.451073,41.276375,40.550416,1578
257.560347,42.121916,41.401208,1579
257.691878,40.715500,40.253500,1580
257.774341,41.290083,40.578416,1581
257.894795,43.218876,42.434876,1582
258.190617,58.256916,57.649958,1584
258.206853,80.696291,80.175667,1583
258.278801,93.886917,93.197416,1586
258.278941,102.728500,102.217500,1585
258.448367,53.323958,52.637667,1587
258.477156,47.394375,46.768458,1588
258.561416,43.221208,42.398417,1589
258.696347,42.990500,42.258125,1590
258.892346,40.768000,40.295500,1591
259.237559,52.671208,51.765000,1592
259.265881,52.759291,52.147666,1593
259.560452,42.226334,41.618500,1594
259.771723,40.650167,40.053125,1595
259.858791,47.313875,45.874791,1596
259.897160,45.590417,44.509209,1597
260.162147,42.255500,41.796416,1598
260.225418,40.530292,40.025708,1599
260.347065,62.895583,56.150791,1600
260.380886,62.183041,61.614583,1601
260.410540,83.370583,82.391166,1602
260.516801,41.040708,40.240375,1603
260.561533,43.304041,42.540459,1604
260.782759,41.419292,40.720167,1605
260.895581,43.984209,43.460375,1606
261.012505,41.767250,41.171375,1607
261.100272,42.838833,42.125125,1608
261.225733,40.844708,40.210917,1609
261.374766,41.407042,40.875042,1610
261.587341,69.109833,68.248834,1611
261.600919,45.527709,44.349083,1612
261.782372,71.688458,67.336208,1613
261.838869,98.381208,97.771625,1614
261.876217,99.178333,98.420875,1616
261.896746,151.166750,150.186750,1615
261.915422,63.849917,62.617625,1617
262.226159,41.265875,40.679625,1618
262.561668,43.439667,42.733542,1619
262.771346,41.522542,40.914708,1620
262.894434,42.857209,42.188417,1621
263.228295,43.400875,42.825417,1622
263.287632,41.110709,40.659208,1623
263.559604,41.400625,40.892833,1624
263.625751,41.160000,40.703250,1625
263.725994,40.893709,40.433166,1626
263.892222,40.665041,40.172417,1627
264.123538,41.272000,40.765959,1628
264.227164,42.277958,41.584375,1629
264.311255,41.178958,40.753125,1630
264.560703,42.470458,41.974625,1631
264.613723,41.083875,40.628291,1632
264.843156,40.823708,40.242417,1633
264.892867,41.305250,40.829250,1634
265.065232,41.008042,40.520084,1635
265.226146,41.257708,40.740583,1636
265.559441,41.216583,40.699167,1637
265.893960,42.404541,41.899958,1638
266.047766,42.364583,41.846292,1639
266.227870,43.000417,42.450041,1640
266.563400,45.180916,44.632000,1642
266.585994,78.922083,78.328250,1641
266.920220,69.247500,67.620875,1643
266.929118,77.571959,76.878666,1644
266.991040,42.148459,41.418417,1645
267.226289,41.390125,40.778791,1646
267.559461,41.217750,40.663292,1647
267.735407,41.411417,40.897792,1648
267.841750,42.577208,41.862042,1649
267.892963,41.437375,40.708500,1650
268.227165,42.249375,41.642416,1651
268.561132,42.907667,42.371583,1652
268.746162,41.161750,40.586875,1653
268.893152,41.592250,41.117125,1654
269.018288,42.417375,41.717667,1655
269.092663,41.259750,40.564417,1656
269.226479,41.587000,41.089708,1657
269.580044,61.790459,61.089875,1658
269.601563,51.823042,51.034959,1659
269.893961,42.391417,41.928833,1660
270.247656,62.745667,61.912959,1661
270.263558,65.597000,65.010459,1662
270.582758,64.534750,63.826583,1663
270.594570,46.491375,45.945375,1664
270.893547,41.963834,41.476750,1665
270.985927,41.108959,40.617209,1666
271.227121,42.228667,41.581167,1667
271.333367,43.205458,42.699708,1668
271.559657,41.423375,40.885833,1669
271.817113,42.469584,41.944875,1670
271.893352,41.754709,41.174876,1671
272.231270,46.367708,45.833083,1672
272.270438,51.902083,51.340042,1673
272.343844,43.338459,42.616000,1674
272.511394,62.727875,62.176625,1675
272.544258,48.906084,48.330625,1677
272.591902,106.808917,106.262042,1676
272.602966,84.745500,83.983083,1678
272.695510,43.433833,42.921667,1679
272.891981,40.425875,39.946667,1680
273.256521,71.652291,71.215083,1681
273.265481,72.592333,71.967583,1682
273.310590,43.163750,42.479792,1683
273.560798,42.575166,41.899375,1684
273.819962,40.734167,40.271584,1685
273.892166,40.612833,40.092792,1686
274.083197,74.607458,74.074292,1687
274.093731,70.980292,70.205333,1688
274.226205,41.323333,40.609042,1689
274.559037,40.828666,40.378334,1690
274.892094,40.525625,39.981375,1691
275.125802,40.857250,40.346250,1692
275.227569,42.654791,42.097416,1693
275.498578,69.608583,69.084167,1694
275.504990,66.857000,66.388292,1695
275.559531,41.316917,40.827500,1696
275.650233,42.761250,42.217875,1697
275.892386,40.786666,40.309208,1698
276.225600,40.668833,40.135667,1699
276.561156,42.887833,42.179667,1700
276.895203,43.640334,42.898625,1701
277.226575,41.706292,41.205208,1702
277.360706,41.718834,41.196750,1703
277.417220,43.752625,43.192042,1704
277.561118,42.894250,42.349416,1705
277.892861,41.306417,40.610209,1706
278.226128,41.235542,40.619250,1707
278.559664,41.450208,40.870375,1708
278.892372,40.817584,40.340708,1709
279.056520,42.748708,42.015750,1710
279.153229,50.465042,50.009458,1711
279.227809,88.097334,87.512542,1712
279.239388,54.494125,54.006750,1713
279.310850,41.516125,40.968083,1714
279.396886,40.771500,40.311250,1715
279.559511,41.308167,40.798334,1716
279.773728,41.889167,41.276958,1717
279.832490,40.634125,40.134792,1718
279.893361,41.837834,41.246333,1719
280.246893,48.779500,48.351625,1722
280.276447,91.574875,91.099459,1720
280.298059,111.622000,110.929292,1721
280.434658,76.217750,75.742916,1723
280.437496,75.549542,75.055167,1724
280.559046,40.821958,40.334875,1725
280.894080,42.524125,41.909292,1726
281.228150,43.256209,42.660334,1727
281.560497,42.255792,41.566584,1728
281.641523,41.157958,40.604958,1729
281.703704,43.584625,43.145084,1730
281.895208,43.642083,43.026083,1731
282.005919,41.580875,41.015625,1732
282.244196,59.294667,58.430750,1733
282.263163,69.605958,68.861917,1734
282.559341,41.109250,40.685167,1735
282.894197,42.642250,42.049291,1736
283.228125,43.255625,42.682500,1737
283.497496,41.316916,40.721625,1738
283.571580,48.673042,47.943875,1740
283.597825,79.598166,78.980125,1739
283.930174,67.053000,66.269292,1742
283.930452,78.900500,78.446083,1741
284.228060,43.168417,42.597041,1743
284.474533,41.367375,40.905667,1744
284.559865,41.657583,41.235834,1745
284.774822,40.881458,40.363167,1746
284.892330,40.778208,40.317375,1747
285.072514,42.959583,42.448875,1748
285.227829,42.933334,42.368958,1749
285.560661,42.484750,42.011958,1750
285.911355,62.692875,62.164959,1751
285.925536,73.972208,73.319166,1752
286.169218,45.415709,44.881375,1753
286.225702,40.831000,40.292000,1754
286.275484,44.466917,44.043417,1755
286.411201,66.508167,65.907916,1757
286.418937,78.767208,78.303750,1756
286.561272,43.019084,42.238583,1758
286.893343,41.778334,41.238167,1759
287.010369,42.492042,41.859709,1760
287.205369,48.440875,47.632375,1761
287.247621,62.767833,62.271125,1762
287.560125,41.899666,41.436209,1763
287.894532,42.969500,42.449459,1764
287.964212,41.647667,41.104000,1765
288.136923,40.651334,40.189625,1766
288.227837,42.949958,42.265417,1767
288.306550,40.670875,40.112333,1768
288.559211,40.977708,40.504334,1769
288.894607,43.051750,42.571083,1770
289.032264,42.963666,42.489417,1771
289.136071,41.831708,41.299708,1772
289.226688,41.817125,41.360375,1773
289.559495,41.269958,40.706750,1774
289.894666,43.113291,42.435167,1775
290.214120,50.928209,50.363250,1776
290.251937,67.029083,66.383625,1777
290.585211,81.384625,80.888208,1778
290.597084,78.859667,78.137208,1779
290.641110,117.768875,116.914292,1780
290.667370,56.315000,55.707750,1781
290.738068,47.262250,46.353708,1782
290.774167,43.512584,42.924584,1783
290.924170,72.608667,72.153667,1784
290.930311,65.950792,65.410333,1785
291.228894,44.002000,43.468542,1786
291.353229,41.002500,40.471083,1787
291.559680,41.450209,40.714625,1788
291.607591,41.490750,40.975958,1789
291.892955,41.389833,40.865708,1790
292.075591,42.995750,42.431083,1791
292.225949,41.052667,40.480416,1792
292.343168,42.672583,42.119292,1793
292.560801,42.558834,42.034416,1794
292.887796,64.849167,64.251250,1795
292.903922,52.379834,51.721542,1796
293.128743,62.657584,62.226500,1797
293.169421,77.531416,76.606833,1798
293.204396,62.246333,61.106208,1799
293.233652,48.765500,47.955541,1800
293.348492,41.696083,41.281041,1801
293.560141,41.912209,41.272584,1802
293.892259,40.703250,40.220833,1803
294.219559,68.043208,67.320750,1804
294.230168,45.237500,44.519125,1805
294.410809,40.754875,40.276250,1806
294.560670,42.443625,41.965292,1807
294.879066,59.370791,58.607500,1808
294.904361,52.832792,52.061917,1809
294.952791,41.454875,40.946501,1810
295.020697,43.376375,42.866834,1811
295.082529,40.574625,40.066541,1812
295.226774,41.884208,41.318958,1813
295.559407,41.179834,40.653667,1814
295.684863,41.284542,40.814958,1815
295.732168,43.920625,43.466791,1816
295.929546,77.987000,77.476292,1817
295.930622,72.264791,71.729875,1818
296.226618,41.730209,41.195583,1819
296.332066,41.135500,40.512209,1820
296.559583,41.351625,40.817000,1821
296.706660,42.973292,42.416791,1822
296.767793,41.143667,40.608750,1823
296.892691,41.120042,40.594459,1824
297.227725,42.827750,42.084584,1825
297.451439,68.679334,68.142084,1826
297.461500,60.975541,60.428084,1827
297.562394,44.169125,43.437917,1828
297.895036,43.479625,42.731500,1829
298.015228,40.845000,40.359958,1830
298.073671,42.411250,41.724084,1831
298.238290,53.407667,52.691334,1832
298.269687,56.070292,55.286000,1833
298.378519,40.724541,40.210042,1834
298.489885,43.390083,42.718083,1835
298.549826,59.906291,59.231667,1836
298.575512,57.311042,56.603458,1837
298.714751,49.240625,48.820042,1839
298.726975,76.146292,75.450666,1838
298.892762,41.204042,40.518041,1840
299.245704,60.826792,60.243458,1842
299.258689,88.010125,87.484833,1841
299.288472,83.346083,82.800667,1843
299.559184,40.959042,40.470500,1844
299.892696,41.139583,40.646666,1845
300.226884,42.009625,41.506792,1846
300.573566,55.335876,54.678459,1848
300.592842,77.016625,76.506500,1847
300.711434,41.147166,40.454750,1849
300.894562,43.005084,42.287000,1850
300.983784,41.953041,41.476459,1851
301.227916,43.030167,42.457333,1852
301.295262,44.165916,43.713834,1853
301.410656,42.089542,41.384000,1854
301.567624,49.393458,48.841334,1856
301.589060,80.973667,80.393542,1855
301.893539,41.955083,41.192375,1857
302.235186,50.291500,49.624166,1858
302.266859,44.800292,44.097667,1859
302.480411,69.327416,68.864250,1860
302.486877,64.430625,63.674625,1861
302.568508,50.283625,49.837667,1862
302.602270,45.900750,45.340750,1863
302.911644,60.086250,59.600625,1864
302.942402,89.930167,87.867500,1865
302.973256,42.184041,41.651458,1866
303.160724,44.025334,43.600958,1867
303.227638,42.750750,42.191916,1868
303.338910,41.403542,40.959625,1869
303.448804,40.541667,40.080250,1870
303.559905,41.656416,41.015625,1871
303.920967,69.390125,68.738250,1872
303.930165,60.060000,59.231375,1873
304.225869,40.975959,40.448625,1874
304.314343,49.469000,48.802250,1875
304.340979,75.996375,75.588041,1876
304.561816,43.587833,43.075958,1877
304.735162,41.709500,40.999875,1878
304.779504,43.129042,42.443041,1879
304.841173,54.725708,54.043500,1880
304.897269,45.734209,45.144458,1882
304.905716,84.036167,83.407042,1881
305.010984,43.309000,42.614833,1883
305.174303,73.924666,73.364958,1884
305.201252,75.982084,75.208292,1885
305.232087,47.195750,46.354000,1887
305.265448,113.514042,112.689208,1886
305.559444,41.222125,40.476625,1888
305.637568,43.469708,42.785458,1889
305.928132,76.556375,75.675542,1890
305.928318,57.129042,56.578083,1891
306.114154,43.197000,42.526459,1892
306.164525,42.602875,41.920375,1893
306.226104,41.291834,40.757500,1894
306.301828,41.535083,40.991416,1895
306.447755,42.378292,41.914833,1896
306.560100,41.871375,41.278417,1897
306.757507,57.511125,56.927208,1899
306.809499,128.469250,127.897583,1898
306.814737,50.132542,49.587125,1901
306.843720,142.454667,141.302583,1900
306.893851,42.291375,41.826750,1902
307.022592,40.995500,40.470500,1903
307.163553,42.453834,41.990083,1904
307.228512,43.618750,43.078000,1905
307.364892,40.737083,40.252042,1906
307.481464,51.245250,50.735708,1907
307.510452,67.826209,67.354000,1908
307.566483,48.267917,47.846459,1909
307.635177,46.754458,46.339125,1911
307.643511,122.312166,121.677500,1910
307.771654,41.353958,40.887292,1912
307.925780,74.224208,72.650375,1913
307.971721,96.590375,96.042917,1914
307.980106,68.966333,68.226375,1916
308.013847,105.013125,104.501541,1915
308.233068,71.665126,71.146542,1917
308.251792,66.887042,66.226709,1918
308.292349,87.492417,86.658250,1919
308.422225,43.028709,42.534917,1920
308.559638,41.409084,40.903625,1921
308.715515,59.864292,59.166333,1922
308.776684,86.631125,85.991208,1923
308.801183,86.193333,85.640625,1924
308.837913,118.366500,117.779084,1925
308.928319,86.630251,85.921792,1927
308.944473,142.946709,142.416751,1926
308.948775,104.444959,102.635167,1928
308.980961,129.444584,128.954876,1929
309.021976,149.905001,149.177584,1930
309.064812,191.693834,191.203250,1931
309.124709,41.167875,40.698583,1932
309.228396,43.526583,42.929541,1933
309.290750,43.987416,43.244833,1934
309.403500,41.469750,40.946500,1935
309.539664,93.448542,92.911583,1937
309.569445,114.600792,113.981000,1938
309.569778,138.079375,137.492250,1936
309.628352,110.058667,109.513542,1939
309.629236,78.963500,78.432084,1940
309.757980,43.772459,43.198750,1941
309.954153,83.933208,83.253625,1944
309.964758,113.209834,112.598208,1942
309.972647,117.343042,116.884542,1943
310.023586,124.439875,123.643334,1945
310.047739,58.324583,57.616125,1946
310.119145,40.733583,40.253792,1947
310.180492,41.351625,40.616334,1948
310.228387,43.527167,42.725375,1949
310.515327,65.890709,65.410917,1950
310.545601,96.166875,95.646250,1951
310.569621,51.392250,50.923833,1952
310.781497,41.134917,40.692750,1953
310.892312,40.736208,40.273334,1954
310.973556,41.165250,40.678458,1955
311.090819,41.066666,40.539625,1956
311.255727,89.911500,89.564709,1957
311.255749,74.825917,73.906583,1958
311.287253,102.357792,101.841542,1959
311.559572,41.344042,40.791042,1960
311.643543,44.214334,43.486625,1961
311.693989,42.066208,41.484042,1962
311.821901,43.363834,42.608417,1963
311.893994,42.427875,41.976958,1964
312.152335,43.261166,42.789542,1965
312.248767,63.878500,63.229833,1966
312.262935,65.606917,64.890875,1967
312.558868,40.645791,40.157542,1968
312.845151,74.863250,74.156833,1970
312.846237,77.031208,76.447000,1969
312.948601,97.073958,95.029958,1971
312.948679,64.025792,63.688042,1973
312.989341,113.948042,113.079459,1972
313.002460,73.901333,73.293500,1974
313.129066,40.724542,40.194001,1975
313.263243,99.372000,93.539542,1976
313.269690,65.480041,64.760500,1978
313.278715,93.849875,93.016583,1977
313.561147,42.923125,42.387334,1979
313.633871,40.425583,39.965625,1980
313.895071,43.529792,42.452667,1981
313.978143,84.380041,83.776583,1982
314.000400,77.397250,76.723792,1983
314.044092,84.874708,84.357000,1985
314.055613,116.477083,115.564750,1984
314.090402,44.732042,43.943084,1986
314.249073,64.164041,63.592375,1987
314.324760,94.685209,90.534208,1989
314.335469,141.469417,140.871792,1988
314.342533,64.708000,63.813750,1990
314.382633,66.828125,66.258500,1991
314.506192,41.301750,40.782291,1992
314.565508,47.284125,46.818333,1993
314.603904,46.683000,45.999042,1994
314.807747,41.423084,40.740292,1995
314.893402,41.847167,41.285125,1996
315.016880,50.941625,50.527458,1997
315.067914,80.545208,79.727375,1998
315.089080,47.423834,46.665208,1999
315.226158,41.267625,40.715501,2000
315.477635,41.259167,40.828083,2001
315.560962,42.734416,42.212625,2002
315.806593,60.267958,59.744417,2004
315.812170,75.707333,75.019000,2003
315.893322,41.810416,41.393917,2005
315.936213,41.043917,40.384459,2006
316.019196,43.452208,42.714875,2007
316.242543,57.635083,57.077125,2008
316.266886,50.724917,50.088500,2009
316.382625,42.422625,41.837250,2010
316.559866,41.657583,41.101959,2011
316.608272,40.795709,40.338083,2012
316.893852,42.291667,41.756459,2013
317.226600,41.702500,40.892250,2014
317.442180,41.256250,40.692167,2015
317.507619,44.968000,44.459917,2016
317.561098,42.879667,42.291666,2017
317.709350,42.504291,41.760542,2018
317.789982,40.812625,40.325542,2019
317.917024,65.163000,64.599208,2021
317.926234,74.678625,74.036666,2020
317.976250,43.351000,42.544250,2022
318.119930,40.722500,40.243292,2023
318.225918,41.053541,40.531459,2024
318.322477,40.972750,40.469042,2025
318.525566,52.813833,51.572209,2026
318.594139,65.146083,64.704208,2029
318.609910,94.917958,94.362333,2027
318.640292,122.046750,121.137917,2028
318.690813,41.168458,40.618083,2030
318.837338,41.392167,40.828667,2031
318.893043,41.503292,41.088542,2032
318.937680,44.765292,44.127708,2033
319.014431,42.013125,41.503000,2034
319.225444,40.558583,40.037958,2035
319.307345,41.967625,41.200542,2036
319.512142,62.415500,61.783750,2038
319.529205,86.788625,85.961167,2037
319.561527,43.347500,42.915541,2039
319.698059,83.606542,83.038666,2040
319.698271,60.075167,59.675000,2041
319.892312,40.753417,40.305125,2042
319.939330,40.809708,40.359958,2043
320.109924,40.715500,40.209458,2044
320.227334,42.443625,41.923583,2045
320.327441,42.532583,41.998542,2046
320.447212,58.111083,57.441417,2047
320.486040,59.784667,59.199000,2048
320.509500,51.414416,50.651417,2049
320.582276,64.044458,63.285250,2050
320.597487,65.059166,64.471458,2051
320.637464,44.358125,43.716167,2052
320.892260,40.684583,40.212959,2053
321.040464,40.789584,40.362875,2054
321.226409,71.477292,70.963959,2055
321.239473,54.577541,53.972625,2056
321.296272,41.417833,40.807959,2057
321.366478,41.248375,40.714625,2058
321.559800,41.575917,41.031666,2059
321.935862,81.001667,78.588709,2061
321.942528,90.971416,90.429500,2060
321.972646,106.087042,105.463750,2062
322.225553,40.659209,40.068875,2063
322.578377,60.169666,59.747333,2064
322.598372,56.152250,55.576792,2065
322.893476,41.913959,41.469750,2066
322.970099,58.758875,58.028250,2068
323.011303,117.735625,76.723792,2067
323.026823,41.979583,41.297375,2069
323.225797,40.907708,40.382125,2070
323.559798,41.573291,41.058792,2071
323.691215,79.968000,79.567833,2073
323.739418,130.040167,129.505542,2072
323.780457,136.326459,135.919583,2074
323.795174,88.541250,87.760166,2077
323.815339,151.684458,151.259209,2075
323.869998,182.721584,182.053667,2076
323.908439,56.896584,56.265417,2079
323.934159,168.170042,167.733125,2078
323.981470,40.858708,40.534084,2080
324.227127,42.246750,41.726417,2081
324.363774,44.011042,43.279833,2082
324.566119,67.586750,67.025584,2083
324.576748,58.526708,58.050125,2084
324.893875,42.311208,41.879833,2085
325.196086,50.377250,49.802375,2086
325.229970,45.118500,44.582125,2087
325.559419,41.212792,40.692167,2088
325.893176,41.589041,40.814084,2089
326.226154,41.262958,40.673208,2090
326.350150,41.174000,40.635291,2091
326.395327,41.386042,40.841500,2092
326.508781,41.752375,41.265584,2093
326.560731,42.514209,42.087792,2094
326.894221,42.655375,42.108209,2095
327.008986,41.398583,40.962542,2096
327.226361,41.439417,40.854917,2097
327.349867,40.438417,39.973500,2098
327.558723,40.472834,39.994791,2099
327.629229,40.611083,40.103583,2100
327.677695,42.712541,41.989500,2101
327.892046,40.446000,39.973209,2102
328.225897,41.008916,40.494417,2103
328.559786,41.575625,41.129375,2104
328.894452,42.884917,42.366042,2105
329.225494,40.608167,40.078208,2106
329.562607,44.403042,43.891459,2107
329.892362,40.784625,40.319709,2108
330.173216,42.459083,41.942541,2109
330.225826,40.936583,40.426458,2110
330.559126,40.927250,40.394083,2111
330.892338,40.765375,40.289084,2112
331.226551,41.710958,41.233500,2113
331.559697,41.468000,40.936292,2114
331.640028,47.834792,47.269250,2115
331.893074,41.521083,40.931625,2116
331.986037,43.903125,43.171625,2117
332.256160,47.766542,47.150833,2119
332.261155,76.260042,75.564417,2118
332.559248,41.026125,40.614584,2120
332.735673,41.427750,40.952042,2121
332.927317,73.198709,72.794167,2123
332.929714,78.159667,77.642834,2122
333.068130,41.582917,41.018542,2124
333.249357,64.498292,64.015875,2125
333.265268,60.581208,59.743250,2126
333.561346,43.181250,42.601125,2127
333.893178,41.643875,41.094666,2128
334.004504,61.209458,60.628166,2130
334.014364,77.445083,76.681791,2129
334.226262,41.374958,40.827500,2131
334.560896,42.693291,42.184917,2132
334.611259,43.234625,42.708166,2133
334.751409,41.239917,40.729500,2134
334.893923,42.361083,41.952167,2135
334.950568,42.917292,42.504000,2136
335.226468,41.573292,40.824292,2137
335.484168,41.584084,41.111584,2138
335.560146,41.927959,41.391291,2139
335.894542,43.008583,42.477458,2140
336.225873,40.983833,40.511333,2141
336.356253,41.612375,41.087375,2142
336.559621,41.462167,41.001333,2143
336.644822,41.582916,41.065792,2144
336.765970,68.247375,67.797917,2145
336.882509,52.609375,51.829167,2146
336.915619,64.086459,63.376542,2147
337.046526,46.321333,45.606750,2148
337.227317,42.398417,41.528083,2149
337.380272,41.419000,40.914417,2150
337.497512,41.144541,40.627125,2151
337.559882,41.660208,41.109542,2152
337.766936,52.040917,51.517667,2153
337.798397,52.638833,51.821000,2154
337.894934,43.378125,42.694167,2155
338.226026,41.158542,40.570250,2156
338.473930,49.892208,49.378875,2157
338.506958,62.836666,62.302334,2158
338.559621,41.428916,40.769750,2159
338.896722,43.597166,43.050583,2160
339.028433,43.626042,43.083250,2161
339.094944,41.675667,41.120333,2162
339.228323,43.434709,42.655375,2163
339.559260,41.031375,40.545458,2164
339.666883,43.741833,43.234041,2165
339.893155,41.575916,41.029041,2166
340.226336,41.440875,40.978875,2167
340.560216,41.987167,41.429208,2168
340.620560,52.415125,51.904125,2169
340.651546,69.199375,68.642584,2170
340.844918,42.950250,42.242375,2171
340.892555,40.957583,40.494416,2172
340.937890,41.617333,41.192375,2173
341.100219,40.869792,40.376292,2174
341.226150,41.273458,40.624500,2175
341.561328,43.116792,42.529959,2176
341.893062,41.436209,40.903916,2177
341.975951,55.087667,54.649292,2178
342.004942,65.987833,65.286958,2179
342.226596,41.689958,41.228250,2180
342.559423,41.197042,40.712000,2181
342.701229,40.754292,40.222875,2182
342.819462,42.739959,42.063875,2183
342.894540,43.008583,42.487959,2184
343.225826,40.937750,40.401375,2185
343.560330,42.131541,41.707167,2186
343.894206,42.641376,42.207376,2187
344.167144,42.946458,42.421750,2188
344.225784,40.922292,40.410416,2189
344.560031,41.825292,41.402666,2190
344.892500,40.943584,40.430541,2191
345.017629,40.804166,40.313000,2192
345.226231,41.362416,40.781125,2193
345.295727,41.039250,40.572875,2194
345.471228,43.284209,42.523833,2195
345.560386,42.204750,41.724958,2196
345.891970,40.392625,39.855958,2197
346.233355,48.465667,47.903625,2198
346.268670,77.177625,76.739250,2199
346.314429,42.612208,41.776875,2200
346.376851,40.960209,40.432292,2201
346.561288,43.076833,42.460833,2202
346.927976,76.409083,75.802416,2203
346.933405,70.955209,70.245292,2204
347.257037,73.738000,71.550500,2205
347.258091,73.203667,72.547708,2206
347.327327,40.968084,40.519500,2207
347.588407,70.183750,69.451666,2209
347.592867,77.182000,76.491333,2208
347.894108,42.548625,41.988042,2210
348.225854,40.965167,40.406041,2211
348.558859,40.632375,40.124292,2212
348.896842,68.894291,68.434625,2213
348.909261,57.701875,56.973291,2214
348.953299,43.411083,42.661208,2215
349.001824,40.919958,40.411292,2216
349.052379,41.423375,40.905667,2217
349.227731,42.842334,42.285834,2218
349.300459,41.741583,41.319250,2219
349.388167,40.943875,40.443375,2220
349.572157,53.902042,53.386375,2221
349.601111,76.710375,75.958750,2222
349.898608,47.049333,46.575667,2223
349.936155,64.478458,63.949084,2224
350.225880,40.990250,40.471083,2225
350.559047,40.817584,40.303084,2226
350.656950,41.414041,40.941250,2227
350.931515,79.957792,79.441250,2228
350.931722,73.430875,72.863875,2229
351.067387,40.524167,40.028917,2230
351.239138,54.247083,53.303250,2231
351.302392,108.226708,107.674292,2232
351.329634,106.658709,105.964542,2234
351.379577,74.913125,74.492834,2236
351.415260,168.580417,167.966458,2235
351.425472,209.786209,209.093792,2233
351.587434,69.202292,67.659959,2237
351.599281,62.385458,61.520667,2238
351.893213,41.645916,41.101375,2239
352.202429,53.617375,53.016541,2240
352.233192,48.288334,47.530875,2241
352.558817,40.593875,40.112042,2242
352.624722,40.900125,40.413916,2243
352.747380,40.466709,39.905542,2244
352.892325,40.767125,40.310375,2245
352.962484,41.606834,41.040125,2246
353.112267,43.504125,43.085291,2247
353.183614,41.389541,40.881458,2248
353.226235,41.368542,40.884084,2249
353.474971,40.874459,40.398459,2250
353.552602,50.856458,50.443166,2251
353.596433,78.201959,77.375375,2252
353.623837,44.964500,44.159209,2253
353.892594,41.041000,40.582209,2254
353.938860,40.787541,40.318250,2255
354.264929,79.058000,78.503833,2257
354.289624,104.735459,104.159125,2256
354.352285,154.324625,153.579416,2258
354.368403,94.061917,93.604000,2259
354.395435,71.686125,71.022001,2260
354.561177,42.955500,42.308584,2261
354.782556,71.249500,70.784000,2262
354.790429,61.579583,60.978750,2263
354.892333,40.756334,40.289375,2264
355.183050,42.778750,42.086041,2265
355.225369,40.476041,39.931791,2266
355.559513,41.290958,40.780541,2267
355.656967,41.864666,41.400042,2268
355.893550,41.992416,41.355125,2269
355.997148,41.191500,40.675250,2270
356.228259,43.389792,42.797416,2271
356.380199,41.511167,40.960500,2272
356.487510,43.365583,42.606667,2273
356.562186,43.992375,43.252125,2274
356.621535,41.403542,40.829250,2275
356.735787,43.006542,42.517125,2276
356.797646,44.429875,43.887958,2277
356.895213,43.654333,42.935667,2278
357.227675,42.777875,42.020417,2279
357.575237,66.270167,65.827417,2280
357.588874,70.648958,69.942250,2281
357.733265,43.436459,42.972125,2282
357.892155,40.601751,40.072667,2283
358.226137,41.271125,40.687500,2284
358.477290,51.801750,50.973125,2285
358.507332,67.056208,66.276000,2286
358.561883,43.650250,42.945583,2287
358.893233,41.669541,41.175458,2288
358.966530,40.963125,40.466125,2289
359.225377,40.489167,39.982250,2290
359.314189,43.265250,42.723334,2291
359.516899,42.908541,42.379750,2292
359.561867,43.638583,43.143041,2293
359.892896,41.338792,40.856959,2294
360.228434,43.510250,42.682209,2295
360.312714,40.849083,40.348875,2296
360.578931,49.217000,48.796417,2299
360.611738,93.516500,92.941333,2297
360.640384,121.232708,120.488959,2298
360.822579,84.403375,84.001458,2300
360.833750,80.378375,79.831792,2301
360.870055,111.771042,106.752042,2302
360.899408,47.836542,47.021625,2303
361.075202,41.082125,40.562667,2304
361.226782,41.910167,41.449333,2305
361.334608,41.845417,41.304375,2306
361.566076,47.848500,47.204208,2307
361.598667,71.462125,70.990500,2308
361.641718,41.838708,41.376708,2309
361.892991,41.405291,40.766833,2310
362.251156,66.258792,64.795209,2311
362.262425,76.795834,75.824875,2312
362.571379,62.545875,61.992000,2313
362.593028,74.853625,74.276709,2314
362.707488,60.205250,59.355625,2315
362.726734,58.281125,57.730167,2316
362.893386,41.834041,41.288334,2317
362.959728,41.330042,40.872417,2318
363.026364,41.684417,41.265000,2319
363.225804,40.914417,40.364625,2320
363.281840,43.096959,42.378291,2321
363.336357,42.893083,42.315291,2322
363.475680,41.096417,40.625084,2323
363.532218,48.069583,47.512792,2324
363.566953,48.723500,48.253333,2325
363.738940,40.964000,40.459417,2326
363.911905,60.333583,58.640166,2327
363.932098,75.418000,74.782167,2328
364.226530,41.633084,41.190334,2329
364.559344,41.118000,40.592708,2330
364.892954,41.397125,40.926083,2331
365.137234,43.393000,42.803833,2332
365.226009,41.124708,40.566750,2333
365.361149,40.856375,40.392041,2334
365.507072,41.998541,41.521375,2335
365.561119,42.881417,42.192792,2336
365.726254,42.058333,41.639792,2337
365.878759,52.433208,51.970625,2338
365.908908,57.365292,56.666167,2339
366.227857,42.990500,42.502542,2340
366.268787,41.218625,40.789001,2341
366.350072,41.112458,40.493541,2342
366.487081,43.034833,42.378875,2343
366.559684,58.417041,57.989458,2344
366.586706,68.460875,67.780125,2345
366.814514,43.370542,42.734416,2346
366.892707,41.127625,40.609333,2347
367.253171,48.486667,47.908000,2349
367.262182,77.286709,76.647375,2348
367.559810,41.563083,40.883792,2350
367.641833,52.296125,50.489251,2351
367.672073,44.099417,43.275458,2352
367.883762,60.532791,59.345417,2353
367.905136,53.569250,52.749959,2354
368.190655,65.425500,64.938417,2355
368.211859,65.069375,64.357417,2356
368.286030,101.176542,99.792292,2357
368.301125,59.500000,58.753333,2358
368.399683,42.312666,41.803125,2359
368.560520,42.294875,41.778625,2360
368.685156,42.464042,41.986292,2361
368.901664,45.032750,44.265666,2363
368.930439,78.894375,78.331750,2362
368.978567,43.128459,42.459375,2364
369.151468,41.589916,41.125000,2365
369.225891,41.001625,40.503750,2366
369.336252,41.613542,41.062000,2367
369.531238,49.409209,48.899667,2368
369.564806,46.583833,45.952666,2369
369.706531,41.353084,40.929000,2370
369.809597,90.895875,90.388959,2371
369.824641,81.866750,81.183083,2372
369.869586,80.206875,75.289083,2374
369.898848,47.282666,46.734625,2375
369.913517,144.230625,143.665958,2373
370.052662,40.954375,40.503458,2376
370.164543,41.367375,40.858125,2377
370.255233,70.373042,69.731375,2378
370.265812,60.603958,60.060000,2379
370.422050,60.749792,59.236334,2380
370.442355,54.526792,53.505959,2381
370.574432,56.205917,55.311959,2382
370.621283,68.679041,68.091042,2383
370.638339,49.754833,48.991250,2384
370.685547,42.238000,41.827916,2385
370.892249,40.692458,40.198083,2386
371.098481,41.131417,40.624209,2387
371.247915,74.611250,74.068458,2388
371.253945,69.067542,67.911958,2389
371.331306,41.792333,41.274333,2390
371.432682,42.852542,42.266291,2391
371.512906,41.225917,40.671458,2392
371.562137,43.890875,43.186792,2393
371.608599,41.951584,41.268209,2394
371.835615,49.460833,48.978125,2395
371.895500,71.200209,70.651876,2396
371.913805,62.231167,61.568208,2397
371.968664,41.847750,41.346083,2398
372.031439,43.318625,42.751625,2399
372.171882,41.942834,41.490458,2400
372.225753,40.867459,40.244750,2401
372.291925,41.543542,40.740875,2402
372.373995,55.801375,55.123542,2404
372.384247,85.824375,84.797417,2403
372.469957,42.923125,42.251709,2405
372.559118,40.893708,40.266917,2406
372.638106,41.980750,41.006292,2407
372.805068,62.442333,61.171250,2409
372.814955,78.986833,78.453083,2408
372.893220,41.684125,40.984709,2410
372.939754,41.222416,40.480125,2411
372.987226,40.927542,40.465250,2412
373.199501,54.810292,54.135667,2413
373.227745,42.844959,42.169167,2414
373.373215,41.249833,40.740000,2415
373.558814,40.588625,40.105625,2416
373.672826,42.123666,41.730500,2417
373.771503,51.638125,51.208791,2418
373.803439,50.309292,49.417084,2419
373.894839,43.280708,42.777875,2420
374.107167,42.906792,42.160417,2421
374.205629,56.549208,56.030042,2422
374.233093,48.180709,47.217917,2423
374.372239,40.854334,40.373958,2424
374.466337,43.061083,42.499333,2425
374.560322,42.114042,41.697833,2426
374.902150,50.596291,49.972417,2428
374.916268,78.471459,77.945583,2427
375.177108,65.490542,64.685250,2429
375.217368,84.998959,82.992584,2430
375.248900,64.825833,64.226750,2432
375.293475,108.639417,108.282708,2433
375.307350,136.759584,136.215625,2431
375.476418,41.445833,40.923750,2434
375.561303,43.070708,42.428458,2435
375.702864,42.304791,41.855625,2436
375.815226,41.439417,40.905958,2437
375.909412,74.652375,74.211667,2438
375.912514,60.956583,60.268833,2439
376.260330,75.464667,74.879000,2441
376.269322,95.110166,91.977375,2440
376.317491,79.494333,78.944250,2443
376.367326,60.228875,59.812958,2444
376.398729,197.741833,197.202250,2442
376.431028,81.277875,80.696584,2445
376.445440,65.937375,65.292792,2446
376.561323,43.086166,42.434292,2447
376.908576,90.055875,89.516000,2448
376.911051,84.052500,83.401791,2449
376.945234,93.720375,93.228042,2450
377.082600,66.112958,65.228625,2452
377.095950,80.768625,80.211250,2451
377.228122,43.227334,42.368375,2453
377.286337,41.000750,40.546041,2454
377.584726,66.528875,66.017000,2455
377.596801,58.199459,57.566833,2456
377.637456,40.663000,40.296375,2457
377.752734,49.416209,48.012708,2458
377.787464,44.302417,43.742125,2459
377.894360,42.802667,42.260166,2460
378.242043,57.153542,56.610750,2461
378.265971,79.436583,78.890875,2462
378.575519,71.207208,70.688625,2463
378.581687,63.457333,62.767833,2464
378.750704,41.516709,41.043916,2465
378.804119,42.262792,41.618500,2466
378.899656,74.146625,73.575250,2468
378.918659,95.840792,95.321042,2467
378.976747,149.551792,148.585208,2469
378.978808,127.244250,126.724500,2470
379.050661,50.057291,49.559125,2471
379.082434,45.602666,44.855125,2472
379.226073,41.158250,40.617792,2473
379.407376,41.076875,40.599417,2474
379.535726,55.032251,54.624500,2475
379.563206,44.988417,44.388167,2476
379.613267,42.117834,41.703083,2477
379.726497,40.797167,40.334291,2478
379.894957,43.421000,42.903000,2479
380.057724,41.130250,40.421208,2480
380.132253,54.871542,54.167458,2482
380.149345,77.631458,76.925042,2481
380.228294,43.398251,42.624751,2483
380.296848,41.490750,40.974792,2484
380.566110,47.880292,47.337208,2485
380.637882,41.834625,41.415792,2486
380.687978,45.091959,44.492875,2487
380.897046,45.490958,44.779875,2488
381.102155,40.785208,40.320000,2489
381.227545,42.659166,41.994750,2490
381.368145,44.030000,43.207500,2491
381.564281,78.776250,78.315125,2492
381.572171,53.928583,53.363625,2493
381.651278,101.162250,100.513000,2494
381.651479,42.924000,42.390250,2495
381.730171,43.723167,42.977375,2496
381.909760,58.194791,57.096959,2497
381.932969,49.099459,48.295042,2498
382.023344,41.372333,40.800666,2499
382.195744,49.763875,49.058333,2500
382.227902,43.011500,42.301000,2501
382.598200,68.818750,68.128083,2504
382.611379,93.151625,92.358292,2502
382.664396,143.869542,143.091666,2503
382.671735,60.744833,60.023833,2505
382.892775,41.219500,40.763041,2506
382.934369,40.860458,40.404000,2507
382.988249,41.713584,41.184208,2508
383.262178,77.269209,76.666916,2509
383.263173,66.817625,66.281834,2510
383.559354,41.129083,40.596791,2511
383.832449,43.754667,43.237250,2512
383.894570,43.017334,42.489708,2513
383.960997,41.054125,40.551291,2514
384.228102,43.214500,42.420875,2515
384.413100,41.211042,40.614000,2516
384.559606,41.382250,40.750208,2517
384.738738,41.477917,40.939209,2518
384.842884,42.932459,42.399584,2519
384.892864,41.325667,40.808541,2520
385.090822,43.204291,42.695334,2521
385.181504,42.180250,41.664584,2522
385.225639,40.778208,40.276250,2523
385.315365,41.235833,40.700333,2524
385.377474,43.273125,42.611625,2525
385.559905,41.685000,41.151542,2526
385.892618,41.060250,40.537292,2527
386.032897,41.826458,41.429209,2528
386.201941,85.292375,84.885792,2530
386.205530,89.378917,88.879000,2529
386.253743,68.863083,68.120209,2531
386.277183,60.123000,59.444000,2532
386.559509,41.348708,40.816708,2533
386.690692,41.287166,40.751083,2534
386.892465,40.879125,40.348583,2535
386.963775,64.660167,63.970958,2537
386.975140,82.718708,82.176500,2536
387.228409,43.486333,42.702042,2538
387.566362,54.973333,54.558875,2539
387.599210,80.935750,80.117916,2540
387.829222,41.908417,41.260333,2541
387.928334,76.772500,76.045959,2543
387.932578,83.750626,83.273751,2542
388.244708,78.766042,77.961041,2544
388.272942,90.272875,89.822250,2545
388.288843,103.939792,103.217042,2546
388.418326,43.539416,43.010042,2547
388.559807,41.584959,41.053541,2548
388.892901,41.322750,40.858417,2549
389.044518,61.446583,59.338125,2550
389.065097,48.634833,47.976834,2551
389.226780,41.867000,41.199375,2552
389.563080,44.846667,44.099417,2553
389.893395,41.851250,41.383417,2554
390.226418,41.530708,40.745250,2555
390.562713,44.510083,43.977791,2556
390.892244,40.665042,40.183500,2557
391.225597,40.708792,40.172417,2558
391.559465,41.234666,40.699750,2559
391.892937,41.369125,40.843833,2560
392.226539,41.660500,41.070459,2561
392.559572,41.321875,40.649292,2562
392.892889,41.331792,40.637333,2563
392.994349,43.469125,42.728875,2564
393.225972,41.059375,40.535541,2565
393.561067,42.843792,42.121334,2566
393.894508,42.951709,42.214958,2567
394.029112,41.542083,40.999000,2568
394.227457,42.572542,41.942834,2569
394.509897,40.778792,40.297250,2570
394.562033,43.824958,43.313667,2571
394.698816,41.479667,40.948541,2572
394.780675,42.909125,42.293708,2573
394.893952,42.377125,41.841333,2574
395.170163,41.816833,41.273166,2575
395.225523,40.611958,40.102417,2576
395.559156,40.929000,40.390292,2577
395.657607,42.406875,41.874875,2578
395.901430,49.875875,49.295458,2579
395.932669,65.921625,65.389625,2580
396.225803,40.912375,40.383583,2581
396.395709,41.110417,40.569958,2582
396.524196,43.833125,43.293542,2583
396.580852,62.677709,61.891083,2584
396.789639,69.747125,69.220958,2585
396.802084,62.631625,62.073667,2586
396.894998,43.442000,42.889292,2587
397.230241,65.859208,65.411792,2588
397.252334,67.430125,66.848834,2589
397.289455,49.504875,48.714167,2590
397.440757,67.796166,67.019166,2591
397.449371,64.131375,63.564375,2592
397.491252,41.205208,40.486833,2593
397.561116,42.905042,42.364583,2594
397.894030,42.477750,41.839875,2595
398.235586,50.718209,50.006250,2596
398.294185,71.757875,70.944125,2597
398.304901,61.615167,60.861792,2598
398.584418,66.188500,65.385833,2599
398.597569,59.515750,58.928625,2600
398.893085,41.546750,41.015625,2601
399.174594,40.890209,40.383875,2602
399.260307,64.835167,64.421875,2604
399.267718,82.836542,82.240958,2603
399.560834,42.575167,42.006416,2605
399.893219,41.663708,41.115959,2606
400.226163,41.214833,40.626250,2607
400.323417,42.938583,42.220500,2608
400.595389,77.179667,76.728167,2609
400.601052,73.432625,73.005333,2610
400.894035,42.477750,41.964417,2611
400.958385,41.656125,41.242541,2612
401.227083,42.195708,41.470917,2613
401.284860,41.053834,40.514833,2614
401.502492,67.572750,66.792250,2615
401.518370,68.681084,67.874625,2616
401.559768,41.545875,40.944459,2617
401.835337,44.298333,43.763709,2618
401.893233,41.700167,41.069292,2619
402.088326,65.391667,64.796958,2620
402.104482,57.965833,57.248041,2621
402.228338,43.439667,42.624750,2622
402.393584,41.157958,40.458834,2623
402.518149,41.419875,40.907125,2624
402.559140,40.877959,40.340708,2625
402.720245,42.326958,41.878375,2626
402.892504,40.945625,40.465833,2627
403.236439,51.569292,51.115750,2628
403.275283,64.897291,64.067208,2629
403.423912,40.815541,40.333709,2630
403.559366,41.141042,40.401083,2631
403.647179,42.601709,41.920083,2632
403.893462,41.909000,41.337333,2633
404.040635,42.530833,42.000583,2634
404.195342,42.741417,42.102084,2635
404.239290,54.436083,53.803750,2636
404.354700,43.586666,42.893375,2637
404.559507,41.278125,40.548083,2638
404.892916,41.359208,40.826916,2639
404.959816,40.612834,40.149083,2640
405.227561,42.669958,42.113167,2641
405.360569,56.354666,55.946041,2642
405.396342,67.052417,66.576417,2643
405.499435,41.800792,41.038666,2644
405.560476,42.250542,41.831125,2645
405.681125,41.558708,40.889333,2646
405.892726,41.169041,40.469625,2647
405.945756,40.974792,40.246500,2648
406.142333,43.642958,43.093167,2649
406.226186,41.295042,40.755458,2650
406.417964,41.684125,40.888458,2651
406.560026,41.770167,40.981500,2652
406.893854,42.303625,41.841041,2653
407.077629,42.118125,41.355417,2654
407.232676,53.128250,52.616083,2655
407.259500,74.580333,73.660125,2656
407.471646,40.545167,40.068000,2657
407.560258,42.011666,41.584959,2658
407.901791,50.212750,49.616583,2659
407.934313,62.043042,61.253792,2660
408.002393,59.687541,58.618292,2661
408.024927,66.511667,65.799708,2662
408.130840,41.762291,41.334708,2663
408.225720,40.831584,40.308334,2664
408.302912,40.706166,40.225792,2665
408.559568,41.292708,40.586875,2666
408.836218,40.808250,40.315334,2667
408.938821,64.419833,63.501667,2670
408.944106,92.595417,91.898625,2668
408.973104,110.327584,109.782750,2669
409.228641,43.771292,43.205458,2671
409.466911,64.004500,63.205917,2673
409.469752,75.265458,74.794416,2672
409.559692,41.468292,40.913833,2674
409.723163,40.625375,40.072375,2675
409.893426,41.868750,41.396250,2676
410.227384,42.471625,41.937875,2677
410.312395,42.581292,42.074376,2678
410.559485,41.251292,40.808833,2679
410.771980,42.765917,42.251708,2680
410.892912,41.335000,40.835084,2681
411.099211,40.580458,40.084916,2682
411.228377,43.507333,42.849917,2683
411.485807,42.069125,41.514375,2684
411.559387,41.157375,40.625083,2685
411.893402,41.859708,41.304667,2686
412.164124,42.211750,41.553166,2687
412.238088,53.239667,52.427666,2689
412.252024,77.718375,77.140000,2688
412.559077,40.867167,40.397583,2690
412.892861,41.283083,40.808833,2691
413.183489,40.846166,40.359375,2692
413.225723,40.832458,40.320875,2693
413.286438,49.266583,48.878667,2694
413.328560,55.004541,54.502584,2695
413.560667,42.433125,41.962958,2696
413.781129,40.738542,40.106792,2697
413.892474,40.919083,40.458542,2698
414.090782,55.431250,53.427209,2700
414.107960,75.929583,75.313584,2699
414.226426,41.536833,40.689250,2701
414.309790,41.094959,40.575500,2702
414.559595,41.368250,40.886709,2703
414.660207,40.800375,40.318541,2704
414.892449,40.913250,40.398458,2705
415.241080,59.600917,59.085541,2706
415.271188,86.321375,85.736584,2707
415.547588,69.801084,68.183208,2708
415.572706,54.484792,49.585958,2709
415.598525,80.078250,79.306792,2710
415.727672,41.310500,40.620125,2711
415.892186,40.631208,40.140042,2712
416.227742,42.872958,42.404542,2713
416.448347,42.460833,41.809541,2714
416.559669,41.436500,40.914417,2715
416.771953,41.845125,41.080667,2716
416.892418,40.887583,40.347709,2717
416.980637,43.224125,42.470167,2718
417.226449,41.559000,40.740584,2719
417.563927,45.720791,45.279500,2720
417.618840,90.700750,89.866292,2721
417.641141,53.918959,53.133500,2722
417.699516,41.639792,40.930458,2723
417.925104,73.562417,73.112084,2724
417.929585,61.677292,61.083166,2725
418.260615,76.074834,75.643750,2726
418.260798,75.913542,75.601459,2727
418.331915,41.043916,40.507834,2728
418.575352,57.071875,56.648375,2729
418.600844,70.226042,69.646208,2730
418.646677,43.165792,42.471917,2731
418.893354,41.774833,41.292125,2732
419.227734,42.843792,42.157791,2733
419.559178,40.974209,40.540792,2734
419.647470,40.698875,40.240084,2735
419.894256,42.721292,42.136500,2736
420.064566,40.743500,40.240958,2737
420.225785,40.896042,40.337208,2738
420.393845,41.458958,40.996958,2739
420.559251,41.026125,40.527667,2740
420.815786,71.113875,70.313250,2741
420.835613,66.124625,65.454667,2742
420.868227,56.784291,56.254333,2743
420.904718,53.180750,52.606167,2744
421.111855,40.887583,40.366375,2745
421.180239,41.513792,40.978000,2746
421.226379,41.483167,41.005125,2747
421.551401,100.287251,96.796001,2748
421.564370,112.688917,111.958584,2749
421.587151,68.923459,68.490333,2750
421.607816,69.655542,69.119750,2751
421.820571,42.780792,42.202417,2752
421.899559,48.026417,47.251750,2753
421.942699,50.086167,49.524125,2754
422.196785,53.451417,51.826542,2755
422.227207,42.294292,41.484334,2756
422.290362,41.489000,40.917625,2757
422.516307,42.004667,41.576208,2758
422.559563,41.334708,40.789292,2759
422.642119,43.206333,42.653916,2760
422.772809,50.808333,50.196416,2763
422.792171,102.937334,102.445291,2761
422.851452,49.424375,48.869042,2765
422.861679,163.799709,160.229417,2762
422.906601,55.038667,54.471084,2766
422.918147,174.640084,173.967792,2764
423.260664,75.792792,75.177375,2767
423.261079,63.417375,62.943708,2768
423.422774,41.164667,40.717250,2769
423.485110,40.734750,40.150833,2770
423.595326,77.111708,76.654376,2772
423.600155,91.171501,89.258458,2771
423.631667,44.314084,43.745917,2773
423.912564,61.009959,60.536584,2774
423.941601,66.710583,66.143875,2775
423.970211,42.574000,42.002916,2776
424.071563,41.101083,40.658333,2777
424.118481,41.183625,40.723083,2778
424.255869,52.909209,52.099834,2780
424.271919,87.082917,86.630834,2779
424.477136,42.712541,42.157208,2781
424.586083,72.883125,72.230667,2782
424.594329,76.108375,75.499667,2783
424.648557,41.190333,40.697417,2784
424.787129,41.135791,40.396125,2785
424.882543,62.946625,62.315750,2786
424.901559,49.995458,49.455000,2787
425.016960,43.353041,42.966875,2788
425.175193,43.694875,42.413875,2789
425.260549,69.565125,68.980916,2792
425.277912,105.871792,104.892375,2790
425.294417,109.569542,107.504541,2791
425.357072,161.801792,160.996792,2793
425.392350,80.699791,80.098958,2796
425.431819,60.701083,59.949167,2797
425.474522,42.284083,41.761125,2798
425.483854,263.892416,263.143417,2794
425.544748,317.636083,316.971083,2795
425.569048,50.849167,50.055833,2799
425.895160,43.633625,42.968041,2800
426.068309,69.293292,68.788125,2801
426.077480,57.635084,57.057291,2802
426.243337,71.472333,70.909709,2803
426.253357,68.479250,67.959792,2804
426.337814,53.083042,52.565916,2805
426.406799,87.431751,86.518834,2806
426.412897,59.524792,58.814000,2807
426.588355,78.118834,75.970125,2808
426.591406,73.184125,72.435417,2809
426.675316,41.944000,41.372917,2810
426.874043,59.467334,58.796208,2811
426.918935,67.379083,66.917375,2812
426.943549,62.896750,62.174584,2813
427.129215,42.166250,41.352208,2814
427.228201,43.304334,42.485916,2815
427.305347,42.585083,42.151084,2816
427.490173,41.433583,40.844416,2817
427.587525,79.029125,76.693459,2818
427.600942,82.741458,82.042042,2819
427.649779,62.799334,62.224459,2820
427.672110,47.870084,47.297250,2821
427.896140,44.579791,43.947458,2822
427.930391,75.239792,74.385500,2823
428.189105,45.381875,44.021541,2824
428.226576,41.660500,41.092041,2825
428.278094,42.795667,42.287583,2826
428.588168,69.917166,69.184500,2827
428.594114,53.695542,53.111917,2828
428.648119,41.340542,40.794834,2829
428.730109,41.443792,40.956709,2830
428.837589,92.404667,91.704959,2831
428.870069,101.300500,100.656500,2832
428.872987,84.618333,83.902292,2833
428.920668,114.378833,113.799292,2834
428.981507,100.276750,99.597458,2836
428.990059,62.682375,62.075125,2837
429.008622,157.063375,156.294250,2835
429.254273,69.359500,68.568791,2838
429.266183,65.479459,64.733959,2839
429.311619,41.175750,40.661833,2840
429.511977,43.644125,42.968625,2841
429.559579,41.374375,40.850833,2842
429.742807,48.822666,48.215416,2843
429.892338,40.784042,40.326126,2844
430.233065,48.175167,47.453000,2845
430.275208,52.446041,51.664375,2846
430.307999,41.852125,41.419292,2847
430.381312,57.791708,57.330000,2848
430.404712,46.267083,45.389458,2849
430.586364,61.252333,60.796750,2851
430.594972,76.766667,76.368542,2850
430.726225,42.452084,41.814500,2852
430.772161,40.739417,40.219667,2853
430.918592,67.031417,66.252958,2855
430.918950,77.315875,76.918917,2854
431.074336,41.176917,40.724542,2856
431.185149,40.744667,40.174167,2857
431.231531,46.589667,45.689875,2858
431.617628,99.396208,98.945583,2859
431.635545,110.769750,109.910208,2860
431.636105,103.621875,102.977583,2861
431.763139,43.090833,42.303625,2862
431.893342,41.780083,41.187417,2863
432.032073,68.164542,67.630792,2864
432.042190,60.974375,60.181333,2865
432.161341,100.791833,100.237375,2866
432.165116,102.450250,102.024709,2867
432.176453,82.349167,81.667541,2868
432.227359,42.460833,41.801375,2869
432.394689,41.346083,40.868625,2870
432.588287,70.060959,69.568334,2871
432.635358,93.400125,92.784417,2872
432.668302,90.183042,89.497917,2873
432.676894,92.830500,92.233167,2874
432.838511,100.259542,99.806875,2875
432.857520,111.852708,107.848709,2876
432.860592,91.483875,90.523416,2877
432.896479,59.790792,55.505916,2878
432.934457,82.918500,82.146750,2879
433.138823,41.364750,40.829833,2880
433.228202,43.311917,42.602875,2881
433.440218,40.842083,40.395250,2882
433.490587,40.860167,40.396416,2883
433.559259,41.032541,40.539333,2884
433.656882,71.720541,71.267584,2885
433.667575,69.348709,68.782292,2886
433.849834,61.934250,61.255542,2887
433.894036,95.732000,94.889666,2888
433.907905,56.375667,55.720000,2889
433.967927,41.791750,41.325084,2890
434.111991,41.237292,40.767125,2891
434.226224,41.334416,40.793083,2892
434.362959,42.405417,41.941375,2893
434.573284,55.064917,54.470500,2894
434.609348,88.209625,87.399958,2895
434.672561,42.904750,42.221958,2896
434.779682,63.637875,63.158667,2897
434.791658,61.658334,61.022792,2898
434.839918,42.863625,42.171500,2899
434.895137,43.610000,43.094916,2900
435.050639,74.700208,74.070208,2903
435.067352,112.526458,111.896750,2902
435.069529,126.312375,118.670125,2901
435.120285,64.598041,63.903000,2906
435.137134,122.451292,121.610417,2904
435.178160,132.849792,132.245750,2905
435.228367,43.496833,42.908542,2907
435.451454,41.378167,40.902459,2908
435.560083,64.046792,63.305958,2909
435.575781,57.564792,56.997209,2910
435.894413,42.858375,42.163333,2911
436.226505,62.335292,61.905958,2912
436.244245,59.340750,58.754208,2913
436.331055,61.234250,60.475042,2914
436.371344,84.805583,84.331917,2915
436.393125,56.848458,56.251125,2916
436.587865,69.640667,69.139292,2918
436.595983,83.137833,82.497333,2917
436.803797,59.333459,58.739334,2919
436.828703,57.698375,56.888125,2920
436.900353,48.793792,48.300292,2921
436.942756,52.404333,51.550334,2922
436.974712,42.812292,42.091584,2923
437.226251,41.358041,40.783459,2924
437.581851,63.624167,63.112001,2925
437.599063,55.691417,55.206084,2926
437.894094,42.514208,41.825292,2927
438.004435,40.659208,40.171542,2928
438.228247,43.356542,42.581584,2929
438.355626,66.072125,65.415000,2930
438.370262,58.524667,57.972542,2931
438.428150,40.826916,40.355291,2932
438.555307,51.318166,50.908958,2933
438.588426,70.199792,69.461875,2934
438.714293,48.385458,47.857833,2935
438.751427,47.340708,46.584125,2936
438.894464,42.928375,42.421459,2937
439.111782,63.364292,61.686625,2939
439.118265,74.417000,73.730417,2938
439.228161,43.271375,42.564375,2940
439.418156,41.401208,40.802417,2941
439.560037,66.019625,65.585042,2942
439.577162,58.927167,58.339167,2943
439.746302,42.408042,41.945459,2944
439.902602,68.356750,67.883375,2945
439.915141,63.565834,62.824416,2946
440.002419,43.921208,43.408750,2947
440.187647,44.261292,43.474375,2948
440.279481,94.609667,94.053458,2949
440.288796,80.999916,80.387125,2950
440.303391,69.396833,68.631792,2951
440.505511,42.545709,42.107333,2952
440.559348,41.120625,40.576958,2953
440.614761,42.096834,41.679166,2954
440.894389,42.830083,42.231000,2955
441.077828,40.688959,40.232500,2956
441.255115,70.250250,69.787958,2957
441.264661,70.565833,69.891792,2958
441.561061,42.829500,42.021292,2959
441.673130,43.311625,42.711959,2960
441.868372,51.980833,51.457000,2961
441.937347,59.640000,59.229625,2963
441.937647,86.120125,85.439375,2962
442.251637,66.736834,66.077083,2964
442.268258,71.690208,71.140417,2965
442.558837,40.627125,40.204209,2966
442.632700,53.883375,52.703292,2967
442.660876,44.466917,43.914792,2968
442.725917,42.730333,42.310625,2969
442.893763,42.209708,41.687625,2970
443.226254,41.386041,40.784333,2971
443.310919,41.422792,40.905958,2972
443.356503,41.535375,41.011834,2973
443.538163,52.340167,51.860959,2974
443.602215,83.960916,83.000166,2975
443.606805,68.345375,68.001791,2976
443.892160,40.589208,40.058666,2977
444.225374,40.485083,39.963583,2978
444.559395,41.192375,40.684000,2979
444.892212,40.654833,40.173000,2980
445.132627,41.019125,40.554500,2981
445.233246,44.267417,43.256208,2983
445.263900,79.008709,78.171333,2982
445.374725,42.993416,42.467250,2984
445.500256,41.122667,40.646084,2985
445.559112,40.882916,40.360834,2986
445.608437,41.119750,40.555083,2987
445.905285,53.707208,53.249875,2988
445.932625,50.804250,50.002750,2989
445.986387,41.203459,40.750791,2990
446.225926,41.038375,40.503750,2991
446.561354,43.146833,42.597042,2992
446.760335,41.084458,40.549250,2993
446.903798,52.237209,51.708125,2994
446.940604,68.354709,67.873459,2995
447.226804,41.879250,41.293292,2996
447.560131,41.883042,41.167583,2997
447.892879,41.298833,40.583375,2998
448.234586,49.670250,49.077583,3001
448.268300,99.540583,98.752209,2999
448.312990,87.612000,86.964500,3002
448.328350,154.147292,153.628125,3000
448.507150,40.893416,40.433167,3003
448.585723,67.492250,66.766291,3004
448.597720,53.689417,52.907458,3005
448.892904,41.346958,40.878250,3006
448.999534,42.746375,42.243833,3007
449.047909,43.141583,42.429042,3008
449.247135,62.263833,61.784333,3009
449.263456,67.070791,66.313916,3010
449.559444,41.272875,40.791333,3011
449.892244,40.687791,40.184084,3012
450.178366,43.244250,42.532000,3013
450.233900,49.051334,48.592250,3015
450.255264,76.041584,75.567916,3014
450.558843,40.614292,40.129250,3016
450.824360,72.438042,71.890000,3017
450.829346,50.024917,49.438667,3018
450.892607,41.033416,40.567333,3019
450.957148,41.301750,40.758958,3020
451.229456,44.541292,43.849459,3021
451.560948,42.706709,42.216125,3022
451.634556,43.595417,42.957834,3023
451.672814,70.510708,69.794084,3024
451.928148,76.603625,74.353417,3025
451.930899,62.473250,61.928709,3026
452.225842,40.947084,40.363167,3027
452.560485,42.256667,41.612959,3028
452.711419,42.853125,42.300709,3029
452.760626,41.724084,41.182167,3030
452.892100,40.544583,39.987792,3031
452.941240,42.024209,41.549667,3032
453.225560,40.671458,40.142958,3033
453.559622,41.419000,40.899834,3034
453.847963,40.595917,40.128958,3035
453.892825,41.318667,40.646958,3036
454.226547,41.677417,41.127916,3037
454.559254,41.022625,40.588625,3038
454.894513,42.957833,42.483875,3039
455.248680,63.781959,62.762583,3041
455.255819,75.050500,74.559042,3040
455.338780,42.787500,42.259875,3042
455.494501,43.202250,42.504000,3043
455.561057,42.835625,42.126292,3044
455.893343,41.782416,41.349292,3045
456.184671,41.144833,40.676417,3046
456.226327,41.435917,40.677875,3047
456.580682,62.451375,61.652500,3049
456.583471,77.575166,76.927084,3048
456.893124,41.560458,40.730083,3050
457.170872,44.058583,43.245125,3051
457.225795,40.907125,40.392625,3052
457.279460,40.780542,40.329917,3053
457.561322,43.070125,42.312375,3054
457.893036,41.459834,40.722791,3055
458.147455,41.968500,41.438250,3056
458.227963,53.056209,52.493292,3057
458.259555,74.650917,74.055333,3058
458.560936,42.690958,42.058333,3059
458.620051,40.949709,40.445417,3060
458.893754,42.198333,41.670125,3061
459.155937,40.806208,40.341000,3062
459.245169,77.275042,76.753250,3063
459.248276,63.378292,62.444376,3064
459.586631,68.386208,67.864125,3065
459.596629,68.023375,67.312291,3066
459.893264,41.703959,41.271125,3067
460.225815,40.922583,40.322625,3068
460.570445,47.635583,47.037666,3070
460.597268,79.060916,78.492167,3069
460.892385,40.803583,40.327875,3071
460.957441,40.908584,40.434042,3072
461.226184,41.321584,40.775875,3073
461.590089,71.556334,71.139834,3075
461.597346,79.129166,78.607083,3074
461.800781,41.582333,40.819334,3076
461.895150,43.590167,42.994000,3077
462.258770,73.874792,73.310416,3078
462.275382,83.386917,82.668250,3079
462.413486,41.429500,40.919375,3080
462.589381,71.151791,70.339792,3081
462.600593,71.820292,71.194084,3082
462.950183,102.181333,92.092292,3083
462.957620,49.752209,49.110541,3085
462.974521,122.961125,122.487458,3084
463.006665,70.156625,69.584959,3086
463.227136,42.238875,41.551125,3087
463.354028,41.331791,40.810875,3088
463.560800,42.572833,42.177625,3089
463.893404,41.826166,41.306708,3090
464.198956,50.892334,50.493916,3091
464.237273,52.376917,51.592917,3092
464.283311,42.849042,42.325500,3093
464.559789,41.555500,41.119459,3094
464.606377,41.293583,40.459708,3095
464.675861,42.583625,42.162167,3096
464.724946,42.812583,42.424375,3097
464.914864,63.314417,62.568333,3098
464.929241,76.864958,75.349458,3099
465.233504,48.638042,48.016791,3100
465.269937,43.070417,42.567292,3101
465.561850,43.647625,43.136334,3102
465.661940,40.708208,40.229875,3103
465.912474,53.651500,53.222458,3105
465.930018,78.460375,77.828625,3104
466.226334,41.446125,40.911208,3106
466.561336,43.129625,42.504584,3107
466.892713,41.152708,40.609042,3108
467.226434,41.536541,40.938333,3109
467.344030,43.787041,43.266125,3110
467.559621,41.398292,40.636166,3111
467.665394,41.241375,40.725417,3112
467.764964,40.868625,40.402542,3113
467.829289,42.978250,42.440417,3114
467.893032,41.480833,40.909458,3115
468.226970,42.080209,41.471208,3116
468.560843,42.615417,42.188417,3117
468.893563,42.001750,41.569792,3118
469.226318,41.407917,40.625666,3119
469.559203,40.972167,40.402250,3120
469.644880,41.605959,41.145416,3121
469.735477,41.306417,40.612250,3122
469.867011,52.797792,52.402000,3123
469.900629,49.054250,48.258584,3124
470.018418,41.314875,40.818750,3125
470.226617,41.725541,41.153292,3126
470.282585,43.460959,42.789541,3127
470.559506,41.278125,40.874166,3128
470.768735,44.163291,43.698375,3129
470.892217,40.638500,40.124292,3130
470.947125,43.901375,43.383083,3131
470.998415,43.147416,42.467833,3132
471.063133,42.939750,42.417666,3133
471.154778,42.701459,42.161292,3134
471.230752,72.186625,71.478458,3135
471.234033,49.118125,48.579708,3136
471.560209,41.955083,41.291250,3137
471.662892,43.778583,42.859250,3138
471.844652,42.370125,41.900250,3139
471.892744,41.195000,40.726875,3140
472.018266,41.000459,40.482167,3141
472.228339,43.439083,42.871500,3142
472.561419,43.193500,42.498166,3143
472.893285,41.748000,41.195875,3144
472.979797,49.483292,48.939334,3145
473.020096,50.092875,49.202708,3146
473.106418,40.872708,40.396416,3147
473.225495,40.600584,40.068000,3148
473.560149,41.901708,41.208416,3149
473.893122,41.564542,40.807375,3150
474.227932,43.062250,42.502250,3151
474.414352,41.194417,40.454167,3152
474.560126,41.914541,41.458958,3153
474.825899,43.206334,42.674333,3154
474.892161,40.600875,40.072083,3155
475.053346,43.670083,43.191166,3156
475.225745,40.859000,40.294042,3157
475.566625,83.209291,82.551583,3158
475.579287,61.019875,60.368291,3160
475.608360,96.546334,95.965917,3159
475.783139,69.248958,68.653083,3161
475.795164,60.864417,60.265042,3162
475.893391,41.830834,41.145708,3163
475.947410,41.985125,41.247500,3164
476.227083,42.194250,41.619667,3165
476.381800,41.588750,41.057042,3166
476.559345,41.116541,40.579584,3167
476.882277,62.833458,62.225042,3168
476.899901,48.328584,47.624208,3169
477.117726,41.505916,40.849667,3170
477.227644,42.742583,42.183458,3171
477.294592,40.895750,40.384750,3172
477.529601,50.248333,49.494083,3173
477.563552,45.386542,44.621208,3174
477.900440,48.906375,48.498625,3175
477.948843,60.431875,59.980667,3176
477.983509,54.403708,53.538041,3177
478.254101,75.515125,74.993333,3178
478.258322,73.411625,72.768791,3179
478.473603,40.750792,40.372500,3180
478.559504,41.254208,40.567917,3181
478.722806,41.683833,41.254209,3182
478.797236,42.283208,41.868751,3183
478.892911,41.355417,40.828667,3184
479.053766,40.820500,40.313292,3185
479.225418,40.527958,40.003542,3186
479.298149,40.816709,40.252625,3187
479.561499,43.279250,42.602292,3188
479.735448,41.689667,40.956708,3189
479.795378,41.462458,40.942708,3190
479.920696,85.022584,84.493208,3191
479.930446,48.996500,48.442917,3193
479.955097,103.549833,102.790917,3192
480.226596,41.707750,40.856375,3194
480.559259,41.051209,40.621583,3195
480.889341,51.368333,50.693417,3196
480.921609,70.077292,69.315167,3197
481.227090,42.216416,41.694333,3198
481.473544,41.725542,40.810875,3199
481.560285,42.049584,41.370584,3200
481.753462,41.169334,40.721334,3201
481.893425,41.832875,40.653375,3202
482.049429,49.279125,48.689959,3205
482.093543,103.625667,96.096292,3203
482.142593,69.944292,67.092084,3207
482.179491,189.094208,187.832458,3204
482.218469,103.356459,102.452583,3208
482.277370,138.197791,137.777208,3209
482.309256,124.357625,123.654126,3210
482.317912,102.382875,101.733334,3211
482.322604,258.494542,257.714333,3206
482.590599,72.377375,71.838375,3212
482.596649,64.142458,63.588875,3213
482.707474,40.650750,40.155208,3214
482.813700,60.512666,59.514292,3215
482.871143,78.279833,77.788375,3216
482.918642,99.945708,99.386291,3217
482.948448,96.934250,96.372792,3218
482.951119,57.828750,57.078875,3219
483.227410,42.537542,42.082833,3220
483.432801,41.112167,40.646959,3221
483.501115,43.561292,42.821917,3222
483.561665,43.442291,42.771750,3223
483.678107,42.249959,41.779500,3224
483.787179,42.758625,42.216125,3225
483.893124,41.568625,41.150958,3226
484.016609,42.509250,42.005833,3227
484.144921,41.058791,40.591542,3228
484.242216,62.886833,62.407333,3229
484.263278,78.358583,77.459083,3230
484.424800,40.811750,40.301041,3231
484.556689,68.160459,67.661416,3232
484.610078,91.863333,91.364875,3233
484.628058,54.587167,53.993333,3235
484.650453,129.780291,129.291167,3234
484.892779,41.221250,40.433750,3236
484.951113,58.696459,57.648500,3237
484.978572,50.731916,49.782541,3238
485.019274,74.230042,73.343375,3239
485.227116,42.218167,41.693167,3240
485.421199,59.745291,59.276000,3242
485.430891,78.661042,77.970958,3241
485.490554,51.291041,50.264958,3244
485.510850,78.423334,78.028708,3243
485.559803,41.584666,40.906250,3245
485.826829,41.160000,40.636167,3246
485.893185,41.605083,41.022625,3247
485.968114,40.627708,40.053125,3248
486.116271,45.497959,44.679542,3250
486.145926,81.629042,81.062917,3249
486.241967,57.121167,56.651583,3252
486.258674,84.627375,83.973167,3251
486.391163,41.751208,41.128500,3253
486.515088,71.951834,71.289459,3256
486.535693,118.330917,117.597667,3254
486.535856,93.661459,93.192750,3255
486.572592,54.412459,53.829125,3257
486.781356,105.435750,104.847750,3258
486.794391,88.274666,87.577000,3260
486.795365,95.286917,94.810917,3259
486.892575,41.004833,40.491792,3261
486.995603,91.260167,87.865458,3262
487.024198,70.525875,69.957708,3264
487.025315,94.747042,94.069792,3263
487.239881,65.305333,63.588583,3265
487.253852,68.954084,68.205667,3266
487.563864,65.408291,64.926750,3267
487.581772,63.598500,63.039083,3268
487.801587,40.611083,40.129542,3269
487.892716,41.163501,40.604375,3270
488.011691,43.195541,42.495542,3271
488.235807,50.893500,50.010334,3272
488.267968,45.718458,45.145917,3273
488.432937,50.421875,49.937708,3274
488.465210,45.588375,44.835875,3275
488.559424,41.207833,40.699750,3276
488.757287,52.735667,52.220583,3277
488.786166,44.385833,43.870750,3278
488.916302,71.955333,71.497416,3279
488.923870,72.308834,71.596291,3280
489.006370,42.859250,42.337166,3281
489.074820,42.920500,42.176166,3282
489.153512,43.118250,42.589750,3283
489.226984,42.105875,41.663708,3284
489.306486,43.603876,42.889292,3285
489.484380,67.748042,67.145167,3287
489.490204,87.257041,86.765583,3286
489.559340,41.084459,40.575208,3288
489.650188,59.077375,58.589125,3289
489.676179,76.060542,75.493250,3290
489.745257,41.478500,41.001333,3291
489.892640,41.103125,40.575792,3292
490.030205,40.868333,40.322625,3293
490.225971,41.060834,40.546042,3294
490.471747,40.904792,40.305708,3295
490.559314,41.076000,40.601166,3296
490.773260,42.139708,41.601292,3297
490.904149,52.611709,52.153791,3298
490.933320,47.151708,46.310834,3299
491.097535,41.073084,40.373667,3300
491.237806,71.148875,69.558708,3301
491.245452,60.555542,59.912125,3302
491.388350,41.067251,40.544292,3303
491.498164,43.581125,42.854000,3304
491.559760,41.582917,41.127333,3306
491.584275,77.628833,76.977250,3305
491.642830,56.389084,55.918041,3307
491.669448,44.374458,43.841292,3308
491.895270,43.702750,42.933042,3309
491.958209,43.860834,43.152959,3310
492.056620,41.707167,41.115084,3311
492.139321,41.558417,40.793959,3312
492.226136,41.239917,40.656875,3313
492.286909,43.048250,42.501375,3314
492.436444,62.806333,62.092625,3317
492.448957,105.629417,104.753250,3316
492.450951,111.752958,111.383125,3315
492.623654,105.427291,104.721750,3318
492.635835,73.785250,73.230500,3320
492.636285,111.563083,110.965750,3319
492.721741,42.825125,42.314416,3321
492.937081,85.546125,85.013250,3322
492.939757,67.571000,66.860208,3323
492.981114,60.706042,59.901334,3324
493.019987,60.139916,59.426500,3325
493.050383,44.655917,43.828458,3326
493.140143,41.326250,40.833042,3327
493.226439,41.564250,41.107500,3328
493.364929,41.053250,40.387083,3329
493.544603,57.713542,57.229667,3330
493.571454,53.220125,52.514291,3331
493.782162,41.262084,40.510166,3332
493.892868,41.310500,40.633833,3333
494.041426,59.693375,59.080000,3335
494.070601,98.531708,97.374959,3334
494.092119,51.534875,50.925000,3336
494.150179,43.110083,42.583334,3337
494.237343,73.232542,72.785417,3338
494.241276,56.368666,55.528667,3339
494.338125,51.775500,50.423333,3340
494.368923,44.843458,44.143458,3341
494.446692,41.697834,41.164375,3342
494.559100,40.869500,40.388541,3343
494.609174,41.325666,40.830125,3344
494.723857,40.705875,40.240375,3345
494.893623,42.068833,41.385751,3346
495.173468,41.011834,40.528833,3347
495.227593,42.698541,42.159542,3348
495.381252,41.090583,40.602917,3349
495.431358,40.752833,40.291708,3350
495.560174,41.943417,41.386042,3351
495.677221,42.763000,42.324917,3352
495.920741,69.192958,68.445417,3354
495.926335,80.747334,80.153792,3353
496.052532,41.035458,40.565875,3355
496.227524,42.613084,42.088666,3356
496.272172,41.660792,41.223292,3357
496.604224,86.009291,81.887750,3359
496.605457,88.392500,87.648459,3358
496.670072,139.171375,138.407208,3360
496.714434,98.757167,98.110250,3362
496.715501,146.032834,145.187584,3361
496.775343,80.578750,79.869125,3364
496.789922,116.565458,115.891417,3363
496.893186,41.600125,41.081833,3365
496.980071,57.735125,56.907375,3367
496.980128,75.808833,75.432000,3366
497.027360,42.864792,42.314708,3368
497.288359,103.436666,102.974959,3370
497.290800,82.231042,81.631667,3371
497.310673,131.457084,130.768459,3369
497.559872,41.644458,41.160875,3372
497.634192,42.590041,41.999709,3373
497.710468,55.871958,55.289500,3374
497.732726,45.221458,44.792709,3375
497.905559,54.026000,53.600458,3376
497.966815,80.628916,80.062500,3377
497.976102,58.140833,57.549916,3378
498.020088,42.746959,42.226042,3379
498.255303,70.391125,68.528541,3380
498.262984,58.883125,58.408000,3381
498.358536,40.657167,40.135666,3382
498.545262,78.551083,78.064583,3384
498.546345,90.711250,90.236708,3383
498.570515,52.301083,51.785417,3385
498.757307,70.793041,69.237292,3386
498.768532,77.858375,77.044625,3387
498.827902,41.772208,41.273167,3388
498.901836,50.294708,49.797417,3389
498.935709,42.619500,42.061542,3390
499.004619,43.960292,43.457459,3391
499.261711,76.817417,76.281625,3392
499.268493,65.456416,64.971958,3393
499.498233,41.497750,40.957583,3394
499.577148,58.914333,58.453208,3395
499.599637,52.149708,51.369792,3396
499.891831,65.266833,64.837208,3397
499.911800,60.229458,59.528000,3398
500.041944,41.127916,40.698875,3399
500.226190,41.297959,40.864834,3400
500.559176,40.928417,40.448333,3401
500.803865,40.778500,40.350917,3402
500.924334,72.793000,72.252834,3403
500.928729,65.236209,64.608541,3404
501.238410,53.540084,52.977750,3405
501.268613,41.423083,40.983250,3406
501.414199,42.554750,41.997375,3407
501.559737,41.502708,40.948250,3408
501.711976,42.235083,41.767542,3409
501.892881,41.315750,40.778209,3410
502.229676,67.102000,66.659833,3411
502.241707,56.802083,56.109083,3412
502.431790,40.723667,40.244167,3413
502.485260,41.267042,40.736208,3414
502.560957,42.756000,42.239167,3415
502.609761,41.419291,40.906834,3416
502.749885,40.564709,40.108834,3417
502.862648,50.322417,49.861000,3418
502.896968,45.417458,44.975292,3419
503.253577,68.687792,68.168917,3420
503.264616,76.059375,75.348000,3421
503.525368,49.298083,48.447000,3422
503.559771,41.548208,40.980625,3423
503.743120,41.034000,40.586583,3424
503.800516,43.168125,42.519458,3425
503.892518,40.944167,40.460000,3426
504.030914,42.840583,42.326375,3427
504.236567,51.662042,50.971959,3429
504.239791,81.646250,80.942167,3428
504.473949,54.401084,53.960958,3430
504.502178,52.605875,52.094875,3431
504.559259,41.047709,40.503458,3432
504.649897,63.066791,62.565125,3434
504.656748,81.144292,80.539667,3433
504.844810,42.995750,42.425541,3435
504.894162,42.606083,42.062417,3436
504.948821,41.428916,40.973917,3437
505.226584,41.693750,41.143375,3438
505.388046,42.988167,42.497875,3439
505.559412,41.182750,40.671459,3440
505.893816,42.254625,41.808666,3441
506.227859,42.968625,42.219916,3442
506.586329,68.118458,67.666666,3443
506.602484,58.177291,57.597458,3444
506.893369,41.777459,41.240500,3445
507.225954,41.053833,40.465833,3446
507.482190,41.494542,41.053250,3447
507.559940,41.709209,41.181583,3448
507.645878,40.842666,40.384458,3449
507.783128,43.031917,42.301000,3450
507.892771,41.234958,40.715792,3451
508.226872,41.977542,41.507084,3452
508.558811,40.580750,40.091041,3453
508.712876,42.136792,41.701625,3454
508.829126,41.599250,41.062000,3455
508.892517,40.953208,40.418292,3456
509.228135,43.236958,42.688333,3457
509.559160,40.933375,40.499375,3458
509.654121,41.236708,40.476333,3459
509.924670,78.384250,77.916125,3460
509.927514,75.947959,75.215875,3461
510.121165,41.349583,40.638791,3462
510.226451,41.559000,40.818750,3463
510.299407,46.986916,46.267375,3464
510.560547,42.343292,41.824709,3465
510.659204,41.780667,41.342875,3466
510.893018,41.458958,40.943292,3467
511.226743,41.831709,41.319250,3468
511.275677,41.926500,41.186542,3469
511.360507,41.164666,40.633250,3470
511.560454,42.241500,41.772500,3471
511.680472,41.067250,40.540792,3472
511.918319,49.334542,48.760250,3474
511.927237,75.678458,75.093667,3473
512.225547,40.646959,40.150541,3475
512.505527,41.305250,40.602917,3476
512.561526,43.261167,42.542208,3477
512.904864,69.583792,69.093500,3478
512.913861,62.295625,61.663292,3479
513.137811,40.718125,40.236292,3480
513.234703,50.980416,50.495959,3481
513.262231,77.354959,76.935542,3482
513.559142,40.890500,40.345084,3483
513.617054,40.713458,40.219958,3484
513.797337,42.970667,42.247333,3485
513.892474,40.918791,40.432291,3486
514.006710,52.715542,52.290000,3487
514.046652,65.963041,65.236791,3489
514.077123,115.017875,114.303875,3488
514.226180,41.310209,40.751958,3490
514.475096,42.272125,41.720000,3491
514.559880,41.655833,40.971875,3492
514.892665,41.079209,40.604375,3493
515.028312,40.538458,40.052834,3494
515.227587,42.717208,42.143209,3495
515.464394,42.830083,42.191625,3496
515.559294,41.090000,40.539041,3497
515.719770,63.874416,63.175000,3498
515.730435,73.018167,72.356084,3499
515.892980,41.399458,40.748458,3500
516.069323,41.255667,40.780834,3501
516.255904,62.050625,61.437834,3503
516.269776,84.886375,84.364291,3502
516.320777,81.252208,80.485125,3504
516.414650,42.784000,42.019542,3505
516.562118,43.872792,43.288584,3506
516.892945,41.382833,40.576958,3507
517.155616,41.919209,41.364750,3508
517.226393,41.481417,40.972750,3509
517.560885,42.657709,42.147875,3510
517.893357,41.802541,41.294167,3511
518.227968,43.080917,42.397833,3512
518.559091,40.886709,40.330500,3513
518.782422,41.438542,40.871542,3514
518.893211,41.657875,40.985875,3515
519.226011,41.132291,40.578125,3516
519.447250,41.149792,40.690125,3517
519.559732,41.506500,40.838875,3518
519.656084,42.816084,42.277375,3519
519.894251,42.692125,42.163333,3520
520.227279,42.392875,41.764333,3521
520.441686,41.147750,40.724833,3522
520.560231,41.979292,41.216584,3523
520.695951,40.750792,40.281208,3524
520.893617,42.062417,41.530417,3525
521.225516,40.605833,40.078209,3526
521.559477,41.244875,40.701792,3527
521.772027,41.272291,40.615750,3528
521.895366,43.796958,43.186792,3529
521.964371,43.677375,43.092292,3530
522.227952,43.071584,42.507208,3531
522.560347,42.139709,41.660792,3532
522.699225,41.932625,41.283083,3533
522.892252,40.695958,40.098917,3534
523.057716,55.841625,55.134041,3535
523.084476,47.615750,47.014042,3536
523.227718,42.822500,42.275625,3537
523.560217,41.993292,41.435042,3538
523.893079,41.530709,40.989666,3539
524.161762,41.682667,41.215708,3540
524.227964,43.074501,42.335125,3541
524.465224,42.940625,42.365750,3542
524.558894,40.662417,40.175917,3543
524.894079,42.520625,42.006708,3544
525.114997,40.950292,40.427333,3545
525.225792,40.902166,40.391458,3546
525.560560,42.334834,41.941375,3547
525.903531,58.983458,58.511541,3548
525.932080,80.548417,79.803500,3549
526.227618,42.749583,42.168291,3550
526.352392,43.432376,42.941209,3551
526.428353,40.976250,40.475750,3552
526.559406,41.190917,40.648417,3553
526.893177,41.607125,41.008333,3554
527.173869,41.741583,41.203458,3555
527.227953,43.080625,42.620667,3556
527.315308,40.757208,40.287625,3557
527.457467,40.840625,40.327583,3558
527.561098,42.870916,42.343000,3559
527.893628,54.224333,53.636041,3560
527.917585,66.051709,65.313208,3561
528.227243,42.367209,41.881000,3562
528.558920,40.691875,40.213833,3563
528.893550,42.012833,41.584959,3564
529.227692,42.782250,42.051625,3565
529.558347,46.738709,46.088000,3566
529.596317,78.134000,77.570209,3567
529.893845,42.307709,41.883041,3568
530.174889,40.796875,40.116125,3569
530.225764,40.878542,40.395833,3570
530.559081,40.856959,40.354125,3571
530.614252,41.093208,40.374250,3572
530.933438,81.882500,81.403875,3573
530.934151,70.602292,70.155166,3574
531.083574,41.027291,40.519500,3575
531.151948,42.215833,41.667500,3576
531.226088,41.216875,40.684001,3577
531.559636,41.398291,40.842083,3578
531.767228,41.432125,40.854916,3579
531.905073,53.508875,52.862250,3580
531.938167,61.682542,60.965917,3581
532.020538,43.151208,42.597042,3582
532.090761,41.950125,41.377875,3583
532.226301,41.399750,40.826917,3584
532.572902,54.682834,54.211792,3585
532.599725,46.799375,46.315208,3586
532.894592,43.050584,42.620958,3587
533.264395,79.502208,78.955917,3588
533.265284,72.866208,72.371834,3589
533.493153,41.472958,40.934250,3590
533.561305,43.094625,42.553292,3591
533.895103,43.529500,43.031042,3592
534.225868,40.977417,40.457958,3593
534.559084,40.880583,40.314750,3594
534.892257,40.700042,40.185250,3595
535.227592,42.720125,42.259875,3596
535.559585,41.335000,40.571708,3597
535.708904,40.985000,40.288209,3598
535.787289,41.436208,40.833333,3599
535.893736,42.177333,41.757625,3600
536.150145,41.820334,41.337917,3601
536.234336,49.467833,49.029750,3602
536.264321,75.677291,74.965625,3603
536.521121,43.719375,42.305958,3604
536.559382,41.079500,40.497042,3605
536.899998,48.424833,47.965750,3606
537.057263,41.588166,40.998417,3607
537.228250,43.353334,42.467542,3608
537.494901,42.035292,41.553459,3609
537.561836,43.614083,43.068958,3610
537.610753,42.190167,41.510292,3611
537.827650,40.908875,40.441333,3612
537.892262,40.712000,40.258167,3613
538.021856,41.132583,40.646666,3614
538.170196,42.548625,42.017791,3615
538.228257,43.366167,42.804126,3616
538.361977,42.084292,41.384000,3617
538.465668,46.471833,45.971334,3618
538.500628,74.153625,73.398208,3619
538.579374,74.332709,73.619292,3620
538.583942,65.745459,65.041084,3621
538.784995,42.697666,42.273583,3622
538.893766,42.210875,41.682375,3623
539.071177,41.120041,40.676417,3624
539.166608,41.518750,40.839458,3625
539.239600,54.739125,54.008500,3626
539.266388,46.433625,45.850583,3627
539.311971,44.788917,44.317292,3628
539.560595,42.361083,41.833750,3629
539.893455,41.876917,41.401208,3630
540.007607,40.979750,40.507250,3631
540.226663,41.774833,41.206667,3632
540.560604,42.356125,41.846000,3633
540.804402,41.124708,40.583083,3634
540.932307,74.997125,74.215166,3636
540.940121,88.604250,88.208167,3635
540.999177,109.401834,108.760458,3637
541.012906,56.260751,55.724667,3638
541.225773,40.884666,40.357917,3639
541.497823,41.311959,40.749333,3640
541.561980,43.777125,43.236959,3641
541.757642,42.255208,41.785333,3642
541.893405,41.841917,41.055875,3643
542.066944,42.977375,42.389667,3644
542.228584,43.695458,43.044166,3645
542.329161,45.055792,44.408000,3646
542.427265,42.769417,42.054834,3647
542.480784,42.699417,42.141750,3648
542.583374,65.156292,64.596291,3649
542.595770,46.765833,46.077208,3650
542.767388,42.987292,42.423209,3651
542.908935,57.380166,55.804000,3652
542.932554,50.648792,49.808791,3653
543.067236,42.141458,41.586708,3654
543.157981,42.557375,42.030042,3655
543.227579,42.711375,42.159541,3656
543.584703,73.420375,72.875250,3657
543.592144,73.889083,73.223500,3658
543.671586,41.691125,40.966334,3659
543.893256,41.713875,41.280458,3660
543.976113,43.653459,42.932750,3661
544.226505,41.614708,41.068125,3662
544.312858,41.171083,40.713750,3663
544.570299,52.062208,51.496667,3666
544.608574,114.829167,113.254167,3664
544.613338,103.977709,103.427916,3665
544.770950,40.895750,40.428208,3667
544.816987,40.859000,40.396417,3668
544.896603,45.075042,44.424625,3669
544.934153,70.296916,69.782417,3670
545.034388,41.606250,40.912083,3671
545.237781,52.889375,51.991917,3672
545.267920,47.468458,47.038833,3673
545.424947,41.699292,41.239042,3674
545.559558,41.337042,40.648417,3675
545.685874,40.924625,40.403708,3676
545.757391,45.441083,44.847250,3677
545.811794,40.986458,40.497625,3678
545.901523,59.127542,58.645709,3679
545.931278,79.762959,79.214042,3680
546.075719,41.566292,41.055000,3681
546.158368,41.472083,40.773833,3682
546.225713,40.819333,40.301917,3683
546.459062,42.429042,41.762583,3684
546.511549,40.992583,40.517458,3685
546.597550,77.065334,76.284250,3687
546.608573,90.344917,89.755750,3686
546.640130,103.679917,103.121667,3688
546.753311,41.612958,40.975375,3689
546.892388,40.826041,40.303375,3690
547.202714,49.959875,49.517708,3691
547.239623,54.730083,54.246792,3692
547.344479,40.792208,40.322333,3693
547.415125,41.799333,41.203458,3694
547.498784,42.323166,41.906958,3695
547.599678,81.444709,80.969292,3696
547.605346,66.222333,65.811667,3697
547.682629,83.044791,82.635292,3699
547.708073,84.926041,84.455292,3700
547.718989,158.711583,158.010417,3698
547.893140,41.583792,41.071333,3701
547.941245,41.930000,41.497459,3702
548.133136,42.326667,41.771917,3703
548.226512,41.626083,41.062875,3704
548.332535,41.952459,41.488416,3705
548.559553,41.349584,40.790750,3706
548.658141,42.854292,42.310333,3707
548.784952,44.787167,44.100000,3708
548.820327,42.178500,41.631333,3709
548.892841,41.284250,40.816417,3710
548.946455,42.090709,41.666916,3711
549.067520,83.092333,82.702375,3712
549.068459,82.682542,82.124000,3713
549.100699,52.904541,52.406375,3714
549.248097,63.206208,62.646208,3715
549.282496,87.411042,86.255750,3716
549.341822,113.892334,113.019959,3717
549.345914,50.380167,49.711375,3718
549.580441,62.190333,61.713750,3719
549.601179,60.305292,59.789041,3720
549.830905,49.030625,48.359208,3721
549.905469,84.349125,83.680917,3722
549.911688,60.131750,59.488916,3723
549.975087,42.763000,42.226041,3724
550.092912,41.160001,40.413917,3725
550.183823,40.724833,40.254375,3726
550.279327,53.658792,53.122708,3729
550.290726,93.940583,93.301250,3728
550.300143,115.259958,114.763250,3727
550.343900,79.556750,78.577625,3730
550.377795,40.946208,40.492666,3731
550.480107,43.001875,42.468708,3732
550.559757,41.507959,40.849958,3733
550.719128,40.605542,40.072084,3734
550.913145,61.584541,61.148209,3735
550.961905,83.051500,80.974542,3736
551.003486,49.302750,48.693750,3738
551.010254,94.462959,93.924834,3737
551.096806,41.275208,40.574625,3739
551.226840,41.947500,41.423375,3740
551.421155,41.180416,40.554500,3741
551.478828,42.219042,41.698416,3742
551.607185,88.947833,88.390750,3744
551.607223,101.101875,100.760917,3743
551.625779,104.495125,103.722500,3745
551.894713,43.145084,42.610750,3746
551.996845,71.943958,71.497416,3747
552.008839,66.626291,66.087000,3748
552.225688,40.793959,40.212084,3749
552.270363,41.964417,41.325084,3750
552.561120,42.913208,42.355250,3751
552.724528,68.439875,67.265041,3752
552.746107,63.031500,62.238166,3753
552.787941,86.036417,85.250667,3754
552.924390,74.257167,72.276750,3755
552.925304,73.787292,73.133375,3756
553.072579,40.457959,40.002084,3757
553.135475,59.398791,58.965958,3759
553.154505,79.306792,78.742708,3758
553.227901,43.027250,42.478625,3760
553.561250,43.022584,42.458209,3761
553.718838,41.782708,41.297083,3762
553.893682,42.142333,41.721167,3763
553.954772,42.464625,42.039375,3764
554.264853,48.909292,48.484916,3766
554.266919,81.991291,81.433625,3765
554.362502,93.959250,93.475083,3768
554.374145,137.013625,136.371084,3767
554.390316,121.116042,120.305792,3769
554.613697,103.498500,100.009292,3770
554.622136,100.410042,96.637625,3772
554.624802,106.570625,106.021125,3771
554.705268,41.475584,41.057625,3773
554.847246,79.003167,78.377541,3774
554.847653,63.121042,62.649417,3775
554.892481,40.891666,40.440750,3776
555.119570,41.582333,40.887583,3777
555.163547,43.031917,42.514792,3778
555.275274,90.951000,90.550250,3779
555.322744,63.070291,62.527500,3782
555.323957,139.091167,138.632667,3780
555.341702,109.441209,108.917667,3781
555.574737,56.519750,55.384292,3783
555.599211,61.980625,61.352666,3784
555.705174,41.433000,40.668833,3785
555.913273,61.715500,61.250875,3786
555.966807,85.771875,85.214208,3787
555.976089,58.489667,57.808042,3788
556.066482,41.013875,40.509875,3789
556.164529,53.928875,53.158875,3790
556.204782,60.058250,58.701417,3791
556.233252,48.379042,47.694500,3792
556.451659,64.270792,63.564667,3793
556.465751,68.393208,67.855375,3794
556.588326,70.094792,69.496583,3795
556.601425,75.472250,74.708667,3796
556.840429,43.442000,42.876750,3797
556.913326,61.785209,61.234542,3798
556.935646,53.439750,52.971333,3799
557.017753,42.024208,41.395667,3800
557.225947,41.025833,40.446875,3801
557.307556,53.195916,52.729250,3802
557.337231,47.872417,47.021334,3803
557.412832,66.849125,66.341334,3804
557.446363,73.824334,73.367000,3805
557.525372,94.731291,91.109666,3807
557.550716,80.649042,80.111792,3808
557.593182,91.312958,87.553666,3809
557.608822,211.274583,210.572833,3806
557.637314,74.201750,73.303709,3811
557.651764,133.562916,132.277250,3810
557.692374,89.683708,89.112042,3812
557.774400,41.181583,40.674667,3813
557.929617,78.064875,77.597042,3814
557.930365,78.270500,76.860583,3815
558.146837,41.111584,40.466417,3816
558.259911,75.000917,74.263000,3818
558.263855,87.319750,85.103375,3817
558.302068,46.026458,45.412792,3820
558.339065,126.976791,126.165083,3819
558.559221,40.989375,40.526209,3821
558.706984,41.887708,41.312250,3822
558.805145,77.029750,76.627833,3823
558.806424,64.932583,64.246875,3824
558.892569,41.027875,40.516292,3825
558.955192,40.603500,40.135666,3826
559.020148,40.654833,40.124875,3827
559.177669,71.926750,70.448584,3828
559.184202,64.018500,63.235376,3829
559.276234,82.109417,81.623792,3831
559.276262,91.386167,90.874583,3830
559.309389,108.980375,108.084375,3832
559.431873,42.624458,42.193959,3833
559.561514,43.281583,42.764458,3834
559.634094,40.941542,40.467875,3835
559.781014,42.897458,42.382375,3836
559.846809,40.974208,40.492959,3837
559.905399,53.835250,53.286917,3838
559.933405,50.701875,50.140708,3839
559.992498,43.015875,42.343292,3840
560.144461,43.260583,42.665292,3841
560.226463,41.600708,41.115083,3842
560.588465,80.347751,79.834125,3843
560.588812,70.608126,70.205042,3844
560.893110,41.501250,40.965458,3845
561.081151,42.309459,41.836083,3846
561.260254,77.478042,77.039959,3847
561.269930,85.050583,84.228375,3848
561.325838,99.633334,98.769708,3849
561.336682,60.336500,59.633583,3850
561.503383,51.010166,50.462417,3851
561.566436,72.246708,71.679125,3852
561.575571,57.351875,56.904750,3853
561.664532,42.488542,41.916000,3854
561.914169,85.811250,85.040959,3856
561.928203,76.616458,76.069584,3857
561.935936,113.981000,113.398250,3855
561.978724,66.943917,66.414542,3858
562.226686,41.787375,41.218042,3859
562.296837,42.122208,41.614708,3860
562.559051,40.824291,40.322917,3861
562.892821,61.734459,61.184667,3863
562.923466,94.789625,94.158167,3862
562.946965,95.388417,94.836292,3864
563.109075,41.450500,40.908875,3865
563.226347,41.460708,40.868625,3866
563.559876,41.627541,41.158542,3867
563.739713,41.042167,40.561500,3868
563.911364,59.768916,59.166334,3870
563.930566,89.591833,89.170375,3869
563.967168,52.636209,52.107125,3871
564.228529,43.637708,42.906208,3872
564.559521,41.317208,40.781708,3873
564.892494,40.937750,40.253208,3874
565.234275,49.385875,48.705125,3876
565.243740,75.266625,74.818917,3875
565.599494,81.242584,80.772708,3877
565.600920,70.711667,70.254917,3878
565.687607,104.169917,103.372500,3879
565.696664,51.078417,50.431208,3880
565.912205,72.888083,72.293375,3881
565.916768,65.167959,64.571500,3882
566.242061,62.682375,62.270250,3883
566.258283,73.367292,72.393125,3884
566.560043,41.810417,41.068708,3885
566.726132,41.250125,40.559750,3886
566.792839,43.355958,42.582458,3887
566.868528,53.313750,51.758291,3888
566.896268,44.711334,44.270625,3889
567.044694,50.939291,50.477291,3890
567.087497,53.013917,52.523042,3891
567.225882,40.962250,40.380375,3892
567.559337,41.105458,40.627417,3893
567.920625,69.067833,68.305709,3894
567.942073,61.680500,61.087541,3895
567.973039,87.870416,87.267834,3896
568.225762,40.875334,40.348875,3897
568.559578,41.380792,40.864834,3898
568.727984,40.649584,40.185541,3899
568.821999,42.083709,41.680917,3900
568.892879,41.321000,40.655125,3901
569.227734,42.856334,42.386167,3902
569.310136,43.203125,42.471625,3903
569.559705,41.538292,40.971000,3904
569.616385,42.204459,41.786791,3905
569.786228,41.462459,40.907416,3906
569.894316,42.762125,42.212042,3907
570.225905,41.014750,40.496167,3908
570.560272,42.005833,41.471791,3909
570.892959,41.401792,40.921709,3910
571.226909,42.017792,41.425708,3911
571.559700,41.470333,40.902167,3912
571.892767,41.204333,40.602625,3913
572.019672,41.766083,41.198209,3914
572.106198,43.713834,43.131084,3915
572.226376,41.486666,40.652500,3916
572.500646,41.179250,40.708500,3917
572.559638,41.392459,40.932500,3918
572.892733,41.175167,40.635000,3919
573.179176,43.390959,42.766209,3920
573.227903,43.018208,42.467834,3921
573.400125,41.433292,40.877667,3922
573.558896,40.674084,40.209458,3923
573.892480,40.921709,40.450375,3924
573.988952,41.066667,40.568792,3925
574.223139,65.866792,65.307667,3926
574.231535,46.627000,46.057958,3927
574.466955,43.121166,42.568458,3928
574.559329,41.101084,40.619834,3929
574.892570,41.033708,40.523291,3930
574.950143,41.167875,40.663584,3931
575.227111,42.207958,41.570375,3932
575.458883,40.917625,40.406041,3933
575.560483,42.256959,41.570375,3934
575.685404,40.855209,40.381542,3935
575.734607,40.916166,40.420916,3936
575.893553,41.974917,41.518167,3937
576.225750,40.858417,40.274500,3938
576.561339,43.127000,42.539583,3939
576.846269,43.293542,42.493792,3940
576.902250,50.724917,49.904166,3941
576.940292,83.205500,82.567625,3942
577.034241,41.673042,41.063167,3943
577.227077,42.181125,41.667792,3944
577.366197,44.427250,43.888250,3945
577.494469,40.494125,39.974375,3946
577.559813,41.601000,41.174000,3947
577.791694,42.263083,41.784750,3948
577.892249,40.672041,40.195166,3949
578.225810,40.922000,40.393208,3950
578.516157,40.622750,40.107959,3951
578.560165,41.937875,41.360084,3952
578.618539,42.744333,42.241500,3953
578.894144,42.563209,42.043750,3954
579.233655,48.759958,48.177500,3956
579.248979,76.860584,76.232334,3955
579.409896,40.686042,40.207417,3957
579.559567,41.337917,40.640833,3958
579.894559,43.004500,42.313833,3959
579.975096,43.079750,42.553292,3960
580.170510,47.265458,46.670167,3962
580.202133,89.037959,88.556709,3961
580.245540,60.631667,59.870709,3963
580.558187,64.492458,63.809666,3964
580.587591,69.361542,68.838292,3965
580.616912,57.162583,56.653334,3966
580.730856,48.265000,47.589791,3967
580.936737,53.905833,53.301500,3969
580.945215,93.653875,93.236500,3968
580.991378,98.694750,98.098875,3970
581.226599,41.680334,41.083000,3971
581.308870,41.671292,40.926375,3972
581.561658,43.426542,42.744626,3973
581.803531,43.029000,42.466667,3974
581.866352,54.963125,54.245334,3975
581.894982,43.440541,42.793042,3976
582.226090,41.195292,40.572583,3977
582.430573,41.076000,40.395833,3978
582.493663,43.442583,42.764167,3979
582.559178,40.983833,40.441625,3980
582.738735,43.343125,42.345625,3981
582.893343,41.782125,41.236125,3982
583.225647,40.759542,40.247084,3983
583.455695,41.399750,40.889917,3984
583.573621,55.398292,55.004833,3985
583.602705,77.084584,76.532459,3986
583.772527,43.149166,42.423792,3987
583.892706,41.148916,40.498209,3988
584.227065,42.172958,41.666334,3989
584.559386,41.158250,40.455333,3990
584.895080,43.522208,42.765042,3991
585.232324,51.899459,51.497250,3992
585.270295,85.395042,84.752791,3993
585.299677,95.221875,94.525375,3994
585.496291,43.032791,42.315292,3995
585.584572,66.350959,65.445625,3996
585.594655,46.262125,45.575250,3997
585.910514,58.974709,58.538083,3998
585.932727,52.111791,51.346166,3999
586.171696,51.114292,50.691667,4000
586.237378,76.593125,75.993458,4001
586.244341,59.429125,58.516500,4002
586.339176,41.859125,40.971000,4003
586.489629,41.731375,40.922875,4004
586.559336,41.109834,40.604083,4005
586.895437,43.874834,43.082667,4006
587.229690,44.794750,43.741833,4007
587.305324,84.553000,83.772792,4008
587.322215,50.873958,50.372875,4009
587.490343,41.108083,40.641708,4010
587.558768,40.539625,40.077625,4011
587.705384,43.521917,42.783125,4012
587.842595,69.070458,68.542542,4013
587.850730,69.771917,69.060250,4014
587.895243,43.686125,43.151791,4015
588.226099,41.210458,40.632083,4016
588.368155,41.099625,40.295208,4017
588.558859,40.634417,40.169501,4018
588.602798,41.519917,40.893417,4019
588.894750,43.194375,42.511000,4020
589.227931,43.042125,42.485625,4021
589.380721,41.032541,40.538750,4022
589.559197,40.971000,40.425583,4023
589.773702,40.809416,40.292875,4024
589.893457,41.898791,41.344333,4025
590.086439,42.954333,42.270083,4026
590.227565,42.673167,42.048125,4027
590.591767,48.108958,47.705875,4029
590.592688,74.445583,73.861667,4028
590.732979,41.224459,40.720167,4030
590.892672,41.115667,40.612833,4031
591.226234,41.361250,40.762750,4032
591.318053,41.574750,40.992000,4033
591.562260,44.006666,43.267000,4034
591.746124,41.507666,40.970417,4035
591.892815,41.254500,40.715792,4036
592.228134,43.235209,42.345625,4037
592.469371,41.613834,41.081250,4038
592.561496,43.290625,42.871208,4039
592.892221,40.664167,40.179417,4040
593.228178,43.286541,42.479208,4041
593.559227,40.999000,40.448917,4042
593.657968,43.667750,43.148583,4043
593.912599,61.009083,60.530458,4044
593.930068,52.303125,51.354042,4045
594.225835,40.973917,40.461750,4046
594.516353,40.883500,40.396125,4047
594.563599,45.387125,44.881375,4048
594.645129,40.946792,40.422083,4049
594.893444,41.882750,41.463334,4050
595.225860,40.971583,40.444834,4051
595.302557,41.506208,40.876792,4052
595.391299,43.558959,42.800334,4053
595.560602,42.368084,41.934375,4054
595.892801,41.243125,40.756917,4055
596.031727,42.624166,42.197167,4056
596.226218,41.304084,40.763334,4057
596.427157,41.404709,40.857542,4058
596.501828,42.215542,41.676250,4059
596.566721,48.489000,47.986167,4060
596.607702,61.614291,60.827083,4061
596.892968,41.376709,40.790458,4062
597.118114,42.413875,41.699292,4063
597.227556,42.662084,42.099458,4064
597.561328,43.101917,42.357875,4065
597.893578,42.015458,41.576791,4066
597.972790,41.306125,40.813208,4067
598.235991,51.104666,50.595125,4068
598.295874,84.267458,83.633375,4070
598.305530,102.272917,101.728375,4069
598.580657,49.918167,49.364875,4072
598.596985,78.758167,78.174541,4071
598.676447,42.073791,41.610042,4073
598.860425,49.128916,48.575625,4074
598.898183,46.592000,46.043375,4075
598.947699,43.932292,43.475833,4076
599.040615,41.576792,41.181584,4077
599.227981,43.092000,42.427292,4078
599.559337,41.107500,40.623916,4079
599.723556,51.204417,50.772750,4080
599.772586,81.411167,80.261417,4081
599.796927,53.331250,52.629792,4082
599.894320,42.782541,42.207667,4083
600.160978,40.913542,40.431417,4084
600.226206,41.375833,40.787833,4085
600.559184,40.961083,40.449209,4086
600.892116,40.562958,40.016375,4087
601.228226,43.355958,42.770583,4088
601.443935,42.748125,41.982500,4089
601.561440,43.214208,42.393459,4090
601.708398,42.159833,41.687625,4091
601.893486,41.899667,41.134625,4092
602.230113,45.216500,44.497250,4093
602.545498,52.729251,52.240125,4094
602.574883,56.651584,56.104708,4095
602.641887,52.290000,51.176125,4096
602.701300,72.313792,71.728416,4097
602.711134,62.272875,61.661834,4098
602.775963,40.760709,40.296958,4099
602.892503,40.923750,40.462917,4100
602.995686,42.404250,41.979000,4101
603.040724,41.471500,41.009500,4102
603.152345,41.620250,41.094666,4103
603.247124,62.232042,61.723084,4104
603.267974,55.268792,54.716667,4105
603.559236,41.006875,40.512792,4106
603.711153,42.203000,41.639208,4107
603.892177,40.624500,40.147625,4108
604.163973,43.074208,42.515958,4109
604.227583,42.695042,42.144667,4110
604.510371,43.083542,42.359042,4111
604.559149,40.919666,40.442792,4112
604.685337,40.995208,40.527959,4113
604.869249,48.273458,47.719292,4114
604.904345,52.810042,52.145334,4115
604.979492,41.735750,41.003958,4116
605.228073,43.199042,42.688917,4117
605.347623,46.662292,46.248708,4118
605.387316,46.230625,45.633291,4119
605.453138,42.712250,42.010500,4120
605.506062,43.143333,42.657125,4121
605.559148,40.902459,40.438416,4122
605.612082,40.878250,40.374834,4123
605.892858,41.289209,40.581625,4124
606.099070,44.163875,43.658708,4125
606.226642,41.749750,41.279583,4126
606.290923,41.059666,40.440750,4127
606.342987,43.344292,42.661791,4128
606.398277,40.888458,40.364625,4129
606.466592,43.489542,42.804417,4130
606.516112,42.417958,41.745958,4131
606.559973,41.753834,41.220084,4132
606.892707,41.121791,40.589208,4133
607.013717,42.144084,41.516125,4134
607.156843,40.795125,40.278875,4135
607.231695,46.799667,46.301500,4136
607.262206,74.316084,73.655459,4137
607.346478,41.112750,40.503458,4138
607.561345,43.117083,42.575167,4139
607.892657,41.078333,40.427042,4140
608.235172,50.260292,49.565250,4141
608.265616,43.010334,42.451791,4142
608.453105,41.035167,40.505500,4143
608.561530,52.822000,52.218250,4145
608.589136,89.293167,88.658792,4144
608.641879,42.089250,41.687917,4147
608.660984,142.765000,142.195667,4146
608.736560,42.856917,42.188417,4148
608.892353,40.776750,40.316500,4149
609.052380,42.806167,42.270959,4150
609.181238,63.180833,62.738667,4152
609.211644,96.005875,95.489625,4151
609.237488,52.644083,52.114125,4153
609.317472,42.953167,42.461125,4154
609.481951,40.953500,40.471667,4155
609.559381,41.156792,40.515417,4156
609.893070,41.489583,40.757792,4157
610.053159,43.211875,42.511000,4158
610.121245,42.539583,42.007292,4159
610.248895,64.033959,63.212042,4160
610.264730,53.275542,52.710291,4161
610.405202,42.399584,41.879250,4162
610.479734,43.251250,42.575459,4163
610.559162,40.911208,40.401084,4164
610.617472,41.677708,40.965166,4165
610.815672,74.168500,73.694542,4166
610.816543,74.382875,73.908041,4167
610.922303,70.775542,70.461125,4169
610.941298,90.628709,89.472833,4168
610.972488,47.000333,46.463958,4170
611.174913,55.064625,54.456208,4172
611.183773,79.078125,78.557792,4171
611.242222,57.330000,54.348583,4173
611.561989,43.756125,42.997209,4174
611.777340,41.769000,41.224750,4175
611.906990,73.563291,73.038292,4176
611.944518,92.951541,92.413416,4177
611.983935,81.253667,80.591292,4179
611.987317,108.547542,107.951375,4178
612.244758,61.583667,61.149958,4180
612.272393,87.493584,86.690917,4181
612.303216,49.039083,48.430375,4182
612.573716,55.489875,54.810584,4183
612.598920,48.554334,47.913542,4184
612.757629,40.594166,40.140916,4185
612.900939,72.097083,71.583458,4186
612.930070,78.508208,77.653333,4187
613.016965,124.561209,123.829417,4189
613.017204,79.074333,78.507042,4191
613.039830,164.158459,163.579792,4188
613.075981,151.645667,151.093542,4190
613.151495,54.992000,54.424416,4194
613.161362,111.300875,110.764500,4193
613.177200,162.152958,161.369250,4192
613.253537,68.629459,67.851875,4196
613.262660,138.079667,137.593166,4195
613.304510,40.742625,40.289958,4197
613.560125,41.897917,41.168750,4198
613.730986,42.343583,41.922125,4199
613.822691,41.363875,40.747583,4200
613.894457,42.931875,42.265417,4201
613.984671,42.805875,42.102375,4202
614.089765,40.807084,40.298708,4203
614.227996,43.108625,42.375375,4204
614.528713,50.409625,48.703375,4205
614.561177,42.961625,42.417666,4206
614.797189,41.061125,40.579583,4207
614.910630,59.060166,58.456125,4209
614.917348,92.685833,92.100167,4208
614.942733,90.969666,90.566875,4210
615.161865,85.057583,83.857375,4211
615.190519,56.256084,55.353375,4213
615.190799,104.671584,104.178084,4212
615.229597,53.136417,52.427084,4214
615.270611,85.737459,84.968042,4215
615.541630,58.366292,57.740083,4216
615.562561,44.339458,43.798417,4217
615.722998,40.526208,40.045542,4218
615.893880,42.340666,41.915416,4219
616.230885,90.773375,90.044792,4221
616.246585,112.761541,112.113750,4220
616.251119,66.218834,65.587084,4222
616.293407,84.966000,84.381500,4223
616.334523,112.918750,112.138833,4224
616.378239,41.590500,41.121792,4225
616.559882,41.650291,41.065209,4226
616.611106,41.563375,40.987334,4227
616.690338,42.163916,41.656125,4228
616.743721,43.389208,42.690666,4229
616.867992,52.094875,51.338292,4230
616.899358,47.802709,47.267791,4231
616.961171,62.101958,61.510750,4232
616.981212,51.900917,51.183709,4233
617.054032,41.728750,41.123541,4234
617.156650,41.354250,40.881750,4235
617.245131,60.250459,58.944375,4236
617.266499,50.810667,50.099875,4237
617.365494,40.863667,40.410708,4238
617.548813,91.120167,90.520792,4239
617.570349,97.730209,96.091916,4240
617.577732,59.505250,58.961583,4241
617.611516,77.072042,76.487834,4242
617.654929,108.323250,107.527000,4243
617.773118,41.653792,41.071042,4244
617.892157,40.601166,40.133625,4245
617.980827,42.852542,42.137375,4246
618.225994,41.106333,40.524166,4247
618.582810,46.743667,46.022958,4249
618.595852,77.628250,77.099458,4248
618.687941,42.879958,42.384125,4250
618.838810,40.685750,40.199542,4251
618.895156,43.599792,42.940333,4252
618.995466,41.701041,41.040125,4253
619.111345,40.642875,40.136833,4254
619.226357,41.468875,40.900125,4255
619.296148,40.997833,40.474875,4256
619.561095,42.868584,42.330458,4257
619.695330,40.917625,40.484500,4258
619.951297,99.719375,99.248042,4259
619.966852,109.134083,108.448083,4260
619.967860,57.930833,57.206625,4261
620.018319,46.089167,45.351250,4262
620.080270,56.519167,55.832875,4263
620.137768,56.891042,55.460417,4265
620.144256,89.550708,88.782458,4264
620.279875,94.971625,93.793292,4267
620.282099,102.021500,101.508458,4266
620.313628,79.941166,79.527875,4268
620.337099,102.412041,101.431458,4269
620.407795,51.692958,50.816208,4271
620.430880,77.184916,76.669250,4270
620.559885,41.656417,41.232333,4272
620.892203,40.624208,40.131875,4273
621.105356,41.832584,41.191792,4274
621.228063,43.175708,42.424084,4275
621.294381,41.491042,41.027584,4276
621.484419,74.738125,74.075458,4278
621.484683,85.184166,84.726834,4277
621.516813,45.875666,45.114125,4279
621.577093,58.891292,56.708459,4281
621.599987,82.728042,82.315625,4280
621.663215,41.088250,40.676708,4282
621.725386,42.886375,42.445959,4283
621.775683,42.681625,42.237709,4284
621.927678,87.597125,86.935917,4286
621.927997,111.262667,110.546625,4285
621.941438,89.873875,89.282083,4287
621.995630,41.545584,41.006875,4288
622.227692,42.812000,42.336000,4289
622.580979,59.295250,58.670500,4291
622.594597,76.368250,75.889042,4290
622.893881,42.314708,41.879833,4292
623.225518,40.630916,40.114083,4293
623.287200,43.712666,43.014417,4294
623.434505,42.994875,42.469583,4295
623.582851,48.979292,48.535666,4298
623.619304,91.207375,90.510875,4297
623.633541,115.314791,114.459042,4296
623.709808,48.124125,47.716666,4300
623.715681,158.404166,157.787875,4299
623.892706,41.144250,40.679916,4301
624.077343,51.943500,51.400708,4303
624.078576,77.529084,76.947500,4302
624.224970,89.151417,88.606292,4304
624.245496,90.990958,90.222417,4305
624.247776,62.880125,62.243417,4306
624.560992,42.762709,42.247042,4307
624.892486,40.928125,40.443376,4308
625.053160,40.752833,40.282667,4309
625.225644,40.772959,40.391750,4310
625.365349,42.792750,42.086334,4311
625.560921,42.689500,42.253166,4312
625.709982,41.351625,40.887000,4313
625.893729,42.175292,41.654958,4314
626.054743,42.314125,41.895583,4315
626.131174,41.946042,41.487833,4316
626.228325,43.415750,42.667916,4317
626.284678,42.543958,42.018666,4318
626.440653,41.003958,40.429083,4319
626.559678,41.422209,40.902167,4320
626.663348,87.851458,87.317416,4321
626.664160,66.356792,65.665542,4322
626.882411,61.847334,61.274208,4323
626.901700,50.131083,49.481542,4324
627.259421,74.526958,73.821708,4325
627.268705,82.268083,81.557875,4326
627.558851,40.627125,40.163375,4327
627.668377,42.288750,41.747417,4328
627.860126,50.190875,48.251000,4329
627.893534,41.994458,41.290375,4330
628.101035,43.012666,42.484458,4331
628.226270,41.379333,40.783167,4332
628.350241,40.744375,40.266625,4333
628.471886,41.972292,41.583500,4334
628.563134,44.909958,44.212875,4335
628.862806,48.571541,47.992292,4336
628.901841,50.277791,49.554750,4337
629.225631,40.742042,40.226667,4338
629.342582,41.319834,40.893709,4339
629.500442,42.881416,42.371583,4340
629.559169,40.952041,40.459125,4341
629.892666,41.109250,40.556250,4342
630.238764,53.875791,53.185708,4343
630.264836,68.672041,68.198083,4344
630.559358,41.153875,40.611375,4345
630.691385,41.577375,40.798916,4346
630.907935,59.812959,59.087000,4347
630.924321,72.788042,72.247000,4348
631.226585,41.702791,41.101667,4349
631.456629,41.995625,41.236416,4350
631.562166,43.936959,43.276917,4351
631.893478,41.908125,41.365333,4352
631.974976,42.743750,42.175292,4353
632.049902,43.939291,43.168125,4354
632.245744,60.844292,60.255125,4355
632.264171,74.814542,74.131167,4356
632.559309,41.110416,40.545750,4357
632.669363,43.240750,42.724791,4358
632.726329,42.969208,42.262208,4359
632.892971,41.407042,40.975083,4360
633.229422,44.532250,43.804833,4361
633.540371,59.700375,59.094291,4362
633.564166,45.933417,45.250042,4363
633.892604,41.048292,40.557416,4364
634.060217,42.773209,42.359334,4365
634.173120,43.408459,42.862750,4366
634.226097,41.187125,40.610208,4367
634.541762,56.836208,56.330167,4368
634.585948,67.691750,67.125333,4369
634.692087,41.440292,40.724251,4370
634.892312,40.735625,40.262250,4371
635.079349,43.672709,43.253000,4372
635.194903,49.124833,48.384292,4373
635.228497,43.654917,43.135459,4374
635.559837,41.629291,41.202875,4375
635.892662,41.067542,40.584834,4376
636.226515,41.645334,41.027584,4377
636.395971,41.517292,40.984417,4378
636.559736,41.464500,40.930458,4379
636.894958,43.336708,42.872958,4380
637.068983,41.747416,40.982375,4381
637.231337,46.462792,45.846208,4382
637.360726,41.419875,40.715209,4383
637.507060,40.647834,40.172709,4384
637.582922,64.720833,63.835041,4386
637.587201,77.577500,77.101208,4385
637.907949,56.394333,55.922417,4387
637.937368,46.318416,45.530042,4388
638.225895,40.943875,40.434625,4389
638.559678,41.450791,40.926084,4390
638.892690,41.108959,40.482750,4391
639.225618,40.728334,40.203041,4392
639.320733,41.185375,40.666208,4393
639.559511,41.289500,40.806209,4394
639.892271,40.664750,40.172417,4395
640.016230,41.443500,40.828375,4396
640.226345,41.456917,40.932791,4397
640.299633,42.686584,42.266584,4398
640.559577,41.358333,40.687792,4399
640.738384,41.651750,41.094958,4400
640.908722,57.154125,56.552125,4402
640.912818,87.222333,86.666709,4401
640.941258,61.139750,60.471542,4403
641.049349,41.131417,40.716083,4404
641.225903,40.994041,40.471375,4405
641.564150,72.425792,71.684958,4406
641.569191,50.964083,49.976209,4407
641.712243,43.218875,42.625041,4408
641.892957,41.367958,40.839166,4409
642.073861,41.233791,40.687500,4410
642.225872,40.979167,40.401375,4411
642.560977,42.718375,42.176750,4412
642.862945,49.081375,48.579709,4413
642.900749,49.185791,48.570083,4414
643.152337,42.068834,41.532166,4415
643.235454,50.564208,49.704375,4416
643.267244,41.388667,40.735333,4417
643.404353,40.639959,40.182334,4418
643.603963,85.701000,85.218875,4419
643.616312,82.976833,82.320875,4420
643.647813,85.990625,85.488375,4421
643.893147,41.580292,41.141333,4422
644.260230,69.359500,68.896334,4424
644.279597,94.689000,93.505417,4423
644.307743,69.432417,68.761875,4425
644.558976,40.729208,40.258750,4426
644.892346,40.786667,40.298417,4427
645.227328,42.452667,41.840458,4428
645.558721,40.495000,40.009375,4429
645.892363,40.808250,40.340417,4430
646.008612,41.510875,41.009792,4431
646.225844,40.955542,40.404875,4432
646.480947,41.278416,40.742625,4433
646.559772,41.524000,41.013584,4434
646.677969,42.129500,41.544709,4435
646.768996,43.416334,42.859833,4436
646.849386,41.518750,40.903333,4437
646.892522,40.970417,40.499667,4438
647.032424,41.833167,41.035458,4439
647.226621,41.744500,41.161750,4440
647.512763,42.141458,41.616458,4441
647.559534,41.310792,40.591250,4442
647.768201,40.600583,40.116125,4443
647.893962,42.424084,42.001167,4444
648.225926,41.012709,40.479541,4445
648.561240,43.014125,42.375375,4446
648.909903,58.350250,57.810083,4447
648.945303,68.166000,67.333875,4448
648.976558,96.441334,95.744542,4449
649.064399,44.075500,43.437625,4450
649.226063,41.176041,40.603500,4451
649.559372,41.181875,40.669709,4452
649.677690,40.693334,40.203917,4453
649.892530,40.950584,40.476042,4454
649.955185,42.741125,42.156333,4455
650.113383,41.213084,40.477500,4456
650.226155,41.265875,40.777334,4457
650.541521,51.459042,50.991500,4458
650.570409,52.207167,51.599917,4459
650.710139,41.574750,41.022042,4460
650.892981,41.435041,40.974500,4461
651.227423,42.518583,41.923584,4462
651.561566,43.333500,42.761833,4463
651.905077,53.476792,52.743250,4465
651.926734,77.361083,76.776291,4464
652.225426,40.524458,39.928584,4466
652.296982,44.292500,43.616416,4467
652.559254,41.128208,40.616917,4468
652.893300,41.764042,41.153584,4469
653.054263,71.850917,71.351000,4470
653.059391,63.409209,62.839000,4471
653.173682,41.176625,40.682250,4472
653.226489,41.569209,40.859584,4473
653.277193,43.125250,42.407166,4474
653.561107,42.905625,42.352917,4475
653.823944,71.806291,69.734875,4476
653.833249,62.179542,61.644625,4477
653.895166,43.604750,42.865666,4478
653.945694,40.681667,40.312709,4479
654.225830,40.934250,40.372209,4480
654.561764,43.530959,42.982917,4481
654.607565,43.480792,42.794209,4482
654.698172,42.912333,42.351167,4483
654.888629,73.649625,73.089333,4484
654.927305,75.794250,75.368417,4487
654.954828,132.358917,131.755459,4485
654.986186,145.131875,144.516750,4486
655.128292,41.044208,40.504916,4488
655.225675,40.786375,40.282375,4489
655.561452,43.222375,42.469583,4490
655.753013,50.262042,49.564375,4491
655.792838,64.445500,63.776416,4492
655.895102,43.565958,43.132250,4493
656.233380,48.486958,47.887875,4494
