timestamp,response_ms,inference_ms,request_id
655.341100,67.704875,66.903083,1
655.366135,75.928125,70.627959,3
655.391540,106.142459,105.364000,2
655.476930,36.760208,35.626208,4
655.516185,35.539292,34.650584,5
655.643330,36.471750,35.482417,6
655.729761,35.831542,34.911625,7
655.782600,39.769625,39.208750,8
655.823909,50.406417,49.817542,9
655.998657,58.478875,56.556791,10
656.010575,48.151250,47.572583,11
656.142361,35.521500,34.922417,12
656.339379,65.870000,65.277334,13
656.347644,70.245583,69.602167,14
656.417137,35.689500,35.142042,15
656.475842,35.698250,35.186375,16
656.654447,47.610792,47.054000,17
656.684066,43.932000,43.342250,18
656.782071,43.688166,43.143917,19
656.810491,36.969625,36.121458,20
656.975591,35.415916,34.904625,21
657.142655,35.879958,35.375375,22
657.249518,35.931584,35.325791,23
657.309228,35.785750,35.236542,24
657.475602,35.432250,34.736333,25
657.642115,35.284958,34.746250,26
657.740534,35.748417,35.044042,27
657.832880,71.092000,70.406000,28
657.833758,60.306458,59.798667,29
657.972199,56.100041,54.796292,30
657.988345,48.188000,47.607875,31
658.026994,35.756292,35.371875,32
658.084302,36.116208,35.411833,33
658.142032,35.214958,34.799916,34
658.191174,35.479500,35.060666,35
658.243890,36.124083,35.409500,36
658.329590,56.087792,55.437958,38
658.332051,72.881375,72.487625,37
658.450035,60.503625,60.030542,40
658.457862,81.661708,79.584458,39
658.496539,51.055667,50.423625,42
658.548598,108.392666,107.412959,41
658.570386,57.631875,56.830667,43
658.596985,40.545167,39.786834,44
658.669724,62.893542,62.263542,45
658.677155,55.382541,54.964583,46
658.733899,35.795667,35.298667,47
658.809465,35.979417,35.441000,48
659.030480,104.909875,104.390125,49
659.030512,92.350417,91.921083,50
659.034567,94.384500,93.421417,51
659.065664,95.385208,94.784958,52
659.142989,36.154708,35.407166,53
659.341810,92.521334,92.133125,54
659.361695,88.186584,87.642333,56
659.364514,100.363667,99.808917,55
659.390723,42.977375,42.405708,57
659.496704,62.113625,61.586583,60
659.501220,96.108833,94.783208,59
659.514189,111.678292,111.213958,58
659.553753,113.565375,112.758625,61
659.596037,143.135708,138.275083,62
659.661157,49.753083,49.129792,65
659.687630,217.354667,209.979000,63
659.714346,107.501916,105.513334,64
659.786263,105.258125,102.750375,66
659.796100,59.290875,58.701125,68
659.835624,121.787458,121.125667,67
659.855205,109.032291,95.482334,69
659.909204,63.753084,63.101500,71
659.909693,136.193458,135.812833,70
659.987232,47.078792,46.689709,72
660.014610,45.004459,44.211125,73
660.142183,35.342417,34.863500,74
660.310050,36.550500,35.963375,75
660.384685,36.544083,36.020250,76
660.467482,53.400375,52.608208,77
660.486208,46.026459,45.480459,78
660.537403,35.977667,35.584208,79
660.631977,48.862333,48.440875,80
660.661022,54.189625,53.572750,81
660.781849,79.295125,78.743583,84
660.783574,107.669917,105.515083,82
660.800704,116.458125,115.148834,83
660.825730,112.346792,111.392458,85
660.861703,139.665459,138.722792,86
660.897016,157.329375,156.807583,87
660.933303,159.799500,159.237167,88
661.009563,60.031125,59.469375,90
661.010402,70.248500,69.804292,89
661.075100,36.146541,35.604041,91
661.161991,55.157083,54.658916,92
661.198261,84.531709,83.790000,93
661.229589,60.515584,59.730417,94
661.302881,91.215250,88.468625,95
661.316500,58.875250,58.163292,97
661.349158,131.734458,131.109417,96
661.395721,122.263751,121.731458,98
661.403379,79.527876,78.971376,100
661.432327,148.970792,148.479042,99
661.476427,36.285958,35.553000,101
661.684649,77.810834,75.810292,102
661.709357,75.879125,75.322625,103
661.714904,72.957792,72.167667,104
661.758032,36.444917,35.925459,105
661.809503,36.013250,35.523250,106
661.975646,35.475708,34.961500,107
662.021317,43.029292,42.528792,108
662.050569,38.538791,37.665541,109
662.142153,35.317041,34.819750,110
662.254407,51.560542,50.684375,112
662.301570,104.379916,103.271875,111
662.352600,79.188375,78.666292,114
662.357646,87.312166,86.742833,113
662.387629,48.681791,44.916667,115
662.416680,72.685667,72.214042,116
662.475379,35.241500,34.785333,117
662.571152,36.593958,35.952000,118
662.641773,34.918916,34.436500,119
662.694547,35.322875,34.772791,120
662.824844,51.342375,50.778875,121
662.845278,44.364542,43.747959,122
663.003978,63.807917,63.247041,123
663.011918,51.944083,51.364250,124
663.158607,44.474208,43.703333,126
663.215652,108.794875,108.304875,125
663.246758,87.063667,86.561125,128
663.315462,148.054959,138.842958,129
663.335704,198.527291,197.731042,127
663.345171,71.668917,71.120000,130
663.366248,78.333500,77.608708,131
663.403394,85.093459,84.625042,132
663.505784,92.689042,92.131959,134
663.505799,89.914708,89.567625,135
663.510509,182.183750,180.407792,133
663.572305,132.142501,131.739417,136
663.583500,73.363500,72.636667,137
663.642556,35.737333,35.239166,138
663.734487,35.486792,34.956542,139
663.829222,72.327500,71.265250,140
663.870273,96.755750,95.826500,141
663.872525,61.629167,61.070041,142
663.952786,97.008625,96.405750,143
663.953573,74.905542,66.505250,144
664.020145,82.671750,80.957625,145
664.038086,97.963541,96.544583,146
664.070689,84.022458,83.524584,147
664.095194,66.506125,66.085833,148
664.176264,121.275583,120.616125,149
664.199893,98.395792,97.805167,151
664.207120,110.245626,109.637501,150
664.307342,99.302875,98.876458,154
664.309263,80.959958,80.491833,155
664.310278,203.484459,202.880709,152
664.379129,243.812042,243.233375,153
664.425982,90.378167,89.807084,158
664.446825,92.520750,91.726833,159
664.481596,208.137416,207.566625,156
664.506773,66.616375,66.166917,160
664.527668,246.351875,245.622708,157
664.638700,60.930625,60.186583,161
664.681785,54.589792,54.054584,163
664.696760,89.927542,89.225500,162
664.794554,147.882584,147.308291,164
664.802517,96.385333,95.931791,166
664.802979,84.905042,84.393167,167
664.842415,165.630500,164.912417,165
664.905674,60.020625,59.510792,170
664.939995,64.512000,64.072750,171
665.000676,77.823667,77.197750,173
665.021207,81.058250,80.572041,174
665.021583,250.980625,250.077042,168
665.071539,298.026459,292.946208,169
665.114604,219.819833,219.226875,172
665.148102,61.805333,61.241250,175
665.170699,63.856625,63.161875,176
665.309170,35.646625,35.173541,177
665.421214,36.360042,35.728875,178
665.503482,63.323458,62.699292,180
665.532877,93.754791,93.178458,179
665.553398,92.239875,91.784875,181
665.624521,66.575250,65.903251,185
665.669644,175.640500,174.876626,182
665.673947,144.246959,143.423875,183
665.715242,87.779125,87.115584,187
665.763548,222.414209,221.781292,184
665.834567,227.723125,226.979375,186
665.846297,149.435417,107.688583,191
665.857199,129.212417,87.673542,193
665.879915,242.020334,241.393833,188
665.981051,336.721292,336.232750,189
666.010307,141.588417,100.025334,195
666.014211,133.870333,92.501500,196
666.078173,410.971167,410.319875,190
666.128341,147.252875,105.067375,199
666.142335,131.443083,89.563542,200
666.166207,463.477584,421.604167,192
666.255280,112.902708,71.550792,204
666.268278,139.895584,98.226042,203
666.275264,501.743375,459.994209,194
666.325190,385.001458,384.426001,197
666.371709,422.636375,422.088917,198
666.386227,112.723334,71.211291,207
666.402234,146.920667,105.839417,206
666.448280,415.552959,374.272209,201
666.497195,418.985583,378.307417,202
666.526874,76.097875,75.355000,209
666.538401,98.206208,97.661083,208
666.593208,426.964125,386.096084,205
666.654150,47.318250,46.822708,210
666.677801,39.811333,39.309666,211
666.760548,56.128625,55.630750,212
666.827608,112.173542,111.404416,213
666.854940,55.328875,54.789000,215
666.861646,88.130000,87.429417,214
666.975641,35.450917,34.986875,216
667.073291,88.890083,80.739458,217
667.093841,85.275750,84.511583,219
667.124557,83.455750,83.034583,220
667.154322,150.530625,149.707833,218
667.179092,72.234750,71.480500,222
667.194197,132.559583,131.632958,221
667.271162,156.456125,152.504625,223
667.302723,92.315125,91.779625,225
667.336337,83.955375,83.059083,226
667.340569,222.570833,216.147459,224
667.371222,97.712417,97.062583,227
667.407190,117.012583,116.186875,228
667.456593,48.443208,47.940958,229
667.502192,62.022917,61.082000,230
667.525964,67.003125,66.179458,231
667.581496,74.583250,72.164750,232
667.636317,72.347625,71.647917,234
667.666356,139.770167,134.989750,233
667.671945,77.519167,76.958584,235
667.739518,81.125626,79.531084,237
667.766193,82.790167,82.163958,239
667.770484,163.647167,163.044876,236
667.863469,193.345250,192.611125,238
667.874695,101.196083,100.619167,242
667.936053,207.408250,206.635625,240
667.936833,121.762375,121.213750,243
668.000807,123.568666,122.958208,244
668.016177,76.012125,75.475167,246
668.025853,291.197958,290.560375,241
668.114847,213.957625,213.344541,245
668.151248,122.057542,121.244084,249
668.152336,136.340459,135.020083,248
668.170891,187.813500,187.134500,247
668.206353,135.864167,135.176417,250
668.273157,194.976250,194.401375,251
668.294165,72.299500,71.724916,253
668.343481,69.993583,69.463041,254
668.355390,248.554250,247.963042,252
668.383737,36.805125,35.947917,255
668.479217,58.584750,57.852083,256
668.490789,50.623125,49.875875,257
668.559158,40.806208,40.200417,259
668.603279,94.293500,93.740792,258
668.637259,64.157333,63.315875,260
668.664022,57.192042,56.646625,261
668.780432,86.676916,85.836042,263
668.790296,72.932125,72.366584,264
668.806460,116.439750,116.036375,262
668.850764,125.271417,120.412250,265
668.878756,114.819833,114.252542,266
668.937336,56.047833,55.570958,268
668.976150,202.639500,199.960541,267
668.989603,49.452375,48.911042,269
669.054074,57.486042,56.795959,270
669.068703,47.540792,46.985167,271
669.172506,65.659125,65.103208,273
669.211251,58.520000,57.944833,274
669.215795,111.956542,111.512917,272
669.341397,67.897375,67.105791,275
669.345706,54.564708,54.109125,276
669.531603,91.457334,90.993875,278
669.543176,69.380500,68.854042,279
669.550342,111.008042,110.551000,277
669.637341,148.392416,144.538917,280
669.638464,84.749292,84.303917,282
669.707428,143.984750,142.995417,283
669.718272,226.301250,222.179708,281
669.801678,206.974834,200.069042,284
669.804198,165.718000,124.588917,289
669.852525,245.675208,240.889834,285
669.888586,269.208042,268.403334,286
669.899346,191.881667,146.399750,290
669.922260,148.756708,148.104541,291
669.938185,311.138625,309.039500,287
670.004103,63.914083,63.274167,294
670.046185,408.805542,366.144333,288
670.111605,91.616875,90.950125,295
670.119825,75.959042,74.993625,296
670.157333,355.608458,314.409666,292
670.238239,434.004083,393.332333,293
670.245165,101.543458,100.864459,299
670.245260,91.436042,86.146666,300
670.259593,152.744375,151.929750,297
670.330965,220.201042,219.612750,298
670.363219,89.717250,89.125458,303
670.403735,89.229292,88.666666,304
670.420557,249.508583,239.884167,301
670.459925,248.185292,247.261875,302
670.482141,41.961501,41.330042,305
670.631259,86.077250,85.276333,306
670.653978,108.221458,106.390958,307
670.664391,112.099167,111.033417,308
670.687160,80.324125,79.716292,309
670.745531,49.063875,48.553167,310
670.776204,50.985375,50.393875,311
670.857756,92.821458,92.007417,312
670.890527,117.006458,116.072542,313
670.890916,94.476667,87.928458,314
670.936668,134.058750,129.812667,315
670.994086,89.025417,88.142833,317
671.014356,74.198542,73.591000,318
671.020589,141.462709,140.604625,316
671.055847,79.440084,78.982459,319
671.181276,84.963667,81.317834,320
671.185331,78.493042,77.592084,321
671.230859,64.959708,63.154583,322
671.271630,64.927042,64.178042,323
671.313039,101.381292,97.321583,324
671.351660,78.157042,77.231583,326
671.353602,127.001000,126.455875,325
671.429584,73.663625,72.851917,328
671.437567,138.176500,137.381125,327
671.496938,79.444750,78.626625,329
671.544438,120.326500,118.435041,330
671.547750,107.583583,106.893209,331
671.597019,61.917334,61.492375,335
671.628105,166.632375,162.772750,332
671.682972,72.385250,71.827000,338
671.713351,236.299875,235.632542,333
671.782415,175.554458,174.805166,337
671.802793,324.289583,323.722584,334
671.815641,86.169416,83.093500,340
671.862328,79.265084,78.651417,342
671.873305,332.566501,331.875833,336
671.903201,253.531250,252.933626,339
671.962478,188.956542,186.895042,341
672.017099,76.909875,76.342584,345
672.046060,247.432500,243.792209,343
672.052542,117.934542,117.248834,344
672.105767,54.378625,53.683292,348
672.142081,180.816708,178.165166,346
672.176795,69.976666,69.402958,349
672.205689,237.120333,236.565583,347
672.224571,44.800583,44.235042,350
672.337996,92.196709,91.669958,351
672.349819,97.211042,96.588917,352
672.354124,80.608209,79.801167,353
672.402668,35.872083,35.364292,354
672.438584,34.964125,34.591667,355
672.476094,35.939750,35.414750,356
672.597396,35.303042,34.835792,357
672.693067,86.233875,85.558958,358
672.710362,75.838292,75.285583,360
672.714455,83.865250,83.330625,359
672.761226,35.882292,35.238583,361
672.809940,36.439084,35.744333,362
672.948471,96.852584,96.256125,364
672.950603,95.981083,95.102000,365
672.958251,113.968459,113.443750,363
672.993883,79.889833,79.303000,366
673.065916,125.795833,121.655041,367
673.076368,67.223625,66.357959,369
673.100722,154.244417,153.824709,368
673.143158,36.352750,35.653333,370
673.224152,35.466958,35.010792,371
673.308716,35.213500,34.762875,372
673.438444,97.611208,91.501667,373
673.461524,98.270667,95.720625,375
673.468473,114.030875,111.373792,374
673.505458,133.800916,132.990375,376
673.588594,119.469000,118.703375,378
673.589817,76.403833,75.828083,379
673.596351,156.185167,155.755833,377
673.670104,134.962334,131.017541,380
673.678152,71.244833,69.624334,383
673.730305,173.469625,171.989125,381
673.757076,67.843125,65.151334,384
673.772344,198.879625,198.436584,382
673.828353,54.819041,54.364334,385
673.843731,45.063083,44.538083,386
673.911965,58.688583,58.314666,387
673.929955,58.004625,57.477292,388
673.995046,74.310834,73.541417,389
674.018665,78.498000,77.963083,390
674.030466,56.602000,55.792042,391
674.177763,81.369750,80.880917,392
674.214795,110.124583,106.231708,393
674.216766,109.957167,109.114542,394
674.250826,131.772375,131.181167,395
674.307277,73.051416,72.376500,397
674.334796,139.528959,138.743792,396
674.347161,73.682875,73.125208,398
674.422847,68.455042,67.917792,400
674.477208,142.377667,99.083542,399
674.500935,91.722750,84.697666,402
674.559258,173.592708,172.723250,401
674.559258,93.190417,92.180667,404
674.575880,135.759459,135.176417,403
674.644462,64.785875,64.307542,408
674.666962,133.527626,128.087459,405
674.752537,212.460208,211.892917,406
674.760924,115.490667,112.366334,411
674.786684,179.872584,178.933708,409
674.821288,267.031917,262.406667,407
674.860707,87.213291,86.654458,413
674.897407,281.722584,281.141000,410
674.937290,148.342833,106.447250,415
674.964776,215.948833,215.309208,412
674.999211,77.947042,77.205042,418
675.021670,245.485916,244.883625,414
675.076888,136.745583,135.955750,419
675.120055,297.803334,284.029959,416
675.129650,81.388125,80.811208,422
675.201692,364.204166,362.590958,417
675.203087,96.293459,95.755916,423
675.228699,79.796791,79.230375,424
675.251234,268.828000,268.335667,420
675.328143,340.189208,339.525084,421
675.357783,95.245209,94.483958,429
675.386904,136.735667,135.913167,428
675.406476,244.990958,240.877000,425
675.491887,82.548666,81.886292,433
675.494832,90.919500,90.330917,432
675.505478,337.488084,336.696792,426
675.541613,339.096042,338.553542,427
675.584557,311.062792,310.460501,430
675.677785,373.871458,373.246709,431
675.692942,90.886250,90.319250,437
675.693952,117.752542,117.077917,436
675.763209,347.293625,305.737250,434
675.825304,385.138541,343.991958,435
675.851262,94.129292,91.187250,442
675.853661,90.974917,86.896833,443
675.871817,265.029042,259.867708,438
675.900385,284.154500,283.572625,439
675.978206,361.260958,319.384333,440
676.003866,63.714000,63.105000,446
676.044227,366.406250,325.711750,441
676.088300,314.814500,270.331250,444
676.155581,97.615583,93.397500,447
676.163080,86.669917,85.579083,448
676.176298,334.953208,290.531208,445
676.190542,83.749750,83.018250,449
676.262080,81.560500,78.335250,451
676.273643,157.588375,157.000958,450
676.321933,91.821917,91.257834,452
676.341973,85.367042,84.028000,453
676.384653,111.169042,110.353541,454
676.402166,92.955042,92.194084,455
676.476382,36.215083,35.507500,456
676.548204,35.930708,35.384125,457
676.642560,35.739667,35.239750,458
676.742367,35.152250,34.699583,459
676.792992,49.431084,48.812459,460
676.815438,41.934083,41.445833,461
676.883399,34.708916,34.253625,462
677.004275,64.085000,63.617166,463
677.055157,91.852834,91.044625,464
677.077998,86.422292,85.545250,465
677.091686,83.468583,82.945041,466
677.197965,78.253875,77.608125,468
677.214765,107.919292,107.278208,467
677.225118,95.357209,94.525375,469
677.296943,81.832333,81.039292,473
677.305660,166.598250,163.939709,470
677.343813,70.312083,69.743333,474
677.387531,239.554583,238.451208,471
677.449574,98.628250,97.787958,475
677.454572,89.520959,88.665500,476
677.494746,331.307958,330.547292,472
677.530608,74.938792,74.289541,480
677.581526,199.704750,198.971792,477
677.586187,88.498667,88.027916,481
677.654749,230.039542,229.260209,478
677.691473,88.135834,87.523334,485
677.734439,294.261625,293.474709,479
677.757290,150.450417,108.842125,486
677.826272,325.079125,324.071417,482
677.861208,169.698958,127.311917,489
677.862129,127.655208,86.358125,490
677.907368,390.289958,389.667541,483
677.977226,115.981250,74.716250,493
677.996295,169.988292,126.961916,492
678.012289,492.406542,451.267542,484
678.072236,94.973959,53.685333,496
678.092235,484.913625,439.868333,487
678.120243,465.479292,424.423125,488
678.180270,422.941751,381.941000,491
678.198141,91.296042,90.314875,497
678.247195,385.039667,343.213501,494
678.258996,93.949625,93.296875,498
678.307290,399.890167,357.075250,495
678.342820,162.890875,161.235666,499
678.349538,76.034292,75.469042,500
678.387299,64.037167,63.384125,501
678.411181,44.864459,44.239417,502
678.477145,36.968458,36.262625,503
678.543627,35.556792,35.009041,504
678.649350,42.517125,42.041416,505
678.678106,36.924708,36.158792,506
678.743903,36.580542,35.924583,507
678.809548,36.062833,35.561750,508
678.923878,36.427125,35.756000,509
678.976070,35.922834,35.387334,510
679.015525,36.185333,35.539583,511
679.177443,90.127916,89.632958,512
679.187205,80.367000,79.361333,513
679.202182,94.819084,94.214167,514
679.283809,70.741125,69.551125,515
679.308573,70.729167,69.817417,516
679.326410,52.877417,52.091959,517
679.506385,61.546917,60.859750,519
679.514530,74.366250,73.768333,518
679.702269,95.406500,94.733334,521
679.702885,105.380625,104.915125,520
679.703697,78.520458,77.988750,522
679.794806,76.992125,76.192959,524
679.815928,107.861833,107.393417,523
679.821453,96.168916,95.385208,525
679.857142,83.667209,82.854916,526
679.995089,54.943583,54.399041,527
680.019269,55.556084,54.732125,528
680.048417,39.465708,38.674125,529
680.106608,35.188708,34.744500,530
680.141808,34.965875,34.479083,531
680.254629,35.865959,35.148167,532
680.309072,35.599083,34.874292,533
680.360407,35.525292,34.989791,534
680.466504,53.831458,52.990000,535
680.485708,45.561542,44.734083,536
680.644981,38.114708,37.529917,537
680.838041,64.486625,64.021125,538
680.848171,58.425208,57.848000,539
680.893212,35.576333,35.088084,540
681.027060,86.884584,85.802500,541
681.029134,88.958917,86.333334,542
681.048620,54.517458,53.734917,543
681.135500,82.653667,81.860625,544
681.144243,89.449500,88.465709,545
681.203132,96.279167,93.798834,546
681.221278,102.480291,99.345459,547
681.228608,80.901625,80.341916,548
681.309209,35.698250,35.210583,549
681.415962,36.007125,35.258416,550
681.475076,34.941084,34.422500,551
681.531555,36.096667,35.427292,552
681.658243,51.464875,50.936083,553
681.679878,39.718292,39.173167,554
681.764738,35.068250,34.607416,555
681.832484,58.957500,58.423750,557
681.846557,80.236917,79.707834,556
681.877861,38.885584,38.077958,558
681.962066,68.182042,67.723542,559
681.987647,71.997333,71.366750,560
682.007836,67.708375,67.241417,561
682.173389,66.575541,66.071834,562
682.206491,76.326833,75.400208,563
682.215172,58.185750,57.551667,564
682.315372,79.615958,79.113125,565
682.337796,92.355667,91.816666,566
682.342672,69.166417,68.734750,567
682.475347,35.155167,34.691417,568
682.641896,35.063000,34.570666,569
682.699248,35.053666,34.601583,570
682.808706,35.206500,34.753833,571
682.881908,35.161000,34.704833,572
682.979690,81.710708,81.184833,573
683.005421,91.046084,90.538875,574
683.041318,101.151750,100.391375,575
683.042116,76.117708,75.368125,576
683.161254,64.949792,64.573250,577
683.171635,64.788500,64.138083,578
683.342848,81.886000,81.099375,579
683.347852,74.375292,73.755792,580
683.376252,75.548084,74.940834,581
683.479412,59.043834,58.557042,582
683.493854,53.690875,53.214875,583
683.594854,64.184458,63.422042,584
683.633843,98.207375,97.695791,585
683.675254,68.441333,67.715667,587
683.675293,79.984917,79.639583,586
683.719552,97.108958,95.392500,588
683.787476,75.303083,74.720626,589
683.796798,71.599500,70.600834,590
683.816107,42.624750,42.016625,591
683.969282,53.371500,52.872167,592
683.984718,44.549459,44.006667,593
684.141846,35.015167,34.530416,594
684.239157,35.589459,35.043750,595
684.308552,35.051042,34.596916,596
684.515496,48.222708,47.663292,599
684.539165,92.765166,92.085291,598
684.552798,112.648084,112.237708,597
684.641860,35.003791,34.521375,600
684.808406,34.899083,34.436792,601
684.975363,35.195417,34.730791,602
685.018980,36.873667,36.379583,603
685.141883,35.027417,34.541500,604
685.184083,35.744333,35.217875,605
685.309803,36.299667,35.794208,606
685.477144,36.941333,36.110375,607
685.630954,53.781000,53.146333,608
685.651059,44.212583,43.600958,609
685.699680,35.328417,34.857667,610
685.809487,35.972709,35.417375,611
685.880341,63.654501,63.206792,612
685.886869,55.384001,54.970417,613
685.976691,36.526583,35.969208,614
686.141976,35.137958,34.577958,615
686.316726,59.535583,58.800875,616
686.329561,56.054542,55.488125,617
686.483409,43.246875,42.702625,618
686.511156,36.403208,35.968917,619
686.640055,49.138833,48.645333,622
686.671937,112.455583,111.760250,620
686.686802,121.886041,121.020958,621
686.713807,106.945417,106.113584,623
686.748960,131.999000,131.301333,624
686.880528,99.537375,95.388416,626
686.882580,109.071375,108.623375,625
686.882785,69.546167,68.807083,627
686.976813,36.666584,36.184458,628
687.033243,35.138250,34.668667,629
687.101351,36.059042,35.500792,630
687.141902,35.058917,34.554625,631
687.308558,35.038500,34.578250,632
687.376744,36.130208,35.637875,633
687.475889,35.719833,35.232458,634
687.541486,36.589584,36.136625,635
687.657210,50.378417,49.903875,638
687.673807,94.709125,93.985791,637
687.678047,104.641834,104.134625,636
687.809291,35.765333,35.076416,639
687.906292,35.828042,35.105000,640
688.010289,63.407458,62.959750,642
688.013284,73.117625,72.611292,641
688.056543,36.214791,35.558250,643
688.142194,35.390542,34.905208,644
688.321028,41.738958,41.140750,646
688.346492,72.993375,72.461375,645
688.404059,35.833291,35.368959,647
688.509522,69.332083,68.875041,648
688.509600,58.514167,58.046042,649
688.586710,35.070292,34.586417,650
688.643493,36.638000,35.949083,651
688.809594,36.088208,35.577208,652
688.888674,35.901250,35.396084,653
688.976401,36.209833,35.449166,654
689.045767,35.410084,34.898209,655
689.142343,35.510125,35.032084,656
689.309114,35.635250,35.094208,657
689.518213,85.358292,84.757458,659
689.530081,106.236667,101.171875,658
689.575421,135.301833,134.731917,660
689.585245,119.334541,117.290833,661
689.602503,49.220500,48.453416,662
689.641991,35.186666,34.715625,663
689.820043,46.545333,46.120375,665
689.841919,74.440625,73.812375,664
689.975349,35.179667,34.723500,666
690.059156,35.225750,34.701042,667
690.143115,36.293542,35.702916,668
690.189302,35.531416,34.998542,669
690.332607,59.080000,58.629958,670
690.345995,50.670375,50.131667,671
690.476706,36.514042,35.784583,672
690.642649,35.804125,35.150792,673
690.681946,35.228667,34.766958,674
690.840235,65.597583,64.213625,676
690.845045,71.554292,70.932458,675
690.901253,36.240166,35.691834,677
690.976587,36.407583,35.732375,678
691.142230,35.387334,34.791750,679
691.308384,34.874584,34.360375,680
691.398508,36.127583,35.472792,681
691.516481,55.839291,55.426292,683
691.517218,77.049292,76.749459,682
691.557389,57.826125,57.267000,684
691.652737,45.919125,45.543458,685
691.681059,51.939709,51.142875,686
691.809614,36.108916,35.603166,687
691.976209,36.024042,35.369834,688
692.142225,35.369251,34.829667,689
692.326733,53.228292,52.841250,690
692.370122,74.839333,74.294792,691
692.384143,51.525250,50.998500,692
692.482423,42.242667,41.700458,694
692.495580,71.442000,71.037458,693
692.630350,51.063834,50.644708,695
692.649269,42.432542,41.983667,696
692.808448,34.944000,34.481708,697
692.976063,35.914667,35.477750,698
693.142858,36.022875,35.342125,699
693.331768,58.269750,57.820583,700
693.343039,47.730959,47.191958,701
693.499182,59.028958,58.620042,702
693.518031,62.626958,61.995500,703
693.642906,36.067792,35.434291,704
693.722092,36.168708,35.418542,705
693.811676,57.563625,57.108041,706
693.822736,49.224584,48.688791,707
693.975197,35.027125,34.556667,708
694.141844,35.010208,34.526625,709
694.215199,35.784583,35.256667,710
694.321377,47.872125,43.773625,711
694.343875,40.906834,40.323792,712
694.477125,55.412292,54.818167,715
694.502424,95.978167,95.575083,713
694.520447,108.331708,107.658833,714
694.554082,113.902542,113.270792,716
694.589682,133.835042,133.101500,717
694.641974,35.155166,34.732250,718
694.807401,56.561167,56.064458,719
694.820106,46.627875,46.059125,720
694.894443,35.793917,35.281167,721
694.986890,54.942125,54.462625,722
695.003695,63.553292,62.784458,723
695.073899,35.049584,34.546750,724
695.156812,49.978834,48.672166,725
695.178658,42.722458,41.927958,726
695.247680,35.965125,35.274459,727
695.308812,35.310333,34.861459,728
695.400900,36.091125,35.517417,729
695.490106,49.961917,49.387625,732
695.501821,98.144083,97.587583,730
695.515259,92.313083,91.734417,731
695.642143,35.302750,34.654959,733
695.809820,36.314542,35.559709,734
695.975814,35.636417,35.105875,735
696.056577,69.129666,68.586000,736
696.060338,59.923500,59.434958,737
696.141956,35.115209,34.503875,738
696.309875,36.367625,35.618917,739
696.476040,35.893375,35.337167,740
696.642208,35.335708,34.843084,741
696.750122,36.060209,35.371875,742
696.809689,36.212166,35.715458,743
696.994621,54.442500,53.681250,744
697.050562,65.370376,63.154875,746
697.084353,112.570792,111.759084,745
697.089274,63.332792,62.707458,747
697.142297,35.487375,34.955667,748
697.285240,45.265791,44.763542,749
697.312703,39.218375,38.460041,750
697.365880,36.406417,35.901250,751
697.427201,36.151792,35.509833,752
697.479772,39.615042,38.923209,753
697.540117,35.922250,35.251125,754
697.642855,36.043000,35.547458,755
697.722345,35.137083,34.684125,756
697.811995,38.525084,37.844041,757
697.989291,49.126583,48.475291,758
698.016490,46.748625,46.327750,759
698.142266,35.421167,34.944583,760
698.308576,35.077583,34.615875,761
698.476897,36.687292,36.024333,762
698.643436,36.626334,36.125250,763
698.719152,36.380750,35.879959,764
698.841971,68.472541,67.846042,765
698.843795,68.049042,67.643333,766
699.004996,64.827583,64.224125,767
699.010187,56.514500,55.935250,768
699.175747,71.070417,70.688042,769
699.175868,69.024376,68.216750,770
699.309564,36.061083,35.420583,771
699.358427,34.959166,34.491334,772
699.475377,35.210292,34.749750,773
699.664315,57.469417,56.413584,775
699.678722,76.339375,75.842667,774
699.787822,63.324042,62.918625,777
699.796937,83.626375,83.094083,776
699.837809,64.325625,63.730917,779
699.863664,108.056958,107.290750,778
699.978028,37.881958,37.353459,780
700.141856,34.996208,34.495708,781
700.198188,36.116500,35.577209,782
700.309560,36.049708,35.461125,783
700.422823,70.270666,69.661083,784
700.443185,73.776792,71.190875,785
700.494618,76.104875,75.490041,787
700.535186,69.527792,65.524375,789
700.564260,69.964125,64.081500,790
700.601794,205.144334,204.468542,786
700.607402,167.280167,166.848208,788
700.675296,68.497042,67.466875,794
700.708263,196.158376,195.158542,791
700.716493,117.635583,116.926250,792
700.746206,139.557250,138.822833,793
700.808911,35.438375,34.940792,795
700.977068,36.895542,36.122041,796
701.047864,61.905375,61.057791,797
701.056587,54.590958,53.805792,798
701.157234,76.857667,74.306167,799
701.174349,70.362250,67.272917,800
701.217162,89.823708,88.950458,802
701.228172,121.320208,119.975334,801
701.310477,57.755542,57.274584,803
701.327605,54.099791,53.552917,804
701.476341,36.145083,35.415041,805
701.642663,35.807041,34.927666,806
701.809928,36.426833,35.900375,807
701.977314,37.123917,36.413417,808
702.106110,36.207500,35.444209,809
702.142711,35.879375,35.196000,810
702.205745,35.226333,34.773084,811
702.282335,42.440708,41.930000,812
702.309603,36.103375,35.700291,813
702.379852,36.238125,35.733542,814
702.480122,66.432625,63.480666,815
702.493883,53.740750,52.959375,816
702.524192,80.365250,79.860667,817
702.659801,52.965500,52.271625,819
702.667554,71.863458,71.206334,818
702.835594,56.343875,55.503583,821
702.844166,70.663250,70.143500,820
702.976168,36.025209,35.481833,822
703.143159,36.327375,35.529666,823
703.309550,36.046208,35.349125,824
703.394366,34.873708,34.501833,825
703.476084,35.915833,34.856791,826
703.550364,65.171458,63.619792,827
703.555903,52.352417,51.592625,828
703.659410,52.569125,52.019917,830
703.670379,72.137917,71.687584,829
703.746690,35.350292,34.889750,831
703.809256,35.781375,35.244125,832
703.975542,35.392000,34.962083,833
704.087401,35.119875,34.648250,834
704.141537,34.733417,34.260333,835
704.334338,60.797042,60.224209,837
704.340240,72.338583,71.718500,836
704.475366,35.175000,34.718834,838
704.590274,35.143500,34.679167,839
704.642056,35.215250,34.698416,840
704.808596,35.072625,34.606250,841
704.879954,51.291625,50.272834,842
704.901342,42.258709,41.717667,843
704.956675,46.759417,45.546958,844
705.004491,44.756834,44.188375,846
705.021497,81.371500,80.888792,845
705.142984,36.152666,35.464042,847
705.310049,36.544958,35.872666,848
705.497261,69.832875,69.400625,849
705.506801,66.630375,65.799417,850
705.643681,61.058083,60.508000,851
705.653799,46.953375,46.316666,852
705.809063,35.485625,34.940792,853
705.976236,36.076541,35.590042,854
706.144188,37.332167,36.750292,855
706.181437,36.093458,35.586250,856
706.229967,35.759500,35.319667,857
706.309150,35.648375,34.950708,858
706.422114,67.755041,67.344958,859
706.479202,110.843541,109.968833,860
706.491961,51.784542,51.244084,862
706.535546,93.696750,92.734250,863
706.540152,162.976042,162.301708,861
706.642107,35.272125,34.737500,864
706.809186,35.705250,35.159250,865
706.865837,35.064167,34.605375,866
706.958662,48.775125,48.310500,867
706.984862,44.689750,44.029125,868
707.052978,35.281459,34.815375,869
707.172129,65.297458,64.546125,870
707.177416,55.218917,54.738250,871
707.363049,89.546917,88.494291,872
707.371862,79.796791,79.352583,873
707.384961,71.991792,71.177750,874
707.529287,89.110584,88.479709,876
707.530211,98.842626,98.322292,875
707.548221,103.930167,103.007625,877
707.669954,87.052000,83.773083,878
707.690544,89.456792,86.059167,879
707.715598,108.730416,107.885750,880
707.727745,90.159125,89.711416,881
707.808850,35.325500,34.867000,882
707.864420,35.174417,34.710666,883
707.905844,35.956375,35.416208,884
707.976912,36.746500,36.294125,885
708.041125,49.480667,48.965875,886
708.061270,42.283500,41.704833,887
708.158832,52.018750,51.531375,888
708.177255,41.625500,41.063167,889
708.308692,35.192500,34.725250,890
708.476174,36.005958,35.301583,891
708.535563,35.778750,35.224000,892
708.642904,36.071291,35.409209,893
708.727793,52.663917,52.165167,894
708.746417,45.725750,45.010583,895
708.841528,75.145584,74.648583,896
708.849441,75.938625,75.326125,897
708.886201,71.626625,70.972417,898
708.989404,49.243250,48.691125,900
709.002235,72.248458,71.791708,899
709.141998,35.141458,34.652334,901
709.199213,35.596459,35.164208,902
709.245260,35.557083,34.973750,903
709.309603,36.100750,35.596167,904
709.376602,62.107500,61.725417,905
709.391437,58.004042,57.260000,906
709.476356,36.187959,35.635833,907
709.670692,63.828625,62.938751,909
709.674346,71.797542,71.215376,908
709.721203,35.910292,35.377708,910
709.810483,36.979833,36.479333,911
709.975664,35.497875,34.934375,912
710.017526,35.487959,34.997958,913
710.142250,35.418250,34.941667,914
710.198444,36.158208,35.667625,915
710.309514,36.018792,35.413292,916
710.476621,36.443167,35.695333,917
710.556610,36.147416,35.594708,918
710.643144,36.304333,35.588875,919
710.809967,36.477292,35.912917,920
710.976450,36.252417,35.697375,921
711.119934,46.275250,45.745584,922
711.147249,40.456208,39.963291,923
711.322778,49.288459,48.734875,924
711.345255,43.136042,42.588000,925
711.475960,35.802667,35.304500,926
711.517812,36.080625,35.589166,927
711.643395,36.558375,35.866833,928
711.809675,36.176583,35.525583,929
711.919208,35.148458,34.671875,930
711.975090,34.934084,34.491333,931
712.142751,35.917584,35.391708,932
712.308939,35.445667,34.888875,933
712.405864,50.724625,49.715750,934
712.425257,43.366459,42.913792,935
712.475843,35.726250,35.310916,936
712.641979,35.142333,34.654959,937
712.809383,35.903583,35.408334,938
712.975713,35.548042,35.044916,939
713.141715,34.964416,34.487541,940
713.235211,35.955500,35.417666,941
713.309664,36.183875,35.681334,942
713.451024,44.258083,43.741833,943
713.479836,39.651500,39.009833,944
713.530898,35.995166,35.452667,945
713.588798,36.263792,35.771750,946
713.641961,35.120459,34.646791,947
713.753788,36.433834,35.925458,948
713.842908,78.581125,78.185042,949
713.863286,89.789875,89.195167,950
713.892314,59.470250,59.003875,952
713.918626,123.733167,123.155375,951
713.976349,36.181833,35.648083,953
714.172961,66.129000,65.634625,956
714.188263,109.487000,108.957916,954
714.190676,95.636917,95.010416,955
714.309456,35.955500,35.457333,957
714.405872,36.049708,35.478333,958
714.475913,35.780500,35.239167,959
714.528756,35.299834,34.842792,960
714.642666,35.856917,35.358167,961
714.711617,35.745500,35.207666,962
714.809348,35.843208,35.286125,963
714.886982,35.282917,34.864667,964
715.003873,62.811875,62.031959,966
715.013992,73.826375,73.320334,965
715.173556,65.429000,64.969917,968
715.181805,74.964167,74.510333,967
715.278600,51.478292,50.956500,969
715.314861,58.959250,58.553833,970
715.356376,71.775375,71.085292,972
715.392194,118.698417,117.236583,971
715.417893,43.808917,40.137125,973
715.475519,35.381500,34.866709,974
715.664837,57.989167,57.359166,976
715.665855,72.967417,72.477417,975
715.714525,36.305208,35.803250,977
715.789682,49.386458,48.841916,978
715.816347,42.833875,42.195708,979
715.998856,49.212625,48.788833,982
716.012443,94.020208,92.525417,980
716.047649,107.485875,106.924125,981
716.059924,63.418250,62.870500,983
716.142547,35.703500,35.215833,984
716.229653,35.538709,35.061541,985
716.306971,56.978250,56.470458,986
716.321587,48.087666,47.527375,987
716.475170,35.003208,34.529833,988
716.536019,36.938708,36.431500,989
716.642386,35.609291,35.109084,990
716.710459,36.148875,35.528209,991
716.800630,72.404500,66.930791,992
716.821756,48.236125,47.619542,994
716.836233,81.369166,80.654584,993
716.911575,35.998084,35.498167,995
717.043156,49.326375,48.901125,998
717.044226,89.136833,88.755333,997
717.044314,104.147166,103.748459,996
717.141988,35.127750,34.649416,999
717.322255,64.702167,64.123209,1000
717.329811,56.308875,55.657876,1001
717.497892,67.115125,66.542875,1002
717.507551,67.429541,66.871292,1003
717.702293,66.210958,65.756250,1006
717.703927,99.079750,98.647500,1004
717.730995,124.176792,123.528708,1005
717.755167,98.465792,93.757708,1007
717.810364,136.411916,135.848125,1008
717.822254,48.739250,48.090000,1009
717.883420,35.520042,34.992417,1010
717.997720,57.561292,57.154709,1012
718.005823,82.378625,81.960083,1011
718.056677,37.752167,37.373875,1013
718.159081,52.247125,51.316709,1014
718.178856,44.244667,43.473500,1015
718.309576,36.071292,35.573708,1016
718.494778,54.652792,54.179417,1018
718.501264,72.706958,72.179041,1017
718.540705,36.009458,35.330750,1019
718.664113,57.286250,56.840000,1021
718.664114,69.065792,68.489750,1020
718.750174,65.961000,65.413542,1023
718.751301,73.137167,72.706084,1022
718.817779,60.112791,59.730125,1024
718.831097,57.594833,56.830375,1025
718.920600,35.069416,34.617041,1026
718.975372,35.198917,34.739834,1027
719.079610,35.999833,35.494375,1028
719.142672,35.838542,35.235083,1029
719.309475,35.972708,35.458500,1030
719.403936,49.188417,48.678875,1031
719.426235,43.314834,42.817542,1032
719.476116,35.942375,35.403958,1033
719.600525,35.045791,34.537708,1034
719.642626,35.807334,35.309458,1035
719.710044,54.728625,53.747166,1037
719.729682,76.458375,76.038083,1036
719.837589,64.069542,63.651583,1038
719.850850,60.631375,59.962000,1039
719.989223,99.329708,98.658292,1040
719.990652,96.104167,95.559917,1041
719.995520,55.318083,54.617208,1042
720.128873,50.439084,49.939751,1043
720.157129,50.339333,49.910875,1044
720.309740,36.260000,35.751625,1045
720.482451,42.277375,41.749750,1046
720.511581,37.510083,36.824958,1047
720.642905,36.069250,35.466084,1048
720.809733,36.227333,35.486792,1049
720.976429,36.256209,35.536083,1050
721.099142,36.638875,36.166958,1051
721.142141,35.306542,34.729917,1052
721.232900,36.085875,35.486792,1053
721.367170,49.349417,48.925625,1056
721.372886,90.435333,89.720750,1055
721.379403,105.902125,105.434000,1054
721.424995,35.167708,34.686166,1057
721.477104,36.935500,36.412833,1058
721.530116,37.393708,36.856167,1059
721.574878,36.002458,35.304792,1060
721.696442,87.885000,87.493291,1062
721.715992,109.175208,108.781458,1061
721.726825,84.451791,83.559875,1063
721.751941,72.648333,71.983041,1064
721.836099,55.833458,55.236417,1066
721.853231,79.718041,79.162125,1065
721.975181,35.012250,34.532167,1067
722.121415,46.232375,45.678500,1068
722.145144,38.329667,37.523208,1069
722.270105,37.391375,36.885625,1070
722.308722,35.217000,34.766083,1071
722.482305,42.136500,41.411708,1072
722.538706,62.576500,61.992000,1073
722.547663,57.977208,57.293250,1074
722.679496,72.685667,70.746667,1076
722.691502,88.122125,87.610542,1075
722.720259,58.196250,57.700125,1077
722.756518,36.327958,35.664416,1078
722.844665,70.391125,69.304375,1080
722.863155,89.686333,88.537166,1079
722.932273,126.777001,124.774709,1081
722.962735,93.943501,93.347917,1083
722.982775,155.131667,148.006250,1082
723.008521,68.370459,67.813083,1085
723.024350,101.523041,100.950792,1084
723.128975,78.092875,77.507792,1088
723.132150,174.427167,170.831792,1086
723.134259,100.575417,100.034959,1087
723.168735,92.562458,91.649541,1089
723.213914,107.126834,106.509958,1090
723.260396,62.101375,61.629458,1091
723.292546,59.168083,58.629959,1092
723.317719,44.235333,43.688458,1093
723.433689,63.637875,63.189292,1094
723.439173,59.291167,58.451459,1095
723.513377,73.204834,72.060625,1096
723.563241,95.186583,94.567083,1098
723.575252,114.176708,113.528333,1097
723.585918,94.186458,93.382333,1099
723.643383,96.500542,95.910792,1100
723.658148,51.335958,50.595708,1101
723.736851,35.068542,34.628709,1102
723.829373,70.830375,70.362833,1103
723.829901,56.424083,55.908709,1104
723.986891,67.305292,66.802458,1105
724.025481,85.305791,83.494834,1106
724.029636,63.702916,62.856792,1107
724.086295,40.833916,40.443667,1108
724.169687,87.862834,86.987834,1109
724.187860,81.008667,80.138042,1110
724.190204,77.087792,76.260917,1111
724.250965,35.337458,34.892375,1112
724.345150,71.661626,71.138959,1113
724.388887,85.809792,85.203416,1114
724.396260,76.093500,75.490625,1115
724.416404,95.531917,95.073125,1116
724.519374,79.198000,78.377250,1119
724.526254,195.325666,191.375917,1117
724.527820,103.523584,102.941125,1118
724.584422,123.629916,123.056500,1120
724.613606,73.502041,72.827125,1122
724.689860,83.015625,82.332834,1123
724.696084,68.786958,68.344791,1124
724.715249,230.981916,230.132584,1121
724.742702,44.435125,43.718500,1125
724.813444,70.578666,70.084584,1126
724.850303,76.790292,74.155958,1128
724.852543,81.451417,80.886750,1127
724.925172,64.668333,64.096375,1130
724.933132,75.883500,75.226667,1129
725.019032,78.874834,78.399417,1131
725.065369,64.971084,64.275459,1134
725.075417,123.014209,122.456834,1132
725.085162,94.745875,94.062792,1133
725.158114,51.273541,50.704208,1135
725.177136,65.541875,64.902834,1136
725.367066,93.611000,93.112541,1139
725.368441,107.934167,107.395167,1137
725.388861,119.151666,118.252458,1138
725.404552,55.063750,54.631208,1140
725.450565,89.575208,87.946542,1141
725.478465,38.284167,37.470708,1142
725.575177,36.537667,35.767959,1143
725.701842,95.006334,92.742417,1145
725.704769,105.742583,103.933959,1144
725.709876,101.175959,97.268208,1146
725.755616,120.415751,119.298083,1147
725.814913,83.065500,81.880750,1149
725.844146,93.695000,92.780042,1150
725.850115,210.324626,209.582334,1148
725.898104,48.277250,47.569083,1155
725.929570,174.217750,170.949625,1151
726.011573,75.830708,75.033292,1156
726.016519,246.424500,245.832125,1152
726.061951,125.218334,124.357042,1157
726.136358,124.745834,83.542375,1161
726.136667,363.172833,362.806500,1153
726.191494,111.992125,111.409958,1162
726.206236,409.781458,409.270458,1154
726.234340,138.987625,97.011541,1163
726.305950,365.774792,364.986416,1158
726.332235,113.153833,71.531250,1166
726.380903,418.082000,417.516458,1159
726.383210,149.611875,107.973250,1167
726.410294,104.305834,61.002958,1169
726.477209,96.267792,54.651626,1171
726.544283,156.774917,115.654291,1172
726.562300,122.130750,80.798375,1173
726.572265,609.329584,568.496833,1160
726.660227,115.911542,74.811625,1175
726.677200,540.800167,498.631000,1164
726.689313,126.972709,85.353916,1176
726.733198,551.743209,550.921000,1165
726.787201,109.961250,69.147167,1179
726.797165,136.892875,96.049042,1178
726.846296,588.599376,547.042709,1168
726.851625,78.097542,77.274750,1180
726.890242,57.789375,57.214208,1181
726.937252,604.993667,564.340875,1170
726.976202,498.954458,456.016167,1174
726.995940,53.865583,53.449958,1183
727.068236,128.069375,127.252417,1182
727.088206,515.903209,474.803583,1177
727.125279,92.972833,92.382792,1185
727.172715,80.364958,74.729666,1186
727.188749,63.805875,63.018083,1188
727.190159,199.952375,199.336084,1184
727.243447,136.608500,136.005042,1187
727.270082,36.656084,36.045042,1189
727.365694,60.098792,59.538209,1192
727.372850,99.349542,98.831542,1191
727.381070,110.467875,109.778375,1190
727.453627,116.922750,116.288083,1193
727.471590,61.491209,60.996250,1196
727.502345,92.505875,91.848167,1195
727.526921,183.119416,182.299250,1194
727.638393,198.219583,187.504625,1197
727.644318,74.841084,74.270584,1201
727.644551,105.453834,104.871375,1200
727.674156,221.974375,221.407083,1198
727.707509,245.418250,244.863209,1199
727.747399,140.559708,139.964416,1202
727.803294,173.756625,168.310333,1203
727.853574,80.067167,79.583876,1206
727.882418,57.493333,56.634958,1207
727.886927,251.593709,250.899250,1204
727.963268,324.836751,283.483667,1205
727.975796,35.614833,35.158958,1208
728.017655,35.003791,34.635417,1209
728.159684,65.756542,65.234750,1210
728.170085,63.228667,62.594875,1211
728.245111,35.837958,35.291083,1212
728.309359,35.850209,35.136500,1213
728.395923,48.628125,48.071625,1215
728.411593,73.474333,73.021666,1214
728.475178,35.036458,34.557834,1216
728.596207,36.630708,36.088792,1217
728.641974,35.142917,34.659625,1218
728.685435,35.865375,35.143500,1219
728.782827,58.695291,58.291625,1222
728.800435,101.483667,100.865041,1220
728.817957,117.411875,116.720042,1221
728.842685,70.069417,69.240500,1223
728.894441,120.962042,120.207208,1224
728.947972,79.123333,78.394167,1226
728.964316,66.052584,65.405375,1227
728.987399,210.525875,209.980167,1225
729.038679,48.639500,47.700333,1231
729.098877,169.730750,164.152333,1228
729.149153,106.855583,103.124292,1233
729.149589,110.162792,109.512958,1232
729.165136,227.666250,226.882541,1229
729.265166,325.018751,317.418209,1230
729.279616,88.898542,88.118625,1239
729.310909,263.788876,261.740501,1234
729.322286,145.657751,104.255084,1238
729.363118,314.934667,314.426001,1235
729.408156,73.796625,73.188792,1241
729.430191,46.407375,45.627750,1242
729.491291,400.396792,399.580709,1236
729.503193,63.076417,62.682667,1243
729.605657,93.732625,93.095334,1244
729.615224,508.433042,466.735792,1237
729.621954,78.565667,76.792041,1245
729.651966,378.500792,377.993000,1240
729.704718,106.233750,105.663541,1246
729.770779,163.970334,163.179334,1247
729.791901,166.801250,164.356792,1248
729.816850,89.455625,88.930917,1249
729.840063,66.578459,65.862125,1254
729.864959,128.838208,128.247000,1250
729.957978,82.281500,79.366584,1255
729.973189,233.770834,233.168834,1251
729.977670,101.614917,100.844917,1256
730.040068,291.944042,291.309959,1252
730.080218,122.185292,78.104541,1260
730.137867,82.573167,81.797917,1262
730.137916,386.114750,385.799167,1253
730.156154,106.345167,105.692416,1261
730.255818,328.744208,326.592000,1257
730.278291,140.392583,99.486042,1265
730.288198,130.053292,89.022500,1266
730.362762,422.613625,421.069542,1258
730.382224,126.391417,84.329875,1268
730.393201,114.872042,74.298292,1269
730.442830,499.458458,495.535834,1259
730.505348,409.811500,409.058417,1263
730.507168,144.369166,97.758208,1271
730.530147,126.353500,83.994167,1272
730.588204,481.386209,438.863542,1264
730.638299,132.912208,91.811417,1275
730.660238,488.180000,447.016501,1267
730.669538,62.730208,62.155333,1276
730.723193,434.956376,394.014250,1270
730.768602,67.305292,66.793417,1277
730.789282,359.725334,318.413375,1273
730.844958,71.481375,70.936250,1278
730.855286,412.412875,370.618209,1274
730.898459,74.788291,73.967833,1280
730.912584,91.826875,91.033834,1279
730.949430,46.599000,45.858459,1281
730.979348,39.202916,38.653417,1282
731.094309,36.083541,35.491750,1283
731.153091,49.219333,48.570084,1284
731.180328,73.481916,72.457292,1285
731.308901,35.367209,34.834917,1286
731.475397,76.934958,75.899250,1288
731.511765,113.997334,113.494500,1287
731.521948,81.772834,80.543750,1289
731.567581,71.303167,70.786042,1291
731.603192,159.146166,155.332334,1290
731.630247,74.139625,73.521000,1293
731.700840,94.015833,93.403334,1295
731.717450,84.192792,83.598375,1297
731.725159,215.703541,210.445084,1292
731.761849,202.225042,195.739833,1294
731.827425,206.275709,205.689458,1296
731.858273,84.775833,84.323750,1298
731.867497,77.031792,76.469750,1299
732.013914,88.631667,88.126501,1300
732.031822,91.664417,91.195417,1301
732.039595,98.148167,97.246333,1302
732.093222,87.616959,86.920750,1303
732.103734,53.287500,52.397625,1304
732.165081,58.250500,57.687000,1305
732.176441,47.339250,46.885708,1306
732.214748,35.273875,34.903167,1307
732.273318,34.760250,34.307875,1308
732.309629,36.138375,35.633208,1309
732.378336,54.749334,54.306584,1310
732.395730,70.614250,69.990667,1311
732.519562,101.066875,100.366000,1312
732.546777,124.427333,123.850709,1313
732.551483,123.996833,122.467042,1314
732.592822,158.731708,157.964042,1315
732.657848,221.859750,221.284292,1316
732.706925,266.802084,265.239334,1317
732.745665,256.626125,255.829875,1318
732.750314,198.793292,153.826750,1322
732.772283,225.486917,184.355501,1321
732.833259,341.281501,340.744251,1319
732.893285,140.070875,98.641667,1327
732.926284,180.584833,139.459542,1326
732.945203,425.601750,375.215167,1320
733.026302,132.977542,91.494958,1330
733.045219,452.359834,410.813083,1323
733.091333,433.447000,391.917750,1324
733.102331,176.006834,134.868708,1331
733.135138,428.198167,385.027708,1325
733.212285,185.942166,144.335917,1333
733.221227,448.911167,405.962083,1328
733.233202,141.829625,100.189250,1335
733.291194,457.897709,413.607250,1329
733.360317,147.992542,106.497417,1338
733.362174,140.931584,99.479917,1339
733.366251,421.007417,378.759208,1332
733.398210,352.951083,312.123584,1334
733.493299,132.942250,91.790125,1342
733.496289,393.908667,350.172958,1336
733.512243,117.613125,76.797583,1343
733.564134,428.980709,387.177292,1337
733.629309,132.979000,91.758041,1347
733.637314,143.975417,98.900667,1346
733.646200,412.960625,369.062167,1340
733.694088,87.285041,86.716875,1349
733.727282,436.048667,394.718333,1341
733.771175,353.735083,352.902375,1344
733.796277,166.929000,125.453417,1350
733.831143,137.043083,95.248125,1353
733.906192,472.493875,430.490667,1345
733.934283,136.166625,94.557166,1356
733.938316,164.836583,123.337958,1355
733.995136,454.806333,413.202417,1348
734.031281,125.050916,83.603917,1358
734.093294,455.940917,414.430041,1351
734.094237,159.920251,118.443500,1359
734.114137,118.986584,77.627959,1361
734.138198,469.824833,428.451042,1352
734.164036,57.223250,54.951167,1362
734.214349,487.028500,439.998417,1354
734.255569,66.336958,65.554125,1363
734.263268,402.039750,360.427958,1357
734.351293,411.140042,369.735626,1360
734.354074,97.517875,96.698291,1364
734.377538,104.080667,103.507250,1365
734.390526,74.007792,73.337833,1366
734.475019,137.392791,131.646083,1367
734.505061,96.178834,95.554667,1368
734.515598,84.515958,82.953792,1369
734.528709,88.587917,88.109000,1370
734.566837,83.202000,82.399917,1371
734.670416,63.362833,63.034416,1373
734.699487,92.684375,92.101917,1372
734.769253,119.507791,118.754416,1374
734.795437,83.112750,81.320167,1375
734.817426,75.499084,74.922167,1376
734.833413,59.933125,59.179167,1377
734.976031,35.886375,35.386458,1378
735.148669,62.110417,61.308042,1379
735.160379,53.550875,52.967542,1380
735.201522,40.656875,39.947250,1381
735.236446,35.284375,34.785916,1382
735.309426,35.938292,35.449459,1383
735.421056,85.901083,85.293833,1385
735.448224,80.979208,76.440583,1386
735.451589,119.008750,118.582625,1384
735.477050,36.866667,36.034542,1387
735.543190,36.621375,36.148292,1388
735.680651,73.812083,73.256459,1389
735.730659,95.759125,95.022084,1390
735.748432,109.947833,109.429542,1391
735.765865,116.867917,116.245209,1392
735.838254,88.316667,87.852625,1394
735.860759,87.268125,84.447416,1395
735.868269,188.673625,184.841708,1393
735.903284,104.042167,100.149875,1396
735.932689,124.815542,124.200417,1397
736.005780,65.659416,65.055667,1399
736.007871,178.794875,178.206292,1398
736.090304,60.515584,59.750541,1400
736.156676,96.786958,96.190500,1401
736.165312,97.140458,96.200708,1402
736.194592,87.774750,86.933875,1403
736.221588,50.731917,50.121459,1406
736.252585,122.872459,118.189751,1404
736.313474,167.426292,166.873292,1405
736.371157,97.676542,96.970417,1407
736.372694,78.493041,77.964250,1408
736.414759,87.081458,86.521167,1409
736.482026,98.135041,95.901459,1410
736.490641,96.078791,95.181333,1411
736.551234,136.464709,95.670458,1412
736.615156,190.300541,188.844833,1413
736.639223,128.158916,86.853375,1419
736.640219,141.953584,100.706084,1418
736.682961,242.811041,242.255125,1414
736.704191,88.999166,44.582125,1421
736.721693,272.018250,271.276833,1415
736.764246,307.103125,302.505583,1416
736.845316,379.204875,371.763583,1417
736.863325,89.871250,89.189625,1422
736.882372,82.132751,79.052167,1423
736.932147,71.728417,71.160834,1424
736.944133,365.625167,320.922292,1420
736.976135,35.998958,35.421167,1425
737.063989,35.023042,34.527209,1426
737.141945,35.090125,34.591083,1427
737.310913,74.236167,73.757250,1428
737.335135,75.889917,75.359375,1429
737.373521,112.166542,111.228833,1430
737.380381,106.899333,106.135166,1431
737.476663,36.519000,36.016166,1432
737.642137,35.303917,34.757916,1433
737.703921,56.232458,55.495417,1434
737.724958,51.925709,51.223666,1435
737.809369,35.898042,35.451500,1436
737.900241,66.453042,65.832667,1437
737.905915,58.309125,57.458041,1438
737.954928,45.867792,45.191125,1439
738.025351,85.225000,84.834750,1440
738.045588,68.894583,68.282083,1442
738.055896,97.226500,96.448333,1441
738.090716,96.881167,96.430541,1443
738.142167,35.362833,34.839875,1444
738.288126,45.794000,44.308542,1445
738.313459,39.945209,38.949750,1446
738.351411,37.958375,37.439500,1447
738.476094,35.940625,35.458208,1448
738.664647,57.836334,55.919208,1450
738.671167,69.873708,69.190625,1449
738.834671,61.189917,60.678042,1451
738.847546,58.211416,57.610000,1452
738.918438,55.113916,54.584833,1453
738.982493,79.059167,78.348083,1456
739.020648,151.539209,150.887917,1454
739.038757,98.587708,98.047542,1457
739.042658,160.671292,160.005417,1455
739.189312,82.457375,81.968541,1458
739.189904,73.438750,73.041500,1459
739.234347,74.769042,74.226250,1460
739.272282,69.071333,68.669125,1461
739.288470,74.546792,73.852917,1462
739.373273,99.764292,92.701291,1463
739.401986,110.949708,110.485667,1464
739.408262,105.384125,104.651458,1465
739.425981,77.038209,76.187416,1466
739.475202,35.009333,34.554334,1467
739.570910,76.105750,73.054333,1468
739.607800,88.952791,88.152750,1469
739.636176,107.753333,106.857916,1470
739.647293,108.207167,107.583292,1471
739.673484,66.643792,65.869709,1472
739.762583,36.230833,35.729458,1473
739.866814,77.645750,77.137375,1476
739.883366,109.837292,104.041292,1474
739.895957,107.399541,106.852375,1475
739.981405,131.074709,128.926875,1477
739.985159,103.473125,102.778959,1478
739.996625,93.409167,92.861708,1480
740.073729,70.207666,69.414625,1484
740.103740,218.091708,213.731291,1479
740.127828,131.038541,130.550875,1483
740.170290,232.800167,232.143042,1481
740.202290,120.679708,78.086750,1488
740.207475,267.284500,266.670834,1482
740.267022,58.791541,57.336417,1490
740.283422,233.924542,233.338000,1485
740.365473,301.415625,300.849792,1486
740.402230,128.713084,127.771001,1491
740.413314,95.222459,94.394708,1492
740.431540,361.355167,359.839084,1487
740.528395,88.216042,87.675000,1493
740.547376,79.548875,78.990625,1494
740.572294,465.449250,423.866626,1489
740.594167,59.235167,58.755083,1495
740.640185,80.322375,78.901958,1496
740.690166,83.304375,82.569958,1497
740.707605,97.164958,96.323208,1498
740.723816,62.812459,62.308458,1499
740.860861,87.348041,86.887792,1500
740.890155,111.454292,110.611084,1501
740.939206,130.994792,130.311417,1502
740.967383,126.567583,125.971417,1503
741.022683,132.500958,131.857833,1505
741.025175,85.017042,84.494375,1508
741.035588,158.090042,157.101292,1504
741.098289,167.935250,167.180125,1506
741.156165,106.069250,105.263376,1510
741.191514,86.358708,85.219166,1511
741.194184,261.183417,260.446958,1507
741.244390,72.205000,71.626334,1514
741.254769,292.971000,292.192542,1509
741.322370,215.523584,213.084375,1512
741.334550,61.048750,58.489375,1517
741.389049,255.446917,254.989291,1513
741.404462,69.087667,68.431708,1518
741.437898,259.678125,258.932625,1515
741.553514,113.350708,112.773791,1519
741.553863,103.204792,102.379083,1520
741.576300,389.074584,347.712459,1516
741.582162,61.855208,60.909042,1521
741.635682,100.833250,100.168250,1522
741.651130,44.289292,43.761375,1523
741.763920,57.478750,56.927208,1524
741.799552,72.267417,71.662792,1525
741.848073,74.618834,70.020709,1526
741.848314,74.446750,73.876250,1527
741.881072,36.248625,35.630291,1528
742.031120,95.856834,95.303250,1529
742.052265,112.095958,111.556375,1530
742.053483,94.619000,93.923958,1531
742.140736,62.665458,62.156792,1532
742.197518,90.672750,89.933375,1533
742.207792,86.138500,85.732792,1534
742.279898,137.944333,130.295375,1535
742.296427,91.021875,88.554959,1538
742.305985,78.207500,77.675209,1539
742.340724,194.786375,194.156375,1536
742.392544,64.398250,58.480334,1541
742.401278,234.182375,233.554417,1537
742.471311,197.803959,197.247458,1540
742.522210,114.089209,113.517834,1542
742.531906,91.720709,89.569084,1543
742.583147,90.113042,89.283834,1544
742.617859,79.731458,78.978084,1546
742.632517,94.420667,93.391667,1545
742.653132,46.285459,45.398792,1547
742.808496,34.969084,34.517583,1548
742.915275,36.076833,35.516833,1549
742.990120,49.944709,49.379166,1551
743.058203,120.463000,119.927208,1550
743.076950,67.167625,60.602208,1553
743.092560,114.930083,114.166208,1552
743.159918,148.359167,147.637584,1554
743.180269,73.210667,71.488376,1556
743.186905,80.056376,79.088626,1555
743.325925,71.485750,70.829500,1558
743.325995,94.080291,93.636084,1557
743.337665,64.166666,63.263958,1559
743.373999,36.698083,36.058750,1560
743.475462,35.292250,34.872833,1561
743.521203,36.116500,35.471625,1562
743.667055,69.679750,69.219500,1563
743.667148,60.308791,59.488625,1564
743.731459,36.631291,35.867709,1565
743.829077,58.829750,58.308541,1566
743.843775,70.289334,69.729625,1567
743.902250,35.084292,34.611500,1568
743.976333,36.149167,35.550375,1569
744.052957,36.059334,35.354667,1570
744.175925,58.408875,57.783834,1572
744.180166,73.332584,72.608667,1571
744.309342,35.838542,35.422333,1573
744.425903,78.659875,78.207208,1574
744.457172,68.076166,67.172875,1576
744.464474,94.846500,94.399083,1575
744.490604,50.482542,49.909416,1577
744.601129,44.974417,44.562292,1578
744.663268,76.551708,74.744833,1579
744.669833,62.981625,62.150667,1580
744.810208,36.705083,36.125834,1581
745.004183,73.522750,72.992500,1582
745.008283,68.101542,67.174625,1583
745.052776,35.590334,35.081083,1584
745.114031,42.186375,38.538500,1585
745.143132,36.292375,35.699708,1586
745.281783,80.823750,79.494917,1587
745.315406,80.871584,80.127250,1589
745.330221,101.598000,100.606334,1588
745.346146,72.628209,71.890875,1590
745.498029,57.852083,56.967459,1591
745.512394,55.320125,54.767125,1592
745.554834,35.220791,34.752959,1593
745.642267,35.461125,34.917167,1594
745.725083,35.533167,34.919792,1595
745.809565,36.081208,35.547459,1596
745.991834,51.682167,50.957667,1599
746.033063,98.507208,96.112042,1597
746.040534,105.906208,105.106459,1598
746.142634,35.807625,35.212042,1600
746.199078,35.470458,34.862042,1601
746.308751,35.259875,34.787667,1602
746.475093,34.903458,34.385166,1603
746.642996,36.164042,35.605792,1604
746.809797,36.272542,35.611334,1605
747.002707,62.554625,62.162042,1606
747.041221,82.409250,81.187166,1607
747.053869,91.251417,88.851583,1608
747.142758,35.864500,35.100625,1609
747.253826,52.214459,51.695875,1610
747.279962,52.716708,52.196667,1611
747.308850,35.340083,34.852417,1612
747.420325,35.546000,35.003209,1613
747.475156,34.993583,34.530708,1614
747.554269,36.325625,35.773792,1615
747.642921,36.091125,35.094792,1616
747.695578,35.289333,34.777750,1617
747.809243,35.762416,35.222833,1618
747.974957,56.702625,56.199500,1619
747.988565,48.405291,47.907708,1620
748.142730,35.895708,35.411250,1621
748.308998,35.517417,35.005834,1622
748.484513,44.341792,43.827584,1623
748.512669,40.361417,39.556125,1624
748.599160,35.287583,34.727291,1625
748.682084,75.247958,74.552333,1626
748.685205,61.448625,60.706916,1627
748.719141,60.024417,59.554834,1628
748.809575,36.072458,35.422625,1629
748.975358,35.186083,34.720000,1630
749.142637,35.819291,35.212333,1631
749.308376,34.871667,34.377583,1632
749.475682,35.516251,34.848917,1633
749.580164,35.312958,34.469458,1634
749.642471,35.655083,35.156917,1635
749.823918,66.938666,66.399375,1636
749.829770,56.290792,55.500083,1637
749.976806,36.661333,36.157625,1638
750.142886,36.050292,35.502541,1639
750.308662,35.162750,34.702791,1640
750.357567,36.597750,35.887542,1641
750.475532,35.330458,34.792917,1642
750.643393,36.545250,35.940334,1643
750.746809,35.355250,34.832000,1644
750.809198,35.694750,35.186375,1645
750.850367,35.249958,34.786500,1646
750.976106,35.949375,35.371000,1647
751.143135,36.286833,35.677250,1648
751.309177,35.668208,35.067375,1649
751.415752,72.200917,71.588708,1650
751.452160,88.081291,87.497959,1651
751.458730,69.729625,69.146583,1652
751.493460,53.260667,52.401709,1653
751.667803,60.993625,59.571750,1654
751.677144,52.189084,51.564625,1655
751.770694,36.395042,35.895416,1656
751.808579,35.071167,34.563084,1657
752.015944,49.282917,48.731958,1660
752.016699,97.053250,96.585125,1658
752.024939,84.758042,84.238584,1659
752.104220,35.829209,35.297500,1661
752.142819,35.982916,35.458208,1662
752.203958,35.874709,35.388500,1663
752.316310,42.790125,42.252875,1665
752.366382,42.497583,41.812459,1666
752.371381,106.647625,106.243375,1664
752.476185,36.002459,35.368375,1667
752.642950,36.113292,35.572250,1668
752.696510,36.170750,35.523542,1669
752.810032,36.529792,35.999541,1670
752.849302,35.862750,35.323750,1671
752.976175,36.010625,35.342417,1672
753.144278,37.464584,36.876875,1673
753.227231,35.578375,35.037625,1674
753.337455,63.956958,63.404542,1676
753.337516,72.304458,71.751167,1675
753.502505,71.642375,71.170166,1677
753.510860,70.689792,69.993584,1678
753.593142,35.935083,35.403958,1679
753.642139,35.309167,34.783292,1680
753.694802,36.308417,35.812291,1681
753.834954,69.827917,69.265875,1682
753.836484,63.030042,62.534208,1683
753.899759,35.016042,34.563375,1684
753.976439,36.302000,35.682500,1685
754.153457,46.622333,46.071083,1686
754.183362,48.498041,47.941250,1687
754.309779,36.252125,35.592375,1688
754.476239,36.087625,35.511583,1689
754.643135,36.302291,35.595875,1690
754.809991,36.485750,35.987000,1691
754.975336,35.169166,34.699875,1692
755.050810,36.059626,35.344751,1693
755.153590,56.431375,55.977833,1694
755.178252,71.465042,70.794500,1695
755.258633,35.459375,34.997958,1696
755.310193,36.727833,36.083834,1697
755.459919,65.317292,63.259584,1698
755.489694,49.516250,48.966166,1700
755.500331,77.452375,76.844542,1699
755.643435,36.593375,35.810250,1701
755.809145,35.620084,35.082541,1702
755.976689,36.533000,35.970375,1703
756.154383,51.582125,50.746208,1704
756.179693,72.904125,72.380000,1705
756.310262,36.760792,35.995750,1706
756.475368,35.175584,34.722042,1707
756.684131,77.293708,76.532458,1708
756.685719,64.659292,63.944125,1709
756.745284,48.205500,47.722209,1711
756.756245,81.575083,80.893750,1710
756.809627,36.155584,35.540167,1712
756.985773,45.628333,43.253292,1713
757.021342,49.907667,49.340375,1714
757.048190,39.251042,38.483667,1715
757.142224,35.366625,34.856792,1716
757.309416,35.915833,35.194250,1717
757.370585,35.638459,35.116958,1718
757.480743,58.517958,58.011625,1719
757.492135,51.992791,51.294542,1720
757.658223,51.408875,51.020958,1721
757.677153,43.711792,43.180375,1722
757.809582,36.078292,35.577792,1723
757.937169,36.376083,35.639625,1724
757.976096,35.905917,35.245583,1725
758.059538,35.449750,34.940500,1726
758.141884,35.026833,34.537416,1727
758.263652,36.053791,35.425833,1728
758.309268,35.863917,35.327542,1729
758.376716,35.494083,35.043750,1730
758.478336,63.583625,63.050750,1731
758.491103,50.934625,50.289459,1732
758.585886,35.114334,34.666917,1733
758.642523,35.686875,35.119875,1734
758.745154,35.053667,34.581458,1735
758.809489,35.985250,35.486500,1736
758.975617,35.447417,34.934375,1737
759.143126,36.372291,35.610459,1738
759.232768,36.272541,35.762709,1739
759.327858,54.358792,53.495166,1740
759.347570,64.112708,63.303625,1741
759.388447,36.493333,35.975917,1742
759.427624,35.277083,34.822375,1743
759.475163,35.006125,34.579416,1744
759.642124,35.299542,34.769875,1745
759.831107,57.613208,57.192041,1747
759.850325,86.622083,86.087166,1746
759.880768,96.649584,96.030959,1748
759.975620,35.454708,34.851833,1749
760.144270,37.458750,36.901666,1750
760.247576,40.967208,36.365875,1751
760.315447,74.536583,73.927000,1752
760.325799,60.420208,60.016250,1753
760.370535,58.040500,56.612500,1755
760.410899,97.123542,96.739709,1756
760.422220,148.759333,148.250959,1754
760.475791,35.653625,35.165375,1757
760.548303,36.577625,35.988750,1758
760.642337,35.471917,34.914251,1759
760.784755,73.376625,72.877875,1761
760.798312,93.636083,92.353042,1760
760.829147,72.424333,72.009000,1762
760.880939,107.433375,105.644583,1763
760.890884,51.900917,51.451459,1764
760.976682,36.489833,35.691834,1765
761.073929,35.821333,35.220792,1766
761.167564,60.727625,60.211084,1767
761.189150,43.559833,42.962500,1768
761.339302,67.206709,66.700667,1769
761.346920,73.434958,72.940876,1770
761.437797,35.981166,35.491167,1771
761.475380,35.203875,34.743042,1772
761.548697,36.135458,35.483292,1773
761.642073,35.239750,34.686459,1774
761.822962,65.302125,64.791125,1775
761.836200,62.707167,62.147166,1776
761.886718,36.523084,36.018208,1777
761.997289,57.122042,56.590042,1778
762.015993,53.893000,53.455209,1779
762.142745,35.912333,35.362834,1780
762.309432,35.906500,35.259291,1781
762.475119,34.951584,34.448750,1782
762.649387,60.164708,59.702417,1783
762.660301,53.481166,53.004000,1784
762.808889,35.403375,34.969959,1785
762.984062,43.890291,43.355666,1786
763.010938,37.337125,36.726083,1787
763.141995,35.160417,34.669833,1788
763.323626,50.181250,49.673750,1789
763.343874,42.096834,41.503584,1790
763.410098,36.631000,35.978833,1791
763.509869,69.712709,69.166709,1792
763.510169,59.341042,58.838500,1793
763.642948,36.114750,35.462875,1794
763.782894,44.228041,43.684375,1795
763.868986,49.292542,48.691125,1798
763.869169,95.654708,94.757250,1796
763.879583,89.648709,88.758250,1797
763.976366,57.944250,57.494209,1799
763.988350,48.230291,47.677584,1800
764.141864,35.033542,34.499500,1801
764.301151,52.382458,51.887208,1802
764.319519,46.058250,45.585750,1803
764.417089,36.489542,35.958708,1804
764.475111,34.941667,34.429500,1805
764.642269,35.437208,34.901708,1806
764.685737,35.569917,35.058333,1807
764.810493,36.988584,36.524833,1808
764.992192,52.022250,50.253875,1809
765.010135,47.623625,46.858875,1810
765.141968,35.151667,34.686750,1811
765.284747,44.255750,43.733958,1812
765.311460,37.980250,37.346458,1813
765.386161,35.815500,35.256667,1814
765.475417,35.237125,34.729042,1815
765.600771,35.975625,35.373625,1816
765.642838,36.010625,35.450333,1817
765.836737,63.228375,62.789125,1818
765.855282,81.638959,81.118042,1819
765.888144,69.692000,68.917917,1820
765.946778,41.605083,38.533250,1821
765.976707,36.513750,35.753083,1822
766.142453,35.605209,34.949833,1823
766.309427,35.927500,35.343583,1824
766.412198,36.116500,35.593542,1825
766.475690,35.523833,35.028875,1826
766.652611,60.447625,60.047167,1827
766.665885,59.038292,58.251375,1828
766.808718,35.212333,34.757042,1829
766.975276,35.109958,34.633958,1830
767.163119,69.088541,68.578125,1831
767.176870,70.060084,69.365917,1832
767.211171,98.366334,97.805458,1833
767.309535,36.062250,35.365458,1834
767.377379,35.526750,34.980750,1835
767.430031,36.134000,35.582750,1836
767.476117,35.949958,35.408916,1837
767.641956,35.102667,34.545584,1838
767.831255,48.651459,48.196750,1840
767.853084,79.561708,79.036417,1839
767.909643,82.759833,82.090167,1842
767.939401,51.615666,51.019500,1843
767.982634,42.478333,42.151083,1844
767.990648,192.298458,191.641042,1841
768.142642,35.808792,35.270375,1845
768.230800,34.867291,34.357458,1846
768.309294,35.797417,35.226625,1847
768.506424,56.204750,55.379917,1849
768.512109,71.917125,71.220333,1848
768.571591,36.026958,35.522958,1850
768.657820,50.983916,50.485167,1851
768.703975,67.274667,66.559208,1852
768.721368,43.430042,43.003333,1853
768.808701,35.192208,34.731959,1854
768.975532,35.358458,34.915125,1855
769.091283,70.209708,69.679167,1856
769.095717,62.309917,61.760708,1857
769.144903,38.095167,37.536042,1858
769.308366,34.865542,34.407042,1859
769.477375,37.208208,36.750292,1860
769.554501,35.513916,34.917750,1861
769.643616,36.781209,36.249791,1862
769.808900,35.401334,34.850375,1863
769.899141,35.856042,35.120750,1864
769.976130,36.001583,35.287875,1865
770.142529,35.693292,35.158667,1866
770.320303,46.800250,46.309375,1867
770.358196,51.043416,50.408750,1868
770.425560,36.449292,35.969208,1869
770.475677,35.494667,35.014584,1870
770.573371,36.095792,35.552125,1871
770.652128,68.177667,67.489334,1873
770.652187,78.540875,77.983208,1872
770.688898,82.063042,81.539208,1874
770.785596,44.915209,44.118959,1875
770.812172,38.649917,38.038875,1876
770.976743,36.564500,35.853417,1877
771.143394,36.548458,35.989333,1878
771.188884,35.634959,35.109667,1879
771.308860,35.354667,34.839291,1880
771.414672,58.587959,58.161250,1882
771.423096,75.393208,74.874041,1881
771.475910,35.746375,35.246458,1883
771.641997,35.140292,34.602458,1884
771.808856,35.358166,34.889459,1885
771.902890,35.049000,34.534500,1886
771.975191,34.994750,34.517000,1887
772.170339,58.964208,58.422583,1890
772.213281,116.074875,115.586333,1888
772.213622,106.778292,106.264667,1889
772.335464,61.964000,61.467291,1891
772.342962,51.235333,50.672417,1892
772.392153,34.921250,34.454292,1893
772.475147,34.974917,34.454875,1894
772.562584,35.830375,35.098583,1895
772.642488,35.676958,35.171208,1896
772.731738,35.642834,34.970542,1897
772.803920,48.431834,48.013291,1898
772.854455,80.956458,80.482500,1899
772.864386,49.700584,49.077292,1900
772.975793,35.628250,35.035292,1901
773.142615,35.781958,35.109083,1902
773.308879,35.374208,34.906667,1903
773.476092,35.945583,35.400750,1904
773.641778,34.923292,34.438542,1905
773.756203,35.821625,35.164792,1906
773.808898,35.373042,34.861458,1907
773.975661,35.489125,34.983959,1908
774.158934,52.054916,51.183708,1910
774.175611,73.228750,72.674292,1909
774.226396,35.005833,34.554625,1911
774.264348,36.031917,35.464917,1912
774.308924,35.414750,34.902583,1913
774.504483,59.726333,59.059583,1915
774.509476,69.303208,68.876500,1914
774.642251,35.410959,34.951583,1916
774.719201,35.116375,34.643292,1917
774.809746,36.246000,35.747250,1918
774.856618,36.161416,35.659167,1919
774.916460,35.956667,35.455000,1920
774.976115,35.939167,35.251125,1921
775.150432,43.593083,43.111250,1922
775.202416,72.420250,71.767792,1923
775.330393,56.894250,55.862042,1924
775.343498,68.435209,67.766708,1925
775.521896,81.714500,79.083666,1926
775.524639,77.615709,77.056875,1927
775.550702,100.189541,99.697792,1928
775.642269,35.457916,34.904333,1929
775.809849,36.364417,35.813458,1930
775.976517,36.343417,35.725083,1931
776.143598,36.776541,36.166375,1932
776.330512,48.338792,47.800666,1934
776.344784,71.277208,70.761833,1933
776.405766,36.751166,36.262333,1935
776.475428,35.251708,34.801083,1936
776.536098,35.064458,34.567750,1937
776.691484,79.941458,79.517083,1939
776.704689,97.871084,97.347541,1938
776.718910,50.544667,50.155001,1940
776.752779,77.638459,76.855626,1941
776.808434,34.923875,34.468584,1942
776.975209,35.040542,34.552875,1943
777.142316,35.499333,35.077291,1944
777.192797,35.266291,34.754708,1945
777.250143,35.371583,34.955375,1946
777.309590,36.152958,35.652750,1947
777.528961,89.727750,89.214708,1948
777.534855,57.407000,56.854583,1950
777.544356,104.248375,103.039125,1949
777.629101,50.643833,50.052916,1951
777.650593,43.730167,43.148000,1952
777.826720,65.131500,64.661042,1953
777.832151,58.620041,57.981000,1954
778.008852,71.572959,71.189709,1955
778.031325,91.168291,90.621125,1956
778.051600,74.879583,74.089750,1957
778.187117,68.979750,68.545458,1959
778.189056,82.225792,81.669583,1958
778.232084,96.007333,95.242584,1960
778.252139,39.721208,39.123584,1961
778.309666,36.185917,35.683375,1962
778.356033,36.369667,35.709916,1963
778.412619,35.826875,35.321708,1964
778.476063,35.833292,35.184041,1965
778.511968,35.176458,34.690250,1966
778.643713,36.901083,36.390375,1967
778.832639,59.162834,58.599334,1969
778.837591,73.665083,73.180917,1968
778.879445,49.958417,49.362542,1971
778.909380,91.202125,90.648250,1970
778.975491,35.384417,34.961500,1972
779.030459,48.141333,47.035334,1973
779.058347,47.190500,46.297708,1974
779.094727,46.941125,46.340000,1975
779.142685,35.884333,35.191916,1976
779.219859,34.978125,34.480542,1977
779.339663,57.105416,56.653042,1979
779.346808,73.303125,72.784250,1978
779.402836,36.447542,35.953167,1980
779.475432,35.266292,34.762292,1981
779.581691,40.185833,39.725583,1982
779.624761,71.267583,70.816375,1983
779.665065,58.203542,55.881000,1984
779.684806,38.963750,38.393833,1985
779.809450,35.947625,35.436333,1986
779.909861,35.352917,34.841042,1987
779.995824,55.680625,55.298541,1988
780.017370,52.555125,51.784250,1989
780.090059,35.426709,34.972292,1990
780.167518,60.743084,60.362459,1991
780.195979,66.622208,65.960708,1992
780.224747,94.521584,92.876292,1993
780.309681,74.627292,74.124750,1994
780.328266,76.493375,75.898375,1995
780.383878,110.425875,109.846333,1996
780.395516,50.718791,49.850500,1997
780.436935,36.136334,35.658000,1998
780.500613,55.437083,54.830417,2000
780.522313,82.203333,81.821542,1999
780.676888,88.359541,87.759292,2001
780.692372,80.405209,79.424917,2003
780.706820,99.995291,99.463584,2002
780.734274,60.756791,60.129125,2004
780.810115,36.614375,35.884042,2005
780.887751,62.676250,61.962541,2006
780.896143,61.147041,60.504792,2007
781.022633,82.459125,81.894458,2008
781.032892,87.625125,86.455542,2009
781.045950,62.113917,61.329625,2010
781.166327,59.536166,59.052875,2012
781.167167,69.057042,68.436375,2011
781.308833,35.327541,34.819166,2013
781.444335,64.847417,60.493125,2014
781.475096,79.711334,78.876875,2015
781.490711,50.577916,50.184458,2016
781.642967,67.685042,67.187750,2017
781.691328,73.026333,72.612750,2019
781.712791,105.947042,104.251292,2018
781.722109,66.058125,65.524084,2020
781.834660,65.110208,64.253000,2021
781.899672,121.801458,120.928792,2023
781.900232,126.755417,125.418708,2022
781.911472,108.761917,108.238375,2024
781.974525,103.357334,102.814542,2025
782.040573,100.426375,99.874541,2027
782.043471,91.331333,90.887708,2028
782.086029,191.394583,190.939000,2026
782.134252,92.527166,91.636417,2030
782.162233,96.343917,94.470542,2031
782.173638,188.706000,187.860458,2029
782.202380,95.591708,95.002541,2032
782.285800,45.731875,45.230792,2033
782.349197,75.712584,74.132334,2034
782.353039,61.382417,60.932667,2035
782.475628,35.446542,35.063583,2036
782.535145,34.906667,34.443792,2037
782.643100,36.267291,35.515959,2038
782.739237,42.048417,41.403541,2039
782.768838,36.696042,36.186500,2040
782.860697,72.213458,71.778584,2043
782.900636,123.781584,123.044250,2042
782.917143,51.694709,51.307084,2044
782.927948,154.504583,154.073792,2041
783.019460,98.805001,97.950708,2045
783.034061,87.072709,85.832542,2047
783.042217,102.077209,101.113542,2046
783.096933,37.181083,36.677666,2048
783.141791,35.018083,34.683833,2049
783.234818,54.847042,54.433167,2051
783.256951,83.241667,82.726584,2050
783.309798,36.356833,35.855458,2052
783.346488,36.373750,35.701458,2053
783.429373,55.876917,55.333833,2055
783.434436,80.525667,79.811083,2054
783.512371,72.262458,71.806000,2056
783.545491,74.145750,73.747333,2057
783.562618,84.963667,83.955083,2058
783.583274,94.157875,93.503084,2059
783.644885,130.069042,129.588667,2060
783.672201,65.387292,64.677083,2062
783.715825,192.684333,191.744292,2061
783.755198,52.127833,48.981917,2063
783.835219,108.447791,102.610958,2064
783.853165,79.706666,79.260708,2065
783.903435,76.636000,71.187375,2067
783.905323,111.692583,111.146875,2066
783.934234,87.484250,87.041500,2068
784.011112,65.378542,64.400583,2070
784.045256,105.116083,104.606250,2069
784.049379,62.266750,61.720458,2071
784.177356,70.568167,69.093208,2073
784.190068,106.189417,105.602583,2072
784.190400,70.557375,69.958000,2074
784.309069,35.592084,35.075542,2075
784.491920,85.613500,84.905917,2076
784.495156,68.752250,68.201875,2077
784.511895,71.754959,71.228209,2078
784.570139,35.044625,34.540042,2079
784.641681,34.846000,34.371458,2080
784.818649,64.547583,64.045041,2081
784.823726,50.219750,49.578375,2082
784.902315,35.648083,35.254916,2083
784.997166,57.017917,54.152583,2085
785.002691,70.534042,69.782417,2084
785.118632,45.152917,44.655042,2086
785.144373,37.518834,36.666000,2087
785.205377,35.163042,34.698125,2088
785.331124,57.619917,57.198750,2089
785.348265,54.703833,54.090750,2090
785.395943,35.500208,35.132417,2091
785.475330,35.153708,34.648542,2092
785.704713,97.872541,92.693125,2093
785.723987,83.454875,82.828667,2095
785.732419,116.607750,115.840666,2094
785.754504,98.930417,97.946625,2096
785.809468,35.993417,35.445084,2097
785.905943,77.564083,77.095084,2098
785.942180,62.385459,61.441625,2100
785.954363,107.536625,107.006084,2099
785.974227,54.092791,53.129417,2101
786.021469,81.340583,80.216500,2102
786.109630,99.801041,99.260000,2103
786.118121,87.730708,87.327041,2104
786.118221,76.146000,75.445708,2105
786.205365,84.476875,83.302042,2107
786.218768,111.949541,110.280917,2106
786.229176,106.493334,105.838250,2108
786.355365,81.894167,80.993792,2109
786.368531,79.158917,75.036208,2110
786.428569,101.281541,100.714250,2111
786.457515,117.843542,113.384542,2112
786.464964,82.915000,82.513667,2113
786.507932,76.963542,76.341126,2114
786.516983,76.837833,76.047125,2115
786.619812,56.585375,56.191625,2116
786.671297,81.713625,81.070500,2117
786.695183,88.337958,87.712333,2118
786.706967,59.827541,59.302834,2119
786.874273,87.752000,87.048208,2121
786.883631,110.131000,109.582083,2120
786.887445,65.051291,64.518125,2122
786.975243,35.105875,34.621125,2123
787.013682,37.642500,37.242916,2124
787.074447,34.958000,34.491625,2125
787.144266,37.489375,36.918292,2126
787.339719,66.239833,63.262792,2127
787.356089,72.009292,70.921958,2128
787.382194,37.251375,36.663375,2129
787.420159,35.205625,34.687625,2130
787.475561,35.385875,34.886834,2131
787.683257,76.423375,75.929292,2132
787.712642,93.913750,92.224708,2133
787.751918,101.689584,101.236333,2134
787.759730,62.439708,61.982666,2135
787.809518,36.048542,35.555333,2136
787.983531,71.710917,71.161125,2137
788.024596,84.426125,83.881875,2138
788.076976,135.864166,134.384542,2139
788.082080,111.478209,110.684875,2140
788.117872,82.409542,81.792959,2141
788.161847,55.001917,54.322917,2143
788.169321,103.648416,103.211500,2142
788.249623,35.798875,35.305958,2144
788.320544,66.637083,66.100417,2145
788.326844,53.342917,52.565916,2146
788.448216,53.878416,48.445834,2148
788.488399,105.120750,104.601292,2147
788.524867,84.702917,80.903958,2149
788.562903,88.151292,87.462084,2150
788.597660,96.733875,94.194625,2151
788.631962,97.220959,96.659208,2152
788.661118,90.702792,89.110292,2154
788.664990,116.675709,116.207000,2153
788.725529,118.717375,117.814375,2155
788.741223,58.539833,57.839250,2156
788.852954,82.778500,79.560542,2159
788.875235,105.646625,105.198042,2158
788.883291,129.540833,128.706375,2157
788.962878,104.999417,104.077459,2163
788.971201,197.749416,197.155000,2160
788.979600,69.799625,68.950875,2164
789.013077,205.771417,204.879500,2161
789.053280,221.944917,217.346792,2162
789.082327,142.203834,141.801042,2165
789.164643,57.813875,56.882292,2167
789.174939,74.678334,74.166750,2166
789.223206,47.114958,45.210083,2168
789.248477,38.800125,38.276000,2169
789.346716,73.257042,72.848417,2172
789.351406,96.060126,95.504208,2171
789.359269,108.417750,107.861542,2170
789.475486,35.341250,34.957416,2173
789.577337,63.745500,61.240958,2175
789.584557,71.791125,71.089666,2174
789.676978,67.182792,66.589834,2177
789.677304,70.473667,69.969083,2176
789.712902,35.835041,35.340958,2178
789.862744,89.244167,88.715667,2179
789.883888,80.320333,79.792708,2181
789.887749,108.109458,107.394291,2180
789.928090,97.826750,95.750666,2182
790.011481,98.617750,98.037917,2185
790.023686,83.527209,82.955251,2186
790.028098,185.174500,184.489083,2183
790.126344,251.630458,251.007751,2184
790.144262,128.834416,128.142875,2189
790.144349,108.978042,107.002583,2190
790.170956,210.282334,209.616751,2187
790.252616,81.455792,79.993667,2193
790.258216,259.926042,258.654667,2188
790.316192,97.656125,95.203500,2194
790.356974,278.592709,277.811333,2191
790.372065,98.558833,94.974250,2195
790.407580,71.790834,71.218000,2198
790.436414,329.586834,328.961792,2192
790.524770,241.354458,240.660000,2196
790.542996,102.802875,101.996709,2201
790.543161,122.612875,122.161375,2200
790.568809,282.566083,281.654625,2197
790.603626,264.593875,264.171834,2199
790.681713,74.872583,72.262458,2204
790.725348,86.459625,85.821459,2205
790.733551,283.145917,282.440667,2202
790.805246,120.498584,119.708750,2206
790.809109,289.406250,288.765458,2203
790.859677,92.759333,92.178333,2207
790.889631,116.081875,114.361916,2208
790.911556,86.954584,85.431208,2209
790.931914,100.706375,100.191000,2210
790.994584,54.424708,53.736375,2211
791.012230,68.266625,67.648000,2212
791.071352,36.422750,35.631750,2213
791.142100,35.237708,34.593708,2214
791.305117,56.380333,53.932083,2215
791.322314,48.834041,48.034000,2216
791.372527,35.654500,35.114333,2217
791.464957,68.008500,66.738584,2219
791.517315,121.701417,111.404125,2218
791.529257,89.111166,88.424875,2220
791.545308,100.328667,99.495959,2221
791.655418,48.584958,47.432291,2222
791.682275,44.514167,43.821750,2223
791.759859,71.859958,69.436500,2224
791.805058,97.970542,96.898958,2226
791.821087,124.189625,122.482500,2225
791.858948,118.384584,111.878667,2227
791.884914,79.881666,79.364542,2231
791.900435,151.254542,150.584291,2228
791.935803,162.283041,161.366625,2229
792.005900,230.198792,228.291291,2230
792.006677,66.468792,65.703167,2232
792.169890,67.251333,66.726625,2233
792.193867,91.081667,90.735750,2234
792.225434,121.681583,121.355500,2235
792.248368,141.581125,140.914375,2236
792.326385,59.927583,59.236042,2238
792.344152,212.207916,211.416917,2237
792.423075,149.613917,148.987417,2239
792.429168,110.513959,109.619125,2240
792.433503,70.613083,69.637166,2241
792.500263,95.908750,90.328292,2242
792.510482,70.364000,69.801667,2244
792.535039,118.117125,117.673209,2243
792.643060,36.168708,35.506333,2245
792.842265,98.116083,97.718833,2246
792.847100,97.124709,91.509834,2247
792.892695,123.804042,122.677625,2248
792.928209,154.686000,154.050750,2249
792.972616,117.673208,117.076459,2252
792.974023,142.285500,141.731625,2250
793.054586,221.959500,221.375583,2251
793.071647,80.406666,79.844333,2254
793.074890,134.698375,134.031334,2253
793.165117,100.759750,100.272667,2255
793.169665,93.691792,92.781208,2256
793.182325,82.219667,81.682417,2257
793.212186,105.342125,104.681209,2258
793.310170,36.666000,35.985834,2259
793.379851,35.930708,35.432541,2260
793.503647,49.170917,48.759375,2263
793.523459,83.281917,82.745834,2262
793.550532,124.821959,124.257001,2261
793.581376,44.786583,43.819125,2265
793.603471,78.512291,77.731500,2264
793.642760,35.941791,35.452083,2266
793.859852,84.766792,84.218166,2269
793.870421,103.594166,102.725000,2267
793.872071,98.571667,98.022458,2268
793.967449,192.136000,191.482083,2270
793.970601,86.035834,84.572541,2272
794.025873,188.086500,186.193291,2271
794.031769,144.169375,143.378958,2273
794.054385,114.221333,113.658125,2274
794.141888,35.029750,34.543250,2275
794.222408,72.425501,71.627208,2276
794.222723,62.397708,61.802709,2277
794.269639,35.065334,34.618208,2278
794.308654,35.151958,34.683250,2279
794.361368,35.043750,34.584959,2280
794.476410,36.244833,35.511292,2281
794.610646,67.231209,66.610542,2283
794.623581,85.247166,84.851084,2282
794.711590,96.874167,95.077208,2285
794.712218,105.382083,104.108666,2284
794.728091,52.203375,51.381750,2286
794.828569,90.325084,89.811458,2288
794.836888,84.447708,83.666333,2289
794.843626,106.048834,105.603750,2287
794.879518,106.006542,105.013416,2290
794.929151,40.564417,40.000625,2293
794.977654,182.783708,182.246458,2291
795.016630,76.451375,75.013750,2294
795.062565,79.787459,79.010458,2295
795.071836,244.183042,243.269250,2292
795.151718,162.430625,157.514875,2296
795.190842,111.128792,110.239791,2298
795.194305,136.476083,135.646000,2297
795.208344,101.498250,100.732917,2299
795.243824,104.309625,103.737375,2300
795.308493,150.646125,149.470708,2301
795.347331,73.819375,73.058417,2303
795.349765,78.361209,77.548917,2302
795.496396,82.534958,76.280459,2304
795.536540,96.356750,91.061250,2305
795.559859,118.888875,117.084917,2306
795.570563,87.801875,87.144458,2307
795.592827,45.076500,44.584167,2308
795.661533,54.703541,53.850416,2309
795.677776,47.656875,47.116125,2310
795.833289,62.905500,62.390417,2311
795.840449,66.972208,66.186750,2312
795.939193,80.490375,79.649500,2313
795.972606,102.333292,101.625417,2314
795.993552,93.506292,92.738334,2315
796.002178,86.823917,86.335084,2316
796.049575,109.400958,108.638833,2317
796.106161,67.561083,66.975708,2320
796.122474,179.044250,175.802958,2318
796.191634,84.822792,83.877792,2321
796.212084,256.967958,256.298875,2319
796.227967,68.427625,67.838166,2322
796.255990,73.445750,72.817208,2323
796.308351,34.906375,34.572417,2324
796.436435,36.339042,35.658875,2325
796.475565,35.372167,34.867000,2326
796.570209,94.607916,52.889667,2327
796.578606,74.343500,73.803917,2328
796.614575,81.620291,80.810333,2329
796.662658,99.798416,99.201667,2330
796.672326,85.190291,84.240917,2331
796.689300,82.508708,82.097167,2332
796.797998,100.039916,99.461834,2333
796.809129,98.387917,97.717375,2335
796.836061,136.192292,132.568042,2334
796.860655,127.887958,126.948208,2336
796.937327,185.028959,184.204417,2337
796.959197,150.028667,107.924541,2342
796.989197,103.490625,102.768167,2343
797.037265,263.811625,263.334167,2338
797.047145,106.992375,106.130500,2344
797.083704,67.489916,66.659542,2345
797.096924,321.041584,320.254375,2339
797.173586,387.130042,380.792708,2340
797.174203,67.397459,66.770375,2346
797.243121,445.069917,404.130709,2341
797.373963,90.046541,88.918375,2348
797.374076,100.580666,100.041084,2347
797.379332,70.739375,70.197750,2349
797.436636,36.341667,35.640500,2350
797.495428,55.264708,54.770042,2351
797.510125,46.265625,45.817625,2352
797.556693,35.791875,35.083125,2353
797.642903,36.069250,35.483584,2354
797.738578,58.588542,58.031458,2356
797.738596,71.566833,71.163751,2355
797.850397,79.671375,78.981583,2357
797.876573,103.056917,102.011292,2358
797.877339,71.213333,70.627375,2359
797.992439,52.294375,51.907917,2360
798.018879,53.829417,53.114541,2361
798.082330,35.770292,35.196583,2362
798.167263,79.698791,79.254583,2363
798.187145,78.680292,76.957708,2365
798.191374,84.546875,83.948958,2364
798.269423,63.791000,63.208833,2367
798.269730,69.887708,69.053834,2366
798.308421,34.932042,34.552875,2368
798.395052,43.652292,43.175708,2369
798.484511,98.771458,98.253167,2370
798.507509,109.446750,108.726333,2371
798.509880,106.490125,105.497584,2372
798.559748,119.583625,118.989208,2373
798.567249,48.958583,48.423083,2374
798.652700,63.890458,63.180833,2375
798.658459,51.630542,51.208500,2376
798.842390,68.877958,68.337791,2377
798.848330,62.909000,62.470333,2378
798.972812,69.644750,69.083583,2379
799.001435,61.267500,60.489333,2381
799.015904,105.699125,104.920667,2380
799.096499,35.225167,34.771626,2382
799.141631,34.833750,34.366208,2383
799.210685,35.061833,34.598958,2384
799.347428,64.794625,62.967333,2386
799.348270,74.790333,74.131167,2385
799.396494,35.011667,34.558709,2387
799.475744,35.592959,35.085167,2388
799.667083,60.249292,59.687834,2389
799.680261,51.207625,50.224417,2390
799.761264,35.164500,34.702208,2391
799.808789,35.292542,34.646792,2392
799.912156,35.195125,34.645917,2393
800.025974,85.804834,83.641542,2394
800.028170,79.436584,78.839541,2395
800.075338,59.386834,58.543333,2397
800.083870,114.069959,113.557209,2396
800.142341,35.487084,34.701334,2398
800.240790,35.313542,34.704833,2399
800.308937,35.418250,34.612375,2400
800.498255,58.081042,57.297042,2401
800.510599,49.396667,48.854458,2402
800.668499,69.151250,68.627125,2403
800.679621,72.783959,71.822625,2404
800.717251,36.443167,35.868875,2405
800.809693,36.167833,35.647208,2406
801.010509,86.895375,86.099125,2408
801.043365,122.217375,121.067042,2407
801.044345,104.198792,103.283833,2409
801.070380,39.654708,39.006625,2410
801.124688,49.061542,48.606250,2411
801.184919,54.273042,53.709833,2413
801.191695,84.873542,83.771042,2412
801.266475,35.100916,34.561333,2414
801.309872,36.371125,35.575750,2415
801.499203,59.034792,58.315833,2416
801.511122,51.351125,50.523083,2417
801.621959,47.500834,46.842833,2418
801.644706,37.849000,37.204417,2419
801.784052,42.869750,42.451209,2420
801.835682,62.161750,61.488000,2421
801.863199,43.061083,42.408333,2423
801.886419,107.321958,106.741542,2422
801.976490,36.328541,35.583917,2424
802.169899,48.164375,47.563542,2427
802.213265,98.076708,96.134792,2426
802.214120,107.290750,106.690500,2425
802.268427,35.489417,34.957709,2428
802.308717,35.249375,34.795250,2429
802.476210,36.043584,35.374208,2430
802.674327,67.484959,63.306542,2431
802.687899,59.591584,58.829167,2432
802.717956,87.140375,86.369792,2433
802.825703,52.199000,51.727084,2434
802.870616,71.850041,71.292667,2435
802.881346,65.901208,65.229208,2436
802.976633,36.464750,35.800333,2437
803.031135,34.856208,34.380792,2438
803.119863,47.111167,46.648292,2439
803.146471,39.621458,38.744709,2440
803.308703,35.197167,34.635709,2441
803.476623,36.432084,35.753959,2442
803.680036,66.664208,66.173917,2444
803.717580,110.724541,110.084042,2443
803.722347,101.245375,100.341208,2445
803.771501,35.210583,34.755583,2446
803.809223,35.729458,35.275333,2447
803.845426,36.791708,35.945291,2448
803.991988,51.822750,51.188667,2449
804.010235,40.828958,40.189042,2450
804.148499,48.826750,48.444958,2451
804.177924,71.079750,70.202709,2452
804.218261,35.568750,35.110250,2453
804.309383,35.880250,35.384125,2454
804.415460,35.114334,34.706000,2455
804.486052,45.870709,45.311292,2457
804.505351,77.865666,77.197750,2456
804.544727,36.159959,35.551250,2458
804.581268,36.238708,35.659166,2459
804.671588,64.720542,63.816375,2461
804.671890,70.804125,70.373042,2460
804.710932,35.846709,35.349126,2462
804.844477,66.667417,65.919000,2465
804.852900,99.100750,98.643708,2463
804.871979,98.489416,94.374292,2464
804.955654,86.454084,85.897000,2468
804.966688,163.195667,162.500625,2466
804.983839,80.904833,80.222917,2469
805.014144,179.837875,179.229750,2467
805.049343,109.220416,108.819084,2470
805.141643,34.808958,34.323041,2471
805.309987,36.479917,35.811417,2472
805.368162,36.441417,35.644583,2473
805.475854,35.653625,35.114625,2474
805.642249,35.408333,34.805750,2475
805.747354,35.586833,35.052791,2476
805.809451,35.960458,35.452083,2477
805.970545,71.008583,70.505750,2479
805.989794,91.691542,90.953334,2478
806.037553,47.801833,46.935584,2481
806.039937,99.791708,99.214791,2480
806.081821,35.276209,34.815959,2482
806.178931,72.127125,71.621083,2483
806.179155,66.061916,65.625583,2484
806.287160,45.276292,44.675750,2485
806.318221,44.706958,44.131500,2486
806.488726,48.557541,48.083292,2487
806.538643,84.513917,83.970833,2488
806.550925,83.388667,82.794250,2489
806.642740,35.904750,35.222542,2490
806.808548,35.042584,34.580584,2491
806.975653,35.462875,34.992709,2492
807.068224,78.748834,78.204292,2493
807.117525,63.013125,52.196375,2496
807.156530,49.711375,49.133292,2497
807.160178,150.709708,149.959833,2494
807.172394,144.859167,144.119500,2495
807.308474,34.975500,34.517292,2498
807.491333,51.193917,50.368500,2500
807.509424,71.904000,71.181250,2499
807.621192,47.865708,47.345958,2501
807.644145,37.275291,36.660458,2502
807.808839,35.338625,34.878083,2503
807.976923,36.757000,36.068375,2504
808.101093,35.657125,35.098292,2505
808.141986,35.131833,34.651750,2506
808.248125,35.298959,34.747709,2507
808.309431,35.928375,35.213792,2508
808.475671,35.521792,35.015167,2509
808.552384,35.828334,35.327833,2510
808.642085,35.209416,34.645042,2511
808.721587,36.236958,35.725958,2512
808.808977,35.480083,34.968500,2513
808.975072,34.904917,34.384000,2514
809.076660,34.934667,34.470333,2515
809.143122,36.313083,35.570208,2516
809.309220,35.740250,35.206500,2517
809.410303,69.129958,68.596500,2518
809.417754,57.290625,56.526750,2519
809.510240,59.276583,58.610708,2521
809.510381,70.228667,69.198792,2520
809.665515,58.672250,58.081625,2523
809.674383,70.091292,69.602458,2522
809.808911,35.395500,34.782709,2524
809.885087,35.691250,35.163917,2525
809.975791,35.642250,35.141750,2526
810.142489,35.654792,35.117250,2527
810.339133,65.690041,64.842750,2529
810.345393,73.467625,72.906750,2528
810.382707,35.409208,34.938167,2530
810.475317,35.147583,34.641833,2531
810.526610,35.520042,35.036458,2532
810.643388,36.546125,35.963084,2533
810.834679,61.130708,60.572167,2534
810.845404,56.728000,56.170916,2535
810.951028,61.436958,60.881917,2536
811.015550,68.495292,67.851292,2539
811.032114,115.533250,114.711333,2537
811.053877,93.551500,92.732208,2540
811.065732,125.558708,124.930750,2538
811.145384,38.558333,37.988708,2541
811.307531,53.270583,52.688417,2542
811.333315,59.834542,58.972375,2543
811.475947,35.794500,35.376250,2544
811.641950,35.095958,34.615000,2545
811.739994,35.849041,35.169750,2546
811.809224,35.722750,35.069125,2547
811.998561,51.700542,51.179334,2549
812.012878,72.711042,72.167667,2548
812.109383,58.457000,57.877458,2550
812.151997,83.175750,82.524750,2551
812.174339,58.851333,58.228042,2553
812.199514,92.677083,91.949667,2552
812.370556,87.885292,87.080292,2555
812.377151,72.915792,72.387584,2556
812.387897,114.392250,110.727167,2554
812.459263,124.009667,122.619875,2557
812.466406,73.157875,72.298041,2558
812.486188,46.052125,45.436417,2559
812.671687,64.848583,64.146541,2560
812.679776,54.238917,53.451125,2561
812.808433,34.912209,34.450500,2562
812.976577,36.407583,35.909708,2563
813.142614,35.776417,35.223417,2564
813.272816,35.387916,34.934958,2565
813.309530,35.999250,35.309750,2566
813.505471,54.416250,53.521708,2568
813.511800,71.628375,71.120000,2567
813.558948,36.256208,35.577791,2569
813.650288,59.904834,59.462959,2570
813.660687,53.853042,53.402417,2571
813.828066,54.528542,54.079083,2572
813.843676,44.466625,43.932875,2573
813.975532,35.363417,34.891792,2574
814.074851,88.139916,85.581708,2575
814.101278,88.682708,87.940125,2577
814.101340,98.119291,96.531458,2576
814.155956,81.964750,81.082750,2578
814.167949,61.171250,60.327458,2579
814.197158,39.816875,39.226541,2580
814.359107,84.651583,83.848625,2582
814.368103,81.589958,80.989125,2583
814.382405,108.931083,108.399083,2581
814.440239,122.492416,120.118250,2584
814.474426,62.128500,61.667083,2585
814.503292,63.136792,62.354542,2586
814.526815,47.489750,46.930333,2587
814.602116,35.117542,34.586709,2588
814.643798,36.993250,36.278958,2589
814.739627,35.914375,35.459083,2590
814.809566,36.021417,35.368084,2591
814.852667,35.197750,34.748583,2592
814.975765,35.595000,35.163041,2593
815.079620,35.030333,34.576792,2594
815.142284,35.450917,34.845416,2595
815.265025,36.198167,35.494375,2596
815.309583,36.118833,35.613667,2597
815.381798,36.074791,35.387917,2598
815.475786,35.613666,35.072042,2599
815.569328,36.571208,35.769125,2600
815.639417,57.145959,56.674042,2601
815.686309,79.513875,79.012791,2603
815.695529,97.974042,97.417834,2602
815.850775,77.267167,73.806250,2604
815.857161,75.705000,74.903500,2606
815.882908,104.468584,103.882917,2605
815.975738,35.560583,35.042292,2607
816.094948,36.486333,35.921083,2608
816.143352,36.495667,35.736750,2609
816.186699,36.524250,36.028125,2610
816.308600,35.094500,34.546167,2611
816.461068,89.184958,87.707667,2612
816.462859,82.952333,81.362459,2613
816.484115,43.950958,43.345750,2614
816.641820,34.987458,34.516708,2615
816.814108,40.628875,40.095125,2616
816.976347,36.175708,35.619500,2617
817.050317,36.140416,35.594125,2618
817.142619,35.766792,35.191917,2619
817.185136,35.000583,34.531292,2620
817.310438,36.914208,36.448708,2621
817.475992,35.820750,35.103250,2622
817.588953,36.370833,35.715459,2623
817.694552,76.227084,75.616625,2626
817.697706,90.906667,90.352209,2624
817.721991,114.247875,113.804833,2625
817.748349,38.861083,38.430583,2627
817.810348,36.874833,36.168417,2628
817.879717,52.938666,52.488625,2629
817.906142,64.173667,63.338333,2630
817.976877,36.672709,36.015001,2631
818.143245,36.411083,35.770584,2632
818.309073,35.569625,35.116667,2633
818.475639,35.485333,34.976666,2634
818.642086,35.229542,34.681500,2635
818.842590,59.641459,59.047917,2637
818.843118,69.595458,69.100500,2636
818.975322,35.153125,34.699292,2638
819.106958,36.259416,35.821334,2639
819.142638,35.793625,35.294584,2640
819.227810,35.010208,34.542375,2641
819.309278,35.790417,35.223416,2642
819.357465,35.891042,35.441584,2643
819.475246,35.077292,34.605666,2644
819.642833,36.020833,35.516250,2645
819.766198,35.547750,35.081083,2646
819.808847,35.346500,34.857375,2647
819.930541,35.338042,34.874875,2648
819.976658,36.484875,35.824542,2649
820.170851,64.016750,63.528791,2650
820.178739,57.529500,56.842916,2651
820.308641,35.139709,34.678000,2652
820.391963,36.213042,35.659750,2653
820.507720,67.536583,66.852916,2654
820.513404,69.346084,68.633833,2655
820.642222,35.378000,34.776583,2656
820.809523,36.036583,35.473958,2657
820.975973,35.795375,35.039958,2658
821.142989,36.168709,35.569333,2659
821.246062,63.573708,63.006417,2660
821.265516,72.226584,71.682917,2661
821.309262,35.795375,35.199209,2662
821.353162,37.031167,36.320375,2663
821.476225,36.076834,35.519459,2664
821.654324,64.444042,63.909125,2665
821.667359,60.520542,59.933125,2666
821.808606,35.101500,34.629584,2667
821.970246,54.142375,53.696416,2668
821.985374,45.193166,44.609250,2669
822.173618,69.238458,68.668833,2670
822.181162,74.354000,73.742375,2671
822.309064,35.581584,35.065042,2672
822.358170,37.890708,37.464875,2673
822.478369,38.164583,37.612750,2674
822.642193,35.358167,34.860292,2675
822.715162,37.038750,36.344875,2676
822.809847,36.347792,35.680458,2677
822.852818,36.509958,36.013833,2678
822.975169,35.000875,34.535083,2679
823.142226,35.410667,34.858250,2680
823.270787,35.337166,34.881584,2681
823.310613,37.103791,36.640333,2682
823.395569,35.129209,34.670709,2683
823.475350,35.176750,34.722916,2684
823.511621,35.161000,34.701042,2685
823.605694,36.286834,35.780500,2686
823.641704,34.862625,34.378458,2687
823.750342,35.658292,35.137667,2688
823.809772,36.300250,35.646917,2689
823.976656,36.490709,35.835334,2690
824.058223,35.667334,35.189584,2691
824.141828,34.999125,34.527208,2692
824.309575,36.069541,35.448875,2693
824.414138,36.005083,35.454125,2694
824.475320,35.128042,34.674792,2695
824.536311,57.868416,57.346333,2696
824.550492,44.789208,44.248458,2697
824.596567,36.293542,35.805875,2698
824.643847,37.031750,36.525417,2699
824.691747,36.498292,35.848459,2700
824.808571,35.066791,34.605959,2701
824.975364,35.214959,34.796708,2702
825.155299,48.471209,47.839458,2705
825.175548,98.809375,98.187833,2703
825.179695,95.178417,94.653125,2704
825.309685,36.209250,35.701458,2706
825.422781,35.724791,35.167125,2707
825.475763,35.623584,35.128625,2708
825.642366,35.551250,34.994458,2709
825.808860,35.347084,34.816833,2710
825.975737,35.576041,35.113166,2711
826.048303,61.152875,60.620875,2712
826.062242,61.913542,61.309500,2713
826.143629,36.809792,36.181250,2714
826.184831,36.396500,35.890458,2715
826.268901,35.568167,34.985125,2716
826.308410,34.906959,34.447583,2717
826.475352,35.181417,34.710084,2718
826.643280,36.467375,35.910292,2719
826.754730,35.366625,34.867291,2720
826.815387,41.883625,41.423375,2721
826.854660,46.215167,45.659250,2722
826.976228,36.084125,35.553583,2723
827.143901,37.044292,36.553708,2724
827.273220,35.525875,34.982500,2725
827.308694,35.168583,34.706584,2726
827.475413,35.240917,34.821500,2727
827.559968,36.341083,35.683375,2728
827.653941,47.104750,46.582666,2729
827.686941,76.248375,75.738542,2730
827.769359,35.059209,34.609458,2731
827.808393,34.923000,34.437375,2732
827.897600,35.178209,34.705417,2733
828.006293,82.897208,82.152000,2734
828.026332,86.151625,85.496833,2736
828.029106,92.705667,92.071875,2735
828.155761,53.373834,52.428833,2737
828.175303,68.499375,67.818042,2738
828.330121,67.328042,66.182084,2739
828.332265,58.758583,58.338583,2740
828.525167,55.804875,54.074125,2743
828.528322,88.131750,87.453042,2741
828.583980,76.167875,75.462333,2744
828.592722,124.599416,123.962125,2742
828.643327,36.472917,35.856042,2745
828.810174,58.191292,55.932625,2746
828.821599,48.095250,47.641708,2747
828.975067,34.899959,34.376125,2748
829.046688,35.825708,35.101792,2749
829.141679,34.879542,34.403541,2750
829.313380,58.377375,57.878042,2751
829.332627,59.172458,58.766167,2752
829.359077,43.322708,42.778750,2753
829.475798,35.653625,35.162167,2754
829.642896,36.061083,35.376542,2755
829.809391,35.912042,35.401625,2756
829.961697,50.229959,49.787500,2757
829.981734,41.553458,41.017083,2758
830.055683,35.817833,35.340958,2759
830.097784,35.324917,34.861458,2760
830.181140,74.336500,73.853791,2761
830.181338,66.757250,66.064250,2762
830.309585,36.086167,35.644584,2763
830.512234,65.544500,64.962917,2765
830.516825,76.648542,76.080083,2764
830.658643,65.725917,65.172625,2766
830.674363,67.525500,66.889667,2767
830.808969,35.434292,34.921542,2768
830.975693,35.458209,34.934083,2769
831.143205,36.359167,35.730625,2770
831.310147,36.645000,35.856333,2771
831.459136,48.430375,47.963125,2772
831.483970,43.795500,43.035708,2773
831.596152,35.191625,34.701041,2774
831.644793,37.954000,37.492292,2775
831.720114,35.467541,34.925334,2776
831.822900,49.381791,48.749458,2779
831.827485,95.966791,95.399792,2778
831.827704,103.066250,102.650334,2777
832.010119,69.926792,69.283375,2780
832.010280,66.880333,66.404625,2781
832.051828,35.956666,35.249084,2782
832.115631,43.309291,42.695041,2783
832.143403,36.558375,36.107167,2784
832.331319,57.873958,57.262042,2786
832.345237,73.156125,72.564042,2785
832.420561,35.980584,35.301000,2787
832.501685,60.838458,60.164417,2789
832.514776,74.609208,73.935167,2788
832.683299,84.410667,83.855917,2790
832.689968,83.152126,82.558584,2791
832.708125,98.952000,98.104708,2792
832.813670,61.196916,60.737541,2793
832.829806,56.344750,55.882750,2794
832.898517,34.980167,34.519042,2795
832.975907,35.741417,35.232750,2796
833.017168,35.048417,34.550834,2797
833.142093,35.260167,34.715333,2798
833.335980,62.503292,61.963417,2799
833.350341,57.572667,57.012959,2800
833.501712,61.543417,61.023666,2801
833.510894,50.386000,49.839125,2802
833.642232,35.398709,34.893541,2803
833.845120,59.145917,58.492875,2805
833.851675,78.153833,77.488542,2804
833.976187,35.996917,35.478917,2806
834.143084,36.246875,35.804417,2807
834.183339,35.726541,35.304500,2808
834.316315,42.809667,42.272417,2809
834.345796,40.112042,39.410292,2810
834.434266,35.393750,34.882167,2811
834.509428,69.258875,68.803000,2812
834.509537,59.609084,58.920750,2813
834.642986,36.150625,35.637292,2814
834.782864,44.856875,44.150750,2815
834.809726,36.242500,35.688625,2816
834.976122,35.976208,35.438375,2817
835.062433,74.743084,74.159167,2819
835.062974,81.937333,81.457250,2818
835.091178,60.894167,60.106375,2820
835.160056,53.241708,52.718458,2821
835.197413,75.299583,74.734333,2822
835.247971,69.772792,68.834208,2823
835.252605,70.422333,69.766958,2824
835.369889,90.592834,90.008041,2826
835.380118,106.634500,106.104250,2825
835.392156,106.158792,105.620375,2827
835.418310,113.001583,112.303917,2828
835.488173,142.701417,140.381792,2829
835.524433,84.274458,83.682959,2830
835.549787,86.378833,85.835167,2831
835.557333,57.785875,57.250958,2832
835.643246,36.406125,35.785167,2833
835.781263,43.491000,38.365250,2834
835.809164,35.655084,35.124542,2835
836.010461,67.508292,67.093250,2837
836.014688,74.520250,74.083625,2836
836.085820,46.304708,45.778542,2838
836.135685,64.009750,63.383250,2839
836.182198,77.113167,76.447292,2840
836.186279,79.442417,79.050126,2841
836.309619,36.106292,35.574292,2842
836.475375,35.206208,34.746250,2843
836.593332,35.621542,35.206208,2844
836.641949,35.094500,34.587000,2845
836.754131,81.465416,80.904542,2847
836.759537,92.827875,92.032791,2846
836.797446,87.640584,84.131834,2848
836.839137,65.639584,64.823209,2850
836.867698,121.745167,121.218126,2849
836.880149,53.787125,53.147500,2851
836.975369,35.197166,34.678584,2852
837.142716,35.885209,35.159834,2853
837.265104,35.609875,35.088667,2854
837.309356,35.876750,35.285250,2855
837.466073,54.105625,53.421959,2856
837.485419,45.300208,44.866500,2857
837.642604,35.792750,35.296625,2858
837.846358,85.875417,85.451917,2859
837.879380,105.866541,104.867875,2860
837.882865,102.748042,101.979500,2861
837.930417,102.350208,101.807125,2862
837.982648,90.018250,89.360542,2863
837.996549,83.615292,82.686041,2864
838.007357,67.200583,66.643500,2865
838.090661,36.275458,35.772917,2866
838.142147,35.324917,34.898791,2867
838.248724,46.236167,45.486292,2868
838.273871,42.050751,41.096417,2869
838.309565,36.080917,35.422625,2870
838.364813,36.311625,35.648375,2871
838.524596,84.428167,83.900541,2872
838.543251,81.752708,81.299167,2873
838.584340,80.286500,79.662041,2875
838.588526,114.720375,114.160083,2874
838.650471,111.878083,111.104875,2876
838.667326,60.501583,59.595959,2877
838.696164,40.999875,40.308041,2878
838.809343,35.828333,35.272125,2879
838.975196,34.986000,34.522834,2880
839.019243,35.754833,35.165958,2881
839.189281,82.444250,79.531666,2882
839.213913,91.816083,91.250833,2883
839.249185,99.726667,98.906208,2884
839.260808,101.454209,100.619167,2885
839.324389,86.714542,86.137042,2887
839.346160,176.369375,175.743750,2886
839.355943,82.418875,81.762917,2888
839.475393,35.223125,34.760542,2889
839.694237,84.463459,83.962959,2891
839.704053,97.239917,96.712875,2890
839.713641,86.977917,86.266833,2892
839.809380,35.886375,35.163041,2893
839.975942,35.771750,35.301584,2894
840.077241,45.440208,44.987250,2895
840.102397,37.845500,36.864917,2896
840.177085,73.797208,73.330833,2897
840.205271,71.356542,70.741416,2899
840.213972,107.147833,106.254458,2898
840.258363,36.039208,35.523542,2900
840.309564,36.068084,35.403667,2901
840.476428,36.231708,35.415625,2902
840.615908,43.446667,42.739959,2903
840.660271,53.410292,52.651375,2904
840.681425,51.550916,51.000833,2905
840.843725,70.265708,69.741875,2907
840.849996,95.053000,94.418625,2906
840.860559,61.588333,60.650917,2908
841.010166,67.269708,66.428833,2910
841.017049,76.873708,76.065208,2909
841.142908,36.066625,35.326666,2911
841.313983,61.180292,60.613000,2912
841.330100,56.614542,56.044041,2913
841.469540,56.928083,55.647083,2914
841.552844,65.877583,65.253708,2917
841.553745,113.556041,112.731792,2915
841.584326,139.035750,138.314167,2916
841.606557,68.220250,62.543541,2918
841.667167,60.365667,59.776792,2920
841.667859,118.858834,118.135791,2919
841.809407,35.927792,35.429041,2921
841.905679,36.457750,35.887833,2922
841.975204,35.038208,34.558417,2923
842.034797,35.768250,35.266584,2924
842.105037,52.647000,52.178292,2925
842.162240,84.680458,83.406459,2926
842.193330,86.524667,85.983625,2927
842.209499,97.981333,97.402667,2928
842.234605,120.260875,119.725959,2929
842.277326,142.203250,137.565167,2930
842.336464,63.007584,62.434750,2932
842.340761,186.658209,185.952375,2931
842.463953,69.689667,69.218917,2933
842.481501,79.067042,78.476126,2934
842.515653,75.479833,74.872000,2935
842.624336,59.045292,58.634041,2937
842.641052,89.457958,88.970000,2936
842.676979,70.165958,68.809417,2938
842.701119,39.896500,39.308500,2939
842.850677,77.159542,76.338792,2941
842.866466,99.858500,99.156750,2940
842.897296,104.766083,103.838584,2942
842.912052,69.420459,68.699458,2943
842.992316,69.472667,68.884375,2944
842.994084,53.919250,53.335333,2945
843.101914,61.092500,60.674833,2946
843.143509,79.844625,79.403625,2947
843.180593,100.737875,100.149000,2948
843.186416,79.558209,78.855001,2949
843.221944,96.174458,95.431875,2950
843.270806,38.805375,38.097500,2951
843.326605,53.105791,52.759000,2952
843.363646,64.651417,63.981459,2953
843.426781,34.977833,34.463917,2954
843.524539,84.378875,83.926500,2956
843.543676,71.986542,71.413125,2957
843.544138,113.108625,112.769125,2955
843.630503,56.048417,55.602167,2958
843.702232,95.410583,94.743541,2959
843.707022,93.405667,92.989459,2960
843.717184,78.570042,77.907958,2961
843.754271,86.885167,86.239708,2962
843.818838,125.698708,124.835083,2963
843.829435,55.926792,55.393917,2964
843.976532,36.360625,35.749000,2965
844.133423,46.690000,46.110458,2966
844.161177,54.338666,53.557000,2967
844.289099,47.919083,47.394667,2968
844.314363,40.855209,40.320292,2969
844.402696,35.893084,35.175291,2970
844.507210,67.055334,66.653417,2971
844.514696,66.330250,65.719208,2972
844.553219,44.836750,44.131500,2973
844.650450,43.606792,42.867417,2974
844.678260,38.801291,38.019917,2975
844.786586,44.500167,44.100583,2976
844.814857,41.336750,40.539625,2977
844.882882,40.358500,39.895625,2979
844.904639,71.148291,70.693292,2978
845.010647,84.048125,82.695958,2980
845.038105,97.946916,96.664166,2981
845.050379,80.318292,78.810083,2982
845.068928,79.528750,75.682250,2983
845.098113,90.319250,89.879417,2984
845.142362,35.519750,35.012250,2985
845.188942,36.499750,35.993125,2986
845.308820,35.323458,34.870209,2987
845.458626,65.817208,65.345583,2988
845.489346,86.359875,85.875417,2989
845.525922,85.771875,85.203708,2990
845.545437,65.137041,64.181541,2991
845.595629,34.972583,34.611500,2992
845.668808,62.018834,61.624500,2994
845.715091,118.248667,117.483625,2993
845.726727,73.213875,72.372125,2995
845.782262,80.835125,80.281250,2997
845.822857,159.947084,159.385625,2996
845.830451,102.326291,101.956750,3000
845.860554,156.849583,156.002000,2998
845.900638,176.157917,175.231875,2999
845.942473,169.018208,167.908417,3001
846.018385,78.233750,77.393166,3003
846.022923,244.397709,243.507542,3002
846.042199,48.848917,48.228834,3004
846.098852,36.198459,35.683958,3005
846.142595,35.818125,35.305375,3006
846.183778,36.036584,35.470458,3007
846.271953,79.518250,79.003750,3009
846.272113,84.819583,83.713000,3008
846.314627,74.395417,69.647084,3010
846.329751,56.283792,55.503000,3011
846.505989,65.171167,63.581583,3013
846.515211,75.065375,74.661125,3012
846.601928,80.927291,80.448958,3015
846.646779,127.096667,126.606375,3014
846.659457,94.171292,92.530667,3016
846.699720,92.904583,91.991083,3017
846.751288,84.137667,82.985875,3019
846.763635,134.461541,121.573375,3018
846.780661,72.440667,72.037875,3021
846.832444,58.974708,57.506458,3023
846.838974,160.026416,159.586000,3020
846.876319,135.883709,135.485292,3022
846.967851,93.630833,93.036417,3024
846.976534,94.474042,93.683625,3025
846.993925,71.535334,70.974458,3026
847.043781,103.633250,101.460917,3027
847.099287,83.241083,82.838000,3029
847.130251,98.978834,98.430792,3030
847.181274,220.446625,219.893041,3028
847.193322,86.509500,85.870167,3033
847.220257,67.367125,66.788458,3034
847.251911,204.931125,204.462417,3031
847.357184,94.545501,93.915209,3037
847.364744,276.120834,275.567250,3032
847.374053,100.595833,88.732292,3038
847.404255,244.904917,243.905084,3035
847.439551,261.909084,261.378833,3036
847.533320,93.213166,91.772042,3041
847.554472,257.808250,256.968542,3039
847.570019,98.938292,98.354666,3042
847.644992,334.131000,332.102167,3040
847.661148,128.771708,124.745250,3045
847.669822,94.224375,93.667875,3046
847.703523,220.482792,215.983541,3043
847.729824,221.616500,221.042500,3044
847.765924,159.133625,158.727625,3047
847.870246,99.163167,98.809375,3049
847.880485,109.935875,109.364500,3048
847.884568,111.093209,105.917875,3050
847.947865,62.351625,60.209625,3055
847.968869,50.356834,49.938875,3056
847.991085,206.648750,205.753333,3051
848.029938,236.821375,236.227834,3052
848.102609,272.269667,271.745542,3053
848.148304,96.229000,90.139291,3059
848.163453,76.817708,76.236708,3060
848.180594,345.689750,340.582959,3054
848.280301,81.349917,80.940125,3064
848.288662,108.430291,107.898000,3063
848.314201,395.055209,352.546542,3057
848.331575,391.428917,390.499959,3058
848.383502,56.468417,56.046666,3066
848.415910,315.042291,313.770917,3061
848.462033,63.119875,62.682375,3067
848.533688,93.568125,92.658708,3068
848.533694,67.895334,67.350791,3069
848.551851,445.060292,444.519833,3062
848.597725,324.270625,321.825292,3065
848.670565,63.757750,62.521375,3072
848.683176,174.499208,169.644708,3070
848.712339,180.066250,179.608041,3071
848.816066,61.494708,60.922458,3075
848.841667,103.622750,101.670917,3074
848.848164,124.219375,120.150334,3073
848.909610,149.394875,147.824833,3076
848.923756,105.955208,105.209125,3078
848.987360,86.944958,86.405959,3079
848.996340,222.885542,222.468458,3077
849.017479,77.359333,76.898208,3080
849.199224,92.389208,91.874125,3081
849.214948,97.012417,96.427042,3082
849.237550,92.463583,90.336166,3083
849.298237,82.177958,80.741791,3085
849.306169,155.238708,151.935000,3084
849.372422,98.921667,98.380042,3087
849.388557,156.664667,155.058750,3086
849.409084,83.277250,82.565292,3088
849.437091,104.570375,103.904792,3089
849.507130,79.324000,78.679708,3091
849.526827,164.662458,164.190250,3090
849.587771,55.924750,55.328292,3094
849.615952,175.782833,174.979584,3092
849.633518,171.303125,170.724458,3093
849.683510,76.673625,74.820375,3096
849.755025,106.069250,105.478334,3098
849.757994,72.044000,71.200208,3101
849.760240,181.136375,179.611250,3095
849.859248,245.876458,234.843291,3097
849.889245,125.903166,84.457042,3104
849.934399,283.743250,275.656500,3099
849.964296,196.684542,155.741541,3105
849.977203,117.915875,77.148750,3107
850.040340,373.424917,372.992958,3100
850.066132,131.712000,89.037667,3109
850.081287,116.949291,74.613875,3110
850.122534,404.435209,403.862083,3102
850.179224,108.887917,67.640125,3112
850.197122,90.281626,89.640834,3113
850.270136,549.324417,507.273083,3103
850.275236,151.256000,95.941709,3115
850.340213,566.683834,525.499625,3106
850.366789,114.072875,113.495083,3117
850.391235,117.728041,76.328583,3118
850.422243,532.979417,491.963209,3108
850.471296,494.054167,451.129875,3111
850.512045,78.840417,78.247750,3121
850.520162,107.505125,106.946292,3120
850.582304,461.628417,420.530542,3114
850.625249,99.900500,99.289167,3123
850.628554,62.101375,61.406333,3124
850.697300,509.860750,468.257708,3116
850.740531,100.252250,99.342250,3127
850.785259,128.792125,86.890417,3128
850.789242,512.361500,471.632292,3119
850.834949,394.764709,388.661292,3122
850.867171,95.409417,93.284626,3130
850.891429,284.588208,283.985334,3125
850.908290,134.775959,92.110084,3131
850.984401,89.309500,88.686792,3133
850.989311,382.225958,380.468667,3126
851.010296,87.226709,86.641916,3134
851.030855,292.217042,291.665792,3129
851.093692,61.234833,60.716250,3136
851.157237,371.956375,324.663209,3132
851.170884,64.002166,63.153125,3137
851.177940,237.776292,237.181875,3135
851.257105,36.026084,35.411250,3138
851.309101,35.605500,35.088667,3139
851.361231,40.460000,39.916916,3140
851.476154,35.983208,35.567875,3141
851.628572,93.756541,93.222500,3142
851.634158,87.678792,84.875292,3143
851.653194,69.968792,69.066083,3144
851.695799,98.139417,97.066667,3145
851.776331,84.287292,83.741000,3151
851.792894,186.106084,185.355917,3146
851.808211,150.143584,107.569000,3150
851.862932,246.237250,245.767958,3147
851.930090,310.662917,310.021250,3149
851.951164,174.817708,127.295875,3154
851.951287,158.380250,117.068292,3155
852.044119,424.932958,416.162542,3148
852.072146,120.962042,78.381333,3159
852.075232,145.124000,103.688083,3158
852.135320,428.218000,426.179542,3152
852.175608,413.686292,413.100333,3153
852.193172,149.036708,107.051875,3161
852.194184,122.017875,81.477666,3162
852.293174,99.988875,58.460501,3166
852.312217,136.593625,95.549125,3165
852.327202,518.952875,474.413917,3156
852.414202,551.247083,507.617250,3157
852.426140,132.952167,90.648250,3168
852.438217,125.984250,84.497000,3169
852.475137,518.657417,476.689792,3160
852.541199,126.958125,84.435750,3171
852.556107,115.980375,73.829583,3172
852.574231,498.980417,457.417042,3163
852.632604,497.256667,496.444376,3164
852.656358,114.991333,114.525833,3174
852.696139,140.863333,99.519875,3175
852.723286,529.089167,488.047876,3167
852.758230,430.985333,389.946667,3170
852.793248,351.464166,310.717167,3173
852.815627,229.779666,229.316500,3176
852.873638,100.154250,96.774125,3178
852.913289,134.065167,133.421459,3179
852.934225,327.430834,286.069000,3177
852.940419,107.186042,106.633625,3180
853.015191,75.069167,74.476500,3183
853.046167,64.568583,63.957541,3184
853.052448,203.697667,203.045792,3181
853.130060,80.804500,80.287959,3185
853.138298,280.212917,279.664292,3182
853.187293,80.501167,79.855709,3186
853.210547,65.276459,64.800750,3188
853.223884,79.800000,79.228042,3187
853.263894,36.591042,36.042125,3189
853.339519,66.078250,65.455542,3190
853.392033,76.239041,75.502291,3192
853.415520,56.424083,55.739250,3193
853.422859,118.498333,117.775292,3191
853.476502,36.395334,35.900375,3194
853.547134,35.621541,35.098875,3195
853.690265,83.428333,83.013292,3196
853.721822,90.718542,89.080250,3197
853.727076,73.422708,72.862709,3198
853.801629,144.640417,142.225708,3199
853.822453,80.506125,79.858333,3202
853.891352,215.774417,210.938583,3200
853.894130,135.785417,134.875125,3203
853.910263,78.129916,76.869916,3208
853.937567,249.864417,244.281334,3201
854.003980,230.477917,225.565959,3204
854.007138,66.969292,64.756125,3210
854.040254,262.417459,257.850542,3205
854.069449,278.810292,278.233667,3206
854.145368,334.701792,293.509417,3207
854.198907,92.069833,91.525292,3211
854.218292,77.425541,75.304250,3212
854.243162,100.471875,100.037875,3213
854.246135,354.748334,313.274791,3209
854.330122,56.630292,56.155750,3215
854.330220,69.540333,68.990542,3214
854.489240,49.066792,48.572125,3216
854.523866,53.681833,52.794584,3217
854.546383,38.598583,38.197542,3218
854.688943,82.098917,80.026917,3220
854.701296,66.365833,65.661459,3221
854.718835,116.987208,116.444417,3219
854.754413,78.434708,77.868584,3222
854.809787,36.298209,35.581000,3223
854.917378,86.454959,85.867833,3226
854.926441,103.257000,102.570125,3225
854.929968,106.882416,106.205458,3224
855.010140,69.953625,69.220666,3228
855.015424,144.764083,144.179584,3227
855.065112,79.443584,78.850042,3229
855.074369,67.103167,66.356500,3230
855.161036,54.218500,53.807834,3231
855.232871,63.230125,62.660500,3234
855.252856,133.772625,133.185208,3232
855.256709,90.225333,89.401375,3233
855.358459,84.936834,84.179958,3238
855.367913,176.213625,172.125041,3235
855.411863,148.680000,148.097542,3237
855.422864,209.162334,208.630042,3236
855.464650,82.717250,77.525875,3240
855.483173,180.875042,180.322917,3239
855.517091,76.886833,76.273166,3241
855.559699,36.659000,35.468708,3242
855.625541,66.144167,65.383500,3243
855.636618,58.131500,57.465625,3244
855.670364,63.530250,62.941667,3245
855.749237,37.416458,36.724625,3246
855.809820,36.318625,35.618625,3247
855.871162,36.666875,36.098125,3248
855.950855,42.688333,42.149625,3249
855.979983,39.802000,39.238791,3250
856.056742,35.669375,35.122792,3251
856.098387,36.163750,35.407750,3252
856.183136,76.317500,75.152292,3253
856.208827,76.063750,72.627916,3255
856.216802,104.194125,103.409542,3254
856.346424,72.923666,72.392834,3256
856.377767,81.130875,80.556584,3257
856.379330,63.575166,62.920375,3258
856.479300,77.745500,76.934958,3260
856.498707,100.493167,100.103501,3259
856.535525,95.368583,94.905709,3261
856.560557,100.781041,91.364000,3262
856.622017,62.851250,62.439708,3264
856.636206,170.008125,169.386000,3263
856.729661,120.545250,120.020542,3266
856.732180,80.860792,80.086417,3267
856.734321,127.487208,127.027833,3265
856.809607,36.105417,35.611916,3268
856.899958,36.173375,35.681917,3269
857.008329,101.615500,100.836167,3270
857.015413,100.324584,99.785000,3271
857.032221,101.182666,100.734375,3272
857.054889,114.693250,114.084542,3273
857.093435,90.638625,89.788708,3274
857.169277,56.314125,55.826167,3276
857.191570,84.752792,84.249084,3275
857.330436,69.985708,69.531583,3277
857.340248,66.770375,66.221750,3278
857.408629,35.134750,34.719709,3279
857.476949,36.807167,36.421000,3280
857.541358,60.401542,59.928458,3281
857.550841,55.901417,55.125292,3282
857.663468,62.635708,62.031958,3283
857.672888,66.089333,65.473916,3284
857.794166,90.252167,89.610500,3285
857.804861,99.177750,98.219041,3286
857.843671,98.299251,97.709209,3288
857.912885,200.002251,199.111209,3287
857.913441,139.919209,134.854125,3289
857.939320,72.543042,71.982750,3292
857.982284,205.018042,204.348958,3290
858.014293,74.121833,72.777833,3293
858.046228,261.026792,260.015584,3291
858.113719,91.959000,91.181708,3294
858.131802,78.861417,78.253875,3295
858.174471,115.828125,115.020208,3296
858.217999,81.580041,80.933416,3300
858.258425,185.338125,184.597584,3297
858.283713,51.364250,50.811542,3304
858.322289,136.188792,134.464167,3302
858.393385,319.000792,318.464125,3298
858.429298,139.976083,98.732667,3306
858.462203,136.894625,94.851459,3308
858.481482,374.621333,367.412208,3299
858.534149,140.747833,99.414875,3309
858.545369,387.440667,386.826126,3301
858.579283,139.104292,97.749750,3310
858.583171,377.706584,377.088542,3303
858.643183,369.645208,364.728000,3305
858.668083,61.236000,60.595500,3312
858.729142,412.596625,371.064167,3307
858.762102,299.869792,258.812167,3311
858.839591,56.975333,56.264833,3314
858.846053,72.566375,72.163875,3313
858.906711,36.237250,35.564958,3315
859.015472,85.227042,84.523250,3317
859.020092,79.914625,79.353750,3318
859.020937,111.215417,110.762459,3316
859.150724,43.895250,43.170167,3319
859.178101,37.755667,37.009000,3320
859.312800,39.300042,38.784375,3321
859.408332,52.295833,51.695000,3323
859.426201,73.288834,72.718041,3322
859.475366,35.189292,34.723208,3324
859.591529,53.245792,52.667417,3326
859.595550,69.852125,69.396834,3325
859.641908,35.080500,34.592541,3327
859.742851,55.960334,55.449625,3328
859.761140,72.922500,72.079292,3329
859.823851,69.481417,68.634416,3330
859.832226,58.774625,58.311750,3331
859.872958,38.663625,38.007667,3332
859.989929,49.758042,49.296625,3333
860.020531,53.108417,52.559208,3334
860.057135,52.730417,52.146209,3335
860.077887,41.537708,40.994917,3336
860.141948,35.145250,34.679459,3337
860.179198,35.086625,34.598959,3338
860.225357,36.173958,35.686875,3339
860.298594,53.360125,52.858750,3340
860.318352,44.871750,44.033792,3341
860.354998,35.465208,35.000583,3342
860.488607,48.514667,47.553334,3343
860.553329,84.763875,83.796125,3344
860.581749,83.131417,82.587458,3345
860.598660,73.460917,72.571041,3346
860.651479,66.869250,66.301959,3347
860.662100,55.288042,54.547209,3348
860.809435,35.920791,35.161292,3349
860.926222,37.416459,35.199500,3350
860.992119,68.307458,67.489333,3351
860.997250,57.122333,56.652167,3352
861.049243,35.745208,35.256958,3353
861.168887,62.043916,59.131333,3354
861.176885,55.217750,54.686917,3355
861.309831,36.294417,35.546875,3356
861.394625,58.074333,56.993125,3357
861.406980,48.542666,47.996958,3358
861.475478,35.327542,34.923584,3359
861.669835,62.994750,62.110417,3361
861.673394,71.936375,71.483125,3360
861.742623,35.167708,34.720875,3362
861.821994,48.484334,47.522125,3364
861.842953,71.296167,70.798292,3363
862.004213,65.444751,64.875126,3365
862.011415,71.263792,70.546292,3366
862.186709,65.998625,65.409458,3368
862.189326,82.490917,81.997125,3367
862.237311,72.640459,71.899042,3370
862.267501,103.705000,103.082583,3369
862.309335,35.861875,35.406000,3371
862.413815,35.679000,35.178500,3372
862.475227,35.118417,34.626084,3373
862.605729,36.112417,35.615709,3374
862.641947,35.080500,34.590500,3375
862.809451,54.929000,54.509583,3376
862.857897,92.216250,91.420583,3377
862.868052,94.554542,93.762958,3378
862.978903,38.710000,38.172750,3379
863.030450,53.686500,53.058250,3380
863.056976,56.032958,55.392750,3381
863.142217,35.395791,34.952750,3382
863.200063,35.134458,34.644167,3383
863.339594,66.093416,65.689750,3384
863.377460,54.825750,54.292875,3387
863.403703,107.290750,106.663375,3385
863.423185,112.203875,111.600125,3386
863.476627,36.483709,35.981166,3388
863.641853,35.018958,34.546750,3389
863.832722,68.990250,68.602917,3390
863.840315,66.810334,65.981417,3391
863.976838,36.662792,36.020833,3392
864.027744,35.180541,34.716208,3393
864.141978,35.144958,34.650583,3394
864.338072,64.572375,63.954625,3395
864.345872,60.692333,60.196500,3396
864.435391,35.101792,34.647083,3397
864.476599,36.434708,35.770000,3398
864.672680,59.036833,58.248459,3400
864.680240,73.457417,72.843750,3399
864.763088,58.096500,57.548459,3401
864.781930,56.927792,56.355250,3402
864.824820,53.031709,52.244792,3403
864.854890,81.441208,80.821125,3404
864.975510,35.341542,34.892667,3405
865.143163,36.335541,35.616292,3406
865.309696,36.192917,35.448583,3407
865.358349,36.488084,36.012666,3408
865.475389,35.214958,34.695208,3409
865.643296,36.476416,35.819000,3410
865.803523,57.852084,56.963958,3411
865.818551,45.094584,44.521167,3412
865.976206,36.027541,35.414167,3413
866.083255,57.678833,57.112708,3414
866.096990,45.092250,44.499292,3415
866.142195,35.390833,34.906083,3416
866.190544,36.781209,36.272541,3417
866.308916,35.438958,34.921250,3418
866.475442,35.275917,34.764042,3419
866.584112,36.363834,35.617458,3420
866.642955,36.123792,35.447125,3421
866.809436,35.909417,35.175292,3422
866.983080,42.891333,42.151667,3423
867.011114,40.657167,40.033000,3424
867.069934,36.155584,35.655959,3425
867.143052,36.216542,35.634083,3426
867.308993,35.472791,35.050167,3427
867.501224,61.077333,59.097208,3429
867.505359,71.419250,70.731209,3428
867.643108,36.276625,35.608708,3430
867.822433,48.927083,47.488875,3431
867.844558,39.610667,38.965500,3432
867.982732,42.569042,42.025084,3433
868.018976,35.499917,35.038208,3434
868.141914,35.083125,34.608583,3435
868.343972,81.224208,80.614334,3437
868.349938,92.567417,91.970958,3436
868.367893,94.410751,93.775792,3438
868.475990,35.844667,35.348833,3439
868.642279,54.913250,54.373958,3440
868.689226,82.390292,81.895042,3441
868.713242,44.464291,43.794042,3443
868.737205,104.577375,103.796875,3442
868.830183,56.694750,56.087500,3444
868.846114,48.384000,47.534958,3445
868.975260,35.091000,34.590500,3446
869.020498,36.052917,35.398709,3447
869.081445,36.051458,35.393750,3448
869.142305,35.499625,35.033834,3449
869.315719,42.203583,41.660500,3451
869.340761,72.905000,72.199458,3450
869.475423,35.250834,34.791458,3452
869.642252,35.422334,34.874000,3453
869.838440,64.919166,64.297917,3454
869.858665,70.961625,70.421167,3455
869.910894,70.364584,69.554625,3456
869.921991,54.076459,53.521125,3457
869.976569,36.404084,35.907375,3458
870.040324,35.900667,35.323750,3459
870.141983,35.151959,34.646209,3460
870.309434,35.936541,35.273000,3461
870.430696,36.362375,35.610458,3462
870.475633,35.468709,34.995916,3463
870.559271,35.470750,34.941375,3464
870.644525,37.705500,37.118667,3465
870.705379,35.130666,34.641250,3466
870.831501,74.337083,73.735667,3467
870.873511,62.389250,61.726584,3470
870.880738,107.192458,106.718500,3468
870.902440,94.896084,93.942625,3469
870.976787,36.607666,35.964542,3471
871.023759,35.930708,35.386458,3472
871.142592,35.742875,35.235375,3473
871.308913,35.374791,34.849500,3474
871.420501,35.854584,35.361958,3475
871.476141,35.908542,35.173834,3476
871.575171,35.236542,34.684708,3477
871.642557,35.701459,35.221958,3478
871.768955,36.299959,35.804125,3479
871.808998,35.509542,35.078167,3480
871.975276,35.123083,34.656417,3481
872.163168,56.334542,55.855625,3482
872.182896,74.998000,74.532792,3483
872.250597,35.912333,35.245875,3484
872.309513,36.022584,35.515083,3485
872.363561,36.238416,35.588000,3486
872.493047,52.828125,52.259083,3487
872.510474,42.973000,42.426709,3488
872.643643,36.809208,36.141000,3489
872.707707,35.625333,35.208542,3490
872.808779,35.268625,34.804875,3491
872.865346,35.221375,34.776000,3492
872.975683,35.515083,35.006708,3493
873.153174,46.341750,45.594500,3494
873.183893,53.736667,52.975708,3495
873.230141,36.076834,35.518584,3496
873.348515,85.054375,84.506333,3497
873.355551,82.077041,81.360708,3498
873.377205,62.258292,61.678458,3499
873.495303,55.136375,54.681083,3500
873.510805,50.314250,49.842917,3501
873.692658,85.824375,84.720417,3502
873.695081,77.849042,75.540792,3504
873.710717,99.332625,98.672583,3503
873.822367,48.883333,48.385750,3505
873.847469,40.942416,40.423834,3506
873.977396,37.219000,36.805417,3507
874.040523,35.379458,34.927084,3508
874.143281,36.468833,35.911167,3509
874.309843,36.337291,35.830375,3510
874.422891,36.177750,35.520333,3511
874.476362,36.217125,35.657708,3512
874.642864,36.032500,35.360791,3513
874.679179,35.732958,35.169750,3514
874.746480,35.207375,34.752666,3515
874.808896,35.392875,34.916291,3516
874.974928,34.758792,34.289209,3517
875.061400,36.315417,35.823666,3518
875.142529,35.688625,35.026833,3519
875.196725,35.824250,35.273291,3520
875.321134,62.556958,62.152417,3521
875.334443,60.949000,60.449375,3522
875.476340,36.166375,35.641958,3523
875.680559,63.174416,62.621416,3525
875.682549,75.702958,75.093084,3524
875.809801,36.292667,35.753083,3526
875.976322,36.150625,35.355834,3527
876.032753,36.316292,35.711083,3528
876.143440,36.600084,35.762125,3529
876.311610,38.126083,37.575708,3530
876.475912,35.739958,35.187542,3531
876.652339,67.524916,66.232542,3532
876.688668,81.816292,81.238792,3533
876.715030,61.320292,60.971750,3535
876.734754,99.231125,98.796250,3534
876.808775,35.281167,34.915709,3536
877.026223,85.192334,84.690084,3538
877.033516,72.017167,71.611750,3539
877.051065,110.925500,110.401666,3537
877.087345,35.851084,35.301000,3540
877.141861,35.030042,34.562792,3541
877.310491,37.012208,35.326375,3542
877.371313,62.707750,62.156500,3543
877.379533,64.031917,63.282625,3544
877.476305,36.174542,35.607541,3545
877.642248,35.415916,34.830541,3546
877.745795,35.951125,35.407167,3547
877.809804,36.321542,35.802666,3548
877.888146,36.621958,36.095792,3549
878.006765,66.588958,66.171583,3550
878.028209,80.763667,79.832667,3551
878.057900,36.211583,35.776417,3552
878.142860,36.024625,35.433708,3553
878.349078,69.545583,69.025250,3555
878.349837,76.338792,75.800375,3554
878.476202,36.057875,35.509250,3556
878.601631,35.129792,34.675959,3557
878.641761,34.925917,34.449042,3558
878.815740,59.404042,58.898000,3559
878.830960,57.480500,56.774376,3560
878.903411,35.413584,34.910750,3561
878.994648,54.517458,53.971167,3562
879.018978,59.311292,58.445625,3563
879.076337,36.116792,35.421458,3564
879.142589,35.788958,35.151084,3565
879.323991,50.488375,49.945875,3566
879.386209,86.072000,85.409625,3567
879.388316,60.600167,60.022084,3568
879.475548,35.349709,34.920667,3569
879.651941,45.108000,44.674000,3570
879.681029,44.453209,43.559833,3571
879.833245,59.746166,58.542458,3574
879.857511,85.110083,84.504291,3573
879.859370,106.798417,106.299084,3572
879.894955,81.767000,81.040459,3575
879.975746,35.595875,35.095083,3576
880.026874,35.040833,34.564833,3577
880.080635,36.780625,36.241625,3578
880.173314,66.471125,66.020792,3579
880.175383,66.582250,66.021375,3580
880.235948,35.275625,34.792625,3581
880.330882,83.688209,83.037500,3582
880.332832,49.902417,49.473958,3584
880.353323,79.809041,79.010750,3583
880.534820,83.211334,82.445709,3587
880.535662,95.483500,94.809750,3585
880.562738,118.512334,118.042167,3586
880.582390,120.644125,119.575750,3588
880.642045,35.239166,34.689375,3589
880.809982,36.496250,35.945000,3590
880.976812,36.635375,35.891334,3591
881.160671,53.856542,53.265625,3594
881.184168,93.348792,92.804250,3592
881.228515,75.758958,75.322042,3595
881.247852,149.549750,148.843333,3593
881.274155,120.065750,119.055125,3596
881.310163,36.620500,35.924875,3597
881.525365,96.546334,94.350667,3598
881.526084,83.737500,82.953500,3600
881.535334,95.191834,94.450417,3599
881.607153,35.166250,34.718250,3601
881.664687,57.888250,57.208375,3602
881.678723,55.221542,54.480417,3603
881.818773,60.480000,59.838333,3604
881.833578,60.069917,59.371083,3605
881.951944,43.867250,42.424084,3606
881.978358,38.190542,37.667584,3607
882.029801,35.714000,35.226041,3608
882.148192,41.334417,40.647833,3609
882.200365,35.564666,35.151958,3610
882.331961,58.478875,57.007416,3612
882.354833,81.892417,81.370917,3611
882.378662,46.903500,46.345833,3613
882.457172,52.243333,51.811958,3614
882.480344,40.179125,39.704292,3615
882.558177,36.707125,36.227042,3616
882.642804,35.966291,35.296333,3617
882.770074,34.753250,34.261792,3618
882.808452,34.952750,34.492209,3619
882.879649,36.127584,35.633208,3620
883.026601,67.519084,67.140500,3623
883.046455,106.275167,102.543876,3621
883.052855,94.880917,94.297583,3622
883.080405,65.090375,64.320959,3624
883.168140,66.600625,66.117334,3625
883.176033,69.182750,68.435500,3626
883.308694,58.434541,57.878042,3627
883.324632,51.179917,50.615250,3628
883.476694,36.544375,36.163750,3629
883.636926,58.148708,56.710208,3630
883.666585,63.038500,62.326833,3631
883.690146,83.323334,82.609334,3632
883.809313,35.834458,35.278542,3633
883.975368,35.198625,34.744791,3634
884.030210,34.876333,34.347541,3635
884.142768,35.949084,35.448292,3636
884.207957,36.120292,35.575750,3637
884.309817,36.289750,35.594417,3638
884.480473,73.527125,73.085541,3639
884.487077,49.019833,48.348125,3640
884.521608,81.453167,80.894625,3641
884.582616,36.449292,35.945583,3642
884.672938,51.801167,51.243791,3644
884.678645,71.790833,71.006833,3643
884.818032,62.591375,62.087958,3645
884.890363,116.846625,116.241417,3646
884.890632,89.105334,88.683583,3647
884.901150,68.160458,67.716250,3648
884.985269,77.942083,76.742166,3649
885.026812,98.343875,93.404792,3650
885.035186,95.060292,94.431167,3651
885.047205,97.876625,97.211625,3652
885.082835,100.933292,100.326917,3653
885.142603,124.312125,120.660167,3654
885.152384,45.591583,45.056958,3655
885.319045,51.129166,50.474959,3656
885.350092,76.574458,75.770625,3657
885.504614,64.423917,63.646625,3658
885.514363,64.299667,63.729750,3659
885.564905,37.121875,36.423917,3660
885.642950,36.135458,35.542209,3661
885.717144,51.959250,50.910417,3662
885.736458,44.908500,44.136167,3663
885.810319,36.811834,36.195833,3664
885.878861,35.321417,34.827041,3665
885.977116,36.938417,36.351000,3666
886.096721,36.465042,35.911458,3667
886.142357,35.502834,35.009625,3668
886.345522,83.968500,83.426875,3669
886.371335,97.859417,97.038959,3670
886.390438,78.008584,76.508250,3671
886.408675,90.060833,89.492083,3672
886.476096,35.956375,35.233625,3673
886.643098,36.264666,35.718959,3674
886.773700,39.011875,38.406084,3675
886.808748,35.241208,34.744791,3676
886.975382,35.215250,34.757916,3677
887.055196,36.029000,35.371584,3678
887.142224,35.374500,34.741875,3679
887.309853,36.350125,35.852542,3680
887.475423,35.231292,34.770166,3681
887.579752,34.883041,34.364459,3682
887.642464,35.651291,35.158666,3683
887.755165,37.079000,36.579667,3684
887.836137,62.628708,62.171667,3685
887.846129,53.692625,53.115125,3686
888.007448,71.948625,71.502958,3688
888.014336,94.361750,93.822167,3687
888.031924,91.739667,91.050750,3689
888.141704,34.867875,34.371750,3690
888.200742,35.977958,35.475416,3691
888.308689,35.192500,34.727583,3692
888.475354,35.186666,34.728459,3693
888.587381,35.028875,34.566000,3694
888.642825,36.016750,35.516541,3695
888.808669,35.168000,34.693458,3696
888.975325,35.158375,34.696959,3697
889.026344,36.284208,35.567583,3698
889.150896,44.067042,43.552250,3699
889.178186,37.663500,36.932000,3700
889.221506,35.194250,34.728459,3701
889.268328,35.397542,34.891208,3702
889.309302,35.859833,35.291959,3703
889.427142,45.616958,45.082625,3704
889.473155,58.388750,57.677083,3705
889.489760,49.582459,49.043750,3706
889.642775,35.919042,35.219041,3707
889.842348,68.846166,68.323500,3708
889.843035,62.738083,62.075708,3709
889.981912,41.732833,41.311958,3711
890.009024,74.002834,73.505251,3710
890.095914,35.234208,34.776000,3712
890.159249,52.425917,50.625459,3713
890.177101,47.938625,47.117583,3714
890.308674,35.171208,34.715042,3715
890.478071,37.893625,37.309417,3716
890.554531,36.491875,35.762417,3717
890.642732,35.911167,35.420583,3718
890.759032,35.960459,35.352042,3719
890.808948,35.437500,34.939042,3720
890.975635,35.465208,34.957125,3721
891.143045,36.221500,35.606084,3722
891.309936,36.425958,35.751625,3723
891.476128,35.983500,35.460834,3724
891.580357,35.307417,34.846875,3725
891.664374,57.560417,57.223250,3727
891.683629,78.014416,77.392583,3726
891.773082,61.720750,61.128667,3729
891.773362,69.082125,68.575500,3728
891.809204,35.701167,35.139417,3730
891.976153,35.988167,35.387042,3731
892.143181,36.372875,35.831250,3732
892.336461,63.000583,62.555500,3734
892.343040,75.238334,74.661417,3733
892.400130,71.064875,70.284084,3735
892.475605,35.437500,34.783875,3736
892.579408,35.116375,34.660500,3737
892.642549,35.727708,35.308583,3738
892.857136,82.064208,80.355625,3740
892.864525,91.022459,90.503583,3739
892.912050,106.237541,105.520042,3741
892.923365,48.644750,47.817000,3742
892.976433,36.296167,35.637584,3743
893.142666,35.802958,35.161292,3744
893.334920,61.391750,60.672500,3745
893.350895,56.567292,55.809250,3746
893.476865,36.697792,36.036875,3747
893.642071,35.236250,34.719709,3748
893.809264,35.761542,35.200375,3749
893.922948,37.130042,36.657542,3750
893.975943,35.779333,35.118417,3751
894.142080,35.245000,34.645625,3752
894.320809,47.306583,46.687959,3754
894.321617,70.422625,69.862916,3753
894.475661,35.488250,34.828208,3755
894.514730,35.111417,34.654083,3756
894.567460,34.857666,34.381084,3757
894.641511,34.706583,34.221541,3758
894.834662,61.182333,60.669583,3759
894.851789,53.849833,53.045709,3760
894.937225,36.295875,35.579833,3761
894.975887,35.731791,35.074959,3762
895.162383,55.547333,53.377042,3763
895.178594,45.561834,44.812834,3764
895.308836,35.338334,34.881000,3765
895.475695,35.497875,34.969667,3766
895.584136,45.946542,45.219417,3767
895.620716,50.385709,49.613666,3768
895.645957,39.164416,38.565042,3769
895.722765,35.544250,34.987167,3770
895.809803,36.293250,35.748125,3771
895.926648,36.215958,35.551833,3772
896.002541,43.610000,42.898334,3774
896.013176,73.036833,72.545375,3773
896.191872,74.162667,73.585750,3776
896.192077,85.260875,84.658291,3775
896.242417,45.358541,44.740792,3778
896.261972,100.988417,100.500167,3777
896.309990,36.486625,35.966000,3779
896.372517,34.961500,34.505334,3780
896.497881,57.736875,57.135459,3782
896.506380,72.770834,72.264208,3781
896.673990,67.153625,64.992375,3783
896.708102,75.180292,74.550875,3784
896.721539,68.639375,68.080542,3785
896.748645,37.666125,36.874541,3786
896.808512,35.004375,34.545291,3787
896.976125,35.911167,35.345917,3788
897.142074,35.239459,34.700458,3789
897.308900,35.401334,34.778333,3790
897.364189,36.419250,35.690667,3791
897.475939,35.793625,35.291958,3792
897.603371,35.821916,35.361667,3793
897.642515,35.703208,35.206792,3794
897.727933,35.036459,34.552584,3795
897.826035,52.488917,51.836750,3798
897.865819,104.154459,101.662750,3797
897.869158,109.785667,105.932750,3796
897.930837,155.648792,155.085000,3799
897.934869,58.761792,58.268000,3800
897.975385,35.198916,34.734291,3801
898.161631,54.835083,53.587334,3802
898.178128,45.750250,45.263458,3803
898.308825,35.321709,34.858833,3804
898.420475,49.635250,49.201542,3805
898.448793,51.043709,50.318917,3806
898.476594,36.401750,35.853708,3807
898.643375,36.541750,36.047375,3808
898.808502,34.987750,34.417542,3809
898.976028,35.883166,35.366625,3810
899.091764,51.812833,51.320209,3811
899.132773,68.464083,67.838166,3812
899.206327,110.874459,98.058333,3813
899.217138,110.327000,109.430125,3814
899.235943,67.558458,66.289416,3815
899.253880,70.303916,69.652917,3816
899.309977,36.500917,35.902125,3817
899.454184,46.229750,45.659542,3818
899.478662,38.476667,37.928916,3819
899.577581,35.164208,34.701042,3820
899.684324,77.511875,76.991833,3821
899.689851,70.989042,70.250250,3822
899.711939,36.698958,36.147708,3823
899.809633,36.154708,35.651000,3824
899.999254,90.330333,89.862209,3826
900.015873,110.721916,107.302708,3825
900.018554,78.410209,75.116125,3827
900.078866,59.007084,58.467209,3829
900.114861,50.117958,49.233917,3830
900.148499,154.068542,152.189625,3828
900.156729,49.910000,49.173541,3831
900.342475,71.986834,71.591334,3832
900.347271,73.768625,71.316292,3833
900.475204,35.000292,34.398876,3834
900.658652,68.143250,67.579167,3835
900.674838,68.006458,67.409709,3836
900.725448,73.686375,72.989000,3837
900.739785,48.462166,47.861625,3838
900.808904,35.394625,34.904625,3839
900.900932,53.601916,51.844917,3840
900.918419,44.113125,43.647334,3841
900.988422,48.257416,47.702083,3843
900.999363,75.474875,74.959792,3842
901.142126,35.281167,34.782125,3844
901.223671,37.959250,37.294833,3845
901.333400,59.910958,59.216792,3847
901.347138,74.800833,74.163541,3846
901.475356,35.185500,34.717666,3848
901.559338,35.733542,35.221667,3849
901.622957,48.748000,48.083000,3850
901.647671,40.856083,40.126916,3851
901.701833,36.902542,36.393584,3852
901.830290,76.559292,76.105167,3853
901.849509,76.007167,72.223083,3854
901.885253,42.186667,41.610042,3856
901.915301,136.864292,136.073584,3855
901.955655,53.510042,52.958792,3857
901.978686,38.500000,37.874666,3858
902.125066,82.414500,81.645083,3859
902.126692,76.012417,75.597375,3860
902.166911,98.773208,98.066792,3862
902.233058,181.023791,177.540709,3861
902.253555,184.242917,183.729583,3863
902.255172,77.635250,75.298416,3865
902.301629,194.763333,193.967958,3864
902.342246,157.890833,157.314208,3866
902.363887,90.375541,89.504917,3867
902.475212,35.041125,34.570375,3868
902.564908,54.723667,54.189626,3870
902.565111,73.704751,73.013792,3869
902.642513,35.678417,35.002917,3871
902.686756,44.376792,44.018042,3872
902.716310,41.313417,40.498500,3873
902.819535,75.072667,74.636042,3874
902.854117,108.111208,107.517667,3875
902.886728,69.509709,64.951250,3877
902.915261,141.782667,141.082958,3876
902.927720,107.390208,106.643542,3878
902.976559,36.422750,35.779916,3879
903.208343,101.529750,100.929792,3880
903.212216,95.558167,95.176083,3881
903.222371,78.386875,77.825125,3882
903.361501,88.003125,87.264916,3883
903.372860,98.606958,97.960042,3884
903.402269,119.767958,117.488000,3885
903.450362,61.714041,59.809750,3887
903.483372,168.077000,167.262375,3886
903.513375,73.209208,70.235375,3888
903.521570,61.096875,60.527250,3889
903.660285,53.455208,52.865459,3890
903.679440,42.361666,41.655250,3891
903.760819,36.008292,35.508667,3892
903.868246,94.732458,92.306958,3894
903.868498,104.783292,103.953208,3893
903.868536,81.283125,80.706500,3895
903.998778,69.195001,68.808834,3896
904.001336,61.177375,60.614750,3897
904.039235,36.087042,35.535500,3898
904.142860,36.027542,35.350000,3899
904.239683,37.360750,36.799292,3900
904.297808,50.250375,49.254917,3901
904.318568,45.086416,44.237666,3902
904.445979,86.381750,83.516125,3903
904.472522,81.716542,80.795458,3905
904.474188,102.926250,102.343792,3904
904.555374,157.449542,145.277416,3906
904.575191,86.072000,85.512292,3908
904.592436,102.338833,101.051708,3909
904.637628,197.482542,196.664708,3907
904.683111,101.764542,101.211542,3912
904.704654,208.961959,208.117000,3910
904.739625,132.835500,132.332667,3913
904.808520,237.440584,234.381875,3911
904.813941,112.056584,111.126458,3914
904.867764,106.801042,105.871791,3916
904.884931,61.170083,60.757083,3920
904.893243,156.738459,156.111959,3915
904.928096,154.612208,153.938750,3917
904.988943,48.802250,48.156209,3922
905.026903,247.157167,246.552834,3918
905.072563,77.523834,76.420167,3923
905.118573,322.046084,321.243125,3919
905.127653,85.804542,85.251542,3924
905.182710,79.732042,79.144917,3925
905.218977,112.154875,110.793958,3926
905.229196,397.014625,352.616250,3921
905.261135,35.370709,34.895584,3927
905.311953,50.081500,49.559417,3928
905.361689,88.208750,87.415125,3929
905.376724,50.006250,49.086334,3930
905.415811,35.214958,34.827625,3931
905.529583,78.164917,77.538125,3934
905.536347,91.712250,91.126583,3933
905.552515,112.403958,111.871958,3932
905.650594,160.323917,156.089500,3935
905.653781,99.254167,98.257834,3937
905.697390,98.117834,96.440166,3938
905.727282,228.308209,227.696000,3936
905.758128,96.898959,96.320000,3940
905.795711,188.902584,188.476166,3939
905.846986,101.125208,100.227459,3941
905.847198,73.740333,73.144750,3942
905.892229,37.163584,36.701000,3943
905.953910,44.350541,43.575292,3944
905.980905,40.765083,39.937334,3945
906.062906,36.557792,36.011209,3946
906.186246,79.428416,78.817666,3949
906.187776,91.687458,91.272708,3948
906.198447,107.994541,107.224542,3947
906.261912,53.247541,52.691334,3951
906.281849,156.417916,154.716917,3950
906.333067,59.582250,58.832375,3952
906.360753,77.049000,75.371916,3953
906.382308,43.903708,43.296167,3954
906.476840,36.673000,36.166375,3955
906.584366,48.157958,47.656292,3956
906.621592,56.851667,55.934959,3957
906.646711,39.870542,39.073125,3958
906.742881,35.761542,35.256375,3959
906.849791,76.292417,75.841208,3960
906.857987,74.049209,73.492416,3961
906.892992,65.358417,64.792583,3962
907.019599,79.454375,73.199292,3965
907.020776,87.667125,87.100417,3964
907.030689,110.345375,109.781000,3963
907.065526,92.204875,91.597042,3966
907.144358,37.543333,36.992083,3967
907.330292,56.788667,56.321708,3968
907.344072,63.567875,62.835208,3969
907.418948,55.839000,55.367666,3970
907.464805,101.670917,101.150584,3971
907.498785,71.197584,69.449334,3972
907.505356,65.213167,64.431208,3973
907.577453,55.688791,55.213666,3975
907.608192,102.804917,61.547792,3974
907.642769,35.968042,35.252875,3976
907.678955,35.875292,35.265125,3977
907.809402,35.924875,35.528792,3978
907.895562,64.749708,64.218292,3979
907.920345,83.359209,82.691875,3980
907.994886,66.898708,66.112375,3981
908.016857,76.738083,76.018833,3982
908.196594,101.478417,100.815751,3984
908.196697,98.162458,97.001917,3985
908.197336,113.508792,112.473958,3983
908.226900,120.110667,119.487959,3986
908.311812,148.864625,143.720500,3987
908.325710,84.187542,82.798042,3989
908.359192,85.737167,85.147708,3990
908.372372,205.070542,204.342250,3988
908.481929,69.221541,68.587750,3992
908.518775,78.599208,77.768833,3993
908.520180,111.934959,111.356292,3991
908.548766,76.819458,76.233792,3994
908.644952,38.110625,37.621208,3995
908.697220,35.444500,34.635125,3996
908.835905,62.405583,60.718583,3997
908.845148,55.069292,54.436084,3998
909.013178,91.144375,90.293583,3999
909.033135,92.944250,92.074791,4000
909.061094,108.952375,107.997750,4001
909.101020,114.162417,112.010791,4002
909.124281,85.160250,84.542500,4005
909.178625,71.826416,70.674625,4006
909.215433,224.184916,222.024834,4003
909.241429,110.292875,109.053000,4007
909.270848,92.064875,88.090917,4009
909.317886,307.818583,307.154750,4004
909.350369,78.642958,78.222667,4011
909.383552,110.101541,109.216917,4012
909.418334,275.230375,274.260875,4008
909.432176,79.832958,78.563916,4015
909.521018,322.717791,322.226625,4010
909.537577,93.457001,92.995000,4018
909.537781,97.662834,96.698292,4017
909.591265,310.206167,309.561292,4013
909.617425,77.145542,75.936292,4020
909.663309,60.445875,58.693542,4021
909.674852,370.935542,366.744292,4014
909.756614,84.193958,83.739541,4023
909.771735,75.064500,74.520250,4024
909.772588,395.197251,394.531375,4016
909.863048,89.597958,88.864125,4026
909.871054,348.843834,344.791709,4019
909.899886,122.629791,120.507041,4027
909.948251,341.454167,340.954250,4022
909.948423,69.986875,69.199667,4029
910.019984,79.832083,79.160375,4030
910.075817,97.930000,97.516417,4031
910.091855,53.395416,52.839792,4032
910.104102,385.332792,381.443416,4025
910.180682,49.579250,49.175875,4034
910.207977,388.325875,387.789500,4028
910.215449,108.637667,107.855125,4033
910.247873,110.315042,106.215084,4035
910.304045,129.281834,128.693542,4036
910.364284,87.070667,85.220042,4038
910.380513,107.056250,106.608250,4037
910.391346,81.154791,77.296625,4039
910.421047,76.596334,76.165250,4040
910.487736,48.443792,48.038375,4041
910.512812,72.681000,72.165042,4042
910.640373,92.842750,88.899125,4043
910.662802,96.845583,96.292291,4044
910.664461,92.615834,92.001583,4045
910.689945,83.150959,81.134958,4046
910.768134,154.933333,153.289208,4047
910.800369,92.370541,90.854750,4048
910.805434,96.551875,95.258625,4049
910.832984,96.187000,95.357791,4050
910.873263,133.725083,129.875083,4051
910.954368,49.912042,49.501084,4055
910.972175,201.106792,200.535708,4052
910.991735,116.431584,114.451459,4054
911.060119,72.215500,71.481083,4059
911.080848,82.621000,81.794708,4060
911.094519,321.071917,320.496750,4053
911.159065,89.766834,89.165417,4062
911.182046,77.786917,76.869041,4063
911.192648,285.050501,284.459292,4056
911.242668,324.387584,321.909292,4057
911.306202,83.839583,81.340875,4066
911.356137,415.986083,414.526292,4058
911.362503,89.026000,87.140083,4067
911.410509,106.236375,105.727709,4069
911.427765,378.676375,377.849500,4061
911.516206,153.662250,111.714167,4072
911.547135,440.337916,399.690083,4064
911.590463,99.969625,98.470166,4074
911.610235,170.107000,128.510667,4073
911.615230,500.112666,459.287500,4065
911.665657,376.519792,375.904375,4068
911.712427,118.826750,118.362709,4076
911.718131,115.144750,71.105126,4077
911.775206,449.667751,402.381292,4070
911.814088,80.459459,79.850750,4079
911.852915,79.458750,78.877459,4080
911.857317,501.146042,460.107084,4071
911.910286,394.045167,353.131625,4075
911.985118,98.431958,97.855625,4081
911.996258,386.008001,344.807167,4078
912.009365,84.550666,83.712708,4082
912.029792,89.672334,89.098334,4083
912.045668,53.056792,52.482208,4084
912.142979,36.168417,35.598500,4085
912.239583,78.876875,78.051458,4087
912.252648,101.821708,96.418583,4086
912.295738,118.031375,117.403417,4088
912.336369,155.973125,153.771625,4089
912.338243,64.788208,64.170167,4091
912.403894,62.436208,61.556542,4092
912.410303,188.194417,187.630042,4090
912.475312,35.203000,34.873416,4093
912.522848,34.788834,34.332375,4094
912.595795,36.259708,35.591208,4095
912.700102,93.330125,92.170166,4097
912.701058,95.258917,94.700083,4096
912.750202,139.994459,139.456042,4099
912.768396,159.564709,155.919750,4098
912.808929,108.038583,107.323125,4103
912.846582,73.118500,72.699959,4104
912.854619,232.681459,232.052042,4100
912.890055,239.903709,239.455709,4101
912.975713,70.410375,69.834916,4106
912.981171,299.324667,294.117541,4102
913.036537,96.415667,95.409709,4107
913.064449,260.503250,259.924584,4105
913.068578,77.213208,76.458959,4108
913.144321,58.508625,57.773916,4109
913.155795,49.007583,48.439125,4110
913.214153,35.114917,34.753250,4111
913.254193,35.849333,35.316750,4112
913.339439,65.951375,64.661917,4114
913.346028,83.944875,83.152416,4113
913.423943,108.326458,106.670667,4115
913.442344,90.263250,89.576958,4117
913.449411,114.974417,110.272167,4116
913.534854,81.767292,80.665375,4120
913.535161,103.522125,102.842250,4118
913.540618,100.496375,96.828667,4119
913.570489,43.856750,43.337875,4121
913.698394,67.782458,67.258625,4124
913.704090,97.297958,96.769166,4123
913.734364,134.506167,133.704083,4122
913.798270,79.811667,79.236792,4126
913.799282,92.380751,91.743458,4125
913.817541,58.837625,57.919750,4127
913.896139,68.116417,67.695833,4131
913.915068,154.968917,153.782125,4128
913.966895,143.527416,142.771708,4130
913.994637,221.184833,220.843583,4129
913.994643,79.986666,78.997334,4132
914.030147,90.027000,89.429375,4133
914.100770,35.274167,34.819458,4134
914.175602,61.923459,61.512500,4137
914.191468,84.688333,84.298959,4136
914.232704,128.261000,126.812875,4135
914.249917,42.326375,41.927083,4138
914.361639,81.675417,80.983875,4140
914.370290,96.848792,96.518041,4139
914.400422,91.394333,90.825875,4141
914.423675,43.374625,42.819291,4142
914.530876,75.828667,75.357333,4144
914.530925,90.819750,90.323916,4143
914.545157,63.830375,63.289041,4145
914.642684,35.872375,35.379458,4146
914.691091,37.132083,36.325041,4147
914.833154,59.677333,58.390792,4149
914.844710,86.491125,85.562750,4148
914.889844,69.693167,68.906250,4150
914.927225,67.837875,67.375875,4152
914.946444,87.332000,84.910000,4151
914.978713,38.559500,37.763541,4153
915.013987,35.030042,34.664583,4154
915.082930,36.653167,35.986709,4155
915.154552,47.734751,47.294917,4157
915.243355,139.208709,138.574917,4156
915.243616,77.065625,76.729625,4159
915.244666,121.925126,121.180792,4158
915.309374,35.930125,35.443333,4160
915.455746,79.700833,74.582375,4161
915.457333,65.059167,63.515959,4162
915.524440,84.294875,83.590500,4163
915.553933,92.004209,90.367666,4164
915.580598,94.957041,94.393542,4165
915.642950,114.898583,114.125375,4167
915.659375,154.128916,152.223750,4166
915.682447,99.624583,98.896000,4169
915.735682,171.344250,170.760916,4168
915.769302,107.817792,66.962875,4174
915.773176,173.457667,172.116584,4170
915.842806,235.944042,233.405084,4171
915.843218,69.754125,69.132584,4176
915.924146,306.129834,305.690875,4172
915.942812,86.397500,85.814167,4177
915.969948,84.706125,83.930292,4178
915.987808,365.691667,359.952250,4173
916.069555,81.664334,80.979208,4182
916.103877,86.450875,85.884167,4183
916.124134,446.455333,402.941583,4175
916.157451,50.668333,50.094917,4185
916.163351,246.691667,245.333666,4179
916.196204,264.999583,264.396708,4180
916.243881,303.733209,300.725541,4181
916.271412,214.603084,213.800417,4184
916.329986,56.541625,56.197750,4186
916.348400,54.963708,54.405167,4187
916.464409,82.756916,82.291125,4188
916.508764,122.273084,119.544542,4189
916.516897,89.805333,89.259333,4190
916.525362,85.220334,84.662667,4191
916.642922,36.086750,35.402792,4192
916.727505,44.117208,43.668625,4193
916.756727,42.828916,42.300417,4194
916.809624,36.181833,35.670250,4195
916.940103,47.035042,46.494292,4196
917.015765,75.605250,72.878750,4198
917.053583,96.037667,95.504792,4199
917.075778,145.424417,144.845167,4197
917.077518,106.902834,105.259000,4200
917.134677,141.671833,141.117666,4201
917.186932,80.100125,79.601958,4202
917.187968,71.619916,71.087625,4203
917.379311,93.909667,93.363958,4205
917.380888,107.383792,106.899041,4204
917.391608,77.340083,76.793500,4206
917.415659,49.179083,48.650292,4207
917.496178,56.015167,55.549667,4208
917.521145,59.955000,59.405791,4209
917.565584,61.692166,61.161625,4210
917.582728,50.422166,49.881416,4211
917.642062,35.156917,34.680333,4212
917.840193,66.718459,66.140083,4214
917.862479,95.371209,94.857292,4213
917.915503,72.785125,70.858083,4216
917.916279,88.820666,88.214583,4215
917.997101,55.765792,54.982375,4218
918.010689,70.551541,69.942250,4217
918.079385,36.673584,36.177459,4219
918.141984,35.184042,34.717084,4220
918.271415,56.062709,55.531875,4222
918.327423,54.817584,54.383875,4223
918.327598,123.476792,122.533250,4221
918.373350,99.862875,99.508791,4224
918.387074,101.566208,100.982000,4225
918.487932,174.508250,173.782875,4226
918.493819,87.948583,87.073584,4228
918.501299,87.092250,85.101042,4229
918.528696,211.643542,211.002459,4227
918.565366,125.180708,124.582792,4230
918.627934,149.665833,148.992667,4231
918.654167,61.525334,60.022375,4232
918.694374,87.545500,86.975292,4233
918.709208,47.626542,46.853042,4234
918.841251,86.155417,85.636542,4236
918.845297,100.597000,96.322042,4235
918.864866,91.371875,91.007000,4237
918.943036,78.822625,76.640958,4239
918.947348,146.275500,143.239834,4238
918.976976,109.914584,108.423584,4240
919.002839,120.135167,115.636500,4241
919.031733,91.537542,90.773959,4242
919.142205,35.347959,34.841334,4243
919.189101,36.990042,36.452209,4244
919.353749,73.270167,72.513000,4247
919.386030,112.555042,111.740709,4246
919.393484,122.205709,119.098583,4245
919.450816,93.686833,93.108167,4249
919.455826,152.088417,150.515459,4248
919.480271,40.115834,39.144583,4250
919.556160,34.948958,34.452541,4251
919.695100,88.267667,87.423875,4252
919.714758,104.441166,103.715208,4253
919.731179,73.806542,72.874083,4254
919.750358,53.161208,52.621042,4255
919.839774,66.290875,65.795333,4256
919.844821,56.040250,55.547042,4257
919.909417,36.268458,35.556792,4258
919.975176,35.011959,34.517000,4259
920.080149,77.999833,77.373626,4261
920.082956,86.761500,85.553709,4260
920.101072,59.351250,58.369500,4262
920.141897,35.091875,34.569208,4263
920.218023,51.427541,50.928500,4264
920.273329,64.227333,63.391416,4266
920.274068,75.476333,75.037958,4265
920.374272,70.000875,69.339375,4269
920.375139,101.668583,100.842291,4267
920.415371,123.475333,122.886750,4268
920.436124,96.618667,95.843417,4270
920.503545,59.140667,58.527291,4272
920.511134,70.990500,70.455291,4271
920.643175,36.336125,35.507500,4273
920.819649,46.135833,45.602083,4274
920.852385,55.408500,54.553334,4275
920.977673,90.262375,89.494708,4278
920.988266,102.650333,101.323541,4277
920.994491,116.642458,108.924083,4276
921.047437,107.265666,106.669792,4279
921.097341,93.141125,92.486333,4282
921.097457,146.316333,145.497041,4280
921.187684,80.843000,80.055791,4283
921.195860,225.024042,224.259000,4281
921.206517,82.280916,81.424291,4284
921.257745,110.254375,109.708958,4285
921.272537,54.656875,53.842833,4286
921.310695,37.197125,36.687875,4287
921.357586,37.164458,36.434417,4288
921.529928,89.739125,89.019000,4290
921.545576,110.956708,104.919500,4289
921.547236,86.082792,85.331458,4291
921.576415,57.103375,56.360500,4292
921.645152,48.683250,48.186833,4293
921.669635,62.791166,61.984417,4294
921.855570,82.072083,80.646416,4297
921.868237,106.304625,105.611041,4295
921.876151,103.779083,103.087250,4296
921.906404,84.548042,83.706875,4298
921.976633,36.451917,35.798292,4299
922.029436,36.864917,35.922250,4300
922.064996,36.076833,35.264542,4301
922.186280,79.452625,78.731917,4302
922.207248,89.711417,88.822417,4303
922.240931,84.720708,83.945750,4304
922.252172,57.818541,57.074792,4305
922.341408,67.898542,67.193000,4308
922.355165,89.998708,89.148500,4307
922.365140,105.842334,105.240042,4306
922.476774,36.615542,36.022875,4309
922.643060,36.170167,35.452375,4310
922.816353,62.415500,61.856375,4311
922.841969,68.490626,67.962708,4312
922.865708,49.016333,48.631333,4313
922.975422,35.222250,34.715042,4314
923.037148,55.664000,55.140458,4315
923.060826,57.621666,56.716625,4316
923.141862,35.037625,34.564542,4317
923.229463,35.090417,34.622292,4318
923.309250,35.726833,35.021875,4319
923.475350,35.153709,34.647375,4320
923.563728,56.262792,55.754125,4321
923.586339,53.588209,52.932542,4322
923.661093,54.269542,53.619125,4323
923.684816,62.419875,61.747292,4324
923.746698,36.043000,35.351750,4325
923.808789,35.289625,34.825875,4326
923.974901,34.735459,34.272000,4327
924.115838,58.744292,58.277042,4328
924.153241,75.421208,74.860625,4329
924.199606,70.031500,69.173125,4331
924.218242,46.044542,45.480751,4332
924.242397,135.581542,134.984792,4330
924.272210,38.931375,38.020500,4333
924.327838,54.366667,53.905833,4334
924.343240,46.107542,45.450417,4335
924.378594,35.242958,34.785333,4336
924.474900,72.978208,69.059375,4337
924.538780,108.285333,106.997333,4338
924.544261,104.117417,103.546625,4340
924.549758,114.690042,114.013375,4339
924.642716,35.882292,35.210292,4341
924.808355,34.858542,34.400041,4342
925.014858,74.699334,74.275834,4345
925.024142,104.451959,103.588334,4344
925.025480,108.195208,107.562291,4343
925.059159,75.746125,75.204208,4346
925.142183,35.349417,34.850666,4347
925.191243,35.021292,34.550834,4348
925.244124,36.596875,35.882875,4349
925.310101,36.594250,35.779333,4350
925.476612,36.432959,35.873250,4351
925.642373,35.498750,34.917750,4352
925.707145,35.098000,34.575917,4353
925.769741,35.536084,35.032083,4354
925.809667,36.157625,35.480083,4355
925.976671,36.467666,35.775834,4356
926.016940,36.938709,36.220333,4357
926.143265,36.423625,35.802375,4358
926.309586,36.071875,35.429334,4359
926.515211,75.040291,74.640125,4360
926.553548,79.198875,77.149916,4362
926.554394,103.852291,103.235125,4361
926.641936,35.104125,34.619667,4363
926.809699,36.221208,35.717500,4364
926.874110,36.034250,35.493208,4365
926.939673,35.867708,35.363708,4366
927.013429,73.265792,72.760917,4367
927.050376,81.342625,80.804792,4368
927.050488,76.652917,75.989083,4369
927.165419,58.592917,58.116625,4370
927.175780,52.683167,51.997167,4371
927.322238,64.795208,64.065167,4372
927.329370,55.916291,55.525167,4373
927.428316,35.941208,35.398417,4374
927.476514,36.374625,35.883750,4375
927.641908,35.072041,34.581458,4376
927.820561,44.613917,43.811833,4378
927.862170,88.666083,88.081292,4377
927.880229,45.856125,45.101292,4379
927.975350,35.175000,34.726125,4380
928.142151,35.317333,34.773375,4381
928.309452,35.975917,35.476584,4382
928.476686,36.516958,35.854000,4383
928.584114,35.704958,35.000000,4384
928.672766,62.108083,61.558584,4386
928.678320,71.479917,70.714583,4385
928.766612,35.562625,34.902292,4387
928.808798,35.295459,34.832000,4388
928.975429,35.238000,34.748584,4389
929.102658,36.129333,35.636708,4390
929.142768,35.915250,35.233917,4391
929.186497,35.414167,34.988625,4392
929.309476,35.971542,35.476584,4393
929.398333,35.959583,35.408042,4394
929.475352,35.161875,34.698125,4395
929.642831,35.981458,35.352334,4396
929.829990,49.676959,49.167417,4398
929.846619,73.127250,72.436583,4397
929.934676,35.221667,34.761417,4399
929.975895,35.732375,35.211750,4400
930.155295,48.507666,47.930167,4402
930.163989,71.724917,71.201958,4401
930.308382,34.879542,34.411125,4403
930.478047,37.851333,37.055084,4404
930.559187,52.627167,52.046167,4405
930.582540,44.352000,43.483125,4406
930.651625,44.762375,43.983625,4407
930.678627,37.633459,36.911584,4408
930.768528,35.372167,34.906958,4409
930.845097,71.596875,68.282667,4410
930.854884,72.595542,71.871333,4411
930.885441,39.568083,39.022084,4412
930.976704,36.553416,35.993125,4413
931.166879,60.015375,59.340750,4415
931.170595,68.555375,68.029208,4414
931.309675,36.168416,35.451208,4416
931.466030,55.647375,55.158833,4417
931.500937,47.277125,46.602208,4419
931.518376,78.204583,77.670250,4418
931.594992,52.439917,51.773167,4420
931.629551,62.449334,61.937459,4421
931.649645,42.803250,41.985417,4422
931.808854,35.324917,34.865250,4423
931.874381,36.337292,35.606667,4424
931.975392,35.188709,34.692583,4425
932.073535,35.121625,34.673917,4426
932.142085,35.254917,34.730792,4427
932.182070,36.410791,35.695334,4428
932.309491,36.012083,35.509250,4429
932.360974,35.291083,34.833458,4430
932.475473,35.281750,34.825291,4431
932.643513,36.673875,36.194375,4432
932.809371,35.872667,35.172666,4433
932.913515,34.783291,34.323625,4434
933.006914,66.752875,66.294083,4435
933.009236,57.013542,56.454417,4436
933.118750,81.268542,80.882667,4437
933.122445,78.317167,77.776417,4438
933.154900,48.044791,47.185833,4439
933.309672,36.168125,35.664417,4440
933.403479,35.917583,35.272708,4441
933.476297,36.123500,35.413000,4442
933.633982,51.674000,51.223375,4443
933.665143,58.291625,57.678250,4444
933.688891,40.538458,39.978750,4445
933.750237,60.603375,57.533000,4446
933.760199,48.795542,48.239041,4447
933.818088,46.893291,46.492542,4448
933.842722,69.227083,68.320292,4449
934.007271,67.076333,66.526251,4450
934.020229,48.801084,48.122084,4451
934.053704,72.402459,71.801042,4452
934.160476,53.640125,53.109583,4453
934.178565,47.114084,46.344667,4454
934.308799,35.271250,34.813917,4455
934.475991,35.822500,35.313541,4456
934.529364,51.234750,50.768959,4457
934.561585,59.256750,58.150459,4458
934.582589,43.723459,42.924291,4459
934.653815,63.953459,63.317042,4460
934.658636,51.813125,51.399833,4461
934.837115,63.592667,62.922709,4462
934.847492,63.440709,62.905791,4463
934.975743,35.573125,35.064750,4464
935.142060,35.145250,34.659917,4465
935.309267,35.766500,35.204166,4466
935.476462,36.288000,35.537833,4467
935.643539,36.698083,35.916417,4468
935.809589,36.087625,35.464333,4469
935.995223,51.554125,50.827583,4471
936.010389,70.216125,69.629291,4470
936.128575,47.380958,46.846917,4472
936.178116,71.305208,70.335708,4473
936.213945,61.249125,60.795292,4474
936.253876,65.805542,65.199458,4475
936.314319,118.705709,117.829542,4476
936.344867,75.828083,75.249417,4477
936.351112,77.581291,76.872541,4478
936.476787,36.617875,36.058458,4479
936.578423,36.550500,36.002167,4480
936.642149,35.303917,34.826458,4481
936.812937,39.432750,38.931084,4482
936.990194,49.993417,49.527042,4483
937.010155,40.937458,40.334875,4484
937.141996,35.159250,34.673916,4485
937.305367,55.991250,55.570084,4486
937.321898,48.386917,47.772084,4487
937.475443,35.265709,34.742458,4488
937.641770,34.936708,34.440291,4489
937.754578,36.217708,35.711667,4490
937.809254,35.743750,35.293125,4491
938.037171,69.340542,68.606417,4494
938.039262,99.097250,98.205625,4493
938.050373,112.280292,111.770750,4492
938.079878,39.013042,38.501750,4495
938.155517,65.731750,65.264500,4496
938.162913,56.073792,55.412292,4497
938.238416,36.824667,36.104250,4498
938.308393,34.894125,34.420750,4499
938.396452,36.451042,35.880542,4500
938.476126,35.959583,35.230417,4501
938.642789,35.954333,35.396958,4502
938.806948,56.450625,55.940208,4503
938.820142,46.633416,46.104333,4504
938.901937,39.792084,39.382876,4505
938.975222,35.053083,34.541208,4506
939.142156,35.290209,34.773666,4507
939.308928,35.426125,34.955958,4508
939.426570,36.308708,35.781667,4509
939.481715,41.562500,41.101958,4510
939.561106,36.701875,36.134000,4511
939.641856,35.022750,34.512333,4512
939.809686,36.204292,35.676083,4513
939.977354,58.647458,57.894375,4514
939.994922,54.774416,54.116125,4515
940.142391,35.557958,35.024208,4516
940.182651,35.879667,35.388791,4517
940.309437,35.937417,35.436042,4518
940.400691,35.652458,35.125125,4519
940.475962,35.764166,35.256083,4520
940.563386,36.390667,35.602000,4521
940.674167,67.357792,66.787875,4522
940.693380,84.136208,83.612083,4523
940.718713,86.458750,85.837209,4524
940.766798,36.253875,35.744625,4525
940.834402,41.202000,40.677875,4527
940.846722,73.279792,72.769084,4526
940.977280,37.100875,36.509083,4528
941.142419,35.577209,35.001458,4529
941.308675,35.165666,34.630459,4530
941.476433,36.262625,35.537833,4531
941.627575,48.645625,48.146292,4532
941.666291,59.462958,58.985500,4533
941.684795,47.175916,46.635459,4534
941.809123,35.618917,35.093042,4535
941.976194,36.000417,35.340084,4536
942.142100,35.242667,34.622000,4537
942.309669,36.174541,35.494084,4538
942.476557,36.386000,35.697667,4539
942.602802,38.722542,38.043250,4540
942.654064,47.253791,46.844875,4541
942.740798,48.071625,47.605833,4543
942.757520,71.320084,70.568167,4542
942.808592,35.119292,34.666333,4544
942.892352,35.518875,35.043166,4545
942.976136,35.968917,35.487084,4546
943.141817,34.982209,34.492208,4547
943.308823,35.319084,34.841042,4548
943.475954,35.786333,35.280875,4549
943.535556,35.785166,35.170625,4550
943.583657,36.311334,35.657417,4551
943.642123,35.290500,34.790292,4552
943.811775,58.942042,58.283459,4553
943.824230,50.724042,50.171334,4554
943.975602,35.391417,34.967041,4555
944.101683,35.081667,34.627542,4556
944.144212,37.438625,36.908083,4557
944.240916,35.688917,35.305958,4558
944.309406,35.905042,35.257542,4559
944.475409,35.240625,34.717667,4560
944.674952,57.414292,56.514208,4562
944.678570,71.743875,71.228792,4561
944.808829,35.330750,34.878666,4563
944.870911,34.971125,34.459250,4564
944.976255,36.100750,35.538708,4565
945.142683,35.845834,35.286125,4566
945.249713,68.476917,67.779833,4567
945.250063,48.994167,48.469167,4568
945.341400,49.533750,48.943416,4570
945.346695,73.223208,72.512125,4569
945.475349,35.171209,34.640666,4571
945.648700,41.851834,41.345500,4572
945.809193,35.681916,35.141458,4573
945.935984,36.110958,35.468708,4574
945.976271,36.111833,35.408625,4575
946.029922,37.552958,36.864042,4576
946.159451,52.638833,51.549750,4578
946.159482,71.817666,71.370542,4577
946.316101,42.594125,41.922708,4579
946.345774,37.721250,36.810666,4580
946.476151,35.979125,35.344458,4581
946.642898,36.085875,35.569917,4582
946.821809,66.938666,66.483666,4583
946.826777,53.274375,52.741208,4584
946.975909,35.746667,35.176750,4585
947.142212,35.380042,34.828500,4586
947.292506,48.672458,48.126167,4587
947.314494,40.986167,40.406334,4588
947.476369,36.203416,35.498458,4589
947.625514,81.578875,75.746416,4590
947.663614,107.731458,101.964042,4591
947.676055,69.262375,68.572875,4593
947.694683,130.626125,129.850000,4592
947.727945,109.835833,108.726333,4594
947.768740,35.863042,35.324625,4595
947.831693,58.223083,57.767209,4596
947.843780,46.641292,45.884708,4597
947.976739,36.593083,36.195833,4598
948.023337,34.937000,34.483167,4599
948.142409,35.575459,35.088958,4600
948.309416,35.911458,35.409209,4601
948.476159,35.989917,35.285542,4602
948.642110,35.298375,34.888292,4603
948.690823,35.916126,35.375959,4604
948.726184,35.211750,34.706000,4605
948.809785,36.298500,35.792166,4606
948.975645,35.480083,35.019542,4607
949.048363,35.799750,35.303042,4608
949.141968,35.137667,34.664875,4609
949.249382,36.178625,35.463750,4610
949.333254,56.771750,56.284958,4612
949.344213,70.712541,70.306250,4611
949.475398,35.227791,34.768125,4613
949.613017,70.690666,69.044500,4614
949.617778,63.978250,63.414458,4615
949.654648,47.822541,47.297250,4616
949.808727,35.226042,34.762584,4617
949.900083,36.068083,35.541625,4618
949.976642,36.471167,35.965416,4619
950.142874,36.037750,35.506917,4620
950.241409,36.795208,36.334667,4621
950.309406,35.928375,35.408625,4622
950.362544,35.869458,35.371875,4623
950.476819,36.640042,36.094042,4624
950.575134,65.778708,65.196541,4625
950.581492,51.868834,51.351125,4626
950.652441,63.981458,63.439541,4627
950.661567,54.714333,54.134500,4628
950.723760,35.323459,34.840167,4629
950.831243,57.738333,57.324459,4630
950.849657,50.191459,49.639625,4631
950.976158,36.007416,35.404250,4632
951.076522,36.315709,35.736750,4633
951.142759,35.907666,35.341250,4634
951.309713,36.210417,35.490000,4635
951.476239,36.092875,35.514209,4636
951.642742,35.905917,35.357875,4637
951.809892,36.391541,35.695333,4638
951.975163,34.997958,34.479667,4639
952.050186,36.066625,35.525584,4640
952.142642,35.787500,35.294000,4641
952.257367,64.057292,63.673750,4642
952.267364,58.899167,58.291625,4643
952.309370,35.870041,35.321125,4644
952.476172,36.003625,35.464625,4645
952.643426,36.593375,35.852833,4646
952.840606,67.109292,66.533834,4648
952.850192,82.718125,81.987791,4647
952.877834,81.621750,81.031417,4649
952.976460,36.286541,35.901833,4650
953.173505,66.678791,66.062500,4652
953.202267,63.622417,63.046667,4653
953.212973,109.343500,108.678208,4651
953.311493,91.556792,91.009042,4655
953.312367,58.822166,58.294833,4656
953.316679,103.490042,102.825625,4654
953.369123,95.606000,94.950625,4657
953.386795,44.404500,44.011042,4658
953.476344,36.175708,35.620084,4659
953.602352,35.417959,34.920376,4660
953.642685,35.860125,35.181125,4661
953.809374,35.872958,35.372166,4662
953.880228,35.445667,34.886250,4663
953.935698,35.368667,34.913375,4664
954.009422,63.650125,61.978875,4666
954.014843,74.647125,74.124167,4665
954.066694,36.215375,35.716917,4667
954.141925,35.070583,34.587000,4668
954.324587,51.095625,49.576042,4669
954.344273,47.203625,46.593750,4670
954.475746,35.555042,34.890917,4671
954.606512,35.229833,34.726417,4672
954.642122,35.281750,34.685292,4673
954.694538,36.387750,35.715167,4674
954.808993,35.514208,35.009917,4675
954.976295,36.122917,35.565542,4676
955.033372,45.686084,44.946709,4677
955.057717,39.780417,39.205250,4678
955.142060,35.215833,34.708333,4679
955.317663,62.609458,62.152125,4680
955.325372,51.863875,51.335375,4681
955.476533,36.350417,35.839416,4682
955.685666,49.775833,49.205626,4685
955.687196,80.353584,79.932417,4683
955.718786,87.251792,86.677792,4684
955.810041,36.531833,35.966875,4686
955.976144,35.968041,35.364875,4687
956.062392,35.801500,35.256666,4688
956.118027,43.580833,43.119417,4689
956.145664,38.791375,38.074167,4690
956.216794,35.396375,34.862333,4691
956.309677,36.173375,35.658000,4692
956.475445,35.278541,34.727000,4693
956.537182,35.466958,34.888000,4694
956.669639,62.804875,62.003084,4695
956.679060,55.759084,55.225333,4696
956.808738,35.238875,34.766084,4697
956.976033,35.862458,35.303625,4698
957.087169,72.915500,72.333334,4700
957.100522,101.965501,101.375459,4699
957.118594,57.782376,57.379292,4701
957.205230,98.404250,97.783584,4702
957.223115,99.693417,96.973042,4704
957.241594,129.217083,128.345584,4703
957.250436,111.380791,110.825750,4705
957.333063,59.556875,59.079125,4707
957.340422,71.756125,71.260583,4706
957.505124,83.839292,83.307875,4708
957.522329,82.168334,81.753875,4709
957.540413,98.118417,97.632792,4710
957.642476,35.617458,35.129500,4711
957.809158,35.654500,35.115209,4712
957.976156,35.963667,35.414458,4713
958.015318,36.145667,35.584208,4714
958.142320,35.491167,34.886834,4715
958.182370,35.918458,35.379458,4716
958.268832,36.069833,35.573125,4717
958.337870,64.383375,63.879958,4718
958.345913,56.291083,55.532166,4719
958.466378,52.621333,51.885167,4720
958.484936,44.791542,44.089500,4721
958.642373,35.558250,35.120459,4722
958.688077,35.835042,35.305959,4723
958.746478,35.753375,35.249667,4724
958.866798,95.706625,86.424625,4725
958.890184,116.732583,113.390958,4726
958.912722,114.224541,113.497125,4727
958.937179,90.772792,90.014459,4728
958.992088,51.925417,51.404500,4730
959.001795,97.676542,96.974208,4729
959.026108,67.308208,66.810917,4731
959.089015,58.131500,57.743583,4732
959.104221,59.407250,58.767334,4733
959.192994,86.213167,85.685250,4734
959.193673,80.004167,79.491125,4735
959.215237,53.442376,52.516042,4736
959.308361,34.859708,34.414041,4737
959.522349,82.180000,81.387833,4738
959.544658,64.585500,64.182417,4740
959.545825,101.183833,100.620041,4739
959.660519,53.691167,53.253958,4742
959.666334,82.030083,81.588500,4741
959.732880,35.228667,34.780666,4743
959.813930,63.634083,63.179958,4744
959.822458,48.979000,48.216000,4745
960.026933,98.854875,94.969000,4746
960.028204,88.046583,87.671500,4747
960.037476,68.966333,68.401667,4748
960.180045,73.271333,72.849583,4749
960.213247,73.188791,72.667000,4751
960.224310,110.283250,109.823583,4750
960.289514,46.438583,45.985917,4752
960.313153,39.677458,39.128833,4753
960.464148,50.902541,50.317750,4754
960.496959,56.793334,56.339791,4755
960.542566,38.784959,38.248000,4756
960.668954,62.132584,61.534083,4757
960.676262,50.025208,49.454125,4758
960.726449,36.069542,35.557083,4759
960.804983,70.368083,69.741291,4760
960.846225,72.706667,71.810083,4762
960.863971,104.442333,103.666500,4761
960.885201,61.574041,60.958333,4763
960.939520,36.222666,35.503125,4764
960.981070,40.917041,40.342750,4765
961.036328,61.593583,61.017542,4766
961.045343,50.457167,50.049417,4767
961.105095,38.551042,37.776667,4768
961.143434,36.591917,35.382666,4769
961.249873,99.206042,98.491458,4770
961.254685,94.655458,94.252083,4772
961.255377,97.696959,97.138708,4771
961.341669,68.181750,67.744834,4773
961.392409,81.092375,79.371833,4775
961.411744,107.899750,107.328958,4774
961.466878,136.120542,135.479750,4776
961.490997,94.573208,92.931125,4778
961.513638,73.477834,73.057542,4779
961.532573,143.175375,142.326041,4777
961.593145,104.921250,104.379917,4780
961.602881,51.317875,50.911291,4781
961.642671,35.850500,35.361375,4782
961.748259,84.154875,83.707750,4783
961.771907,89.516292,88.981084,4784
961.772965,86.569584,85.763125,4785
961.808376,34.884792,34.542667,4786
961.987398,78.229084,75.047000,4787
962.029385,89.210042,87.097500,4789
962.041444,109.245208,108.673542,4788
962.082859,106.798417,106.243084,4790
962.111325,78.180084,77.540166,4792
962.163188,157.925250,153.979000,4791
962.163355,76.046833,71.192917,4793
962.192641,85.799875,85.327958,4794
962.308357,34.853292,34.398875,4795
962.413188,102.038708,100.567541,4796
962.430524,109.283125,108.680542,4797
962.432437,105.323459,104.544417,4798
962.473178,119.193667,118.258583,4799
962.490412,50.238708,49.453834,4800
962.655521,48.735167,48.335875,4802
962.677778,80.113542,79.367458,4801
962.765678,35.812875,35.303334,4803
962.808995,35.520917,35.133000,4804
962.929185,36.127583,35.415625,4805
963.003409,71.166375,70.668500,4806
963.011291,71.115917,70.100333,4807
963.096041,35.224875,34.552583,4808
963.142653,35.832708,35.283792,4809
963.235998,36.524250,35.711959,4810
963.310457,57.008583,56.532583,4811
963.321886,48.430958,47.997250,4812
963.468635,78.768375,78.326209,4813
963.481552,84.444500,83.106917,4814
963.527490,87.314208,86.086583,4815
963.601376,112.182000,108.336959,4816
963.605854,109.978167,108.480458,4817
963.642035,103.912958,103.208583,4819
963.703766,189.168000,187.953209,4818
963.705151,98.327833,97.841625,4822
963.731396,80.822875,79.953709,4823
963.797415,251.242250,250.697125,4820
963.820034,78.495667,77.917584,4824
963.850476,76.974042,76.335292,4825
963.861401,284.141083,283.682583,4821
964.028459,88.267375,87.631250,4826
964.043184,77.002625,76.246625,4827
964.047350,77.845833,77.224875,4828
964.141969,35.111417,34.617917,4829
964.237232,34.989500,34.514959,4830
964.309830,36.348667,35.853125,4831
964.413663,60.326875,59.533833,4833
964.420091,74.467458,73.939541,4832
964.475343,35.165375,34.683250,4834
964.643440,36.603875,36.078875,4835
964.781335,42.959000,42.417375,4836
964.809699,36.171625,35.348833,4837
964.992701,75.273917,74.804916,4838
965.021425,84.701750,82.919083,4839
965.022257,82.075875,81.281375,4840
965.196753,89.917917,89.500833,4841
965.204655,90.507375,89.812917,4843
965.236868,127.755833,125.884208,4842
965.288541,75.537583,74.981666,4845
965.312643,119.383250,114.240583,4844
965.337087,63.565250,62.951000,4848
965.420295,201.492375,199.262584,4846
965.442389,94.890250,93.282583,4852
965.444106,99.395333,97.793792,4851
965.463951,232.532417,231.991959,4847
965.500298,222.333417,221.876375,4849
965.566224,285.947667,285.377750,4850
965.586534,74.957458,67.711875,4855
965.620200,194.480125,185.254125,4853
965.673264,66.389750,65.776667,4856
965.675336,235.118334,234.581084,4854
965.806169,91.458792,90.953333,4859
965.811614,97.106625,96.539625,4858
965.812312,108.362333,107.832958,4857
965.884950,112.957250,112.373916,4860
965.896958,74.118333,73.589542,4862
965.922432,148.917708,148.008000,4861
966.023908,83.739833,83.272584,4863
966.030681,88.384333,87.602959,4864
966.044549,58.617417,58.209958,4865
966.093741,42.126875,41.617041,4866
966.143524,36.693125,36.001291,4867
966.242494,80.957625,80.480750,4868
966.267127,82.403125,81.318708,4870
966.267462,87.816458,87.352125,4869
966.358321,84.819583,84.204750,4871
966.379185,69.798750,68.478375,4873
966.427402,65.974125,65.420834,4874
966.431573,156.908500,156.177000,4872
966.506276,66.119667,65.490542,4875
966.510443,59.675000,59.110917,4876
966.606285,52.752000,51.264792,4877
966.665644,92.094041,91.562625,4878
966.709998,91.250542,88.211083,4880
966.717125,110.286458,109.549417,4879
966.771679,102.333292,100.851334,4882
966.814641,157.999625,157.416000,4881
966.830933,91.688041,91.145250,4883
966.852786,79.289583,78.799875,4884
966.873520,80.648459,79.971792,4885
966.908796,109.046583,108.549000,4886
966.955211,144.581792,142.808167,4887
966.980826,40.642000,39.870250,4888
967.085601,98.904750,98.327833,4889
967.087212,82.705875,82.152000,4891
967.092445,104.306708,103.475459,4890
967.168578,61.755167,61.281500,4892
967.176232,51.941459,51.392542,4893
967.286761,52.376334,51.814291,4894
967.342074,76.083875,75.594750,4895
967.342243,68.741750,67.946375,4896
967.476122,35.961042,35.387334,4897
967.575134,35.161000,34.648833,4898
967.636845,54.065667,53.556417,4899
967.657577,50.763417,50.137792,4900
967.759790,83.658459,83.070167,4901
967.801266,111.295916,109.889500,4902
967.817218,90.959750,90.570666,4903
967.828374,94.867209,94.290875,4904
967.863853,90.395375,89.151416,4905
967.919829,143.487458,138.386500,4906
967.967802,75.836833,75.211791,4908
967.997745,205.925417,203.779917,4907
968.054186,116.135250,115.698334,4910
968.062854,90.096416,89.512791,4912
968.141451,201.335458,200.870833,4911
968.150457,246.334375,245.606084,4909
968.153471,88.570416,87.758417,4914
968.194617,215.031250,214.597834,4913
968.240630,59.488917,58.963334,4917
968.282351,191.877876,191.170876,4915
968.320204,70.022458,69.459251,4918
968.358974,85.520459,84.724209,4919
968.423520,81.692333,81.109292,4921
968.426217,319.426333,318.166333,4916
968.474037,110.651625,109.700791,4923
968.513812,73.687542,73.269000,4926
968.550937,75.537583,75.067125,4928
968.564315,257.684292,256.887458,4920
968.599059,240.933583,240.497541,4922
968.651139,44.347916,43.913917,4930
968.691186,327.045542,322.418250,4924
968.725599,56.620666,56.030917,4931
968.753803,383.675542,383.011709,4925
968.837719,64.265834,63.748417,4933
968.845229,102.538042,101.757833,4932
968.896189,443.683917,399.284375,4927
968.923280,92.355084,91.934792,4934
968.925128,440.491625,398.998541,4929
968.980729,149.476833,148.094917,4935
968.995343,55.223875,54.628001,4936
969.095474,34.945458,34.491625,4937
969.143201,36.394167,35.862458,4938
969.218263,35.393750,34.919500,4939
969.308740,35.238000,34.773958,4940
969.390373,44.815750,41.755583,4941
969.416805,36.038625,35.558541,4942
969.492527,43.307250,42.861291,4944
969.525798,85.621667,85.175125,4943
969.547378,40.404291,39.822125,4945
969.658455,67.135250,66.615792,4946
969.662272,55.440876,54.802125,4947
969.710971,35.049292,34.564833,4948
969.772585,36.287708,35.798583,4949
969.839714,66.214458,65.710166,4950
969.843788,58.457875,58.062958,4951
969.959070,44.862416,44.442417,4952
970.018592,78.424500,76.505625,4953
970.024979,56.291375,55.721167,4954
970.188081,81.249584,80.695125,4957
970.197522,94.415416,93.860958,4956
970.201390,104.528667,104.037792,4955
970.238532,75.720750,75.304541,4958
970.322850,49.344750,48.433291,4959
970.355174,52.434084,51.877292,4960
970.378744,39.236750,38.619876,4961
970.476417,36.257666,35.716625,4962
970.683452,76.634833,75.903333,4964
970.701716,78.761958,78.124958,4965
970.709828,114.070541,113.332042,4963
970.791631,144.701083,144.205250,4966
970.815188,89.519792,88.982833,4968
970.828047,79.086292,78.417500,4969
970.870014,200.862958,200.029083,4967
970.933835,58.172333,57.647333,4972
970.989634,49.497584,48.943417,4976
970.990327,137.167333,133.108500,4971
971.014713,241.257334,240.646291,4970
971.043524,153.139875,152.405167,4973
971.145431,243.016667,242.448500,4974
971.156904,101.064542,96.362875,4977
971.159995,102.890375,98.564375,4978
971.190445,263.392208,259.519459,4975
971.265929,67.118334,66.511959,4981
971.296243,189.423208,186.329208,4979
971.330411,140.092167,135.742250,4980
971.373129,99.640041,98.829791,4982
971.388096,93.634625,93.216666,4983
971.415699,79.286958,70.272709,4984
971.487290,118.860875,117.294625,4985
971.503358,83.976958,83.361250,4987
971.513823,106.729000,105.842625,4986
971.537983,97.837542,97.245458,4988
971.575527,117.603792,117.003833,4989
971.678283,71.493042,67.936750,4991
971.706926,67.403000,67.000792,4992
971.707914,109.396875,108.786125,4990
971.813709,61.790167,60.997125,4993
971.824168,50.671542,50.065459,4994
971.991144,75.438417,74.772542,4996
972.026395,119.411250,117.915000,4995
972.029275,89.131292,88.302375,4997
972.054367,43.510542,42.874708,4998
972.144893,38.082917,37.583000,4999
972.182176,35.868291,35.142333,5000
972.272291,60.601625,60.193875,5002
972.284911,81.804916,81.235000,5001
972.312341,38.845042,38.386250,5003
972.378268,35.173250,34.675375,5004
972.426585,36.380750,35.712542,5005
972.475994,35.840876,35.335709,5006
972.643337,36.502375,35.889583,5007
972.708169,35.036458,34.574458,5008
972.808641,35.133291,34.616167,5009
972.940144,36.115333,35.536084,5010
972.990412,50.206625,49.424375,5011
973.011785,43.931125,43.347792,5012
973.197871,78.411084,77.952292,5015
973.203544,96.703833,92.827292,5013
973.260696,143.796626,143.216792,5014
973.288923,147.798584,147.005833,5016
973.331949,115.397333,114.606916,5019
973.364304,178.181500,177.624125,5017
973.413342,139.859708,139.230584,5020
973.429072,64.796667,64.298500,5022
973.439162,242.099084,241.468792,5018
973.526702,218.452500,217.852834,5021
973.527187,87.058708,86.650375,5026
973.571662,85.477583,84.897459,5027
973.642026,113.830500,113.282167,5029
973.659627,289.678667,286.898209,5023
973.690494,86.721250,86.016000,5031
973.726921,338.463709,337.840417,5024
973.762994,350.543084,349.945167,5025
973.777247,135.203833,89.458833,5033
973.840319,66.866042,66.289125,5034
973.854411,358.657834,357.969208,5028
973.935726,72.609250,72.024458,5037
973.944649,130.482625,129.655751,5035
973.976144,416.950334,376.255542,5030
974.002908,62.755875,62.170792,5040
974.051178,234.992917,234.425333,5036
974.054306,447.485500,406.133292,5032
974.099100,224.906791,224.398709,5038
974.158213,79.062958,78.492458,5041
974.196715,89.884667,89.061292,5042
974.199031,262.645542,257.218208,5039
974.234139,110.870375,110.448625,5043
974.269529,35.256375,34.791458,5044
974.324715,51.243792,50.798708,5045
974.345531,43.044458,42.157791,5046
974.385930,35.243833,34.904041,5047
974.436455,34.968792,34.632209,5048
974.476411,36.272833,35.567292,5049
974.698291,83.720583,82.819334,5052
974.714296,107.865042,103.017833,5050
974.716331,109.530750,109.070791,5051
974.789058,144.262125,143.384500,5053
974.820238,94.699791,94.136291,5056
974.845024,87.823458,87.050542,5057
974.851351,195.915125,195.370292,5054
974.916078,221.353709,220.748500,5055
974.939249,65.705500,65.123917,5059
975.023426,249.939375,249.132625,5058
975.033795,93.689166,93.244958,5060
975.049387,79.492292,78.008292,5061
975.071494,73.437000,72.846083,5062
975.123838,122.760166,121.938250,5063
975.212401,105.567292,104.633083,5067
975.212996,191.482958,190.997042,5064
975.217589,108.007667,107.170875,5068
975.304297,91.863333,50.562167,5072
975.319268,293.725542,293.247209,5065
975.354304,80.822000,79.563459,5073
975.397613,115.566209,114.976167,5074
975.430097,397.052250,396.444125,5066
975.476128,94.298459,91.902125,5076
975.499163,84.546000,83.996500,5077
975.503435,388.574958,387.850750,5069
975.576488,451.127834,450.651251,5070
975.594133,80.757542,40.297833,5080
975.688366,557.800542,516.487417,5071
975.699826,93.780458,93.130042,5081
975.741116,133.062125,130.573625,5082
975.782276,82.576667,82.201875,5084
975.819299,476.331042,434.690958,5075
975.881135,98.840292,58.492000,5088
975.917126,477.002167,476.485625,5078
975.918129,144.649458,102.429250,5087
975.964292,122.062500,80.811792,5089
976.004680,64.558959,64.153542,5090
976.021235,577.117917,535.507000,5079
976.023686,378.586833,378.168875,5083
976.085087,58.335083,56.887833,5091
976.133302,428.018792,386.897584,5085
976.202582,95.770500,95.167041,5092
976.220219,495.575208,453.397292,5086
976.239981,115.638542,114.970042,5093
976.262697,99.974875,98.334250,5094
976.295013,79.627625,78.841583,5096
976.361901,88.418459,87.562125,5098
976.377863,213.413958,212.828583,5095
976.395269,72.676917,72.115459,5099
976.422774,186.208167,182.543667,5097
976.499634,159.994625,159.393791,5100
976.536542,96.423541,96.012291,5103
976.584308,231.238875,230.408500,5101
976.591182,154.109667,153.580875,5102
976.630197,85.834875,84.362833,5107
976.704579,97.761417,97.185084,5108
976.709963,70.640500,70.233625,5109
976.717254,248.142125,242.818625,5104
976.745957,266.306833,265.734292,5105
976.795722,279.121500,278.578417,5106
976.815156,41.631625,41.045375,5110
976.936693,96.004125,95.492833,5111
976.952211,97.684125,97.111000,5112
976.955213,95.549125,94.936625,5113
976.981209,41.088542,40.666208,5114
977.055804,62.210459,61.633833,5116
977.090916,103.733583,103.203917,5115
977.121728,80.114417,79.564916,5117
977.157354,82.609333,76.022625,5118
977.192870,44.107583,43.479333,5120
977.270276,163.482958,162.804541,5119
977.273995,55.773959,54.979750,5122
977.304551,110.791917,109.407958,5121
977.331087,57.575875,57.009459,5124
977.356770,117.840334,117.246500,5123
977.415687,122.999042,122.294667,5125
977.430438,45.957917,45.444875,5126
977.500585,60.474750,59.986791,5127
977.511100,50.274875,49.648666,5128
977.577961,35.280291,34.866125,5129
977.650221,43.418667,42.714584,5130
977.678844,40.163375,39.207291,5131
977.744495,36.172792,35.673750,5132
977.866950,83.341417,82.822250,5135
977.879375,105.928667,105.408917,5133
977.881686,100.143459,99.468541,5134
977.925828,134.508208,133.822208,5136
977.982826,71.742125,71.128459,5138
978.002135,69.337041,68.630917,5139
978.024375,207.328917,206.663333,5137
978.059561,119.445083,118.881292,5140
978.149414,65.341500,64.846250,5141
978.159996,53.182792,52.609667,5142
978.200500,44.418792,43.866958,5143
978.330128,56.634958,54.977708,5145
978.343672,70.476584,69.973458,5144
978.436837,35.274167,34.814208,5146
978.475579,35.402791,34.941084,5147
978.526968,36.206625,35.719834,5148
978.574789,35.913792,35.370709,5149
978.643112,36.287125,35.520041,5150
978.754706,79.978208,78.540001,5151
978.781323,89.222583,88.563708,5152
978.792216,70.337458,69.685583,5153
978.842960,69.423959,67.669875,5154
978.857184,44.158041,43.580250,5155
978.968627,53.937916,52.049375,5156
978.991821,51.638125,50.913334,5157
979.069826,40.617500,36.863750,5158
979.098961,35.193375,34.778042,5159
979.178866,49.406875,48.838125,5162
979.211227,104.393917,101.574375,5160
979.230812,105.186959,104.447292,5161
979.288527,64.318917,63.798291,5164
979.331147,159.290250,156.807292,5163
979.359931,86.437458,85.921208,5165
979.380590,79.551791,78.816208,5166
979.459298,54.249417,53.695834,5169
979.474328,114.563750,113.819709,5168
979.482893,129.410167,124.359375,5167
979.511115,70.901250,70.105292,5170
979.571270,120.890875,120.437333,5171
979.584436,57.484000,56.537250,5172
979.642587,35.812291,35.322584,5173
979.739599,36.178916,35.516833,5174
979.823156,49.659458,49.153417,5175
979.843825,42.716041,41.943709,5176
979.936456,35.668792,35.173833,5177
979.975856,35.721000,35.048125,5178
980.027736,47.186708,46.780708,5179
980.051522,42.172375,41.265584,5180
980.143115,77.588000,67.281084,5181
980.166507,59.683751,59.076501,5183
980.185417,94.070375,93.472750,5182
980.212788,99.902834,99.225875,5184
980.252705,107.705208,107.104666,5185
980.340036,66.579041,66.147959,5187
980.354545,191.205583,190.358875,5186
980.363172,58.967125,58.023583,5188
980.397184,54.476625,54.017833,5189
980.543295,101.691333,100.956041,5191
980.545968,75.654250,75.201583,5192
980.546635,106.495667,100.323709,5190
980.580748,65.198875,64.627792,5193
980.642651,35.876750,35.468708,5194
980.698532,37.340333,36.590750,5195
980.810462,36.949792,36.117375,5196
980.863077,36.571209,36.016167,5197
980.947949,74.780125,71.157625,5198
980.983525,88.498958,87.618709,5199
981.000808,71.685250,70.770000,5200
981.021570,90.477625,90.013584,5201
981.116680,68.590084,68.063042,5205
981.127567,94.667125,93.978500,5204
981.133854,193.684750,193.206416,5202
981.199782,64.354792,63.997791,5207
981.206685,226.823917,226.135875,5203
981.241864,135.016000,134.432959,5206
981.371367,77.189292,76.649416,5210
981.394409,120.904000,120.173083,5208
981.398390,118.096125,117.566750,5209
981.449565,77.457916,76.729625,5212
981.490855,66.733917,66.334625,5213
981.500295,152.682833,146.615875,5211
981.559249,119.079334,116.697000,5214
981.561192,53.800250,53.259500,5215
981.653795,59.928166,57.058750,5216
981.670324,63.469584,62.511750,5217
981.809734,36.231125,35.728292,5218
981.871087,35.329000,34.846583,5219
981.976855,36.684375,36.157916,5220
982.054635,35.924000,35.420291,5221
982.143115,36.282750,35.534041,5222
982.352363,78.858209,73.633291,5223
982.395588,99.341375,98.813750,5224
982.405534,91.180834,90.288333,5225
982.420469,74.900584,74.362458,5226
982.515654,138.242125,136.656041,5227
982.530513,90.348416,89.774416,5229
982.534088,104.518167,103.883209,5228
982.642691,35.857792,35.380333,5230
982.692205,35.639042,34.957125,5231
982.795483,58.402458,57.899917,5232
982.842862,69.403542,68.549833,5234
982.851494,86.111958,85.445208,5233
982.969574,66.299917,65.770250,5235
983.028223,89.121375,85.419250,5237
983.031813,102.628751,101.990000,5236
983.045462,105.310625,104.454291,5238
983.090489,36.307833,35.663833,5239
983.143785,36.960292,36.244250,5240
983.309280,35.775542,35.222250,5241
983.496327,68.458542,67.717125,5242
983.496663,56.493792,55.899375,5243
983.577128,35.487375,34.950708,5244
983.672563,65.715417,64.932000,5245
983.681628,55.806917,55.041292,5246
983.809120,35.616875,35.074375,5247
983.991073,61.831000,61.278000,5248
984.003765,63.608417,63.098292,5249
984.062990,35.525291,35.074667,5250
984.143823,36.991209,36.465917,5251
984.309113,35.606375,34.898209,5252
984.477160,36.990333,36.402041,5253
984.588938,36.134875,35.424375,5254
984.642252,35.422042,34.939625,5255
984.801793,53.235875,52.552500,5256
984.868385,94.885000,93.523208,5257
984.890290,83.933792,83.400625,5258
984.890400,75.817584,75.201584,5259
984.928235,87.477250,86.710458,5260
984.994540,143.046750,140.492625,5261
985.000060,59.913584,59.213291,5262
985.142076,35.241208,34.691709,5263
985.235182,35.896291,35.471041,5264
985.320758,47.273625,46.765250,5265
985.346976,41.340250,40.638792,5266
985.476613,36.437916,35.687750,5267
985.643604,36.784125,36.185333,5268
985.733149,36.082375,35.447125,5269
985.773462,36.366167,35.697958,5270
985.850285,76.784458,35.359916,5271
985.878817,35.400458,34.885667,5272
986.004065,55.559584,54.953208,5274
986.019120,78.962333,78.520166,5273
986.143409,36.561875,35.970958,5275
986.314599,41.086792,40.363167,5276
986.473305,62.484042,61.818750,5278
986.506534,111.996500,111.275208,5277
986.507316,67.140791,66.665666,5279
986.578295,50.509084,49.957542,5281
986.601516,157.853792,156.061792,5280
986.628368,58.091541,57.458625,5282
986.653741,46.917791,46.446750,5283
986.808661,35.136209,34.667500,5284
986.976822,36.633041,35.959875,5285
987.149563,42.714001,41.887417,5287
987.166733,71.385125,70.870917,5286
987.308701,35.202417,34.737500,5288
987.475261,35.095958,34.632792,5289
987.642809,35.987583,35.482709,5290
987.694519,35.763292,35.267166,5291
987.830943,57.441417,56.822792,5292
987.846053,43.361209,42.583917,5293
987.920174,35.960166,35.302167,5294
987.977396,37.243500,36.663958,5295
988.139176,76.453416,75.921709,5296
988.162249,69.947208,68.882333,5298
988.198269,106.188542,105.394042,5297
988.233545,49.277667,48.727875,5301
988.245094,149.208208,148.590750,5299
988.295897,189.023333,188.419291,5300
988.315228,41.726708,41.186542,5302
988.475422,35.249083,34.716792,5303
988.688503,81.716542,81.135834,5305
988.697991,99.298792,98.785750,5304
988.706350,69.747416,68.900416,5306
988.808732,35.229541,34.784459,5307
988.976377,36.209250,35.474541,5308
989.142066,35.231584,34.649417,5309
989.243172,69.910167,69.365625,5310
989.245733,63.167708,62.396251,5311
989.310982,37.475375,36.699833,5312
989.474953,34.782417,34.319834,5313
989.642535,35.695042,35.170916,5314
989.783430,60.232083,58.200625,5315
989.824731,78.571208,77.778459,5316
989.830428,56.949959,56.102958,5317
989.975890,35.729167,35.215542,5318
990.053871,35.105875,34.650875,5319
990.093663,35.911166,35.241792,5320
990.142692,35.889583,35.186084,5321
990.190680,36.276917,35.613375,5322
990.309936,36.436167,35.965417,5323
990.356939,36.481375,35.750167,5324
990.475390,35.215542,34.634834,5325
990.540796,36.363833,35.831833,5326
990.642417,35.554167,34.985417,5327
990.744883,36.762542,36.205458,5328
990.833313,59.796333,57.512292,5330
990.842596,72.821875,72.065875,5329
990.912886,35.650708,35.140000,5331
990.975664,35.489125,34.975500,5332
991.027172,35.550084,35.033542,5333
991.077351,35.846416,35.293416,5334
991.142076,35.226917,34.619959,5335
991.336295,69.619376,69.103125,5336
991.341820,68.342167,67.628167,5337
991.404157,35.333667,34.790291,5338
991.475716,35.547167,35.037625,5339
991.521230,35.025958,34.543250,5340
991.642719,35.854875,35.148458,5341
991.827916,54.409541,53.894750,5342
991.846044,46.772833,45.864000,5343
991.975181,35.007291,34.538875,5344
992.141973,35.156917,34.735458,5345
992.321400,47.908875,47.277125,5348
992.348667,88.176667,87.650500,5346
992.432521,76.000750,75.434333,5350
992.433691,139.971416,139.178959,5349
992.438572,170.638417,169.979834,5347
992.485046,44.907334,42.851083,5351
992.510676,36.983916,36.564500,5352
992.581925,49.357875,48.930292,5354
992.611326,100.610709,59.368750,5353
992.682956,76.151250,75.684291,5355
992.707298,75.556834,74.826500,5357
992.720490,89.227250,88.657333,5356
992.808390,34.853000,34.411125,5358
992.940560,68.019291,67.491667,5359
992.953385,51.022709,50.416625,5360
992.983856,43.709750,42.943250,5361
993.138529,79.988417,79.402167,5364
993.140033,107.537208,106.844792,5362
993.146597,103.510167,102.687666,5363
993.177121,70.332792,69.673333,5365
993.221780,35.525000,35.017791,5366
993.290512,55.508542,54.715500,5367
993.356644,83.162042,81.522292,5368
993.374455,100.550041,98.731500,5369
993.407225,83.706292,82.551292,5370
993.440653,71.862292,69.688792,5373
993.475771,149.919000,146.983959,5371
993.517963,77.819291,74.827959,5374
993.534231,189.495542,188.537417,5372
993.587594,35.988750,35.266875,5375
993.642165,35.319375,34.798750,5376
993.713972,35.104125,34.601875,5377
993.864357,90.856500,90.354250,5378
993.864408,82.120500,81.633125,5379
993.881957,51.606042,50.787625,5380
993.975613,35.447125,34.954208,5381
994.081121,76.000167,75.413041,5383
994.084386,91.345042,90.850667,5382
994.121484,70.944709,70.386750,5384
994.160307,99.268459,98.508667,5385
994.168340,61.552750,60.902042,5386
994.211727,35.960167,35.459375,5387
994.309485,35.986125,35.320542,5388
994.475953,35.780500,35.127458,5389
994.559171,36.048250,35.439541,5390
994.642863,36.033667,35.474541,5391
994.755374,35.131250,34.674208,5392
994.809300,35.790125,35.381208,5393
994.976238,36.048542,35.357583,5394
995.145211,38.399666,37.837042,5395
995.308953,35.453250,34.992417,5396
995.474064,53.006917,52.553958,5397
995.493495,53.334750,52.763666,5398
995.605088,36.379292,35.568166,5399
995.642193,35.361083,34.871083,5400
995.809503,35.996333,35.261625,5401
995.975659,35.480083,34.937292,5402
996.161588,52.361750,51.816042,5404
996.180523,73.679667,73.206875,5403
996.308792,35.280292,34.760833,5405
996.421138,36.122334,35.581584,5406
996.476333,36.155583,35.521792,5407
996.642315,35.478625,34.831708,5408
996.809601,36.101333,35.634959,5409
996.975685,35.518875,34.843667,5410
997.142331,35.499333,35.002334,5411
997.260093,35.876750,35.345042,5412
997.308517,34.998833,34.542083,5413
997.519674,88.847208,86.654750,5414
997.537619,97.477916,96.673209,5415
997.544114,95.919833,94.831625,5416
997.570353,93.313500,92.631292,5417
997.659121,88.162959,87.598000,5418
997.673116,93.049834,92.208084,5419
997.679787,72.997459,72.419959,5420
997.808309,34.804875,34.352792,5421
997.860546,36.221500,35.549792,5422
997.975381,35.212917,34.752083,5423
998.071450,45.512250,45.013792,5424
998.098903,44.743125,44.186625,5425
998.142859,36.056416,35.341833,5426
998.309807,36.306667,35.635833,5427
998.475508,35.337167,34.943417,5428
998.641876,35.030625,34.548792,5429
998.678559,36.211291,35.541333,5430
998.809760,36.256500,35.707000,5431
998.975375,35.186958,34.727583,5432
999.160475,77.446834,75.514542,5433
999.177330,70.489125,69.932916,5434
999.196118,54.281500,53.467750,5435
999.301454,55.931458,51.896250,5436
999.315541,42.060375,41.509417,5437
999.405548,35.192791,34.727000,5438
999.476287,36.145375,35.596750,5439
999.664804,56.269208,55.537708,5441
999.704799,97.961208,97.492500,5440
999.714479,58.295709,57.730167,5442
999.808531,35.025667,34.569208,5443
999.975778,35.609875,34.926208,5444
1000.019988,36.248917,35.578375,5445
1000.124157,82.161042,80.439625,5446
1000.126623,80.732167,80.208625,5447
1000.150177,43.382208,42.809375,5448
1000.310132,36.626917,35.914083,5449
1000.471427,54.334000,53.775458,5450
1000.489742,49.573417,49.032667,5451
1000.643761,36.918875,36.141584,5452
1000.809614,36.126125,35.562916,5453
1000.924562,35.526750,35.003792,5454
1000.976967,36.821750,36.318041,5455
1001.192566,101.050542,91.758625,5456
1001.196318,67.205250,66.796625,5458
1001.211225,104.414042,103.796875,5457
1001.234929,79.524667,78.967292,5459
1001.325543,65.750709,65.214916,5460
1001.329350,55.897333,55.508250,5461
1001.380531,36.591334,35.925459,5462
1001.475816,35.670834,35.164792,5463
1001.649649,42.791583,42.094792,5464
1001.677322,37.652125,37.222209,5465
1001.738134,36.183584,35.369542,5466
1001.808811,35.317625,34.818875,5467
1001.845582,35.962792,35.347667,5468
1001.975580,35.380917,34.864375,5469
1002.142324,35.511292,34.959750,5470
1002.190889,35.829208,35.331041,5471
1002.309600,36.135458,35.541334,5472
1002.398663,35.205042,34.846292,5473
1002.448285,41.822375,41.368542,5474
1002.482295,42.149042,41.220375,5475
1002.655150,48.318375,47.849958,5476
1002.676427,41.492500,40.953500,5477
1002.772170,62.313708,61.969250,5478
1002.792075,65.706958,65.272375,5479
1002.818371,44.871459,44.284042,5480
1002.976409,36.241334,35.731208,5481
1003.181168,75.761000,75.131583,5482
1003.182178,75.345083,74.624083,5483
1003.240149,37.405667,36.957667,5484
1003.308536,35.031208,34.562209,5485
1003.413117,36.189125,35.440416,5486
1003.503235,57.561875,57.157625,5489
1003.576133,49.596750,49.036750,5490
1003.577409,134.013833,133.250834,5488
1003.583878,143.733625,143.231959,5487
1003.643152,36.328541,35.588875,5491
1003.809837,36.335250,35.686000,5492
1003.904970,35.054250,34.539750,5493
1003.976332,36.158791,35.413292,5494
1004.166079,59.266958,58.500750,5496
1004.166313,80.209500,79.638125,5495
1004.205858,55.745959,53.843417,5497
1004.228665,42.971541,42.401917,5498
1004.308989,35.506334,35.094500,5499
1004.385982,69.792625,69.135792,5500
1004.407355,82.252042,81.708958,5501
1004.435877,40.811166,40.108250,5502
1004.476190,36.024042,35.362250,5503
1004.642933,36.094333,35.409209,5504
1004.773331,35.826000,35.116083,5505
1004.809638,36.146250,35.644583,5506
1004.976521,36.357125,35.902416,5507
1005.051404,54.731250,54.093666,5508
1005.073895,53.513542,52.596542,5509
1005.143221,36.370250,35.862750,5510
1005.349838,84.835042,81.965334,5511
1005.359662,86.151334,85.251250,5512
1005.395150,109.563417,108.869542,5513
1005.406743,84.914375,84.323166,5514
1005.475682,35.501375,34.995334,5515
1005.642972,36.124958,35.550958,5516
1005.710727,36.684375,35.992542,5517
1005.809697,36.161708,35.472500,5518
1005.918837,35.320542,34.791750,5519
1005.996337,56.173250,55.683250,5520
1006.024784,64.163751,63.357583,5521
1006.058496,55.604792,54.225500,5522
1006.087960,39.144875,38.570583,5523
1006.143810,36.989750,36.445209,5524
1006.236016,36.207500,35.611333,5525
1006.281281,42.996917,35.425250,5526
1006.309167,35.630000,35.016625,5527
1006.352802,35.357875,34.889750,5528
1006.476559,36.389500,35.875584,5529
1006.548270,65.529625,65.112250,5530
1006.553437,68.997541,68.515708,5531
1006.643202,36.425083,35.891041,5532
1006.700137,35.680458,35.154000,5533
1006.811257,60.257167,59.787291,5534
1006.822521,49.010208,48.486375,5535
1006.975171,35.001750,34.521375,5536
1007.142712,35.878500,35.196000,5537
1007.187508,35.105583,34.651167,5538
1007.308636,35.134750,34.671583,5539
1007.371407,36.454542,35.944708,5540
1007.476025,35.853125,35.343875,5541
1007.643127,36.290042,35.703500,5542
1007.767816,36.138958,35.468417,5543
1007.808658,35.124833,34.634542,5544
1007.873904,35.105584,34.637166,5545
1008.002035,49.193375,48.746833,5548
1008.035261,95.030541,94.498833,5547
1008.036333,108.422708,107.893625,5546
1008.104312,35.664125,35.108500,5549
1008.142309,35.489125,35.104417,5550
1008.319463,60.156833,59.648167,5551
1008.336864,63.385875,62.603625,5552
1008.476144,35.996333,35.457625,5553
1008.545559,35.144375,34.688791,5554
1008.643200,36.366458,35.523250,5555
1008.808929,35.405709,34.943417,5556
1009.006444,62.677417,62.281042,5558
1009.025398,85.229375,84.646625,5557
1009.168242,61.389417,60.729083,5560
1009.168520,69.615875,69.175459,5559
1009.336687,63.202708,62.833750,5561
1009.349891,71.818542,71.227041,5562
1009.453598,121.244666,115.419792,5563
1009.462218,87.897541,87.105375,5564
1009.487251,72.566667,72.017750,5565
1009.505883,65.714834,64.953584,5566
1009.558679,44.876125,44.170000,5567
1009.586374,40.322916,39.643917,5568
1009.643509,36.690209,36.194375,5569
1009.808882,35.379750,34.911625,5570
1009.867437,35.095375,34.642709,5571
1009.992522,52.334334,51.814292,5572
1010.011199,46.760875,45.956167,5573
1010.105319,36.304917,35.745209,5574
1010.142903,36.056709,35.376834,5575
1010.190743,35.189292,34.800500,5576
1010.308925,35.426125,34.958000,5577
1010.476735,36.562458,35.791000,5578
1010.535622,35.341542,34.829667,5579
1010.642400,35.561750,34.949250,5580
1010.809839,36.346625,35.717791,5581
1010.986438,46.263875,45.748500,5582
1011.016144,46.563125,45.736833,5583
1011.142746,35.931000,35.436916,5584
1011.312253,58.849584,58.338000,5585
1011.337968,64.487500,63.882583,5586
1011.362319,47.250583,46.634584,5587
1011.474242,55.409667,54.243291,5588
1011.496851,56.687167,56.133875,5589
1011.599840,58.478000,57.970501,5590
1011.640408,88.357500,85.745625,5591
1011.656410,49.613959,49.121917,5592
1011.809523,36.021709,35.348250,5593
1011.982591,53.817750,53.363625,5594
1012.050656,110.491792,109.724125,5595
1012.053173,65.702292,64.992375,5596
1012.103065,80.326458,79.688000,5597
1012.150711,84.023625,83.351042,5598
1012.161465,54.628000,53.442084,5599
1012.308938,35.432542,34.882458,5600
1012.417857,60.198250,59.724000,5602
1012.426359,70.443625,70.009625,5601
1012.476395,36.225000,35.481833,5603
1012.643092,36.277792,35.679292,5604
1012.809850,36.348375,35.346500,5605
1012.976542,36.375791,35.818709,5606
1013.038956,36.278375,35.600542,5607
1013.157175,50.363250,49.804708,5608
1013.176899,39.725875,39.167333,5609
1013.270843,55.668375,54.087250,5610
1013.299961,63.045209,61.864250,5611
1013.332360,58.868542,58.288125,5612
1013.360179,37.064125,36.467958,5613
1013.471281,55.357750,54.686625,5614
1013.489592,49.448875,48.670417,5615
1013.527214,35.847584,35.350000,5616
1013.641842,35.009333,34.521958,5617
1013.714593,35.394625,34.917458,5618
1013.758855,36.099875,35.341250,5619
1013.809438,35.957833,35.459667,5620
1013.877558,35.010208,34.550250,5621
1013.934730,35.922834,35.258125,5622
1013.975449,35.276208,34.815667,5623
1014.022901,35.821917,35.326375,5624
1014.099092,35.240334,34.478208,5625
1014.178135,71.325917,69.683833,5626
1014.183106,62.359208,61.527958,5627
1014.216180,47.588042,46.956000,5628
1014.334737,65.073458,64.450750,5629
1014.342478,68.995792,68.275375,5630
1014.397728,34.846584,34.338208,5631
1014.495431,55.318667,54.941833,5632
1014.515326,69.855334,68.553042,5633
1014.597823,36.039500,35.548625,5634
1014.642131,35.293125,34.790000,5635
1014.810057,36.577041,35.900084,5636
1014.980893,40.750500,40.095708,5638
1014.993337,70.951125,70.207375,5637
1015.142577,35.742584,35.172958,5639
1015.309520,36.018208,35.497583,5640
1015.507471,62.657875,61.973625,5642
1015.512120,71.942209,71.379583,5641
1015.643244,36.402334,35.537833,5643
1015.809470,35.958126,35.399584,5644
1015.851901,36.639167,35.966291,5645
1015.976711,36.507917,35.977375,5646
1016.143214,36.352167,35.557667,5647
1016.184364,35.897750,35.487084,5648
1016.309382,35.887250,35.344167,5649
1016.522976,50.801917,49.172375,5652
1016.532069,95.872292,95.370042,5650
1016.567206,127.054667,126.285834,5651
1016.583871,75.156375,74.371209,5653
1016.639753,80.118792,79.328667,5654
1016.667720,60.928291,60.466000,5655
1016.684462,60.483791,60.090042,5656
1016.828109,72.226000,71.783542,5657
1016.846467,85.170458,84.673458,5658
1016.870746,97.264708,96.548667,5659
1016.976570,36.382500,35.703791,5660
1017.142747,35.886958,35.186959,5661
1017.309142,35.617167,34.975792,5662
1017.388629,35.628833,35.095375,5663
1017.476588,36.414584,35.769416,5664
1017.619930,44.622959,42.670250,5665
1017.679679,61.168917,59.498833,5667
1017.688492,81.652667,81.113083,5666
1017.729378,35.880542,35.432541,5668
1017.809254,35.752792,34.995333,5669
1017.976111,35.944417,35.260166,5670
1018.158505,51.693542,51.128583,5672
1018.173672,80.517500,80.018750,5671
1018.204130,91.590333,90.906375,5673
1018.336631,63.130959,61.378916,5675
1018.340374,70.127459,69.675084,5674
1018.434656,36.271083,35.793625,5676
1018.475254,35.119292,34.608292,5677
1018.525887,35.845542,35.349416,5678
1018.597122,37.055083,36.446375,5679
1018.703118,96.318542,95.634292,5681
1018.719299,124.758375,124.181166,5680
1018.721133,114.224542,113.728417,5682
1018.746724,91.743166,90.899667,5683
1018.797908,138.929292,138.367833,5684
1018.828372,54.890791,54.351792,5685
1018.857540,56.346791,55.801958,5686
1018.975179,35.012250,34.508542,5687
1019.032159,36.126708,35.451500,5688
1019.142580,35.769709,35.266000,5689
1019.243193,35.843208,35.202708,5690
1019.324954,51.444167,50.908667,5692
1019.343709,80.293209,79.744292,5691
1019.405507,35.118708,34.661084,5693
1019.524210,88.138459,85.633042,5694
1019.526775,86.627042,86.277334,5695
1019.548943,63.169167,62.546750,5696
1019.642713,35.882000,35.333375,5697
1019.815351,41.848917,41.208417,5698
1019.843499,37.427542,36.866084,5699
1019.906291,49.450041,48.795834,5700
1019.930907,42.734125,42.121334,5701
1020.002267,62.157958,61.619250,5702
1020.011601,62.422792,61.842667,5703
1020.061516,36.785583,36.175416,5704
1020.181509,74.734041,74.345834,5705
1020.181645,67.733167,67.124167,5706
1020.309498,35.997792,35.361667,5707
1020.375182,36.357417,35.563500,5708
1020.506626,63.836500,60.817166,5710
1020.523817,83.647667,82.887583,5709
1020.642337,35.491167,34.977541,5711
1020.810132,36.621666,35.891334,5712
1020.900414,49.352917,48.957417,5715
1020.907484,97.481417,97.081833,5713
1020.925520,92.310458,91.713125,5714
1020.984286,80.229041,76.768708,5716
1020.991615,51.493750,51.073458,5717
1021.151903,74.869959,74.473875,5719
1021.163466,98.617458,97.865250,5718
1021.184114,80.800125,80.154083,5720
1021.206419,99.588125,98.506917,5721
1021.269643,37.004042,36.578500,5722
1021.365494,91.982041,86.788917,5724
1021.375974,66.241875,65.795042,5725
1021.384548,113.715876,112.989625,5723
1021.476182,36.011500,35.489416,5726
1021.687793,80.934292,72.220166,5727
1021.703481,71.013250,70.475708,5729
1021.732962,106.019667,105.315000,5728
1021.753369,44.278208,43.740375,5730
1021.816808,43.315417,42.858083,5731
1021.845825,38.070083,37.453791,5732
1021.906881,36.357708,35.692417,5733
1021.975514,35.339500,34.955375,5734
1022.022839,34.955083,34.480833,5735
1022.074914,35.198917,34.706875,5736
1022.188659,64.458917,63.744042,5739
1022.211034,104.194416,103.526209,5737
1022.213510,97.482875,96.899542,5738
1022.246855,110.644333,110.183500,5740
1022.308529,35.022459,34.562208,5741
1022.411941,96.980333,96.449500,5743
1022.412995,70.924583,69.222417,5744
1022.418460,105.959583,105.469292,5742
1022.508415,79.933875,79.480625,5745
1022.533328,93.163000,92.569750,5746
1022.570119,113.421000,111.380792,5747
1022.574943,67.673375,66.449250,5748
1022.649659,71.839250,68.373375,5749
1022.713797,106.985083,106.485459,5750
1022.713825,106.472625,104.599833,5751
1022.727074,89.255834,87.223208,5752
1022.758882,67.298000,66.734500,5753
1022.808649,35.178209,34.717959,5754
1022.885097,36.030750,35.485042,5755
1022.948977,43.640042,43.134875,5756
1022.976552,36.348666,35.760084,5757
1023.044362,34.964125,34.517292,5758
1023.141513,75.787833,75.066250,5759
1023.173419,66.579041,65.924542,5761
1023.184747,98.443333,98.004083,5760
1023.222124,36.248625,35.455000,5762
1023.310948,37.447084,36.844208,5763
1023.464135,49.890459,49.354083,5764
1023.559164,118.992709,118.342292,5765
1023.563998,95.781875,89.205084,5766
1023.568058,84.510708,83.674792,5767
1023.597734,92.993250,92.411083,5768
1023.687828,180.303959,179.466583,5769
1023.701140,94.305459,93.804958,5771
1023.712367,83.307000,82.852292,5772
1023.758677,203.273875,202.650292,5770
1023.839698,66.189083,65.640750,5776
1023.842830,112.312375,111.529834,5775
1023.853435,220.728667,219.937375,5773
1023.897092,210.868000,209.668958,5774
1023.941130,54.690708,53.538042,5777
1023.993427,74.249000,72.779000,5778
1023.997339,57.177458,56.772042,5779
1024.142801,35.967166,35.297792,5780
1024.228608,38.500292,37.991333,5781
1024.309432,35.929250,35.264833,5782
1024.395805,59.165458,58.482375,5784
1024.407183,75.090750,74.662292,5783
1024.472218,58.023583,57.500042,5785
1024.502552,62.395083,61.946208,5786
1024.522966,45.880041,45.318875,5787
1024.668181,76.344625,75.924916,5789
1024.690860,84.013417,81.216333,5790
1024.705515,116.554958,115.155542,5788
1024.739382,83.120917,82.569375,5791
1024.849608,76.109542,75.652791,5792
1024.866844,68.989084,68.383875,5793
1024.881796,64.115917,63.555042,5794
1024.974394,57.311625,56.561459,5795
1025.021497,81.316083,80.773875,5796
1025.067549,81.310833,80.765417,5798
1025.087384,110.269541,109.572458,5797
1025.148202,125.540333,124.978292,5801
1025.164533,76.569500,76.057042,5803
1025.176432,178.517500,177.758000,5799
1025.211401,213.031583,212.534583,5800
1025.247170,224.381500,223.933792,5802
1025.298835,191.985209,190.343417,5804
1025.369744,96.231625,95.454333,5806
1025.381782,73.981250,73.339000,5807
1025.392293,251.799917,248.833666,5805
1025.422609,102.678917,102.150125,5808
1025.522973,98.809083,96.948541,5810
1025.528514,88.342041,87.693666,5811
1025.531677,169.680291,168.815500,5809
1025.573929,106.843917,102.126500,5812
1025.645708,174.269958,173.486834,5813
1025.682917,93.333917,92.806000,5816
1025.694081,87.235750,86.607500,5817
1025.714733,223.530126,222.943876,5814
1025.806866,289.735250,289.171750,5815
1025.806899,90.371458,89.695375,5820
1025.847687,74.157125,73.238084,5821
1025.862240,210.735584,210.133875,5818
1025.901988,224.000292,223.030500,5819
1025.991700,198.396042,197.808041,5822
1026.011445,99.317750,98.450334,5823
1026.026789,86.618000,86.049833,5824
1026.047797,102.519958,101.872750,5825
1026.124972,159.110292,158.247833,5826
1026.137142,75.914125,75.453000,5828
1026.182225,75.377750,73.903958,5829
1026.196501,195.020875,194.066542,5827
1026.233253,97.534792,96.911792,5830
1026.365047,91.551542,90.941667,5832
1026.374417,76.744500,76.215417,5833
1026.374532,115.227292,114.491708,5831
1026.460629,105.480375,103.966042,5834
1026.478523,81.638083,81.059125,5836
1026.482284,92.447834,92.031041,5835
1026.583477,167.447000,166.608750,5837
1026.630414,122.272500,81.217791,5843
1026.630512,145.777334,104.169917,5842
1026.638151,198.564042,197.994416,5838
1026.673826,66.987375,66.368458,5844
1026.693331,253.187083,252.640792,5839
1026.728205,281.893500,280.862750,5840
1026.778080,311.706208,310.737875,5841
1026.848853,75.342459,74.786833,5846
1026.854475,90.269959,89.580166,5845
1026.911672,76.608583,75.957875,5847
1026.972851,112.488250,110.203917,5848
1026.982447,87.911834,87.350958,5849
1026.997357,57.192625,56.586250,5850
1027.033691,71.356834,70.805001,5851
1027.142537,35.699708,35.057167,5852
1027.266563,65.023000,64.611167,5853
1027.271383,56.286417,55.674500,5854
1027.309628,36.145375,35.636125,5855
1027.358799,36.485750,35.985833,5856
1027.489186,49.021292,48.441458,5857
1027.512355,70.117250,69.504167,5858
1027.551076,35.134750,34.566583,5859
1027.676600,81.949292,81.372959,5861
1027.688060,81.247542,80.472875,5862
1027.702551,113.826417,113.141292,5860
1027.794113,170.500750,169.406417,5863
1027.798980,80.624833,80.052875,5866
1027.824304,75.771208,75.218792,5867
1027.847993,221.175209,220.662750,5864
1027.889375,251.434167,250.779959,5865
1027.924261,152.560041,151.875500,5868
1027.979375,205.904125,205.339458,5869
1027.997332,57.188542,56.366042,5870
1028.048782,37.786875,37.225708,5871
1028.157307,50.518417,50.104541,5874
1028.160571,106.766333,106.315708,5872
1028.165359,105.896000,101.779125,5873
1028.194543,75.794250,75.191959,5875
1028.253600,108.201625,107.643083,5876
1028.266441,53.665791,53.113959,5877
1028.309912,36.439083,35.763875,5878
1028.346926,35.433417,35.034708,5879
1028.408195,54.017834,53.542126,5880
1028.431627,72.716000,72.075500,5881
1028.508540,63.579833,62.159708,5884
1028.536382,99.206625,98.550959,5882
1028.558656,118.501541,117.947375,5883
1028.579581,119.483583,118.681500,5885
1028.697735,90.930584,90.288041,5886
1028.705954,83.433875,82.931625,5887
1028.714964,55.297375,54.770334,5888
1028.848521,84.444791,82.250000,5890
1028.857742,84.255500,83.570375,5891
1028.866123,119.255208,118.170791,5889
1028.923630,54.663875,53.766125,5893
1028.988284,80.430292,79.809625,5894
1029.005715,74.842250,74.316375,5896
1029.013710,188.880417,188.366208,5892
1029.054847,137.909625,137.317250,5895
1029.090192,150.051417,149.492584,5897
1029.174614,53.006917,52.409292,5900
1029.192964,86.143750,85.542334,5899
1029.198491,107.031458,106.274583,5898
1029.261107,53.770500,53.329500,5903
1029.333669,132.598958,132.027292,5902
1029.334990,61.539042,60.994208,5904
1029.347258,204.520167,203.783416,5901
1029.381882,93.014250,92.423333,5905
1029.419330,122.721375,122.185875,5906
1029.476031,35.921375,35.390250,5907
1029.642850,36.013833,35.312959,5908
1029.786270,89.758375,89.196917,5911
1029.806283,114.989292,114.394000,5909
1029.819786,127.605625,127.068375,5910
1029.875272,89.041750,88.206125,5913
1029.900080,52.429125,51.740791,5914
1029.956301,182.814916,182.192500,5912
1029.975292,67.919542,67.024416,5916
1029.998492,97.247500,90.675083,5915
1030.073662,87.843000,87.163416,5919
1030.087203,147.032375,139.619667,5917
1030.098349,79.705208,79.027667,5920
1030.193333,86.498708,85.862875,5923
1030.200236,85.773334,85.350125,5924
1030.207967,235.551166,234.770375,5918
1030.314390,264.949708,264.406334,5921
1030.326265,125.620834,84.756583,5929
1030.353311,159.940083,114.631416,5928
1030.423721,367.151167,366.314959,5922
1030.451202,136.773000,94.635042,5931
1030.458278,131.995208,91.304791,5932
1030.538923,414.206333,409.470542,5925
1030.555199,131.443667,89.547792,5934
1030.561222,109.986042,67.966500,5935
1030.642464,507.699501,507.098376,5926
1030.675207,136.250625,94.971917,5937
1030.676152,120.926750,80.015541,5938
1030.711780,570.020209,564.511792,5927
1030.806223,163.742250,122.601791,5940
1030.818202,126.778458,85.341083,5941
1030.829292,598.762209,557.059709,5930
1030.920273,566.925917,525.415334,5933
1030.943236,136.992916,91.484458,5944
1030.968340,150.105959,108.955292,5945
1031.010149,551.851709,505.894376,5936
1031.062289,141.975459,99.116500,5947
1031.069146,125.892958,84.710208,5948
1031.078209,516.946500,474.815834,5939
1031.101266,378.877917,378.315000,5942
1031.206282,143.952375,102.475917,5951
1031.207205,138.044083,97.412292,5952
1031.226281,489.796126,448.685125,5943
1031.253316,423.990584,382.336792,5946
1031.289280,320.894001,279.335584,5949
1031.347214,337.047959,295.720542,5950
1031.355754,82.234542,81.565750,5954
1031.421201,314.355417,269.556584,5953
1031.432762,94.821416,90.293000,5955
1031.473174,95.945208,95.213708,5957
1031.478850,132.925625,132.339083,5956
1031.538473,98.301292,96.678458,5958
1031.564099,79.895958,79.269750,5960
1031.624414,158.811041,148.402334,5959
1031.642443,67.299750,66.328209,5963
1031.647554,108.435250,107.061208,5962
1031.670485,184.161250,182.898917,5961
1031.707103,129.129584,128.296000,5964
1031.749994,143.161666,138.103292,5965
1031.794797,52.724292,51.969167,5966
1031.815721,42.220792,41.649708,5967
1031.943664,90.125001,89.475167,5969
1031.947288,90.839875,90.199375,5970
1031.952262,107.985792,107.482084,5968
1032.043150,77.102083,76.256250,5974
1032.051636,92.408459,91.672584,5973
1032.070733,163.623541,162.824083,5971
1032.157050,97.074542,96.461750,5978
1032.185292,123.342334,81.047750,5979
1032.206783,266.606959,265.858542,5972
1032.278287,298.649166,298.038417,5975
1032.288218,131.128083,89.742333,5982
1032.307199,121.870000,79.726792,5983
1032.388132,380.635209,379.810375,5976
1032.410295,122.044125,81.072834,5986
1032.417241,138.935125,97.760542,5985
1032.487162,478.667292,478.044291,5977
1032.529192,118.866417,77.851667,5989
1032.540196,152.037375,108.937500,5988
1032.600447,497.338626,496.737792,5980
1032.624293,137.085959,89.402250,5991
1032.635204,105.973292,63.629125,5992
1032.742222,135.388458,94.131333,5994
1032.743210,636.361542,595.319375,5981
1032.750385,123.671042,82.365792,5995
1032.791291,584.474334,542.180334,5984
1032.879234,136.994375,96.042917,5997
1032.887219,579.989667,538.451667,5987
1032.891312,148.070125,105.886667,5998
1032.956229,538.968792,497.606376,5990
1032.980200,92.949500,50.610875,6002
1033.036224,156.968875,115.484833,6001
1033.063226,106.977208,65.591750,6004
1033.067213,506.612459,465.007375,5993
1033.162185,491.645292,450.705208,5996
1033.177227,113.985084,72.656792,6007
1033.197242,161.000292,120.116209,6006
1033.258219,507.799833,465.988542,5999
1033.297231,119.989042,79.345292,6010
1033.310297,148.073626,107.094459,6009
1033.362283,570.960834,529.692042,6000
1033.384504,126.249084,84.926333,6012
1033.440166,142.920458,101.481625,6013
1033.445313,553.955208,512.236375,6003
1033.479307,116.990125,75.386792,6015
1033.557168,576.938834,531.171959,6005
1033.574246,134.061083,93.015416,6017
1033.597341,151.986042,110.820792,6018
1033.607267,540.009459,498.355375,6008
1033.642234,444.975709,403.916917,6011
1033.663622,56.777000,55.153583,6020
1033.723204,412.869625,371.928375,6014
1033.785766,101.920875,101.273958,6022
1033.795754,132.504459,131.931625,6021
1033.825293,440.759375,399.010208,6016
1033.868516,62.642709,62.064042,6024
1033.891293,411.954667,370.905792,6019
1033.915767,142.255750,141.451625,6023
1033.925987,49.349125,48.747417,6025
1033.981376,41.218625,40.565001,6026
1034.030102,46.421959,45.923500,6027
1034.059318,49.128917,48.679458,6028
1034.132389,54.939208,53.711875,6029
1034.148968,42.129208,41.705417,6030
1034.197129,36.414292,35.531708,6031
1034.284790,45.134250,44.413542,6032
1034.310677,37.167375,36.624584,6033
1034.423652,96.136250,95.590250,6035
1034.426130,96.831000,95.486417,6036
1034.430540,110.891959,110.262834,6034
1034.536369,188.156500,187.220833,6037
1034.545514,105.352625,104.791459,6038
1034.549263,97.610625,96.806791,6039
1034.576906,39.049500,38.313625,6040
1034.622632,80.995541,80.155833,6041
1034.690810,83.966459,83.379917,6042
1034.713213,87.707375,87.315959,6043
1034.718441,59.292042,58.524375,6044
1034.797502,111.364750,110.366375,6045
1034.813809,85.463291,84.759500,6046
1034.829567,56.050750,55.482875,6047
1034.989613,65.137042,64.450166,6048
1035.002617,62.441167,61.907417,6049
1035.030560,36.501208,35.975333,6050
1035.167702,79.782500,79.109917,6051
1035.177992,71.123792,70.156334,6052
1035.195101,64.259125,63.307125,6053
1035.310384,87.857000,87.222625,6054
1035.322258,82.482166,81.928000,6055
1035.359553,95.740458,94.503500,6056
1035.396928,123.439750,122.747917,6057
1035.408749,72.047500,71.490709,6061
1035.440064,163.352584,162.394750,6058
1035.524653,214.760584,209.243126,6059
1035.557611,117.497916,116.041042,6062
1035.593855,146.872541,146.085917,6063
1035.605060,285.109417,284.120083,6060
1035.642369,76.757917,76.194708,6066
1035.680037,181.309042,180.610792,6064
1035.703746,96.930459,94.903375,6067
1035.766233,227.535292,224.982041,6065
1035.812893,95.657917,93.657666,6070
1035.821412,88.506250,87.911250,6071
1035.864719,248.616958,247.872042,6068
1035.924687,302.598333,300.425125,6069
1035.933279,120.354209,78.755542,6076
1036.010778,253.901959,253.182416,6072
1036.012045,71.902541,71.334375,6078
1036.065646,171.206292,170.667584,6077
1036.076358,313.741750,311.450125,6073
1036.143237,119.253750,76.874876,6081
1036.166774,59.955584,59.370208,6082
1036.172559,399.079334,398.307292,6074
1036.238183,88.497500,87.883250,6083
1036.266197,463.839250,422.692083,6075
1036.281934,295.989459,295.380459,6079
1036.373987,382.077792,381.476083,6080
1036.387241,113.761959,113.079458,6084
1036.402795,106.575291,106.013834,6085
1036.421436,54.600584,53.895042,6086
1036.476089,35.952583,35.239459,6087
1036.662672,55.832583,54.532333,6089
1036.669238,74.640708,74.096750,6088
1036.809653,36.150625,35.476292,6090
1036.975688,35.541917,35.028000,6091
1037.066385,35.122500,34.703958,6092
1037.142879,36.062833,35.572250,6093
1037.309822,63.534625,62.834042,6094
1037.347192,73.705041,71.708000,6095
1037.365978,72.912875,71.990334,6096
1037.454783,98.859542,97.682666,6098
1037.457523,106.472333,105.973292,6097
1037.496969,119.611042,119.044042,6101
1037.524780,60.127667,59.573791,6103
1037.547287,186.983125,186.377626,6099
1037.581805,217.972417,217.454417,6100
1037.668732,84.794792,84.184042,6104
1037.683337,76.525459,75.870083,6105
1037.707869,267.725792,266.864208,6102
1037.755437,70.901250,70.382959,6107
1037.763519,105.805875,105.233041,6106
1037.808676,35.204458,34.751208,6108
1037.885238,36.481084,35.658291,6109
1037.920777,36.099584,35.556791,6110
1037.996808,56.685708,56.121042,6112
1038.001617,76.172250,75.714917,6111
1038.067287,47.569083,46.695833,6113
1038.090591,37.463709,36.893209,6114
1038.173825,70.647208,70.160126,6115
1038.198972,92.155001,91.474833,6116
1038.212332,95.097625,94.469959,6117
1038.346887,73.385666,72.900625,6118
1038.381127,62.523709,60.185417,6120
1038.383344,103.086958,102.492833,6119
1038.431918,37.174667,36.502959,6121
1038.475675,35.520333,35.012541,6122
1038.664630,76.661375,75.966333,6124
1038.681680,97.685875,97.279292,6123
1038.703802,96.946208,96.474584,6125
1038.778071,61.651917,61.161916,6126
1038.824378,92.580833,92.026375,6127
1038.858548,63.947917,63.393167,6129
1038.896464,122.961125,122.398500,6128
1038.906878,61.841792,61.422959,6130
1039.037347,78.254167,77.887542,6133
1039.046594,87.919708,87.514875,6132
1039.047807,107.634625,107.094750,6131
1039.185740,89.305125,88.537458,6134
1039.214779,107.928042,107.340917,6135
1039.216200,75.281209,74.645083,6136
1039.311051,78.288875,77.757167,6138
1039.323277,79.589417,79.188375,6139
1039.328040,155.155583,154.529375,6137
1039.363137,89.628291,89.149667,6140
1039.536585,96.418583,95.906125,6141
1039.542111,90.528084,89.908292,6142
1039.548538,76.478792,75.782875,6143
1039.642587,35.779333,35.145250,6144
1039.715750,49.633208,49.172667,6145
1039.735790,40.460000,40.033292,6146
1039.804400,57.953000,57.575875,6147
1039.820297,46.801708,46.211958,6148
1039.976224,36.033958,35.459083,6149
1040.108948,90.994166,90.377000,6151
1040.114795,84.126291,83.223000,6152
1040.115603,106.280125,105.711083,6150
1040.150507,43.656083,43.046500,6153
1040.194435,36.367916,35.868292,6154
1040.259474,36.475250,35.968042,6155
1040.365307,68.320292,67.693500,6157
1040.366582,93.096209,92.657834,6156
1040.387730,44.946708,44.082500,6158
1040.476285,36.101625,35.491458,6159
1040.650167,61.128375,60.337958,6160
1040.661687,54.871250,54.294625,6161
1040.721681,36.374042,35.857500,6162
1040.827454,65.339750,64.912166,6163
1040.837556,64.041250,63.326083,6164
1040.866814,36.315708,35.907666,6165
1040.994339,91.163334,90.422792,6166
1041.013963,96.238626,95.664042,6167
1041.021105,85.704209,84.829208,6168
1041.045507,105.351458,104.717959,6169
1041.080769,136.900167,136.454500,6170
1041.176168,188.828500,182.188125,6171
1041.197905,116.565750,112.599083,6174
1041.230813,124.017833,123.388709,6175
1041.256053,259.095958,256.564000,6172
1041.270144,59.253833,58.347625,6176
1041.346985,341.758958,341.198667,6173
1041.360551,87.065417,86.228917,6177
1041.382223,83.429791,82.880000,6178
1041.412596,37.540416,36.980125,6179
1041.509129,68.992584,68.313292,6180
1041.510603,57.476417,56.942666,6181
1041.599093,62.926500,61.097750,6182
1041.607092,55.218042,54.496750,6183
1041.677641,57.411667,56.713417,6185
1041.685367,78.558959,77.950542,6184
1041.809483,36.007417,35.520042,6186
1041.975724,35.557375,34.906375,6187
1042.065425,35.196000,34.747125,6188
1042.177415,70.603750,69.965583,6190
1042.181434,93.541000,93.083959,6189
1042.251536,116.095000,114.419667,6191
1042.263895,80.668875,80.098666,6193
1042.283170,120.849750,120.294417,6192
1042.347305,73.820541,73.145333,6197
1042.347796,123.511208,123.144292,6194
1042.383712,149.313209,148.461250,6195
1042.418601,170.598751,170.042834,6196
1042.508556,68.418875,67.967375,6198
1042.542572,82.547208,80.803333,6199
1042.548925,65.460500,64.894375,6200
1042.699674,92.856459,91.998083,6202
1042.699716,93.753042,93.324000,6201
1042.717176,77.606667,76.991833,6203
1042.831316,57.816208,55.426875,6204
1042.849566,47.472542,46.700792,6205
1042.996678,56.511583,55.954792,6206
1043.011879,49.189875,48.640666,6207
1043.152732,83.800208,83.271125,6210
1043.163255,111.204334,110.821375,6208
1043.163907,99.534750,99.093750,6209
1043.197838,91.050167,90.545875,6211
1043.308446,34.996792,34.534500,6212
1043.500395,111.204916,110.698584,6213
1043.502187,102.502167,101.822875,6214
1043.502645,75.466709,74.802583,6215
1043.532978,92.817958,92.238125,6216
1043.606707,146.384583,145.604084,6217
1043.626427,59.296125,58.802333,6219
1043.658515,96.663000,96.082000,6218
1043.676380,69.555208,68.998709,6220
1043.722348,114.291042,113.733959,6221
1043.748381,38.951500,38.402000,6222
1043.810108,36.613792,35.877625,6223
1043.863041,36.325916,35.801500,6224
1043.915360,36.459792,35.582166,6225
1043.977982,37.829458,37.375917,6226
1044.025311,35.079917,34.588750,6227
1044.076903,34.996208,34.481125,6228
1044.142876,36.059042,35.568167,6229
1044.252509,35.205333,34.747125,6230
1044.308838,35.366333,34.891500,6231
1044.476203,36.059042,35.501667,6232
1044.512142,34.983375,34.456917,6233
1044.577428,46.662875,45.947125,6234
1044.600508,38.682584,38.092250,6235
1044.642163,35.322000,34.760250,6236
1044.735145,58.847833,57.071291,6238
1044.739333,69.799917,69.274916,6237
1044.794179,48.342875,47.861333,6239
1044.857093,83.591084,82.989667,6240
1044.888129,93.919583,52.971625,6241
1044.976244,36.058750,35.535209,6242
1045.029363,48.183042,47.023667,6243
1045.080685,71.266125,70.728584,6244
1045.093168,63.952875,63.369833,6245
1045.145616,38.779709,38.239833,6246
1045.310129,36.620208,36.065459,6247
1045.477075,36.894666,36.309000,6248
1045.638312,92.795500,92.229083,6249
1045.650965,100.902958,100.031458,6250
1045.670332,63.477167,62.721459,6251
1045.694978,37.248167,36.609708,6252
1045.748896,36.731917,36.029292,6253
1045.809721,36.232000,35.693292,6254
1045.906690,35.501375,34.983959,6255
1045.976417,36.267875,35.735875,6256
1046.077668,36.633625,35.898916,6257
1046.159813,51.141125,50.620792,6259
1046.212509,53.340583,52.520125,6260
1046.214554,107.718917,106.983625,6258
1046.254634,37.924541,37.284334,6261
1046.309542,36.062541,35.547750,6262
1046.430359,36.542917,35.761833,6263
1046.493366,53.219250,52.000958,6264
1046.511478,45.765417,44.818958,6265
1046.641950,35.095083,34.604500,6266
1046.763846,36.607083,35.938583,6267
1046.808470,34.995042,34.536250,6268
1046.926484,63.218750,62.822084,6270
1046.930831,74.782459,74.321333,6269
1046.975375,35.211458,34.750333,6271
1047.023510,35.754250,35.370417,6272
1047.068526,36.071875,35.367209,6273
1047.141785,34.961500,34.487250,6274
1047.260115,36.005667,35.462000,6275
1047.309938,36.412250,35.760666,6276
1047.475935,35.768542,35.250542,6277
1047.674515,67.685042,67.210792,6279
1047.681834,75.323792,74.693500,6278
1047.808697,35.197166,34.728750,6280
1047.976298,36.129917,35.407750,6281
1048.162310,86.887791,86.290167,6282
1048.191358,104.416667,102.736958,6283
1048.191606,84.773500,84.126584,6284
1048.228748,70.618042,68.803583,6285
1048.256234,40.031250,39.449375,6286
1048.309863,36.369375,35.703500,6287
1048.475223,35.051625,34.561042,6288
1048.581662,35.760958,35.236542,6289
1048.649752,42.917001,42.380917,6290
1048.677471,35.313251,34.908417,6291
1048.816555,57.000125,56.544250,6292
1048.839575,66.037125,65.468667,6293
1048.975113,34.922417,34.447000,6294
1049.175958,69.112458,68.468167,6296
1049.196938,97.031375,96.476625,6295
1049.219367,81.029083,80.459750,6297
1049.309732,36.223541,35.568750,6298
1049.428280,36.212750,35.661791,6299
1049.475987,35.807625,35.145542,6300
1049.574068,57.019958,56.372750,6302
1049.583467,77.622125,77.106166,6301
1049.654188,47.343916,46.859750,6303
1049.678156,42.281166,41.726709,6304
1049.809574,36.068083,35.570792,6305
1049.898423,35.484750,34.947500,6306
1049.966105,63.211459,62.652917,6307
1050.004244,64.062833,63.501958,6309
1050.024944,90.407333,89.666500,6308
1050.200861,94.028375,93.504541,6310
1050.205905,94.084375,93.489667,6311
1050.221330,108.945375,107.845500,6312
1050.309395,35.914958,35.493500,6313
1050.503319,83.497459,82.929584,6314
1050.522791,76.470917,75.739417,6316
1050.526716,86.557916,86.149875,6315
1050.676956,57.038917,56.439542,6318
1050.691364,84.527041,83.755584,6317
1050.738592,36.554584,35.851667,6319
1050.832449,74.469500,73.621625,6320
1050.832791,59.315667,58.741666,6321
1051.007525,74.404750,73.876834,6322
1051.008443,68.267500,67.743083,6323
1051.077681,35.752500,35.196583,6324
1051.142201,35.364000,34.822958,6325
1051.236479,36.369375,35.790125,6326
1051.309887,36.387750,35.725667,6327
1051.353530,35.105291,34.650584,6328
1051.476239,36.071584,35.401042,6329
1051.642938,36.125250,35.619500,6330
1051.808339,34.838417,34.377875,6331
1051.976327,36.180958,35.643708,6332
1052.142567,35.732375,35.179667,6333
1052.309588,36.083833,35.425542,6334
1052.475243,35.076416,34.435917,6335
1052.641963,35.123958,34.642125,6336
1052.682181,36.105125,35.413875,6337
1052.809614,36.109500,35.601125,6338
1052.975359,35.194834,34.731667,6339
1053.052392,35.998666,35.377416,6340
1053.142795,35.962500,35.351167,6341
1053.309724,36.222667,35.558541,6342
1053.463710,54.484208,53.425750,6343
1053.481271,41.092625,40.633542,6344
1053.581186,36.393583,35.703209,6345
1053.642081,35.251709,34.844542,6346
1053.767070,48.908417,47.631500,6347
1053.827894,54.405458,54.024250,6349
1053.829960,82.050208,81.599584,6348
1053.974982,34.789417,34.332375,6350
1054.085890,36.029292,35.484458,6351
1054.143127,36.283917,35.743167,6352
1054.297631,47.609916,47.225209,6353
1054.388459,87.572625,86.668167,6355
1054.412679,139.177208,138.603500,6354
1054.436345,120.830500,120.252709,6356
1054.439045,65.372417,64.756417,6357
1054.509471,69.302625,68.799500,6358
1054.511765,64.658416,64.143041,6359
1054.641909,35.074083,34.589625,6360
1054.809526,36.051459,35.543083,6361
1054.975177,35.009333,34.542083,6362
1055.142569,35.758625,35.219333,6363
1055.308666,35.167125,34.712125,6364
1055.409338,36.329709,35.714000,6365
1055.475949,35.776417,35.255500,6366
1055.642622,35.778458,35.171792,6367
1055.810072,36.553417,35.957833,6368
1055.989074,48.933500,48.339959,6370
1056.016270,77.902417,77.172666,6369
1056.157656,50.815625,50.202250,6372
1056.179348,72.545084,72.080167,6371
1056.300048,53.071084,52.469958,6373
1056.321959,48.464209,48.069291,6374
1056.409829,55.764333,55.182167,6376
1056.414336,74.727334,74.355167,6375
1056.490904,50.729000,49.102667,6377
1056.511476,43.932000,43.374917,6378
1056.641831,34.998834,34.520792,6379
1056.837210,63.687750,63.019542,6381
1056.839184,72.080167,71.688750,6380
1056.986564,55.916875,55.478791,6382
1057.040942,100.783667,100.169125,6383
1057.049451,82.643459,81.551459,6385
1057.078492,117.276833,116.832042,6384
1057.142822,36.003333,35.511875,6386
1057.216775,35.050459,34.584375,6387
1057.309798,36.337875,35.661500,6388
1057.475162,34.993292,34.486666,6389
1057.549726,63.758916,62.973167,6391
1057.553871,71.713833,71.138959,6390
1057.603131,36.005959,35.269208,6392
1057.643146,36.367042,35.832125,6393
1057.809689,36.209250,35.693292,6394
1057.975389,35.219625,34.753542,6395
1058.031113,36.329125,35.587125,6396
1058.142066,35.168292,34.682666,6397
1058.245331,36.742708,36.202250,6398
1058.309325,35.839709,35.308875,6399
1058.347629,36.952709,36.297333,6400
1058.453508,45.872751,45.357375,6401
1058.479378,39.209041,38.747042,6402
1058.573701,55.206666,51.543917,6403
1058.589217,42.921084,42.198333,6404
1058.641933,35.128916,34.649417,6405
1058.809444,35.965125,35.461417,6406
1058.923198,35.931875,35.408917,6407
1059.014145,73.981542,73.350958,6408
1059.047436,92.854125,92.458916,6410
1059.056923,106.360625,105.701167,6409
1059.097933,35.432542,34.844250,6411
1059.142843,36.014125,34.979292,6412
1059.258356,36.486625,35.927208,6413
1059.308926,35.450625,34.948084,6414
1059.380544,34.972000,34.516125,6415
1059.476296,36.125834,35.569917,6416
1059.564695,45.717292,45.214458,6417
1059.590698,39.936750,39.243166,6418
1059.683536,55.626959,55.059667,6421
1059.698150,91.345042,90.772500,6420
1059.704252,107.316708,106.108042,6419
1059.870881,91.080500,88.757959,6423
1059.874145,69.897917,69.052667,6424
1059.880499,107.017750,106.516084,6422
1059.962807,52.066583,51.482667,6425
1059.984844,44.699958,44.165042,6426
1060.141778,34.945750,34.458666,6427
1060.351628,78.124083,77.427583,6428
1060.377367,68.570834,67.985167,6430
1060.388268,90.200541,89.223750,6429
1060.489145,61.062166,60.607166,6431
1060.504523,64.329417,63.799750,6432
1060.642613,35.747250,34.846000,6433
1060.782443,76.388083,69.272291,6434
1060.787833,76.311666,75.280333,6435
1060.815310,41.827042,40.931042,6436
1060.975751,35.572250,35.041125,6437
1061.058980,36.184459,35.449750,6438
1061.142911,36.092875,35.511875,6439
1061.308567,35.054834,34.527208,6440
1061.430869,34.953917,34.439125,6441
1061.476671,36.530084,36.033667,6442
1061.658343,51.508042,50.992667,6443
1061.679721,45.560083,44.859208,6444
1061.804322,53.253958,52.872166,6445
1061.827139,53.637209,52.735667,6446
1061.907712,36.340500,35.741125,6447
1061.975365,35.230709,34.770459,6448
1062.079131,36.320083,35.607250,6449
1062.143086,36.251542,35.673459,6450
1062.328399,54.873875,54.170375,6451
1062.346815,49.698833,49.080791,6452
1062.438220,56.002625,55.623750,6453
1062.464523,66.495916,65.950209,6454
1062.487942,47.761000,47.227542,6455
1062.642863,36.004792,35.255792,6456
1062.809615,36.108916,35.598208,6457
1062.976547,36.376958,35.723917,6458
1063.168245,61.430833,59.768916,6459
1063.177335,50.488959,49.889292,6460
1063.308943,35.437792,34.930584,6461
1063.383264,35.994583,35.506333,6462
1063.475369,35.164500,34.704250,6463
1063.685280,78.441708,77.957542,6464
1063.687566,79.649208,79.139958,6465
1063.809578,36.051167,35.292541,6466
1063.975176,35.003792,34.499500,6467
1064.141988,35.159250,34.671583,6468
1064.291430,56.753667,56.202417,6470
1064.318570,94.908334,94.453917,6469
1064.337073,63.591792,61.827208,6471
1064.364481,36.708291,35.743458,6472
1064.471449,78.712084,78.208375,6473
1064.495935,55.790000,55.237000,6475
1064.502221,86.858917,85.982166,6474
1064.673804,72.765000,72.312917,6476
1064.680255,73.378375,72.426958,6477
1064.750255,35.401626,34.885084,6478
1064.824699,51.199167,50.490417,6479
1064.844344,68.528250,67.912833,6480
1064.923639,36.258833,35.585666,6481
1064.975225,35.088083,34.619084,6482
1065.025534,35.756292,35.042292,6483
1065.143483,36.652292,36.017042,6484
1065.267918,36.446083,35.751625,6485
1065.309152,35.679875,35.217292,6486
1065.355892,36.936375,36.219750,6487
1065.421376,35.442458,34.873417,6488
1065.496362,56.223125,54.767125,6489
1065.528373,60.068750,58.620333,6490
1065.553822,38.147375,37.348792,6491
1065.654220,96.445708,95.994208,6492
1065.665865,83.017958,82.307167,6494
1065.683106,123.419042,122.524500,6493
1065.702463,95.643042,94.893750,6495
1065.752598,99.655792,99.110667,6496
1065.775586,45.880333,45.324125,6497
1065.808987,35.499333,34.913083,6498
1065.934785,36.206334,35.464916,6499
1065.976884,36.701875,35.975042,6500
1066.176867,75.069167,74.510625,6501
1066.178222,71.374917,70.681917,6502
1066.309626,36.114167,35.382083,6503
1066.476560,36.394458,35.716625,6504
1066.546749,34.950416,34.474125,6505
1066.605740,50.467958,49.458208,6506
1066.645578,64.459500,63.842333,6507
1066.660202,53.372666,52.870708,6508
1066.809188,35.681625,35.200375,6509
1066.961182,76.477333,76.012416,6510
1066.970532,70.004083,69.486375,6511
1067.003763,63.571667,62.974916,6512
1067.026183,42.783125,42.099458,6513
1067.143204,36.351583,35.617167,6514
1067.309535,36.015875,35.338916,6515
1067.476133,35.963958,35.414167,6516
1067.642099,35.256666,34.743625,6517
1067.696363,36.787042,36.233167,6518
1067.745544,35.040833,34.588166,6519
1067.809638,36.127292,35.450042,6520
1067.873401,35.053084,34.591083,6521
1067.975493,35.361375,34.884500,6522
1068.142715,35.881709,35.345625,6523
1068.302364,52.161666,51.715125,6524
1068.322918,49.438667,48.657000,6525
1068.390822,36.974875,36.431500,6526
1068.477191,37.035542,36.384250,6527
1068.642651,35.810250,35.263084,6528
1068.831320,57.104833,56.767375,6531
1068.857349,94.014375,93.513292,6529
1068.877486,103.964000,103.219959,6530
1068.976428,36.240459,35.773208,6532
1069.073072,35.216708,34.664000,6533
1069.142827,36.050000,35.552417,6534
1069.286702,45.600042,45.153791,6535
1069.312031,38.522750,37.881959,6536
1069.405827,36.017334,35.448292,6537
1069.475748,35.580417,35.071750,6538
1069.642488,35.675208,35.119001,6539
1069.839318,69.753833,69.301166,6540
1069.843645,70.163625,69.319542,6541
1069.980328,61.461166,60.881625,6542
1069.993362,53.193292,52.659542,6543
1070.144966,38.125209,37.662625,6544
1070.309377,35.874708,35.296333,6545
1070.475399,35.220791,34.673916,6546
1070.644169,37.325167,36.671250,6547
1070.692179,37.149292,36.419834,6548
1070.753389,36.199042,35.462000,6549
1070.826812,53.339125,52.936042,6550
1070.854426,73.253250,72.700542,6551
1070.981342,49.924292,49.054250,6552
1071.004296,64.124375,63.250542,6553
1071.071643,36.276041,35.748417,6554
1071.143300,36.463291,35.834458,6555
1071.198788,35.203000,34.728167,6556
1071.308865,35.359334,34.830250,6557
1071.493867,53.721792,53.331542,6558
1071.509142,44.550625,44.000542,6559
1071.618361,44.870000,44.325459,6560
1071.643991,37.095625,36.528333,6561
1071.848828,76.061709,75.599417,6562
1071.870879,51.136458,50.584042,6564
1071.878139,104.536542,104.023500,6563
1071.975760,35.593250,35.143208,6565
1072.040188,36.451917,35.759792,6566
1072.116377,43.469125,42.744042,6567
1072.146312,39.473875,38.808000,6568
1072.308884,35.359625,34.890333,6569
1072.435528,34.950417,34.487542,6570
1072.475120,34.982792,34.475291,6571
1072.544852,67.772833,67.269708,6572
1072.585409,76.546750,76.071916,6574
1072.592623,89.938625,89.229875,6573
1072.642982,36.177167,35.469000,6575
1072.808814,35.331625,34.902583,6576
1072.976725,36.556916,35.892208,6577
1073.020154,35.066208,34.566583,6578
1073.143277,57.232292,56.851959,6579
1073.187511,80.719042,80.126084,6580
1073.196651,53.076916,52.630375,6581
1073.253886,35.669958,35.009042,6582
1073.318496,60.870834,60.418166,6583
1073.337705,64.226166,62.267333,6584
1073.365342,37.813709,37.267417,6585
1073.475779,35.612500,34.948083,6586
1073.583147,35.305375,34.815083,6587
1073.642857,36.048250,35.553291,6588
1073.809098,35.594125,34.949834,6589
1073.975992,35.868000,35.296917,6590
1074.011942,35.165083,34.713875,6591
1074.154388,47.546042,47.055167,6592
1074.211428,74.107833,73.500000,6593
1074.238247,61.053709,60.444708,6595
1074.254356,88.092959,87.483084,6594
1074.309582,36.103666,35.606083,6596
1074.476511,36.313084,35.667625,6597
1074.642892,36.059333,35.392292,6598
1074.716095,66.732166,66.248291,6599
1074.722589,61.956709,61.416542,6600
1074.809088,35.644583,35.116375,6601
1074.975213,35.042584,34.528667,6602
1075.134036,53.979042,53.558166,6603
1075.168395,77.478041,76.949833,6604
1075.189325,82.482750,81.676000,6605
1075.352240,49.629125,49.059500,6608
1075.378989,94.135416,90.736334,6607
1075.381427,107.921333,107.433083,6606
1075.454288,117.258750,115.708542,6609
1075.465257,70.103542,69.276083,6610
1075.496346,56.220208,55.762000,6611
1075.544882,75.777625,75.225208,6612
1075.561104,47.239500,46.356916,6613
1075.695542,103.189042,102.653250,6614
1075.697787,83.403542,78.290041,6616
1075.704623,97.813625,97.237000,6615
1075.736353,86.662042,86.110792,6617
1075.821028,47.552167,46.823583,6618
1075.876095,70.307416,68.883208,6619
1075.902563,80.686084,80.122583,6620
1075.916414,55.110709,54.134500,6621
1075.975622,35.482709,34.995917,6622
1076.177975,71.141875,67.137000,6625
1076.196030,104.216000,103.293458,6624
1076.210366,123.053583,121.844917,6623
1076.259365,62.927375,59.773291,6627
1076.289901,131.383000,130.464834,6626
1076.312131,38.629500,38.038584,6628
1076.405646,35.107042,34.646792,6629
1076.491634,51.448250,50.925000,6630
1076.510882,43.157334,42.594709,6631
1076.636326,70.588000,69.757042,6632
1076.663311,90.448459,89.825167,6633
1076.678612,71.770125,70.989625,6634
1076.760620,35.701750,35.007000,6635
1076.809234,35.755125,35.213792,6636
1076.940384,53.526083,52.913875,6637
1076.975263,61.700333,60.823875,6638
1076.992481,52.362333,51.926583,6639
1077.141920,35.086916,34.596041,6640
1077.223176,42.821625,42.065042,6641
1077.270654,55.752083,55.077750,6642
1077.340360,113.525709,112.631458,6643
1077.353469,79.296292,78.174250,6645
1077.362884,89.371626,89.007334,6644
1077.475834,35.665583,35.178500,6646
1077.642800,35.965709,35.390250,6647
1077.809217,35.712250,35.169167,6648
1077.975568,35.403958,34.905500,6649
1078.020150,35.222834,34.718834,6650
1078.097614,34.876625,34.405583,6651
1078.142775,35.946750,35.278542,6652
1078.223608,35.807917,35.301000,6653
1078.309975,36.471458,35.805292,6654
1078.439327,94.269292,93.735833,6655
1078.440511,68.891083,67.596375,6657
1078.482859,42.687166,42.201250,6658
1078.485985,116.078667,115.671208,6656
1078.675343,68.516875,68.041750,6659
1078.676204,65.489083,64.863750,6660
1078.812227,79.355209,78.936666,6661
1078.838592,65.094750,64.581709,6663
1078.842356,77.742000,77.197167,6662
1078.936841,50.660167,50.254750,6664
1078.981769,68.294625,67.764958,6665
1078.996675,56.512750,55.770459,6666
1079.141840,35.005542,34.521667,6667
1079.249429,54.601750,53.521708,6668
1079.266906,43.251542,42.772042,6669
1079.309546,36.049417,35.560875,6670
1079.395059,74.857125,73.460916,6671
1079.413336,75.928709,75.371917,6672
1079.434704,60.166167,59.539084,6673
1079.512290,91.059791,90.467417,6674
1079.556599,116.435083,115.796041,6675
1079.574133,129.320917,128.426375,6676
1079.584703,60.745125,60.179875,6677
1079.638984,87.100417,86.387292,6678
1079.662818,56.012834,55.232042,6679
1079.808530,35.028584,34.581750,6680
1079.863074,35.269208,34.736041,6681
1079.986322,46.160334,45.074167,6682
1080.014862,40.754292,40.148500,6683
1080.053936,36.048833,35.554458,6684
1080.130223,52.756959,52.244500,6685
1080.147544,40.712875,40.242417,6686
1080.265170,34.826166,34.317208,6687
1080.308658,35.153709,34.698708,6688
1080.397569,56.246166,55.461875,6689
1080.465429,84.500208,83.926209,6691
1080.502769,72.439209,71.724041,6692
1080.517236,141.090834,140.141458,6690
1080.579675,108.379250,105.943250,6694
1080.583183,143.056958,142.476250,6693
1080.647473,97.643584,96.954959,6696
1080.672906,168.615125,161.515667,6695
1080.681789,74.974375,73.702125,6698
1080.774938,221.556708,221.021208,6697
1080.785566,98.984959,98.492333,6700
1080.791113,107.265667,106.460084,6699
1080.874917,180.728333,180.182626,6701
1080.893829,107.722125,106.467667,6704
1080.910652,77.417084,76.874000,6705
1080.930395,158.427500,157.939251,6702
1081.006909,233.431917,232.540875,6703
1081.009844,69.701625,68.908875,6708
1081.043867,199.479584,198.954875,6706
1081.081529,205.703750,205.209666,6707
1081.178030,71.254750,70.134458,6709
1081.215815,64.374333,63.587417,6711
1081.215835,86.577167,85.656084,6710
1081.343247,76.641834,76.061708,6712
1081.388339,114.834708,114.036417,6713
1081.389043,75.823416,75.337208,6714
1081.410424,92.249792,91.437792,6715
1081.510775,90.139292,89.442792,6718
1081.518155,140.331042,135.331584,6716
1081.556491,140.524417,139.976959,6717
1081.587297,147.115792,146.443209,6719
1081.631416,57.046791,55.890041,6724
1081.708226,258.355709,257.668250,6720
1081.708773,146.063750,145.378041,6723
1081.747581,278.911792,278.005875,6721
1081.763284,131.829250,90.674792,6728
1081.801406,296.563167,291.771958,6722
1081.835911,62.395083,61.829542,6729
1081.854978,252.004958,251.555500,6725
1081.899297,295.406708,291.256000,6726
1081.997150,74.815125,73.892292,6731
1082.006269,107.959250,97.831708,6730
1082.033642,93.432208,92.708583,6732
1082.047288,440.428334,392.208833,6727
1082.079696,87.477250,86.929500,6733
1082.108715,41.016792,38.758125,6734
1082.144681,37.834125,37.450000,6735
1082.318236,44.711625,44.074917,6737
1082.340680,76.799916,76.275209,6736
1082.417611,35.081084,34.635125,6738
1082.477481,37.314667,36.795792,6739
1082.555339,35.059792,34.598666,6740
1082.620166,44.234750,43.719667,6741
1082.666596,59.803625,59.217666,6742
1082.691936,38.656625,38.151750,6743
1082.833466,59.961708,59.480458,6744
1082.846301,55.212208,54.777333,6745
1082.891994,35.833583,35.131542,6746
1082.928176,34.890917,34.390125,6747
1082.975738,35.563792,35.109958,6748
1083.065588,35.117250,34.671875,6749
1083.153812,46.958916,46.503625,6750
1083.177041,39.196792,38.743833,6751
1083.309366,35.836209,35.324334,6752
1083.539881,99.712958,99.145958,6754
1083.544264,111.076000,110.677875,6753
1083.550104,94.686375,94.117334,6755
1083.625506,144.727625,138.995209,6756
1083.671074,129.828417,129.208334,6760
1083.692314,85.466791,84.798292,6761
1083.701731,201.030667,200.378792,6757
1083.749900,238.969792,238.477458,6758
1083.821785,84.547167,82.053125,6764
1083.822164,307.622292,307.244292,6759
1083.874092,199.425041,198.676625,6763
1083.902145,275.719209,274.478750,6762
1083.940323,117.581334,75.597084,6769
1083.940420,175.200667,171.344250,6765
1084.037997,97.689958,96.898083,6771
1084.046634,81.206417,80.376042,6772
1084.049523,276.015541,275.275000,6766
1084.083136,299.320875,298.714500,6767
1084.134232,343.011084,342.472667,6768
1084.177348,70.494083,69.521666,6775
1084.188792,322.492917,322.068833,6770
1084.275946,284.426041,283.553958,6773
1084.297186,83.072500,82.137708,6776
1084.334230,303.846667,303.272667,6774
1084.378269,156.659417,154.041125,6777
1084.397617,124.091042,121.509500,6778
1084.409431,55.176916,54.500542,6779
1084.538122,72.445625,71.460667,6782
1084.545693,100.326625,99.848583,6781
1084.566399,126.226333,120.632167,6780
1084.648984,169.318333,166.121666,6783
1084.660755,112.994291,112.133000,6785
1084.687032,80.143875,78.488375,6786
1084.704728,169.855875,162.383958,6784
1084.780349,139.143375,128.457292,6787
1084.783534,83.535958,82.917625,6789
1084.865272,210.036167,209.192375,6788
1084.866581,93.037875,91.524709,6790
1084.873062,80.619584,80.191125,6791
1084.987293,88.608625,82.245334,6792
1084.988685,89.275958,88.876375,6793
1085.003496,63.325792,62.499501,6794
1085.143466,36.631875,36.156750,6795
1085.193511,36.280708,35.781083,6796
1085.260300,36.637709,35.900083,6797
1085.364322,90.850958,90.205208,6798
1085.378666,68.784916,68.075875,6800
1085.388420,93.942916,93.390208,6799
1085.417163,37.598167,36.872209,6801
1085.529083,88.940542,88.274667,6802
1085.556183,97.806917,96.685166,6804
1085.574709,117.379208,116.716250,6803
1085.590778,112.467250,111.549959,6805
1085.655681,65.261584,64.772458,6807
1085.702464,95.678917,95.075167,6808
1085.721635,62.132292,61.408667,6810
1085.758086,220.125500,212.746334,6806
1085.806557,71.033375,70.162458,6812
1085.837608,64.127583,63.348542,6813
1085.843103,194.472542,193.612126,6809
1085.885217,210.448292,204.773042,6811
1085.952147,66.294375,65.664375,6815
1085.998718,209.300875,208.385333,6814
1086.018496,90.158542,89.537000,6816
1086.032542,71.853250,70.914375,6818
1086.077071,136.921167,136.081750,6817
1086.122588,68.465541,67.944917,6821
1086.160617,79.961584,79.366875,6822
1086.171204,161.587125,160.899083,6819
1086.242719,60.080416,56.443333,6824
1086.243763,226.078125,225.142167,6820
1086.313521,206.702709,205.735250,6823
1086.348722,75.245333,74.468625,6826
1086.356981,93.629083,92.973416,6825
1086.476425,36.278958,35.782250,6827
1086.523985,36.016167,35.505167,6828
1086.601855,35.704375,35.287000,6829
1086.657281,50.422750,49.949084,6830
1086.676341,41.228250,40.698583,6831
1086.723965,35.972125,35.179375,6832
1086.809707,36.197000,35.536958,6833
1086.897208,82.750208,82.287917,6834
1086.918871,68.705000,68.254375,6836
1086.923946,92.424208,92.025500,6835
1087.033218,93.062375,92.664250,6837
1087.050538,94.630375,94.033334,6838
1087.051561,72.088333,71.433542,6839
1087.160494,81.258917,80.588667,6840
1087.165656,54.716083,54.007916,6842
1087.200069,93.212875,92.330583,6841
1087.263139,76.704542,76.280458,6843
1087.299197,99.102792,57.982167,6844
1087.308724,35.248792,34.915125,6845
1087.423411,61.527667,60.853917,6846
1087.482371,76.728167,71.886792,6848
1087.525680,137.706625,134.697792,6847
1087.538692,98.546000,97.729917,6849
1087.549706,71.226459,70.405417,6850
1087.587396,42.048417,41.504750,6851
1087.683479,102.982833,102.225667,6852
1087.683699,82.664458,81.751250,6854
1087.688935,99.760792,99.201083,6853
1087.733713,126.891917,126.042000,6855
1087.822226,174.460125,167.896751,6856
1087.841973,77.304792,76.377875,6858
1087.842311,122.183834,121.450292,6857
1087.865751,92.296750,91.823376,6859
1087.901412,81.594916,80.456542,6860
1087.961249,51.043417,50.371708,6861
1087.988365,48.207541,47.584542,6862
1088.064274,75.895167,35.221083,6863
1088.146143,86.342666,83.901708,6866
1088.152587,96.030958,95.231500,6865
1088.175604,123.083917,122.501458,6864
1088.266624,106.106000,104.103708,6869
1088.272393,208.280916,207.711292,6867
1088.298161,111.119458,107.011333,6870
1088.375679,102.213125,101.303417,6873
1088.379371,272.556083,263.865583,6868
1088.400768,105.576334,104.837834,6874
1088.435300,240.524667,238.490000,6871
1088.515720,75.580167,74.881626,6877
1088.519025,108.619001,108.049084,6876
1088.527048,293.015917,292.254084,6872
1088.572225,229.866292,222.203042,6875
1088.598895,112.546875,111.642708,6878
1088.697283,184.077834,177.993083,6879
1088.711724,109.464542,108.678791,6880
1088.721167,114.377958,113.890292,6881
1088.740160,62.308750,61.670584,6882
1088.809861,36.416625,35.912042,6883
1088.887387,59.597125,54.106500,6884
1088.901222,53.258334,52.431750,6885
1088.956223,48.833459,47.989959,6886
1088.981858,41.713000,41.164667,6887
1089.036320,39.329792,38.476375,6888
1089.142857,36.043875,35.542792,6889
1089.310390,66.317708,65.870292,6890
1089.351548,79.284625,78.708583,6892
1089.374737,105.923416,105.453250,6891
1089.409272,135.826541,135.195084,6893
1089.465496,80.025459,76.625500,6895
1089.488622,154.590917,153.907250,6894
1089.533320,93.170292,92.347792,6896
1089.575607,132.220375,128.514459,6897
1089.575618,75.946792,75.501709,6898
1089.643713,138.236875,131.415958,6899
1089.675677,77.056000,76.654666,6900
1089.707069,100.278792,96.536708,6901
1089.718644,53.445875,52.652250,6902
1089.809075,35.603458,35.109667,6903
1089.900892,66.179459,65.552959,6904
1089.949445,90.167001,89.765958,6905
1089.959966,79.107292,77.995167,6906
1089.978437,62.440583,61.729500,6907
1090.013349,73.226708,72.774625,6908
1090.142157,35.346208,34.942542,6909
1090.218623,35.164209,34.710958,6910
1090.325738,52.237208,51.796791,6911
1090.352909,55.792917,55.016208,6912
1090.407567,62.784750,62.171375,6913
1090.422501,66.127833,65.420541,6914
1090.475873,35.709334,35.219333,6915
1090.642752,50.769834,49.749292,6917
1090.689504,90.566875,89.858708,6918
1090.696738,107.618583,107.167376,6916
1090.737326,130.481459,129.591584,6919
1090.806070,61.600875,60.097917,6921
1090.835708,197.077125,196.499333,6920
1090.859308,85.792875,84.183167,6922
1090.884199,83.343750,82.684583,6923
1090.949734,64.993833,64.514916,6924
1090.989556,75.837125,75.268958,6925
1091.020949,91.836500,91.309458,6926
1091.062208,122.024000,121.338000,6927
1091.063220,71.966417,71.429458,6928
1091.142623,35.778750,35.209709,6929
1091.230387,71.178334,69.311959,6931
1091.263432,107.440375,106.843042,6930
1091.267883,69.472958,68.947958,6932
1091.339621,75.891375,75.263417,6935
1091.348560,80.150000,79.252250,6937
1091.373657,165.716542,165.099959,6933
1091.411825,200.564292,199.960251,6934
1091.465828,201.144709,200.401834,6936
1091.505427,65.254875,64.717333,6941
1091.539135,59.899584,59.058416,6942
1091.559700,286.172250,285.142959,6938
1091.635209,351.218584,309.689042,6939
1091.672965,66.115875,65.554417,6943
1091.684803,370.932917,370.334125,6940
1091.708433,47.219084,46.404750,6944
1091.840529,81.250167,80.662167,6946
1091.852747,100.402459,99.780334,6945
1091.869151,95.670166,94.691333,6947
1091.893169,38.795750,38.069500,6948
1091.975835,35.697667,35.061834,6949
1092.119816,105.946167,103.741750,6950
1092.122030,95.151291,94.528291,6951
1092.123081,92.264375,91.532875,6952
1092.178834,72.000250,70.859834,6953
1092.191905,56.394625,55.787375,6954
1092.239701,36.292666,35.619500,6955
1092.343291,82.553917,80.992334,6956
1092.351420,77.906500,77.172667,6957
1092.367593,54.502583,53.795000,6958
1092.484698,68.530583,67.867042,6959
1092.527262,87.111208,84.322291,6960
1092.542997,87.914166,87.349500,6961
1092.557534,75.121375,74.512666,6962
1092.679564,64.149459,63.226917,6964
1092.690220,83.418417,82.737376,6963
1092.742891,74.267376,73.477834,6965
1092.749605,79.092709,78.504709,6966
1092.808600,137.773417,137.138458,6967
1092.821665,48.204042,47.737375,6968
1092.906446,65.308834,63.904459,6969
1092.910524,60.109292,59.570000,6970
1093.053931,114.700833,111.680625,6971
1093.053932,113.831375,113.490417,6972
1093.063724,109.466292,108.770667,6973
1093.085378,82.709666,82.143250,6974
1093.149446,140.365167,139.758500,6975
1093.202715,95.926250,95.405916,6977
1093.230773,76.633083,75.948833,6978
1093.246062,216.540917,214.291292,6976
1093.322564,102.962708,102.036084,6980
1093.328905,170.761500,169.328834,6979
1093.346112,96.716958,93.441833,6981
1093.369571,112.486500,111.847750,6982
1093.429611,156.156584,155.582875,6983
1093.490555,79.249042,78.437625,6985
1093.501312,96.742917,96.287625,6984
1093.512966,72.824208,72.217542,6986
1093.603569,84.014875,83.117125,6987
1093.620925,75.321167,74.800542,6988
1093.661160,68.566167,67.975833,6989
1093.674424,67.607750,67.037542,6990
1093.758323,36.145083,35.588000,6991
1093.808636,35.140875,34.686458,6992
1093.914388,63.976208,63.485042,6993
1093.929870,60.941417,60.008959,6994
1094.019587,74.550000,73.947417,6996
1094.037579,97.372042,96.615167,6995
1094.094691,98.234208,97.562501,6997
1094.103862,77.094209,76.369709,6998
1094.167925,135.522334,127.947750,6999
1094.192292,85.447250,82.133625,7000
1094.209465,87.269291,86.683625,7001
1094.255062,116.932666,115.262584,7002
1094.291586,78.511708,77.894250,7004
1094.342492,169.009750,168.522083,7003
1094.379245,141.739500,129.616084,7005
1094.392201,97.209000,96.584834,7007
1094.408138,134.633333,133.869458,7006
1094.455613,149.670791,148.982458,7008
1094.512989,72.811958,72.333625,7011
1094.529067,72.186625,71.523667,7012
1094.560273,246.964083,243.400792,7009
1094.587266,220.516916,219.486167,7010
1094.661130,148.714708,135.346459,7013
1094.671747,64.918000,64.319792,7014
1094.694387,45.965500,45.181500,7015
1094.855688,82.182625,81.499542,7016
1094.875855,81.295375,80.517500,7017
1094.883076,85.172500,84.713416,7018
1094.990060,106.802791,105.744333,7019
1094.990403,91.222542,90.500375,7020
1095.023489,104.788541,104.218917,7021
1095.068417,139.847167,138.521542,7022
1095.077431,82.221709,81.597541,7025
1095.177305,237.161750,236.553917,7023
1095.183128,91.878208,88.937334,7026
1095.183216,76.430083,72.526417,7027
1095.233066,248.817625,248.022250,7024
1095.296759,93.342375,92.844208,7029
1095.308963,78.922958,77.527625,7030
1095.318582,209.862917,208.897792,7028
1095.353605,80.123750,79.432792,7031
1095.406722,52.656042,52.280375,7033
1095.428481,132.555208,131.819042,7032
1095.475972,35.863334,35.360500,7034
1095.630108,72.665542,71.991792,7036
1095.676782,122.016125,121.195375,7035
1095.681095,117.859000,117.379500,7037
1095.707543,69.199958,68.770625,7040
1095.734378,127.561000,126.602292,7038
1095.818948,50.063416,49.482125,7043
1095.868735,49.526458,49.172958,7046
1095.869195,251.262375,250.711125,7039
1095.888449,139.552000,138.271291,7042
1095.913136,268.270042,267.505875,7041
1095.963945,190.486625,189.892208,7044
1096.021991,81.844292,80.878583,7047
1096.042475,237.286292,236.730083,7045
1096.057505,49.928083,49.559125,7049
1096.152512,145.150250,134.729875,7048
1096.155135,96.362875,94.420083,7050
1096.169858,105.555917,104.388667,7051
1096.194774,87.959084,87.378083,7052
1096.265945,36.143333,35.552417,7053
1096.322313,48.840166,48.041000,7054
1096.396209,66.586042,66.102167,7056
1096.397386,94.331709,93.828292,7055
1096.510076,69.906083,69.173417,7057
1096.515749,63.987584,63.382375,7058
1096.572354,37.426667,36.867542,7059
1096.641851,35.019542,34.540041,7060
1096.757522,46.202917,45.813542,7061
1096.813176,70.261333,69.661958,7062
1096.840494,66.980958,66.439334,7063
1096.855656,58.954291,58.387000,7064
1096.975370,35.194542,34.779792,7065
1097.042419,62.740708,61.366958,7067
1097.046429,68.637042,68.177959,7066
1097.104807,35.074958,34.612083,7068
1097.199722,92.904583,89.918500,7069
1097.216572,90.087959,89.279458,7070
1097.253616,97.073375,96.486834,7072
1097.257614,130.988667,130.281959,7071
1097.300950,58.892167,58.328667,7075
1097.376560,72.771125,72.188958,7078
1097.381726,209.678000,208.266917,7073
1097.423799,150.288541,149.513584,7076
1097.435402,246.705083,241.695125,7074
1097.517160,235.252208,234.653708,7077
1097.533348,93.166792,90.411709,7080
1097.562075,74.663750,74.074291,7081
1097.619969,302.145084,301.532001,7079
1097.625581,87.494458,86.739042,7083
1097.673213,66.367875,63.977959,7084
1097.684605,172.387834,171.841251,7082
1097.843138,69.651167,69.197334,7085
1097.843168,61.496750,60.949875,7086
1097.921608,35.188125,34.783291,7087
1098.004460,81.614750,81.048625,7088
1098.019707,79.586208,78.842166,7089
1098.041488,79.543625,78.722583,7090
1098.074464,93.706958,91.240041,7091
1098.161092,96.025417,95.419333,7093
1098.173059,76.216875,75.558292,7094
1098.175267,166.231333,164.750542,7092
1098.229265,122.451583,121.875542,7095
1098.243136,40.919375,40.308334,7096
1098.313277,58.824792,58.491417,7097
1098.325592,52.111209,51.350542,7098
1098.419756,51.769667,51.292792,7099
1098.491452,95.077208,94.565333,7100
1098.506398,76.023208,75.619541,7101
1098.512243,72.098542,71.247750,7102
1098.647220,94.252666,93.670500,7103
1098.653256,91.390542,90.750625,7104
1098.667360,60.530458,59.890250,7105
1098.754361,55.008625,54.511333,7106
1098.770521,47.422375,46.870542,7107
1098.832237,58.747208,58.354625,7108
1098.843182,47.677292,47.246500,7109
1098.885097,35.952292,35.136208,7110
1098.976270,36.120875,35.579541,7111
1099.153846,47.014333,46.539500,7112
1099.237720,101.882958,101.287375,7113
1099.253669,72.992500,71.780625,7114
1099.273399,82.245334,81.422542,7115
1099.332125,58.629959,58.048667,7117
1099.332388,93.593792,93.254583,7116
1099.424903,35.350584,34.852708,7118
1099.475443,35.287292,34.877791,7119
1099.579606,35.718375,35.202417,7120
1099.667896,61.038250,60.232083,7121
1099.676414,52.329083,51.787750,7122
1099.846514,73.004166,72.569875,7123
1099.847035,60.349625,59.901042,7124
1099.979981,92.173666,91.673167,7125
1099.998252,70.745208,70.339500,7127
1100.026626,86.432791,85.560416,7128
1100.032451,124.598542,123.790041,7126
1100.064141,83.712709,83.202583,7129
1100.099366,102.203208,101.485709,7130
1100.158167,51.326041,50.845666,7131
1100.198300,65.116625,64.476417,7132
1100.309556,36.054083,35.557958,7133
1100.362764,46.476208,45.953250,7134
1100.388403,38.259084,37.709001,7135
1100.455596,46.624083,45.851458,7136
1100.485308,45.147083,44.521750,7137
1100.643349,36.503542,35.872084,7138
1100.755181,62.231750,61.615750,7140
1100.760729,72.479166,71.815917,7139
1100.824122,55.338792,54.908875,7141
1100.844846,71.339334,70.713416,7142
1101.007503,96.009083,95.329208,7143
1101.013473,73.355041,72.956916,7145
1101.027946,112.658875,111.822667,7144
1101.142740,35.918750,35.423500,7146
1101.333680,60.165292,59.618417,7147
1101.344944,47.211208,46.648584,7148
1101.409087,35.641667,35.091875,7149
1101.509279,69.126167,68.795709,7150
1101.509284,61.915875,61.014333,7151
1101.643288,36.454542,35.757750,7152
1101.717313,36.168125,35.449458,7153
1101.851214,75.653667,74.884834,7156
1101.856960,97.191208,96.642000,7154
1101.875643,102.191834,101.635334,7155
1101.975606,35.459083,35.075541,7157
1102.046224,44.919000,44.407417,7158
1102.070431,37.469250,36.779166,7159
1102.132184,48.511750,47.961375,7160
1102.161034,54.202459,53.581500,7161
1102.309901,36.402917,35.705542,7162
1102.404754,36.069541,35.407458,7163
1102.485550,64.576167,63.973876,7164
1102.494572,54.453292,53.948125,7165
1102.544101,35.463459,35.046375,7166
1102.642902,36.048542,35.290500,7167
1102.822973,64.985375,64.440250,7168
1102.830133,56.676667,56.064459,7169
1102.891134,35.470167,34.800209,7170
1102.996419,56.302750,55.859708,7172
1103.019285,80.418333,79.706375,7171
1103.143130,36.319792,35.706125,7173
1103.197164,35.433417,34.892084,7174
1103.241906,36.416917,35.904167,7175
1103.329047,77.921083,77.187542,7176
1103.349896,76.398584,75.970708,7177
1103.367932,55.247500,54.240375,7178
1103.397515,73.608500,73.021375,7179
1103.475997,35.817541,35.361375,7180
1103.643498,36.665125,36.171333,7181
1103.809529,36.018500,35.514792,7182
1103.918916,35.066500,34.578250,7183
1103.976248,36.078875,35.517417,7184
1104.177322,70.486500,70.008459,7185
1104.177338,61.606416,61.133333,7186
1104.309670,36.185333,35.651292,7187
1104.345536,35.888125,35.369833,7188
1104.414926,38.056667,37.371833,7189
1104.475944,35.833583,35.327542,7190
1104.567610,35.887250,35.201250,7191
1104.642815,35.996042,35.300416,7192
1104.777299,38.167500,37.633167,7193
1104.841522,60.941125,60.506833,7195
1104.853428,79.918417,79.037583,7194
1104.977951,37.801750,37.146958,7196
1105.036183,35.378875,34.539750,7197
1105.171112,64.240458,63.790125,7200
1105.186476,100.213750,99.503833,7199
1105.190416,110.471958,109.984292,7198
1105.309666,36.164917,35.654500,7201
1105.476452,36.262333,35.536375,7202
1105.674181,91.314708,88.863834,7203
1105.686390,84.784875,84.111708,7205
1105.706679,110.843833,110.096000,7204
1105.726358,119.562917,119.121041,7206
1105.762712,36.257375,35.522084,7207
1105.809901,36.456584,35.909416,7208
1105.976268,36.116792,35.525876,7209
1106.132857,55.701916,55.124708,7210
1106.181427,74.612125,74.037834,7211
1106.203643,46.224792,45.729250,7212
1106.298725,54.502000,51.801458,7213
1106.348913,75.418000,74.845750,7214
1106.353089,66.812666,66.120250,7215
1106.476628,36.458333,35.757458,7216
1106.518677,35.471625,35.086625,7217
1106.598787,35.392000,34.932333,7218
1106.642126,35.293417,34.768125,7219
1106.808910,35.408916,34.941666,7220
1106.987163,46.995666,46.509166,7221
1107.016501,46.185125,45.621625,7222
1107.154275,47.418583,46.970292,7223
1107.197040,67.662875,67.199125,7224
1107.257194,54.378917,53.879583,7226
1107.268071,115.504375,114.990167,7225
1107.329463,55.943125,55.199083,7227
1107.359888,73.084083,72.206750,7228
1107.415128,38.844459,38.041500,7229
1107.475804,35.653334,35.139125,7230
1107.641939,35.103250,34.617042,7231
1107.729987,35.994000,35.477167,7232
1107.772980,35.007292,34.515541,7233
1107.809309,35.825708,35.286708,7234
1107.976095,35.928667,35.386750,7235
1108.076243,73.713500,72.752751,7237
1108.082318,94.878876,91.119000,7236
1108.177768,70.937417,70.494959,7240
1108.178320,103.492083,102.965625,7239
1108.179660,148.869583,148.440542,7238
1108.342243,68.728916,68.243292,7242
1108.342446,74.012458,73.646708,7241
1108.386352,35.994000,35.476000,7243
1108.476229,36.031625,35.492041,7244
1108.560962,35.369833,34.917458,7245
1108.665505,58.539834,58.085708,7247
1108.677650,70.837083,70.329583,7246
1108.726358,35.956083,35.468125,7248
1108.809749,36.246583,35.748708,7249
1108.976814,36.646458,35.958125,7250
1109.157040,50.228208,49.516542,7251
1109.205612,71.509083,71.062542,7252
1109.214810,56.304792,55.834333,7253
1109.308887,35.381791,34.746542,7254
1109.404954,35.820459,35.140000,7255
1109.475694,35.548625,35.032667,7256
1109.523189,37.870000,37.335666,7257
1109.625159,63.560292,63.086917,7258
1109.646597,75.116417,74.705458,7259
1109.675106,68.249417,67.557583,7260
1109.711916,36.096375,35.415625,7261
1109.748336,36.156166,35.421750,7262
1109.809149,35.656833,34.966750,7263
1109.976471,36.295875,35.782834,7264
1110.142619,35.784875,35.242666,7265
1110.247365,36.487500,35.947917,7266
1110.309268,35.769125,35.237708,7267
1110.386756,35.585375,35.068833,7268
1110.476685,36.487208,35.766500,7269
1110.550894,52.792833,52.178291,7271
1110.559472,77.956666,77.152542,7270
1110.642851,36.012083,35.253750,7272
1110.724670,36.312791,35.762417,7273
1110.796242,60.187166,59.645834,7274
1110.825184,76.016792,75.602042,7275
1110.856630,83.152708,82.350042,7276
1110.976776,36.596875,35.861000,7277
1111.076057,36.743292,36.204000,7278
1111.142382,35.520042,34.974334,7279
1111.191228,35.701750,35.168583,7280
1111.309818,36.309292,35.774958,7281
1111.388715,59.316833,58.909958,7283
1111.395598,76.766959,76.322458,7282
1111.496139,55.948083,55.322167,7284
1111.515769,52.989125,52.186459,7285
1111.587662,37.851333,37.247292,7286
1111.677229,56.798000,56.255792,7288
1111.677358,70.523250,69.883042,7287
1111.740414,35.604042,35.278542,7289
1111.809581,36.075375,35.585084,7290
1111.975886,35.721584,35.166833,7291
1112.150980,58.874667,58.256333,7292
1112.165467,58.617125,57.748541,7293
1112.309476,35.990792,35.495250,7294
1112.482346,61.822250,61.311250,7295
1112.497155,56.969791,56.258125,7296
1112.643751,36.915375,36.302875,7297
1112.809373,35.870625,35.214958,7298
1112.898172,61.245917,60.750666,7300
1112.904493,71.526291,71.127875,7299
1112.976821,36.687000,36.024042,7301
1113.142323,35.510125,35.116084,7302
1113.342070,68.573167,68.076750,7303
1113.346678,65.383208,64.537083,7304
1113.476350,36.203416,35.627375,7305
1113.642712,35.881708,35.198917,7306
1113.698541,36.796958,36.334666,7307
1113.809154,35.660042,35.178208,7308
1113.975931,35.777584,35.264833,7309
1114.107797,50.021417,48.950125,7310
1114.150053,66.515167,65.865333,7311
1114.175582,68.737375,67.877833,7312
1114.199017,47.785500,47.347417,7313
1114.308388,34.891500,34.430083,7314
1114.365682,36.011500,35.347959,7315
1114.476119,35.947625,35.228375,7316
1114.553292,48.325375,47.920833,7317
1114.577939,68.857250,68.279750,7318
1114.642266,35.432834,34.955958,7319
1114.809832,36.351583,35.850500,7320
1114.931629,35.133000,34.669542,7321
1114.998463,58.310292,57.853250,7323
1115.011491,72.167375,71.558667,7322
1115.054839,35.119000,34.660208,7324
1115.157319,50.488667,49.984375,7326
1115.178230,79.442125,78.896709,7325
1115.283231,58.627625,58.196542,7327
1115.301780,57.117958,56.670833,7328
1115.334817,61.292875,60.399792,7329
1115.504513,66.967541,66.428542,7330
1115.509827,69.684125,68.899250,7331
1115.643315,36.473208,35.621250,7332
1115.809253,35.741125,35.199209,7333
1115.870577,36.504125,35.989917,7334
1115.976011,35.824833,35.283500,7335
1116.142270,35.429042,34.781833,7336
1116.213696,52.501458,51.763833,7337
1116.253483,64.491000,62.246041,7338
1116.269991,49.516541,48.696084,7339
1116.309403,35.909417,35.396084,7340
1116.480232,51.036417,50.559542,7341
1116.531464,91.296626,90.699001,7342
1116.550486,45.153792,44.727375,7343
1116.650389,43.544083,42.738209,7345
1116.672431,73.355333,72.940000,7344
1116.813876,69.046250,68.407791,7346
1116.848875,67.512375,66.919125,7348
1116.851354,77.870916,77.331917,7347
1116.887203,35.466083,34.990375,7349
1117.006748,59.857292,59.192583,7352
1117.025496,85.376667,84.954042,7351
1117.032094,107.503375,106.892625,7350
1117.141872,35.039083,34.557542,7353
1117.237783,53.153041,52.129875,7354
1117.259153,49.672000,49.060667,7355
1117.308646,35.141167,34.692291,7356
1117.389500,49.470458,48.398000,7357
1117.412052,41.822666,41.093209,7358
1117.499938,59.791375,59.378375,7359
1117.510428,65.270625,64.688167,7360
1117.663315,56.482708,56.017792,7361
1117.677537,48.418125,47.709959,7362
1117.801990,51.170875,49.985833,7365
1117.823867,102.711000,102.193000,7363
1117.852334,49.472500,49.087208,7367
1117.869568,123.316667,122.485125,7364
1117.903793,130.272333,129.549000,7366
1117.938548,87.103917,86.689458,7368
1117.975586,35.408334,34.889459,7369
1118.141862,35.027708,34.533916,7370
1118.307764,51.526417,50.836333,7371
1118.341109,67.624375,67.023542,7372
1118.366356,39.846333,39.082166,7373
1118.412607,35.062417,34.605959,7374
1118.475378,35.205333,34.749459,7375
1118.588389,35.689791,35.186667,7376
1118.641970,35.113166,34.629583,7377
1118.697584,36.171917,35.476583,7378
1118.808659,35.133292,34.678292,7379
1118.976361,36.194083,35.697958,7380
1119.022407,34.884500,34.434167,7381
1119.142796,35.963083,35.422625,7382
1119.309497,35.994584,35.241208,7383
1119.496344,56.199209,55.774250,7384
1119.512326,47.372208,46.599875,7385
1119.641964,35.129792,34.605375,7386
1119.809821,36.322417,35.595000,7387
1119.975903,35.765042,35.261626,7388
1120.100682,59.827833,58.983750,7390
1120.104508,68.915583,68.466417,7389
1120.173530,66.684334,66.197542,7391
1120.179901,56.985250,56.541333,7392
1120.220386,35.196875,34.735166,7393
1120.309148,35.640500,35.217292,7394
1120.476845,36.667458,35.931875,7395
1120.539890,36.516375,35.970375,7396
1120.614473,43.556041,36.057291,7397
1120.642409,35.581000,34.946042,7398
1120.832266,49.185500,48.751208,7401
1120.865967,98.158666,97.590792,7399
1120.881945,108.429416,107.873792,7400
1120.911911,125.232917,124.338667,7402
1121.007737,65.956625,65.493458,7404
1121.009902,69.720875,69.239917,7403
1121.094699,36.025792,35.245000,7405
1121.142533,35.700584,35.209125,7406
1121.208030,35.610167,35.168000,7407
1121.308734,35.256958,34.750042,7408
1121.475850,35.704083,35.199208,7409
1121.653129,46.295375,45.868375,7410
1121.697573,58.160667,57.640042,7411
1121.810184,36.658708,36.187959,7412
1121.847949,36.273417,35.554166,7413
1121.975850,35.658875,35.194542,7414
1122.142996,36.164625,35.597333,7415
1122.338943,65.894500,65.495208,7416
1122.349733,76.297666,75.961083,7417
1122.476276,36.167834,35.615416,7418
1122.642883,36.070708,35.519458,7419
1122.809668,36.164041,35.659166,7420
1122.975656,35.490583,35.024791,7421
1123.142907,36.093167,35.596459,7422
1123.308954,35.455000,34.934959,7423
1123.476193,36.046209,35.503417,7424
1123.553275,36.263500,35.725958,7425
1123.642968,36.151208,35.658584,7426
1123.808682,35.184333,34.717083,7427
1123.854130,35.049875,34.697834,7428
1123.907327,35.152250,34.696083,7429
1123.976474,36.332333,35.838250,7430
1124.152401,45.563876,45.025459,7431
1124.211989,35.591209,35.172667,7432
1124.321066,47.590667,47.055458,7433
1124.355977,70.487958,69.921834,7434
1124.399698,36.714708,35.999541,7435
1124.523391,83.205208,82.636167,7437
1124.534517,98.798292,98.277083,7436
1124.547829,52.518375,52.112666,7438
1124.581330,69.129375,68.389417,7439
1124.666833,59.991750,59.489792,7440
1124.677260,49.399875,48.836375,7441
1124.791173,50.320958,47.957583,7442
1124.813866,40.384750,39.829708,7443
1124.976208,36.042709,35.387625,7444
1125.142644,35.811417,35.137958,7445
1125.323065,49.562916,48.985125,7448
1125.373962,120.579083,120.072458,7446
1125.398316,49.896583,49.348250,7449
1125.404498,141.766625,140.069416,7447
1125.433393,47.115250,46.441209,7450
1125.518768,53.843125,53.253667,7453
1125.536588,96.421208,94.288250,7452
1125.539107,146.974917,146.090000,7451
1125.585907,36.265250,35.806166,7454
1125.642976,36.158500,35.593833,7455
1125.727227,35.439250,34.876333,7456
1125.809739,36.234333,35.489708,7457
1125.880340,36.013542,35.407458,7458
1125.976527,36.354500,35.837375,7459
1126.049367,36.173958,35.566125,7460
1126.093050,36.394458,35.700000,7461
1126.146336,39.499542,38.936041,7462
1126.206948,47.703542,47.161333,7464
1126.216496,91.354958,90.793208,7463
1126.308785,35.281750,34.786792,7465
1126.488651,48.507667,47.835375,7466
1126.511309,41.477042,40.906250,7467
1126.641906,35.069125,34.582916,7468
1126.836082,62.582333,61.916167,7469
1126.871286,63.672292,62.796125,7471
1126.879507,74.557583,73.604125,7470
1126.993660,56.892209,55.617042,7472
1127.006742,66.600917,65.777542,7473
1127.057764,48.031958,47.324959,7474
1127.099224,61.984417,61.434625,7475
1127.135308,63.862166,62.660792,7476
1127.154455,47.643167,46.596083,7477
1127.230853,36.019083,35.391709,7478
1127.308602,35.098291,34.642125,7479
1127.358170,35.356709,34.830542,7480
1127.475357,35.189000,34.735459,7481
1127.617316,42.738208,42.286709,7482
1127.649173,42.353792,41.515542,7483
1127.808431,34.930000,34.470916,7484
1127.844662,35.076125,34.611500,7485
1127.893056,35.925458,35.248209,7486
1127.961166,51.954875,51.258667,7487
1127.983346,43.171042,42.545417,7488
1128.142841,36.002458,35.555333,7489
1128.309857,36.329417,35.655959,7490
1128.404131,36.409625,35.721292,7491
1128.475090,34.867292,34.356291,7492
1128.642135,35.283500,34.721750,7493
1128.808672,35.171792,34.708625,7494
1129.025893,75.287916,74.749500,7496
1129.044061,78.627209,78.071292,7497
1129.068967,128.796792,124.719875,7495
1129.116586,72.400417,70.820167,7499
1129.151105,154.476001,152.386208,7498
1129.168864,69.708334,69.036625,7500
1129.237316,130.468041,129.891708,7501
1129.258575,76.941083,76.259750,7502
1129.267293,64.716750,64.175417,7503
1129.308465,34.957708,34.505917,7504
1129.518449,94.433791,93.911125,7505
1129.534555,94.374292,93.827709,7506
1129.550519,96.227250,95.667250,7507
1129.569665,85.967292,85.403500,7508
1129.642208,35.352042,34.774541,7509
1129.768705,64.530375,63.913501,7510
1129.781336,65.287834,64.769834,7511
1129.810895,37.349083,36.503250,7512
1129.983994,62.908125,60.993042,7513
1129.989922,49.744917,49.204458,7514
1130.039465,35.097416,34.712708,7515
1130.167354,60.519958,60.048625,7516
1130.178335,52.056375,51.230084,7517
1130.239226,37.270333,36.579958,7518
1130.323489,49.990500,49.479500,7519
1130.344327,42.476000,41.918334,7520
1130.502981,62.825583,62.273459,7521
1130.513123,55.795541,55.164667,7522
1130.644278,37.434833,36.799875,7523
1130.810145,57.425667,56.790709,7524
1130.825949,52.441375,51.897709,7525
1130.895980,36.723458,36.019958,7526
1130.976259,36.080334,35.490584,7527
1131.142178,35.311792,34.723792,7528
1131.309867,36.356250,35.804708,7529
1131.475517,35.349125,34.892667,7530
1131.644592,37.776666,37.352875,7531
1131.743718,58.090959,57.565666,7532
1131.760140,59.878875,59.280084,7533
1131.809581,36.093750,35.423209,7534
1131.906657,35.732666,35.083708,7535
1131.976394,36.255042,35.552416,7536
1132.052573,54.401958,54.003250,7537
1132.085437,62.791458,62.244292,7538
1132.115633,83.784459,83.190917,7539
1132.144888,38.073292,37.457292,7540
1132.308887,35.405708,34.882458,7541
1132.476350,36.185333,35.421459,7542
1132.642159,35.326667,34.782709,7543
1132.712516,35.258125,34.800208,7544
1132.761441,35.924291,35.435166,7545
1132.809501,36.008583,35.344458,7546
1132.892605,44.188958,43.564500,7548
1132.915789,73.655750,73.203667,7547
1132.976761,36.623417,35.969500,7549
1133.062661,57.207500,56.711667,7550
1133.085347,57.509958,56.664125,7551
1133.144042,57.607958,57.151792,7552
1133.158498,51.714541,51.248167,7553
1133.202709,36.356250,35.602000,7554
1133.309483,35.947334,35.283208,7555
1133.476235,36.036000,35.559125,7556
1133.532186,36.436750,35.703208,7557
1133.641621,34.789708,34.312542,7558
1133.736613,36.205750,35.534625,7559
1133.803639,50.493333,49.983792,7560
1133.830760,57.305208,56.744625,7561
1133.956726,48.137834,46.852459,7562
1133.980642,40.462041,39.618834,7563
1134.142755,35.899792,35.221959,7564
1134.324350,41.675375,41.117125,7566
1134.346860,73.354750,72.839666,7565
1134.383936,35.511583,35.048125,7567
1134.463659,50.480209,50.026083,7568
1134.484408,44.286083,43.838667,7569
1134.566922,35.966291,35.294584,7570
1134.680983,70.408917,69.865834,7572
1134.684623,77.797709,77.099167,7571
1134.761169,57.460666,56.882583,7573
1134.783036,56.810542,56.147875,7574
1134.810512,36.990917,36.301125,7575
1134.876341,60.619125,60.163250,7576
1134.886899,47.873291,47.318833,7577
1135.021377,95.062625,94.514875,7579
1135.026940,109.483792,108.761042,7578
1135.027465,87.287958,86.525250,7580
1135.060875,103.325542,102.518792,7581
1135.142795,35.959291,35.408333,7582
1135.308901,35.380333,34.919792,7583
1135.476188,35.999833,35.410958,7584
1135.547278,36.248334,35.678417,7585
1135.642688,35.846417,35.268333,7586
1135.835269,61.758375,60.927125,7587
1135.845869,54.412458,53.720625,7588
1135.977087,73.246542,72.373584,7589
1135.987949,56.658291,56.146708,7590
1136.018914,78.734542,77.954333,7591
1136.142139,35.295167,34.633375,7592
1136.309504,36.017334,35.466667,7593
1136.357323,35.246167,34.784458,7594
1136.522338,82.168334,81.650916,7595
1136.542281,65.112833,63.397834,7597
1136.546605,83.494250,82.728625,7596
1136.642246,35.377708,34.805750,7598
1136.818362,44.877583,41.898209,7599
1136.845760,37.337708,36.720833,7600
1137.002295,63.543084,62.817417,7601
1137.013305,73.194333,72.400416,7602
1137.075506,54.325542,53.824458,7603
1137.095156,44.255458,43.562750,7604
1137.143080,36.275167,35.496416,7605
1137.336633,63.117250,62.582334,7607
1137.337832,68.225500,67.785375,7606
1137.417224,70.863333,68.663000,7608
1137.419218,70.349125,69.740417,7609
1137.476153,36.001000,35.450917,7610
1137.537071,35.818125,35.287875,7611
1137.642081,35.226333,34.710958,7612
1137.723914,35.889292,35.389084,7613
1137.836396,61.371917,60.818625,7615
1137.845504,72.003459,71.498875,7614
1137.996538,56.351750,55.428042,7617
1138.039219,106.632458,105.391125,7616
1138.072120,116.378792,115.745000,7619
1138.095407,153.646791,153.071916,7618
1138.152542,70.019250,69.157959,7620
1138.157153,50.326792,49.904167,7621
1138.308642,35.114917,34.655833,7622
1138.498269,58.122750,57.577917,7624
1138.517559,84.565833,83.748000,7623
1138.544329,60.179292,59.216208,7625
1138.649314,60.820959,60.280500,7626
1138.661188,54.399333,53.845750,7627
1138.724819,35.084875,34.636875,7628
1138.833017,83.227376,82.726001,7629
1138.856102,82.621584,80.845042,7630
1138.860432,66.960834,66.194917,7631
1139.005441,81.995084,81.287500,7633
1139.014216,102.166167,101.687250,7632
1139.034110,93.989875,93.393708,7634
1139.053566,82.878542,82.448625,7635
1139.096325,110.164541,109.283417,7636
1139.142729,35.950833,35.448583,7637
1139.250113,35.637875,35.119292,7638
1139.315262,60.776333,60.324541,7639
1139.326080,52.566792,51.655625,7640
1139.393350,35.166542,34.722042,7641
1139.522818,82.648125,82.031250,7642
1139.534726,78.106292,77.700292,7643
1139.565344,69.914250,67.223042,7644
1139.592207,67.158292,66.694833,7645
1139.700603,85.446375,84.663250,7647
1139.714567,93.002583,92.100750,7648
1139.754637,147.799459,143.099833,7646
1139.763429,56.262209,55.715917,7652
1139.838581,116.884542,116.410000,7653
1139.851147,225.444333,224.846416,7649
1139.873172,103.198667,101.039458,7654
1139.927565,291.202333,290.486875,7650
1139.957228,101.289125,60.618834,7658
1139.992524,52.344834,51.797959,7659
1140.004332,359.139958,358.539709,7651
1140.102870,329.357875,328.607708,7655
1140.110880,90.472958,89.685750,7660
1140.117436,93.673416,92.688750,7661
1140.144650,339.451584,338.803791,7656
1140.180903,370.993292,370.414042,7657
1140.216564,147.410083,146.771042,7662
1140.251555,144.697584,144.119500,7663
1140.309820,36.331750,35.846125,7664
1140.415280,67.194459,66.424167,7665
1140.421059,58.782209,57.946000,7666
1140.509972,72.431916,67.451417,7667
1140.510205,70.031500,68.852000,7668
1140.597559,35.673458,35.111416,7669
1140.704527,91.231583,89.520084,7671
1140.708408,101.587500,101.175083,7670
1140.724271,85.570042,84.978833,7672
1140.749438,52.386541,51.609834,7673
1140.810119,36.619625,35.896875,7674
1140.915341,35.935959,35.402208,7675
1141.012494,72.326333,71.156167,7676
1141.062319,73.992333,73.440792,7678
1141.078146,109.942875,108.192584,7677
1141.088204,88.611250,88.142542,7679
1141.189692,88.253375,86.621500,7680
1141.211854,105.032958,103.633833,7681
1141.253476,141.717041,140.757750,7682
1141.282436,88.011000,87.103333,7683
1141.332071,103.142958,95.872291,7684
1141.345613,72.158625,70.326375,7685
1141.356192,74.124167,73.433792,7686
1141.391392,91.648667,91.225459,7687
1141.426521,115.385666,114.929791,7688
1141.494982,66.732167,65.189833,7689
1141.499415,59.265791,58.389917,7690
1141.596623,52.742958,52.049666,7692
1141.618431,85.210125,84.702042,7691
1141.643872,37.086583,36.495959,7693
1141.746636,58.756834,58.309125,7695
1141.760368,97.267041,96.489167,7694
1141.770687,52.066292,51.658833,7696
1141.808745,35.270083,34.809250,7697
1141.916867,85.799583,85.089083,7698
1141.935309,78.774500,78.137500,7700
1141.950393,99.717333,99.012083,7699
1141.979386,39.258916,38.836875,7701
1142.146330,63.938583,63.231583,7703
1142.170963,93.809334,93.417625,7702
1142.225385,118.531000,117.615750,7704
1142.234091,127.014708,126.305667,7705
1142.355380,74.936458,74.262708,7708
1142.383615,110.126042,109.503042,7706
1142.389262,114.622667,113.267583,7707
1142.447710,158.236167,157.652251,7709
1142.506502,95.054459,94.485709,7712
1142.511088,112.779625,111.885666,7711
1142.538325,189.025958,183.338750,7710
1142.600291,70.691250,69.065500,7714
1142.606112,165.932958,164.981833,7713
1142.663646,66.822875,65.994833,7715
1142.668527,61.685750,61.173583,7716
1142.725833,34.995333,34.518166,7717
1142.805017,56.495542,55.963542,7718
1142.819324,45.818500,45.403459,7719
1142.876227,35.129792,34.659042,7720
1142.977469,37.298042,36.840417,7721
1143.050334,45.979500,45.598583,7722
1143.139073,104.949250,104.246333,7723
1143.151371,68.739708,68.194292,7725
1143.153181,92.664250,91.899208,7724
1143.187287,80.451292,79.812541,7726
1143.309886,36.384834,35.925459,7727
1143.348224,35.613667,34.845709,7728
1143.411220,35.172958,34.737500,7729
1143.476077,35.931000,35.402792,7730
1143.599218,35.880250,35.350875,7731
1143.656069,49.213500,48.682958,7732
1143.685452,47.956125,46.947542,7733
1143.809937,36.490709,35.988750,7734
1143.938989,34.903458,34.445250,7735
1144.027344,87.157000,85.129916,7736
1144.030596,78.395625,77.833875,7737
1144.074554,84.065334,82.246791,7738
1144.120436,118.766958,118.198791,7739
1144.131309,94.046459,93.067333,7740
1144.190673,83.825000,83.017083,7741
1144.215794,80.103625,77.748125,7742
1144.248729,76.763458,75.630334,7743
1144.314535,134.426250,133.624750,7744
1144.320201,102.421083,101.710875,7745
1144.329458,55.957417,55.389250,7746
1144.475571,35.402500,34.908125,7747
1144.545452,59.900458,59.372542,7749
1144.552401,73.328209,72.597583,7748
1144.696363,89.531167,87.378667,7750
1144.721602,97.065500,96.284416,7751
1144.725288,93.219292,92.628083,7752
1144.749752,82.690125,82.163084,7753
1144.833805,135.849000,132.907833,7754
1144.843067,69.561334,68.977708,7756
1144.901443,192.267250,191.646292,7755
1144.901733,115.377500,114.795625,7757
1144.976118,35.964833,35.441291,7758
1145.090493,72.951667,72.451166,7760
1145.130791,114.362500,106.766626,7759
1145.147264,92.320667,90.547042,7761
1145.199114,92.281876,91.708458,7764
1145.215132,127.570917,127.003917,7762
1145.247216,80.496208,79.805250,7765
1145.266295,176.797251,175.818709,7763
1145.309713,36.214500,35.707583,7766
1145.354420,35.585958,35.092458,7767
1145.401065,36.684958,35.520917,7768
1145.436237,35.586833,35.092167,7769
1145.508606,65.962167,64.358583,7771
1145.517416,77.247917,76.851250,7770
1145.565798,35.474833,34.992416,7772
1145.642202,35.372167,34.802250,7773
1145.699196,36.332917,35.730625,7774
1145.755674,35.276500,34.797000,7775
1145.849521,76.008334,72.287250,7777
1145.867849,99.264958,98.339792,7776
1145.873757,60.235584,59.827834,7778
1145.989221,109.141375,108.762209,7779
1145.993982,109.839041,109.251625,7780
1146.001368,108.156709,107.386125,7781
1146.029872,118.344625,117.876208,7782
1146.083182,164.836584,164.285334,7783
1146.142600,78.083833,77.671125,7787
1146.198172,263.858000,263.323375,7784
1146.203850,96.992875,95.055334,7788
1146.260638,107.592333,107.072291,7790
1146.285472,79.045750,78.109792,7792
1146.326417,52.907458,52.157875,7793
1146.335709,395.537041,394.621500,7785
1146.370979,382.773416,382.175792,7786
1146.406949,284.669292,284.014208,7789
1146.446955,262.383042,261.582417,7791
1146.490311,50.130500,49.570500,7794
1146.548429,48.356000,47.910333,7796
1146.555777,77.539292,76.979584,7795
1146.606068,46.482333,45.784959,7797
1146.686551,91.755708,89.751958,7798
1146.698913,87.238084,86.408583,7800
1146.714617,107.795625,106.474083,7799
1146.788662,83.556375,82.811459,7803
1146.816363,65.779583,65.160667,7804
1146.817388,188.206666,187.584833,7801
1146.849324,198.866209,197.465916,7802
1146.884420,110.915292,110.345667,7805
1146.996074,75.070917,73.892000,7808
1147.018944,102.909917,102.111333,7807
1147.034404,121.214917,115.778250,7806
1147.121177,116.226250,115.331125,7810
1147.121274,181.104875,180.651042,7809
1147.128321,88.613292,87.773291,7811
1147.164977,84.704375,83.826458,7812
1147.197862,91.015750,90.153875,7813
1147.263862,55.101375,53.792959,7814
1147.327188,85.666000,84.517708,7816
1147.353108,112.305959,111.540625,7815
1147.369837,100.581833,100.015709,7817
1147.443491,169.992375,169.526875,7818
1147.454667,127.949792,127.293833,7819
1147.487129,111.922125,111.259458,7821
1147.513567,163.932708,163.239416,7820
1147.565532,78.512583,78.152083,7826
1147.606665,196.495250,195.678291,7822
1147.620223,165.855667,151.875500,7825
1147.655281,48.442042,47.623333,7829
1147.686264,260.364125,251.700166,7823
1147.711659,271.464375,270.710125,7824
1147.750652,202.043917,201.246792,7827
1147.825059,79.941458,75.378042,7830
1147.837242,63.747833,63.337750,7831
1147.855490,293.088250,292.541958,7828
1147.965253,76.687917,76.142500,7832
1147.989847,100.641042,96.994042,7833
1148.031753,91.582750,90.682667,7834
1148.052118,93.018042,92.344584,7835
1148.115627,120.064583,119.476000,7837
1148.133230,73.886459,73.308959,7839
1148.140095,156.267708,155.488958,7836
1148.207166,209.627250,207.162958,7838
1148.250616,89.996666,89.187291,7841
1148.293507,100.069083,99.089959,7842
1148.303671,196.833000,196.225750,7840
1148.344699,71.189709,70.463166,7846
1148.395264,184.236209,176.150042,7843
1148.405770,74.908750,72.765291,7847
1148.467610,240.751000,240.140541,7844
1148.490468,101.548125,100.596125,7848
1148.525111,84.945583,84.352916,7850
1148.540394,292.222000,284.751541,7845
1148.566694,171.478417,170.585042,7849
1148.603406,154.820167,154.052208,7851
1148.665962,184.187792,183.479042,7852
1148.729602,122.766875,122.086125,7853
1148.730754,89.612833,89.088416,7854
1148.745696,98.664708,97.741292,7855
1148.820124,135.398667,134.129917,7856
1148.861750,99.395625,95.919250,7857
1148.863858,90.353083,89.436958,7858
1148.906339,85.667458,84.805292,7859
1148.940594,70.234500,69.735167,7861
1149.012285,100.798542,95.932083,7862
1149.019306,162.193208,161.514500,7860
1149.070272,130.089167,127.578208,7863
1149.097432,106.158500,105.318500,7864
1149.128779,118.264417,117.318833,7865
1149.149890,43.050583,42.052500,7866
1149.356526,83.029917,82.385917,7868
1149.363427,96.394375,91.828042,7867
1149.414886,92.805125,89.898375,7869
1149.425425,87.988834,87.306333,7870
1149.475417,81.130291,78.026667,7871
1149.509119,68.927542,68.040875,7872
1149.594583,85.239292,84.799458,7874
1149.594755,139.950125,138.959333,7873
1149.625114,84.914666,84.322875,7875
1149.657644,83.900250,83.336458,7876
1149.667690,60.847792,60.408833,7877
1149.741169,70.549500,68.941250,7878
1149.763960,68.323500,67.536583,7879
1149.831120,114.591167,113.491875,7880
1149.854303,80.788167,80.043250,7881
1149.872720,88.508000,87.529750,7882
1149.927086,69.632209,68.062750,7884
1149.933340,118.468292,117.862500,7883
1150.022315,82.143250,81.420792,7886
1150.037070,100.335376,99.841875,7885
1150.060797,86.470126,85.651708,7887
1150.083098,96.810876,95.822126,7888
1150.142335,35.499917,35.019834,7889
1150.209154,65.476834,62.293583,7890
1150.218676,50.136625,49.354375,7891
1150.329986,84.810250,84.151667,7893
1150.331720,93.682458,93.190125,7892
1150.364623,95.969416,95.393083,7894
1150.387405,113.924125,107.971792,7895
1150.460453,69.244292,68.691875,7898
1150.465737,157.997875,157.005334,7896
1150.540663,100.513292,99.292083,7899
1150.551022,234.864000,234.319459,7897
1150.559788,85.631584,85.048833,7900
1150.593805,118.999417,118.229708,7901
1150.678224,84.538708,84.167125,7902
1150.712500,105.689501,104.890042,7903
1150.722765,82.274209,81.724125,7904
1150.737950,76.052667,75.098333,7905
1150.833446,88.160625,87.596250,7907
1150.840857,164.103917,163.285792,7906
1150.846330,72.843166,72.015709,7908
1150.966619,89.316791,88.782166,7909
1150.966839,63.667042,63.269208,7910
1150.986564,46.414667,45.636792,7911
1151.154175,56.986417,56.169750,7912
1151.194454,87.607042,86.736417,7913
1151.210114,51.181083,50.539416,7914
1151.247691,35.893083,35.282917,7915
1151.311479,59.998750,59.540542,7916
1151.357883,84.431084,83.759959,7917
1151.374298,71.221500,69.519625,7918
1151.434612,87.571167,86.734083,7919
1151.486541,118.411417,117.684001,7920
1151.492453,110.679917,109.881042,7921
1151.513197,128.997459,128.246417,7922
1151.579245,82.177084,79.559375,7924
1151.586467,146.323917,141.881250,7923
1151.606501,47.814958,47.251750,7925
1151.694416,87.605292,82.100375,7926
1151.731163,114.481791,112.240916,7927
1151.733708,108.815000,108.129291,7928
1151.751136,123.910500,122.291750,7929
1151.844603,129.682000,128.868250,7930
1151.851453,77.969792,76.174291,7932
1151.859591,91.284667,90.504166,7931
1151.962430,52.239250,51.728541,7933
1151.982743,42.576042,42.000583,7934
1152.067622,35.996041,35.336875,7935
1152.142638,35.844083,35.137083,7936
1152.232648,36.323584,35.856917,7937
1152.337464,63.959583,63.391417,7938
1152.345725,51.579792,50.927333,7939
1152.519450,79.296292,78.847708,7942
1152.522489,101.806250,101.341625,7940
1152.532713,96.239791,95.786833,7941
1152.602599,35.425542,34.911917,7943
1152.642146,35.296333,34.765500,7944
1152.802824,62.483167,61.718416,7946
1152.837113,111.011251,110.240959,7945
1152.860547,87.038000,86.206751,7947
1152.868365,64.372000,63.986126,7948
1152.906909,35.799458,35.298375,7949
1153.038121,95.161208,94.217375,7951
1153.042495,102.343500,101.778542,7950
1153.047580,68.052833,67.269125,7952
1153.089342,35.041417,34.594584,7953
1153.144457,37.618584,36.904000,7954
1153.260157,35.246458,34.734875,7955
1153.308733,35.230708,34.739250,7956
1153.397627,35.872375,35.364291,7957
1153.468482,54.071792,53.471834,7958
1153.486755,46.595500,46.023834,7959
1153.529580,35.974750,35.306250,7960
1153.639434,95.815708,95.249875,7961
1153.648763,81.874625,81.267667,7963
1153.668750,106.549042,105.639042,7962
1153.728210,121.377958,111.303500,7964
1153.769140,96.913833,96.177667,7966
1153.786579,98.009041,97.421916,7967
1153.821126,206.934875,199.381291,7965
1153.893797,123.041917,122.379833,7969
1153.896391,95.821834,95.094708,7971
1153.899387,173.257000,172.550583,7968
1153.934124,160.616750,159.978583,7970
1153.975352,35.200667,34.865541,7972
1154.072570,58.440084,57.871625,7974
1154.073110,70.989334,70.269792,7973
1154.205547,90.344042,89.466125,7976
1154.205567,98.753959,98.466959,7975
1154.225667,94.625709,94.019334,7977
1154.254798,42.582750,41.934084,7978
1154.356776,83.281625,81.036083,7979
1154.376440,84.959875,84.571084,7980
1154.377269,81.545334,80.934000,7981
1154.476435,36.262042,35.546583,7982
1154.536431,36.021125,35.525584,7983
1154.693437,89.477208,88.771667,7984
1154.712780,105.941792,105.123375,7985
1154.718952,84.450917,83.788833,7986
1154.747493,92.652875,91.830958,7987
1154.841128,74.728500,74.086833,7992
1154.846965,189.275333,188.816833,7988
1154.863748,102.551750,102.102000,7991
1154.906550,235.815709,235.357209,7989
1154.986068,94.347750,93.721834,7996
1154.989659,49.483000,48.919208,7997
1155.028698,345.452042,343.084292,7990
1155.070691,62.426292,61.870667,7999
1155.104637,99.231708,98.826583,7998
1155.157703,384.165542,383.379792,7993
1155.187880,81.053000,74.974666,8001
1155.224169,44.888375,44.473333,8002
1155.242329,441.279709,440.742167,7994
1155.341618,534.815458,533.824667,7995
1155.360203,92.322417,91.866834,8003
1155.363149,89.633250,89.064500,8004
1155.394586,324.509792,324.030000,8000
1155.506458,228.982250,228.228583,8005
1155.509344,93.874375,93.341209,8006
1155.517940,89.627125,89.213542,8007
1155.587343,150.880625,147.730333,8008
1155.591543,68.218500,67.653833,8011
1155.641879,201.704126,200.400667,8009
1155.671794,64.957375,62.829959,8012
1155.693811,200.863250,200.315208,8010
1155.788531,65.198292,64.623125,8014
1155.795509,86.005208,81.698166,8013
1155.842665,69.163792,67.832917,8015
1155.849655,75.192250,73.798958,8016
1155.999583,59.403750,58.624708,8017
1156.012440,71.186209,70.435458,8018
1156.172689,90.116542,89.551000,8019
1156.189089,89.338084,88.483500,8020
1156.213871,107.016000,105.018083,8021
1156.224879,91.084000,90.476750,8022
1156.265500,129.426208,124.854917,8023
1156.324424,50.971667,50.291501,8025
1156.332069,187.503459,186.764376,8024
1156.433899,70.219041,69.524875,8026
1156.442932,56.728000,55.267041,8027
1156.475346,35.222834,34.806917,8028
1156.558247,36.160542,35.689792,8029
1156.652229,77.298958,76.880416,8031
1156.659136,96.509584,95.846917,8030
1156.703112,96.317375,95.776625,8032
1156.707187,96.300166,94.164875,8033
1156.829712,56.208542,55.662542,8035
1156.837618,73.525084,72.869417,8034
1157.008215,80.028084,75.924334,8036
1157.063529,123.721792,123.105792,8037
1157.065717,88.386084,87.531209,8039
1157.069933,129.822584,129.491250,8038
1157.143042,36.267875,35.764458,8040
1157.202527,35.077291,34.617625,8041
1157.286851,50.477292,47.439584,8042
1157.335818,65.818083,65.054791,8043
1157.361069,87.556292,86.827125,8044
1157.412807,70.052500,69.352500,8046
1157.416974,81.061167,80.347166,8045
1157.494521,54.362000,53.748625,8048
1157.494843,73.710584,73.432625,8047
1157.679167,80.285916,79.674291,8050
1157.694197,87.366125,86.345875,8051
1157.704405,108.864876,108.283875,8049
1157.739767,100.633459,99.664250,8052
1157.816460,71.472042,69.889167,8053
1157.863402,89.895750,89.047291,8054
1157.870839,95.216333,93.905000,8055
1157.886343,90.196458,89.620125,8056
1157.921181,61.590375,61.016959,8057
1157.976532,36.361792,35.690958,8058
1158.124476,48.815958,48.368542,8059
1158.148517,41.675958,40.700041,8060
1158.218839,65.888667,63.791583,8061
1158.265270,78.016750,74.990417,8063
1158.271179,91.905916,90.591375,8062
1158.332392,81.391042,80.772125,8064
1158.332702,59.204250,58.795625,8065
1158.405743,36.278375,35.610167,8066
1158.475136,34.945458,34.431542,8067
1158.643366,36.507333,35.437792,8068
1158.703437,35.993417,35.540459,8069
1158.834979,69.511167,68.781416,8070
1158.835188,61.664459,60.996542,8071
1158.930607,36.189417,35.697959,8072
1158.975452,35.257833,34.801083,8073
1159.099620,68.538459,68.033583,8074
1159.103399,57.304334,56.756292,8075
1159.144419,37.569583,36.869875,8076
1159.216825,34.969375,34.478792,8077
1159.338525,65.021250,64.506750,8078
1159.345411,63.357000,62.596625,8079
1159.462070,50.275750,49.765333,8080
1159.483531,43.356250,42.744042,8081
1159.523219,35.859250,35.322875,8082
1159.658409,51.557625,50.890583,8085
1159.705287,132.411708,130.378209,8083
1159.714526,49.554167,48.988042,8087
1159.721974,139.862042,139.009792,8084
1159.751365,119.516833,118.833167,8086
1159.809976,36.501792,35.997792,8088
1159.956680,65.253125,64.265833,8091
1159.982916,92.633333,92.108042,8090
1159.984561,104.392167,104.031375,8089
1160.020233,104.109833,103.294917,8092
1160.078953,138.775875,137.979333,8093
1160.092181,50.718500,49.804708,8094
1160.142203,35.362250,34.880125,8095
1160.221200,36.054666,35.502542,8096
1160.264909,38.545500,37.844916,8097
1160.309843,36.356833,35.850500,8098
1160.390748,35.198625,34.663125,8099
1160.530298,90.123250,89.372792,8101
1160.547226,117.955250,117.339542,8100
1160.547328,85.907500,85.229376,8102
1160.578393,40.299583,38.712333,8103
1160.643785,37.008708,36.472625,8104
1160.809725,36.209833,35.438959,8105
1160.987490,47.315041,46.778083,8106
1161.012350,40.174459,39.638667,8107
1161.142150,35.307708,34.675083,8108
1161.196924,35.433125,34.939917,8109
1161.264933,59.630083,59.164875,8111
1161.271441,72.014250,71.554583,8110
1161.311028,37.573375,37.051583,8112
1161.351740,35.990208,35.532875,8113
1161.485696,45.549584,45.052875,8114
1161.510933,36.994417,36.407583,8115
1161.578515,51.347917,50.898750,8116
1161.596866,42.183458,41.588458,8117
1161.676177,69.357458,66.390916,8118
1161.686828,71.088500,70.297792,8119
1161.811271,58.758000,58.374750,8120
1161.822901,49.394625,48.765500,8121
1161.976074,35.906500,35.375375,8122
1162.029574,44.789500,44.113708,8123
1162.057662,38.023708,37.364833,8124
1162.197807,73.149125,72.604292,8127
1162.204209,97.352500,96.926375,8125
1162.225273,109.868792,109.419916,8126
1162.252543,48.794958,48.031667,8128
1162.337843,64.331458,63.838834,8129
1162.351663,62.367666,61.830125,8130
1162.521067,49.353500,48.662542,8133
1162.542862,103.040875,102.280209,8131
1162.545192,105.017792,104.476750,8132
1162.642387,35.547458,35.074958,8134
1162.719860,37.705791,37.233000,8135
1162.809660,36.161708,35.656542,8136
1163.012461,57.991792,57.382791,8139
1163.018309,97.247792,96.744375,8137
1163.024513,84.320833,83.671875,8138
1163.142598,35.788084,35.291666,8140
1163.309908,36.406417,35.691250,8141
1163.475246,35.079333,34.591667,8142
1163.597112,35.353791,34.831708,8143
1163.642808,36.064583,35.571958,8144
1163.720981,34.844250,34.395084,8145
1163.840895,67.391333,66.711750,8146
1163.845931,59.159917,58.591750,8147
1163.975887,35.741125,35.251709,8148
1164.143373,36.539417,36.023750,8149
1164.209609,35.842917,35.238584,8150
1164.351397,81.191833,80.657208,8151
1164.360378,86.922792,80.794292,8152
1164.408953,57.494208,57.011208,8154
1164.436455,43.895250,42.849333,8155
1164.480935,40.820208,40.345375,8156
1164.483063,199.194917,198.254583,8153
1164.573757,45.540250,44.985500,8157
1164.600204,39.436833,38.625416,8158
1164.684294,77.522083,77.161000,8160
1164.703694,97.180709,95.444125,8159
1164.735750,123.390167,120.967001,8162
1164.751073,140.514792,138.580167,8161
1164.809509,36.066334,35.564667,8163
1165.040097,99.931125,95.448500,8164
1165.046960,92.066917,91.496416,8165
1165.061392,89.231042,88.651792,8166
1165.084586,77.071750,76.674208,8167
1165.142547,35.725083,35.058917,8168
1165.308812,35.311500,34.842208,8169
1165.476743,36.566833,35.830083,8170
1165.642404,35.561167,35.048709,8171
1165.693329,35.168875,34.700750,8172
1165.764130,36.145084,35.406875,8173
1165.810314,36.805417,36.073042,8174
1165.976427,36.250667,35.704959,8175
1166.058349,35.442458,34.870209,8176
1166.142366,35.526750,34.951000,8177
1166.309444,35.936833,35.400458,8178
1166.475379,35.189583,34.707166,8179
1166.514347,35.249959,34.794375,8180
1166.615301,42.366333,41.710375,8181
1166.644678,37.865042,37.158625,8182
1166.687149,36.071000,35.538417,8183
1166.838644,65.142875,64.489542,8184
1166.844833,49.204458,48.659625,8185
1166.976486,36.318041,35.815209,8186
1167.142857,36.023750,35.347083,8187
1167.244531,82.475458,81.724708,8189
1167.246423,84.614250,83.972292,8188
1167.289064,70.182875,68.942125,8190
1167.345606,72.149875,71.584041,8191
1167.351382,61.685750,61.155208,8192
1167.502694,62.522834,60.560501,8193
1167.512356,68.902459,68.436375,8194
1167.629380,50.838375,50.439375,8195
1167.650073,43.224708,42.358166,8196
1167.809480,35.976792,35.232750,8197
1167.976560,36.390667,35.882583,8198
1168.056221,79.401292,79.017459,8200
1168.058343,81.641292,81.180167,8199
1168.100157,46.978750,46.496625,8202
1168.168185,61.365208,61.004125,8203
1168.175551,140.786334,140.091000,8201
1168.194674,58.944959,58.404500,8204
1168.317940,61.567041,60.951042,8205
1168.330438,56.983500,56.433125,8206
1168.475958,35.812584,35.298667,8207
1168.641997,35.161000,34.669542,8208
1168.715867,36.011208,35.478917,8209
1168.784234,45.703000,45.189083,8210
1168.809688,36.167541,35.611917,8211
1168.902772,35.937708,35.420583,8212
1169.003709,93.864166,93.327208,8213
1169.006241,89.954958,89.495875,8214
1169.065452,72.822458,72.278500,8216
1169.085238,52.453917,52.054042,8217
1169.095747,155.585500,155.146833,8215
1169.175752,68.966916,68.629459,8218
1169.175923,57.345750,56.917875,8219
1169.331555,69.560459,69.164667,8220
1169.339594,66.089041,65.337125,8221
1169.476251,36.082959,35.534625,8222
1169.554898,36.729291,36.274000,8223
1169.643530,36.693708,36.143334,8224
1169.698219,35.968042,35.437208,8225
1169.840738,67.235292,65.548875,8226
1169.844376,54.692750,54.149666,8227
1169.962555,47.585709,47.189333,8228
1169.988447,48.256834,47.704417,8229
1170.051197,36.097541,35.559708,8230
1170.141943,35.119875,34.634250,8231
1170.285742,50.640917,50.188251,8233
1170.321862,95.838751,94.684042,8232
1170.389620,116.111042,115.563001,8235
1170.391090,127.535334,126.717500,8234
1170.476462,36.288875,35.751916,8236
1170.642505,35.656250,35.142041,8237
1170.686541,36.121458,35.626792,8238
1170.755191,35.665584,34.939917,8239
1170.809460,35.963083,35.447709,8240
1170.912337,35.502250,34.956542,8241
1171.031136,90.948667,90.395959,8243
1171.033256,85.219750,84.831250,8244
1171.036308,106.862584,106.414584,8242
1171.142730,35.899208,35.337458,8245
1171.347437,66.590708,64.540000,8247
1171.348202,74.655000,73.969584,8246
1171.475551,35.399875,34.933208,8248
1171.642836,36.001583,35.331916,8249
1171.711421,36.818542,36.076250,8250
1171.822448,48.967042,48.426291,8252
1171.888019,60.462791,60.043958,8253
1171.888607,118.692875,118.124125,8251
1171.948537,43.724042,43.002459,8254
1171.977199,37.074916,36.447250,8255
1172.141975,35.137667,34.649709,8256
1172.309766,36.241333,35.553000,8257
1172.490152,49.961042,49.262208,8258
1172.510851,41.999417,41.405583,8259
1172.624943,47.132167,46.625542,8260
1172.651619,44.783083,44.175250,8261
1172.706343,36.287417,35.569625,8262
1172.809688,36.183292,35.675791,8263
1172.873119,35.780208,35.132416,8264
1172.975851,35.681042,35.159250,8265
1173.063734,35.861583,35.134458,8266
1173.143137,36.291500,35.564666,8267
1173.313732,57.161416,56.448000,8268
1173.328539,55.085917,54.576666,8269
1173.479573,55.463917,54.793375,8270
1173.530671,90.511458,89.951166,8271
1173.542225,59.309542,58.443583,8272
1173.572711,67.135834,66.505541,8273
1173.642722,35.880834,35.246167,8274
1173.784853,44.093584,42.864792,8275
1173.813266,39.744250,39.078375,8276
1173.930753,35.251125,34.751500,8277
1173.976274,36.093458,35.406000,8278
1174.074208,35.839125,35.285833,8279
1174.142265,35.443917,35.005250,8280
1174.308528,35.025666,34.516417,8281
1174.487156,47.012584,46.597542,8283
1174.521260,81.994792,81.508000,8282
1174.574979,67.229459,65.633459,8284
1174.582477,54.640542,54.164541,8285
1174.643356,36.518708,35.800625,8286
1174.840450,65.391083,64.923542,8288
1174.844563,71.059916,70.674041,8287
1174.926813,35.695334,35.175584,8289
1174.995916,55.774250,53.829125,8291
1174.996741,69.467125,68.832167,8290
1175.142723,35.922250,35.215833,8292
1175.309542,36.036875,35.528500,8293
1175.488164,48.001333,47.580166,8296
1175.503851,95.729375,94.943042,8295
1175.508314,109.767583,109.063792,8294
1175.665737,58.894792,58.162417,8297
1175.712695,49.789250,49.211166,8299
1175.717849,89.377750,88.635167,8298
1175.830406,84.538416,83.884792,8300
1175.871135,97.639500,97.023500,8301
1175.885620,84.774667,84.163625,8302
1175.890549,86.851334,85.890875,8303
1175.966394,103.077042,102.462209,8304
1176.009200,98.569041,96.751084,8305
1176.009673,69.506792,69.043625,8306
1176.036383,59.416875,58.724167,8307
1176.143096,36.252417,35.647500,8308
1176.333388,59.940709,59.411917,8310
1176.344434,72.285500,71.675917,8309
1176.476482,36.336708,35.835625,8311
1176.642997,36.163459,35.459958,8312
1176.808717,35.214667,34.755584,8313
1176.984236,44.066750,43.572084,8314
1177.009881,36.426250,35.878208,8315
1177.145143,67.904083,67.300042,8316
1177.164273,51.731750,51.165041,8318
1177.188813,81.974958,81.430417,8317
1177.316458,42.954333,42.460833,8319
1177.344934,38.565625,38.012625,8320
1177.475229,35.063291,34.575625,8321
1177.653124,62.738958,62.188000,8322
1177.663187,56.350292,55.776875,8323
1177.810429,36.933167,36.392417,8324
1177.940481,35.728291,35.300125,8325
1177.977581,37.395167,36.954458,8326
1178.143195,36.357125,35.592958,8327
1178.309557,36.057292,35.457042,8328
1178.358966,35.727125,35.214375,8329
1178.410073,35.135917,34.557541,8330
1178.476352,36.189125,35.462875,8331
1178.642120,35.284959,34.724375,8332
1178.809706,36.229958,35.665875,8333
1179.001370,78.797250,78.290916,8334
1179.019688,56.889292,56.331916,8336
1179.028947,88.772250,88.139916,8335
1179.082032,38.236625,37.714250,8337
1179.141929,35.088959,34.607709,8338
1179.309428,35.923709,35.267458,8339
1179.384155,35.403667,34.836959,8340
1179.498245,58.072875,57.516958,8342
1179.506483,74.395709,73.902500,8341
1179.642706,35.875000,35.204750,8343
1179.726492,35.863334,35.363417,8344
1179.834456,60.974959,60.480000,8345
1179.853186,54.364041,53.701083,8346
1179.881810,41.519334,40.784042,8347
1179.936641,35.055417,34.598959,8348
1180.004361,63.416500,63.076417,8350
1180.013142,72.958375,72.468375,8349
1180.144659,37.822750,37.357250,8351
1180.261615,61.603500,61.091041,8353
1180.269361,70.686583,70.269792,8352
1180.308895,35.404250,34.938167,8354
1180.408140,36.809792,36.206333,8355
1180.476845,36.685542,35.977958,8356
1180.642579,35.755417,35.145833,8357
1180.837181,63.721584,62.238750,8360
1180.853733,91.057459,90.517292,8359
1180.861787,108.057834,107.240292,8358
1180.896843,102.663167,102.073708,8361
1180.975622,35.446834,34.929125,8362
1181.142722,35.877625,35.284375,8363
1181.369280,95.769625,86.896250,8364
1181.380275,94.500583,93.903833,8365
1181.387114,55.805167,55.308750,8366
1181.413076,80.934875,79.401875,8367
1181.475384,35.193667,34.732834,8368
1181.620288,44.999792,44.607500,8369
1181.668125,61.286750,60.682708,8370
1181.684096,46.997125,46.400958,8371
1181.827589,54.085791,53.268833,8372
1181.845512,51.146375,50.756125,8373
1181.976216,36.069542,35.512167,8374
1182.079432,62.267333,61.814666,8375
1182.106602,49.656542,49.244417,8377
1182.158586,107.660583,105.237417,8376
1182.164939,58.133250,57.484291,8378
1182.309157,35.653333,35.004958,8379
1182.495754,55.584083,54.847625,8380
1182.511092,42.541625,42.123084,8381
1182.642242,35.431666,35.016917,8382
1182.791145,47.733292,47.234542,8383
1182.859737,49.527042,48.958000,8386
1182.863181,89.704708,89.101250,8384
1182.888177,82.727167,82.177667,8385
1182.923187,70.899208,70.224292,8387
1183.005067,64.897292,64.293834,8388
1183.012300,50.770709,50.375209,8389
1183.142246,35.436625,34.882750,8390
1183.309217,35.754833,35.319667,8391
1183.370678,35.164500,34.701625,8392
1183.474523,68.366375,67.897958,8393
1183.528319,105.456167,104.858250,8394
1183.540184,100.016292,99.395625,8395
1183.550817,77.757458,77.051042,8396
1183.668492,61.701792,61.298417,8398
1183.672637,69.866417,69.407333,8397
1183.727102,34.932333,34.432708,8399
1183.808375,34.898500,34.435041,8400
1183.923544,36.371125,35.994875,8401
1184.005974,65.806417,64.331750,8402
1184.009714,52.449250,51.845500,8403
1184.142202,35.378875,34.870792,8404
1184.196334,37.591458,37.051292,8405
1184.234518,36.076250,35.347958,8406
1184.309566,36.078291,35.434291,8407
1184.464651,50.433541,49.945584,8408
1184.484705,44.586792,44.192458,8409
1184.648224,41.411125,40.999291,8410
1184.722959,35.081667,34.559291,8411
1184.827161,53.663167,53.093833,8412
1184.882471,96.713750,95.369167,8413
1184.903575,47.574917,46.682417,8415
1184.924666,102.170542,101.529458,8414
1184.976154,35.976209,35.371584,8416
1185.142521,35.707291,35.156625,8417
1185.244165,69.613833,68.850833,8418
1185.244349,64.589291,63.981167,8419
1185.308800,35.329584,34.882458,8420
1185.476224,36.069833,35.450916,8421
1185.642192,35.354083,34.760542,8422
1185.704624,35.289916,34.792333,8423
1185.809717,36.207208,35.449750,8424
1185.902733,55.334709,54.851709,8425
1185.919593,71.636541,71.008584,8426
1185.977138,36.974000,36.219166,8427
1186.119509,46.931208,42.934208,8428
1186.146666,39.873458,39.345542,8429
1186.309499,35.993709,35.189875,8430
1186.377386,35.170333,34.701625,8431
1186.504150,63.981166,63.442750,8432
1186.530981,61.883792,61.366084,8433
1186.563204,73.602375,73.140959,8434
1186.641910,35.075833,34.592542,8435
1186.809386,35.888125,35.125125,8436
1187.016659,93.809917,84.679583,8437
1187.022969,82.790167,82.070333,8438
1187.043919,81.754750,81.214875,8439
1187.069344,80.278917,79.464584,8440
1187.169714,56.712250,56.243542,8442
1187.180032,73.257042,72.748666,8441
1187.341340,70.607250,70.168875,8443
1187.341558,68.047584,66.969875,8444
1187.407175,35.697958,35.182584,8445
1187.500409,60.241708,59.698333,8447
1187.520285,98.960166,95.244333,8446
1187.552437,49.768541,49.361667,8449
1187.600489,63.522667,63.057458,8450
1187.633870,147.426125,146.616750,8448
1187.679841,72.989583,72.435125,8451
1187.694867,52.331125,51.493166,8452
1187.747537,60.639250,60.067875,8453
1187.782818,69.104292,67.598125,8454
1187.828599,79.954875,79.381167,8455
1187.829142,55.648541,55.238458,8456
1187.898853,35.991375,35.442750,8457
1187.994234,54.065375,53.541541,8458
1188.014441,51.963917,51.424333,8459
1188.064563,35.819583,35.125125,8460
1188.142793,35.958708,35.292542,8461
1188.310062,36.559250,35.840000,8462
1188.462534,52.962583,52.285625,8463
1188.483162,43.040084,42.617751,8464
1188.536169,36.147417,35.590917,8465
1188.578282,36.428583,35.842042,8466
1188.643884,37.083959,36.372000,8467
1188.835698,62.193541,61.729500,8468
1188.846179,53.993917,53.193291,8469
1188.966834,52.207750,51.729125,8470
1188.985758,45.588375,44.813708,8471
1189.141744,34.907833,34.374084,8472
1189.308995,35.511292,35.086917,8473
1189.475604,35.433125,34.929708,8474
1189.651651,61.861041,61.396708,8475
1189.659966,53.158291,52.381291,8476
1189.799565,52.031292,49.988458,8477
1189.818385,44.867666,43.909541,8478
1189.954094,45.546375,43.951542,8479
1189.978680,38.529459,37.654459,8480
1190.048725,37.026500,36.362666,8481
1190.142399,35.580708,34.942542,8482
1190.335606,62.114792,61.735917,8483
1190.346345,54.292000,53.463084,8484
1190.383743,36.436750,35.832125,8485
1190.475951,35.749875,35.214959,8486
1190.581395,88.724125,87.899292,8487
1190.585715,50.472334,49.911750,8489
1190.599971,83.405875,82.617792,8488
1190.643242,36.424791,35.874416,8490
1190.730520,36.671250,35.873250,8491
1190.833358,72.524083,72.048375,8492
1190.838362,64.858500,64.325917,8493
1190.976887,36.673000,35.946167,8494
1191.105617,36.322416,35.759791,8495
1191.142846,36.002167,35.522958,8496
1191.309857,36.343417,35.662375,8497
1191.484743,72.163292,67.279333,8498
1191.532264,92.087042,91.540167,8499
1191.542963,88.879000,87.997584,8500
1191.550498,86.663500,86.033209,8501
1191.634804,115.608792,115.056666,8502
1191.635723,81.853916,81.464541,8503
1191.657818,50.976625,50.173084,8504
1191.733054,35.975042,35.440709,8505
1191.812892,60.295375,59.946833,8506
1191.823144,49.610750,48.940500,8507
1191.939633,35.129500,34.656416,8508
1191.997969,57.810375,57.106584,8509
1192.009741,50.192917,49.674917,8510
1192.087988,35.272125,34.807792,8511
1192.142173,35.349125,34.825000,8512
1192.308925,35.423208,34.950417,8513
1192.476162,36.012375,35.526459,8514
1192.642136,35.302458,34.736917,8515
1192.837247,63.747542,61.546334,8516
1192.846622,53.486417,52.588667,8517
1193.010724,70.562917,69.935250,8518
1193.011964,64.293833,63.632042,8519
1193.142593,35.756584,35.209708,8520
1193.234824,35.349125,34.878083,8521
1193.336621,72.123333,70.527333,8522
1193.336949,63.440125,62.896458,8523
1193.491761,51.590292,51.084250,8524
1193.511991,43.736000,43.175709,8525
1193.643117,36.286542,35.676083,8526
1193.809518,36.017625,35.217000,8527
1193.910566,35.963083,35.458791,8528
1193.976374,36.207209,35.493500,8529
1194.076469,60.635750,59.959667,8530
1194.090991,58.558501,57.792292,8531
1194.167845,60.995667,60.340875,8532
1194.177234,51.340333,50.601542,8533
1194.309048,35.569042,35.093041,8534
1194.366648,35.137375,34.676833,8535
1194.429738,52.974833,52.474333,8536
1194.458103,56.391125,55.729042,8537
1194.485699,45.532958,44.758875,8538
1194.643404,36.568583,35.835916,8539
1194.788985,49.611917,49.051917,8540
1194.814385,40.862500,40.052834,8541
1194.975988,35.819000,35.317625,8542
1195.137542,49.377125,48.627250,8543
1195.207212,100.377375,99.762250,8544
1195.216772,71.342541,70.727708,8546
1195.237310,125.337041,124.299292,8545
1195.308873,35.349709,34.895000,8547
1195.476506,36.306084,35.537250,8548
1195.643326,36.481958,35.837667,8549
1195.793431,71.693125,71.142166,8550
1195.818777,79.327500,78.704500,8551
1195.841745,68.289375,67.727334,8552
1195.976439,36.261459,35.433416,8553
1196.142964,36.136625,35.501084,8554
1196.213911,36.105708,35.540458,8555
1196.309569,36.078875,35.422625,8556
1196.393154,37.333625,36.640333,8557
1196.479229,66.912125,66.445167,8558
1196.511608,71.467083,70.920500,8559
1196.519506,73.800125,73.206292,8560
1196.668320,61.485667,60.974375,8561
1196.687140,66.201625,65.428708,8562
1196.819174,60.251333,59.707667,8563
1196.832706,59.201916,58.677209,8564
1197.001876,61.710250,61.237458,8565
1197.010899,56.829500,56.252292,8566
1197.142169,35.338333,34.725833,8567
1197.272664,34.853291,34.368833,8568
1197.308846,35.375084,34.909583,8569
1197.358351,37.986375,37.598167,8570
1197.409883,34.824125,34.372041,8571
1197.494471,54.333708,53.220125,8572
1197.532374,68.879708,65.744875,8573
1197.571167,58.786584,58.178167,8574
1197.588196,51.535458,50.880375,8575
1197.663140,56.335708,53.320750,8576
1197.679275,46.957750,46.222750,8577
1197.760358,35.230125,34.829375,8578
1197.818742,45.273667,44.541875,8580
1197.851882,79.973542,79.260417,8579
1197.998821,55.140750,54.460291,8582
1198.012744,72.588833,72.088333,8581
1198.159216,52.381875,51.750708,8583
1198.196661,49.566417,48.972583,8585
1198.213145,72.670792,71.853542,8584
1198.309331,35.835916,35.289917,8586
1198.476323,36.153250,35.593833,8587
1198.522261,41.958000,41.519333,8588
1198.562724,50.049708,46.081292,8589
1198.587791,41.287750,40.528250,8590
1198.643264,36.444333,35.803250,8591
1198.809119,35.592666,35.031500,8592
1198.976335,36.164625,35.506625,8593
1199.157418,47.420042,46.413791,8595
1199.179864,73.051708,72.656500,8594
1199.225643,41.138125,40.673209,8596
1199.256336,65.804959,65.156291,8597
1199.309145,35.651000,35.187542,8598
1199.495356,69.958292,69.444375,8599
1199.498918,58.757417,58.363667,8600
1199.641792,34.934958,34.456042,8601
1199.809117,35.613666,35.193083,8602
1199.895625,77.281166,76.766083,8603
1199.906543,49.434292,48.862042,8605
1199.982579,74.507708,73.654583,8607
1199.989096,105.430209,104.749166,8606
1200.005203,156.721833,155.760500,8604
1200.080848,142.982583,140.557958,8608
1200.084946,70.161291,69.584666,8610
1200.130431,190.255917,189.725667,8609
1200.150571,43.734250,43.027541,8611
1200.351453,74.029959,73.179167,8614
1200.351857,93.809042,93.261876,8612
1200.392623,119.109667,116.876375,8613
1200.413616,78.666875,70.794500,8615
1200.458214,52.535583,47.284708,8616
1200.525098,81.901167,80.933125,8618
1200.546059,92.780916,90.951583,8619
1200.599558,73.367584,72.364542,8621
1200.625926,185.760166,185.220291,8617
1200.643488,78.331458,76.048875,8622
1200.667598,60.746000,57.989458,8623
1200.692888,235.997416,235.064375,8620
1200.728598,110.056333,109.196208,8624
1200.827894,190.071584,187.878250,8625
1200.842105,113.143625,110.783167,8626
1200.845415,71.872209,70.853708,8627
1200.876248,71.012083,70.399583,8628
1200.918653,36.732209,36.008584,8629
1201.029569,94.850000,94.033042,8630
1201.051371,111.188875,108.875376,8631
1201.064399,98.825709,97.904042,8632
1201.082212,93.721542,92.864042,8633
1201.138776,119.832125,118.904334,8634
1201.176821,69.967334,69.272291,8635
1201.193366,48.634833,48.019125,8636
1201.324693,82.005584,81.454917,8638
1201.336153,96.112333,95.408250,8637
1201.346689,73.207458,72.434833,8639
1201.475391,78.521917,77.975333,8640
1201.520141,79.969750,79.404792,8642
1201.525567,108.715250,107.904417,8641
1201.540501,96.000916,95.343500,8643
1201.575910,110.451250,109.917792,8644
1201.622970,149.445625,148.817667,8645
1201.667721,60.869667,57.958250,8647
1201.681554,197.163458,196.171208,8646
1201.809185,35.681625,34.891792,8648
1201.994760,65.695875,65.143750,8649
1201.999970,59.795458,59.091375,8650
1202.196387,76.645917,74.114834,8652
1202.199207,92.351291,91.662958,8651
1202.213309,62.229125,61.386208,8653
1202.354956,81.457833,80.474333,8654
1202.378893,98.345333,97.776584,8655
1202.396718,70.546291,69.906375,8656
1202.420203,63.300416,62.638917,8657
1202.480802,103.926959,103.219667,8658
1202.489739,49.620083,49.219917,8659
1202.610446,83.256542,82.777917,8660
1202.621956,76.276666,75.735625,8662
1202.700200,137.545334,137.002834,8663
1202.723794,181.499209,180.800959,8661
1202.725286,83.680916,82.730375,8667
1202.750471,178.355334,177.495208,8664
1202.803449,217.374208,216.892375,8665
1202.844180,70.724208,70.130666,8670
1202.900576,293.758500,288.764875,8666
1202.916150,69.267042,67.897959,8671
1202.982621,284.636625,283.790792,8668
1203.011562,92.820875,91.304209,8672
1203.051937,111.792625,110.955250,8673
1203.052308,343.312959,342.497166,8669
1203.085696,106.659291,106.245125,8674
1203.147637,151.440334,150.884709,8675
1203.154833,47.978292,47.385625,8676
1203.203912,35.021875,34.505042,8677
1203.271656,35.807041,35.315292,8678
1203.309366,35.874125,35.364875,8679
1203.488147,47.979166,47.475458,8680
1203.537195,67.869958,67.332417,8681
1203.543551,54.863084,54.495000,8682
1203.596210,35.953458,35.416208,8683
1203.643137,36.299375,35.574583,8684
1203.762852,36.669792,36.203708,8685
1203.838275,57.649667,57.254458,8687
1203.844378,70.847001,70.217583,8686
1203.947876,42.512458,42.000000,8688
1203.988847,48.669542,45.912416,8689
1204.032910,60.264750,59.809167,8690
1204.061219,61.017250,60.633708,8691
1204.083294,40.935125,40.383875,8692
1204.142105,35.263375,34.759083,8693
1204.260254,35.453833,34.957125,8694
1204.354810,78.797542,78.289167,8696
1204.371390,97.911625,97.414916,8695
1204.387093,83.270833,82.438417,8697
1204.481177,41.005125,40.516584,8698
1204.535142,62.183041,61.565291,8699
1204.551809,57.435292,56.729167,8700
1204.630473,56.069709,55.622292,8701
1204.676998,71.204000,70.382084,8702
1204.682954,76.132875,75.679917,8703
1204.770268,35.311500,34.811292,8704
1204.840065,48.496583,47.935708,8706
1204.845699,72.212000,71.574125,8705
1204.935602,68.721625,68.171250,8707
1204.982901,111.159708,110.494708,8708
1205.016313,89.753708,88.947833,8709
1205.028532,88.390459,87.728375,8710
1205.080091,89.640833,88.920125,8711
1205.093050,93.709000,88.961833,8712
1205.170113,165.983708,164.441375,8713
1205.188373,76.690250,76.058792,8715
1205.220352,113.538834,112.809083,8714
1205.270191,73.457417,71.442584,8716
1205.270997,70.168000,69.307875,8717
1205.330090,56.620083,56.131250,8718
1205.344967,50.489833,49.590625,8719
1205.426997,37.817208,37.030000,8720
1205.523745,80.043833,79.309709,8723
1205.533039,103.973333,100.888958,8721
1205.547488,107.366584,106.803083,8722
1205.573836,103.227833,102.608625,8724
1205.615808,93.971209,93.125375,8725
1205.666060,59.231958,58.101167,8726
1205.683748,46.692625,46.016250,8727
1205.790702,75.588042,74.613875,8728
1205.835648,94.793709,91.570791,8729
1205.846773,92.854416,90.010375,8730
1205.856878,83.423666,83.012708,8731
1206.012708,72.529333,71.836042,8732
1206.043817,66.139209,65.434542,8734
1206.047825,84.614542,83.770167,8733
1206.142374,35.527916,34.957125,8735
1206.216913,36.463000,35.913791,8736
1206.265757,35.774667,35.019834,8737
1206.308703,35.188708,34.714167,8738
1206.386490,36.386583,35.885792,8739
1206.493190,82.624500,81.897958,8741
1206.502864,103.713166,103.065375,8740
1206.512609,72.430167,71.892334,8742
1206.661961,76.748000,76.290376,8743
1206.683616,76.828209,76.219500,8744
1206.708618,85.250958,84.355542,8745
1206.754060,69.577667,67.718292,8746
1206.763079,60.991875,60.379666,8747
1206.863977,97.140458,96.654833,8748
1206.871501,99.475542,98.614250,8749
1206.901619,128.109334,127.437333,8750
1206.905509,101.909791,101.268417,8751
1206.994828,184.488500,183.994708,8752
1207.004594,86.782209,85.918875,8753
1207.017158,76.972875,76.374958,8754
1207.071320,119.011959,118.416958,8755
1207.099648,59.532375,58.697917,8756
1207.180537,96.719875,95.766708,8757
1207.212169,103.704708,101.585166,8759
1207.213484,106.643833,105.569333,8758
1207.244587,98.444500,97.589042,8760
1207.323147,89.797167,86.720083,8762
1207.332276,142.528459,140.852833,8761
1207.341588,68.096875,67.538917,8763
1207.398908,35.085750,34.613833,8764
1207.453721,47.981792,45.707667,8765
1207.477845,37.665542,37.123625,8766
1207.617786,82.367250,81.363625,8769
1207.631284,114.321958,113.818542,8767
1207.632292,105.703500,105.366917,8768
1207.682906,64.136333,63.660334,8774
1207.699257,149.044875,148.363542,8770
1207.735510,171.521292,170.577166,8771
1207.771558,202.445542,201.893125,8772
1207.850059,76.569500,76.188291,8777
1207.904731,49.702041,49.128625,8779
1207.915531,308.672000,307.942542,8773
1207.924546,131.928416,129.469959,8778
1207.976368,61.785792,60.634583,8780
1208.001217,61.043791,60.488750,8781
1208.044394,413.081083,412.299125,8776
1208.100873,83.765209,83.239334,8782
1208.139116,98.936250,98.128041,8783
1208.165082,58.240875,57.479917,8785
1208.214272,589.924417,548.572500,8775
1208.254087,75.845875,75.220250,8787
1208.263359,166.504333,165.914583,8784
1208.324059,164.164583,163.340917,8786
1208.348790,153.961209,150.011459,8788
1208.355765,82.253500,81.571584,8791
1208.384243,175.537833,175.079333,8789
1208.440537,228.197375,227.294375,8790
1208.504609,88.618542,87.780292,8793
1208.529863,89.695958,89.215292,8794
1208.530853,247.744292,247.030000,8792
1208.622391,148.448417,141.918000,8795
1208.641750,98.492917,97.610916,8796
1208.682800,82.424416,79.524666,8797
1208.709509,102.674833,102.100250,8798
1208.745850,79.324292,78.651417,8799
1208.751749,63.156626,62.613250,8800
1208.808836,35.343291,34.892666,8801
1209.018569,96.333416,95.666084,8803
1209.026481,106.175708,105.539875,8802
1209.049219,109.046000,106.941042,8804
1209.102796,125.126750,124.479833,8805
1209.131508,81.340875,79.355208,8807
1209.201681,94.862542,94.192292,8808
1209.212147,67.099959,66.677042,8809
1209.217680,202.615583,202.085042,8806
1209.303823,54.715500,53.978166,8810
1209.344496,70.975333,70.269500,8811
1209.361553,48.625792,47.837125,8812
1209.461951,49.569917,48.873709,8813
1209.504975,64.807166,64.045625,8814
1209.541947,69.393917,68.613708,8815
1209.561074,46.005458,45.538208,8816
1209.642567,35.761542,35.176750,8817
1209.704254,43.653750,43.008875,8818
1209.733864,40.380083,39.617083,8819
1209.808436,34.935542,34.489000,8820
1209.879654,70.221375,69.761708,8821
1209.935411,98.276500,95.298584,8822
1209.954166,108.805375,105.756875,8823
1209.960263,93.277042,92.025791,8824
1210.031740,91.595583,91.051625,8828
1210.059624,82.938041,82.038250,8829
1210.059670,155.607667,155.208375,8825
1210.129083,49.677251,49.253750,8832
1210.159875,94.664209,93.783084,8831
1210.169171,244.995626,244.356292,8826
1210.243275,53.925083,53.517042,8836
1210.253096,328.027584,327.070042,8827
1210.352676,371.904167,364.839708,8830
1210.358622,91.693000,89.396708,8838
1210.379894,114.315834,110.021917,8837
1210.458345,78.422458,77.398708,8843
1210.470194,365.840417,362.746709,8833
1210.503294,144.640708,102.893291,8842
1210.564489,457.673709,451.815584,8834
1210.573694,115.322958,114.016875,8844
1210.612239,142.025625,99.896708,8845
1210.653510,532.354667,527.749250,8835
1210.728300,154.576917,113.560125,8848
1210.735240,122.979792,82.039125,8849
1210.755261,481.790458,440.666334,8839
1210.825683,532.891625,531.602750,8840
1210.851294,122.961417,81.057375,8851
1210.857271,122.014667,80.519250,8852
1210.945295,119.576334,78.726667,8854
1210.968286,116.962125,75.713167,8855
1210.973250,620.530167,578.294209,8841
1211.057281,553.954917,513.087167,8846
1211.073360,128.026209,86.843167,8857
1211.087185,118.867583,77.273583,8858
1211.123296,558.775583,517.808667,8847
1211.165229,511.697376,469.056001,8850
1211.167423,60.608333,60.035500,8859
1211.242169,486.888500,444.548417,8853
1211.242373,71.689042,70.998958,8860
1211.298247,440.952459,399.504584,8856
1211.312434,38.958500,38.113833,8861
1211.507427,67.261541,66.805667,8862
1211.518787,75.526500,74.981083,8863
1211.642476,35.639917,35.101500,8864
1211.780435,48.723792,48.143667,8865
1211.852460,95.974959,90.558416,8866
1211.867645,94.132792,93.304750,8867
1211.876410,60.870542,60.346416,8868
1211.968197,140.620375,140.031209,8869
1212.003784,87.495333,86.823917,8871
1212.007157,121.648333,120.973125,8870
1212.024535,86.877583,86.406250,8872
1212.094845,154.671709,154.133583,8873
1212.103785,78.126125,77.593250,8877
1212.165966,59.124042,58.562292,8878
1212.168343,196.270375,195.806333,8874
1212.251213,56.534917,55.984834,8880
1212.264308,287.905042,287.293417,8875
1212.328619,159.912375,159.095709,8879
1212.339491,65.979958,65.412667,8881
1212.344657,366.580084,366.020084,8876
1212.379706,90.381375,89.845000,8882
1212.414975,108.054625,107.483834,8883
1212.534393,93.055666,92.590166,8885
1212.544621,83.176042,80.690750,8886
1212.555093,114.936792,107.834708,8884
1212.582711,105.593833,104.833167,8887
1212.655257,164.482500,163.903833,8888
1212.686582,66.540834,66.001250,8890
1212.687380,80.548709,79.992500,8889
1212.774920,67.769333,67.289542,8891
1212.796828,73.345125,72.216375,8892
1212.845583,72.079292,71.514625,8894
1212.848137,83.947792,83.074834,8893
1212.916618,36.043875,35.380625,8895
1212.997779,81.084501,80.496208,8896
1213.019587,76.508542,75.976834,8898
1213.057323,117.639375,116.223042,8897
1213.098304,151.096458,150.367584,8899
1213.125501,87.256167,86.683042,8901
1213.152818,162.474375,162.040084,8900
1213.228489,156.778125,155.986250,8902
1213.242261,83.821791,83.177500,8905
1213.249251,167.427750,162.471458,8903
1213.288506,181.651458,180.828667,8904
1213.348294,74.776917,72.617125,8907
1213.351908,176.291500,175.724791,8906
1213.429463,35.978833,35.473083,8908
1213.476741,36.591917,36.094917,8909
1213.566427,69.990083,69.208416,8910
1213.568242,64.402625,63.848750,8911
1213.642897,36.064000,35.346209,8912
1213.822492,67.425167,66.853500,8913
1213.873859,100.337417,99.802792,8914
1213.881647,78.383667,76.797000,8915
1213.966572,119.131250,116.727917,8916
1213.974923,60.398041,59.791959,8918
1213.977615,96.481000,95.291292,8917
1214.061280,130.325708,129.467042,8919
1214.081528,102.251917,101.753459,8922
1214.082694,67.533666,66.762209,8923
1214.162190,222.000917,217.580417,8920
1214.204192,109.099667,66.794000,8928
1214.237642,292.522708,291.913125,8921
1214.287274,248.433792,247.738459,8924
1214.288141,125.922125,83.151250,8930
1214.331284,236.982083,195.133459,8927
1214.362776,304.058709,303.482958,8925
1214.398198,110.886125,67.938792,8933
1214.451495,382.064958,379.902834,8926
1214.477196,114.377375,72.823917,8936
1214.565293,461.169917,419.420750,8929
1214.580272,128.755375,86.921041,8938
1214.586352,255.035959,213.871292,8935
1214.618200,413.976792,372.721125,8931
1214.724206,486.532083,440.123250,8932
1214.726214,145.919958,105.153708,8941
1214.728265,162.935791,121.718625,8940
1214.758300,470.129042,428.697501,8934
1214.861204,136.964333,95.450833,8944
1214.868199,141.964667,100.394000,8945
1214.868220,469.989042,424.690583,8937
1214.899310,422.076375,380.596708,8939
1214.975349,114.111084,73.042667,8948
1215.006346,419.958584,378.833875,8942
1215.035779,95.607750,95.043084,8950
1215.080196,461.964126,421.103083,8943
1215.111135,242.916042,202.480542,8949
1215.132287,403.986333,360.657792,8946
1215.159207,52.367875,51.730875,8951
1215.194182,435.853250,395.064542,8947
1215.303237,76.639208,76.108375,8952
1215.310357,68.822250,68.265458,8953
1215.350994,77.513625,73.063958,8955
1215.397895,123.587042,122.125500,8956
1215.409273,144.592875,143.910959,8954
1215.509062,68.916750,68.319125,8957
1215.529665,61.023667,59.980375,8958
1215.567087,74.839917,72.943208,8959
1215.617805,71.033958,70.408625,8960
1215.649527,70.681334,70.084292,8961
1215.661105,54.282959,53.606292,8962
1215.769920,35.732667,35.192792,8963
1215.808980,35.481834,35.021000,8964
1215.861687,35.742000,35.205042,8965
1215.976798,36.563042,35.835333,8966
1216.142415,35.569625,34.995625,8967
1216.216937,36.378125,35.837667,8968
1216.368576,95.060875,94.327625,8970
1216.378767,108.444875,105.151667,8969
1216.383830,83.423667,82.967791,8971
1216.476416,83.156208,78.926459,8972
1216.487843,73.419792,72.079876,8973
1216.531225,91.048417,90.274333,8974
1216.539156,88.356042,87.122000,8975
1216.574796,96.358500,95.861500,8976
1216.682415,74.042792,73.324709,8978
1216.691167,84.325208,83.686458,8977
1216.712870,47.813792,47.247959,8979
1216.787609,65.875541,64.034542,8981
1216.809230,88.767291,88.236166,8980
1216.826734,53.232375,52.463833,8982
1217.017685,79.618000,79.087750,8984
1217.024169,89.148209,88.601625,8983
1217.078758,138.596792,137.746000,8985
1217.107916,67.464833,66.863416,8987
1217.126313,165.443834,163.787459,8986
1217.191568,50.908375,49.949375,8990
1217.205541,98.681625,98.082542,8989
1217.243898,171.050542,170.206751,8988
1217.280564,75.568792,74.935584,8992
1217.343310,75.756334,74.834958,8993
1217.343785,190.701292,190.218000,8991
1217.390711,67.280500,64.418375,8995
1217.399759,126.260750,125.677125,8994
1217.475076,34.892958,34.371750,8996
1217.643378,36.544958,36.059334,8997
1217.732854,51.199750,50.630417,8998
1217.785114,74.998000,74.285750,8999
1217.817203,80.092542,79.373584,9000
1217.830384,71.997625,71.427125,9001
1217.900534,66.575833,63.252000,9003
1217.903653,130.068750,129.376334,9002
1217.975572,90.930000,88.157708,9004
1217.987418,101.181500,100.499292,9005
1218.003911,63.732083,62.880125,9006
1218.063310,56.408041,55.546167,9007
1218.080097,50.829042,49.937417,9008
1218.148898,62.901416,62.378750,9009
1218.156513,49.684834,49.226334,9010
1218.206742,35.951417,35.240041,9011
1218.309556,36.045625,35.378875,9012
1218.494650,65.108750,64.623416,9013
1218.499564,59.421833,58.645709,9014
1218.642151,35.318791,34.836083,9015
1218.809923,36.422750,35.917875,9016
1218.976389,36.218292,35.717209,9017
1219.024602,43.467083,43.059625,9018
1219.075041,60.227125,59.322959,9019
1219.086242,46.854791,46.291875,9020
1219.141996,35.156916,34.663125,9021
1219.308889,35.387334,34.927375,9022
1219.419389,49.314708,48.885666,9025
1219.463656,103.015209,102.601334,9024
1219.488602,130.380250,129.673542,9023
1219.500422,60.263292,59.637667,9026
1219.536554,36.019667,35.351750,9027
1219.610409,72.641625,68.036209,9028
1219.659160,89.831875,89.294333,9029
1219.683739,93.751583,92.237542,9030
1219.711989,105.151666,104.629875,9031
1219.723327,54.871250,54.262250,9032
1219.808869,35.359625,34.939042,9033
1219.990902,63.606083,62.189750,9034
1219.997926,57.752042,56.989625,9035
1220.164246,81.895625,81.428375,9036
1220.175437,72.331875,71.809791,9037
1220.188159,81.288375,80.467917,9038
1220.349975,76.475292,75.953500,9039
1220.404932,118.109250,117.373083,9040
1220.413281,107.192458,105.236833,9041
1220.421863,81.262417,80.690459,9042
1220.497124,106.671542,106.103083,9043
1220.542405,119.988458,118.868166,9044
1220.547148,106.950375,106.266708,9045
1220.566041,72.291041,71.420125,9046
1220.642988,36.168417,35.572542,9047
1220.722911,61.418875,60.656166,9049
1220.727934,74.874042,74.351083,9048
1220.809912,36.406417,35.673167,9050
1220.908353,36.275458,35.679000,9051
1220.986955,46.787125,44.278500,9052
1221.028808,56.480667,53.476209,9053
1221.049147,42.014292,41.453417,9054
1221.096195,38.228750,37.791250,9055
1221.142489,35.656833,35.163625,9056
1221.323946,50.417500,49.848167,9058
1221.343485,75.176792,74.644209,9057
1221.453628,57.145375,56.472500,9059
1221.490949,50.797542,50.235500,9061
1221.506439,81.256000,80.445167,9060
1221.665713,58.883417,58.395167,9062
1221.680416,53.148667,52.584291,9063
1221.830068,81.686500,79.773458,9064
1221.837898,49.061541,48.649416,9066
1221.870488,97.006000,96.092500,9065
1221.890635,96.502875,95.584417,9067
1221.950993,43.739208,42.947917,9068
1222.005277,65.094750,63.006708,9069
1222.011163,50.245125,49.636708,9070
1222.088904,36.250083,35.754833,9071
1222.166058,59.231375,55.757625,9073
1222.166974,71.032792,70.255792,9072
1222.244509,36.104833,35.452666,9074
1222.303874,54.145584,53.401541,9075
1222.331509,57.993834,57.124667,9076
1222.375969,56.320833,55.404708,9077
1222.419351,75.469916,72.907041,9078
1222.433176,49.064750,48.460708,9079
1222.476932,36.771000,36.434416,9080
1222.672550,65.894500,65.192750,9081
1222.678642,71.815041,71.318917,9082
1222.727627,35.849042,35.355250,9083
1222.808533,35.063292,34.600709,9084
1222.896760,34.839584,34.328000,9085
1223.009613,69.443792,68.984416,9086
1223.013721,61.809708,61.241250,9087
1223.086382,36.258834,35.686583,9088
1223.174166,67.311708,66.791083,9089
1223.180381,64.829041,64.292083,9090
1223.309759,36.254750,35.739667,9091
1223.476229,36.036000,35.376542,9092
1223.658530,64.532125,64.095209,9093
1223.673089,66.252666,65.513583,9094
1223.730269,35.218750,34.770458,9095
1223.836093,49.168291,48.565125,9098
1223.852395,94.511083,94.087875,9096
1223.870197,96.693625,95.800250,9097
1223.981104,40.932500,40.240958,9099
1224.142248,35.416209,34.912500,9100
1224.197052,37.997458,37.296000,9101
1224.309068,35.504292,35.084583,9102
1224.522374,82.205958,81.737834,9103
1224.524802,70.478334,69.691125,9104
1224.544699,49.617458,49.066791,9105
1224.602912,34.814208,34.359208,9106
1224.644108,37.303875,36.559542,9107
1224.809148,35.646334,35.123376,9108
1224.877325,59.859625,59.314500,9110
1224.901702,89.102417,88.412625,9109
1224.925913,46.188333,45.724292,9111
1224.975989,35.830083,35.164500,9112
1225.168445,61.602916,60.727917,9114
1225.170382,75.495583,75.082584,9113
1225.325685,80.630958,79.797667,9115
1225.328301,54.789875,54.247958,9116
1225.475599,35.421750,34.904333,9117
1225.541379,36.263792,35.637292,9118
1225.641503,62.250125,61.500542,9119
1225.655508,48.687625,47.816125,9120
1225.720793,35.233042,34.745958,9121
1225.808917,35.410083,34.878958,9122
1225.877200,35.511875,35.000292,9123
1226.002147,61.974500,61.303083,9124
1226.013131,51.792125,50.966417,9125
1226.166264,64.852667,64.261167,9126
1226.172332,65.509208,64.792000,9127
1226.337395,63.887250,63.310917,9128
1226.354351,74.156542,73.542291,9129
1226.389336,66.202500,65.466625,9130
1226.475844,35.683083,35.229250,9131
1226.600670,35.368667,34.861167,9132
1226.642659,35.827459,35.150208,9133
1226.809956,36.453666,35.744625,9134
1226.856152,35.504291,34.988625,9135
1226.991800,51.629959,50.717042,9136
1227.038376,63.268041,61.313584,9137
1227.060221,80.845625,80.049375,9138
1227.157156,50.318042,49.596458,9139
1227.179965,40.641417,40.068875,9140
1227.333473,59.971917,59.206000,9141
1227.357157,68.681375,67.792667,9142
1227.409999,90.856500,89.979458,9143
1227.429829,47.615166,47.157250,9144
1227.476177,36.039791,35.292834,9145
1227.512975,35.252875,34.794667,9146
1227.557119,39.001666,38.143875,9147
1227.642580,35.802084,35.243250,9148
1227.809184,35.683083,34.931750,9149
1227.870137,35.429625,34.768708,9150
1227.917379,36.375792,35.586541,9151
1227.976247,36.133417,35.529375,9152
1228.031342,36.224708,35.528792,9153
1228.153318,62.197625,61.737084,9154
1228.159348,52.508458,51.879041,9155
1228.308595,35.092751,34.624334,9156
1228.474987,34.820042,34.329459,9157
1228.641853,35.020125,34.540916,9158
1228.808667,35.165083,34.699000,9159
1228.928857,35.282625,34.810125,9160
1228.975943,35.804708,35.148166,9161
1229.143067,36.232875,35.525292,9162
1229.308445,34.918334,34.453416,9163
1229.475378,35.201542,34.665458,9164
1229.517173,35.046083,34.575042,9165
1229.553593,35.130083,34.668958,9166
1229.642400,35.560875,35.079333,9167
1229.808774,35.254334,34.778042,9168
1229.882603,36.776834,36.073625,9169
1229.976405,36.203709,35.486500,9170
1230.104601,35.347666,34.888000,9171
1230.142113,35.274458,34.758500,9172
1230.308563,35.060375,34.596917,9173
1230.475757,35.578084,35.065041,9174
1230.592795,36.043292,35.498750,9175
1230.642391,35.603750,35.132125,9176
1230.719679,36.507042,35.799750,9177
1230.809710,36.203708,35.448000,9178
1230.964591,49.380917,48.726417,9180
1230.970240,78.411375,77.802666,9179
1231.044373,96.449209,95.788875,9182
1231.067593,127.402625,126.771167,9181
1231.082763,60.313458,59.854375,9183
1231.142085,56.340959,55.485501,9184
1231.158236,51.401292,50.457458,9185
1231.308718,35.206792,34.678292,9186
1231.434417,35.374792,34.918625,9187
1231.475144,34.958000,34.480250,9188
1231.546897,65.118667,64.670375,9189
1231.554568,58.442708,57.849750,9190
1231.642217,35.399291,34.992125,9191
1231.724534,35.060666,34.616458,9192
1231.808502,35.001167,34.537709,9193
1231.940368,35.864792,35.370709,9194
1231.975189,34.993875,34.488125,9195
1232.100197,35.034416,34.559584,9196
1232.197833,48.860291,48.443792,9199
1232.204131,97.305541,95.797625,9197
1232.243723,68.025708,67.469791,9200
1232.253434,139.114792,138.338959,9198
1232.317534,62.101083,61.483334,9201
1232.327191,53.691167,53.286333,9202
1232.379792,36.828458,36.137209,9203
1232.475387,35.215542,34.756750,9204
1232.642428,35.611042,35.186375,9205
1232.811385,37.890125,37.371541,9206
1232.852133,35.193375,34.661375,9207
1232.976422,36.252416,35.524708,9208
1233.097722,34.979000,34.527500,9209
1233.193927,67.858583,67.157417,9211
1233.195900,89.067417,88.399208,9210
1233.213886,51.506292,50.794333,9212
1233.309586,36.117375,35.373042,9213
1233.379418,34.844250,34.374666,9214
1233.474961,34.796708,34.325083,9215
1233.643070,36.233750,35.511292,9216
1233.809848,36.347500,35.830667,9217
1233.976501,36.334375,35.696792,9218
1234.168050,61.174459,60.433625,9219
1234.179667,45.893459,45.089917,9220
1234.325895,49.812292,49.227792,9223
1234.334377,86.190125,85.547875,9221
1234.374692,101.208917,100.437167,9222
1234.388916,81.767000,81.327458,9224
1234.475888,35.737625,35.323458,9225
1234.642978,36.121166,35.579250,9226
1234.769168,36.005959,35.284667,9227
1234.808837,35.339500,34.854166,9228
1234.853609,36.253291,35.606958,9229
1235.005259,65.108459,64.656959,9230
1235.011795,55.482583,54.955834,9231
1235.076881,35.071459,34.593417,9232
1235.142424,35.594708,34.912791,9233
1235.309337,35.854876,35.296917,9234
1235.371429,36.715584,35.940917,9235
1235.475432,35.233042,34.689667,9236
1235.644502,75.546334,74.797917,9238
1235.673776,106.442000,105.864209,9237
1235.681093,74.271458,73.430291,9239
1235.808953,35.444500,34.910750,9240
1235.904878,63.190458,62.448167,9241
1235.914860,53.984291,53.465125,9242
1236.008347,68.200417,67.641584,9244
1236.008533,71.141875,65.515334,9243
1236.142420,35.577792,35.023333,9245
1236.309857,36.342833,35.619208,9246
1236.487577,50.947750,50.433250,9247
1236.509451,69.253916,68.336917,9248
1236.581743,72.494625,70.580125,9249
1236.585570,57.122041,56.556500,9250
1236.641864,35.037041,34.567458,9251
1236.741049,35.892208,35.372167,9252
1236.808438,34.939041,34.483750,9253
1236.975381,35.213792,34.752667,9254
1237.037397,35.747542,35.266583,9255
1237.142378,35.544250,35.067667,9256
1237.261757,36.108916,35.428166,9257
1237.308821,35.303917,34.843958,9258
1237.406920,35.746959,35.280875,9259
1237.476644,36.502375,35.997209,9260
1237.641978,35.143208,34.659917,9261
1237.809760,36.253875,35.752208,9262
1237.998943,48.690542,48.130250,9264
1238.011210,71.044750,70.398125,9263
1238.183812,49.375958,48.843958,9267
1238.191751,99.075959,98.629708,9265
1238.198572,91.735875,91.088375,9266
1238.333961,66.511959,66.003875,9268
1238.355409,81.893000,81.411750,9269
1238.380657,65.321667,64.621666,9270
1238.489266,49.097709,48.703375,9271
1238.521159,41.942542,41.333542,9272
1238.569657,35.441875,34.993583,9273
1238.649865,42.974459,42.428750,9274
1238.679753,39.964458,39.150125,9275
1238.719119,36.864333,36.339625,9276
1238.809903,36.391834,35.676667,9277
1239.004983,64.806875,64.395333,9278
1239.043555,75.509291,74.827083,9281
1239.070993,111.393625,110.931333,9280
1239.081879,137.221583,136.396167,9279
1239.143383,36.540875,35.854000,9282
1239.224050,40.165708,39.640709,9283
1239.261350,41.431542,40.774125,9284
1239.336495,63.003792,62.283375,9285
1239.345804,59.573209,59.019333,9286
1239.501164,60.996834,60.531333,9287
1239.512505,49.349125,48.777167,9288
1239.697587,90.725833,89.935708,9290
1239.711675,109.517041,109.129708,9289
1239.717586,99.276625,98.469292,9291
1239.748491,84.422917,83.973458,9292
1239.860431,100.746042,99.204875,9294
1239.869107,113.708875,113.157042,9293
1239.870214,96.698875,95.996250,9295
1239.975756,35.586834,35.135625,9296
1240.077456,34.959458,34.492208,9297
1240.142226,35.393750,34.893833,9298
1240.214526,48.008917,47.508126,9299
1240.237723,38.413666,37.994541,9300
1240.307371,55.792917,55.294166,9301
1240.323065,49.469875,48.926208,9302
1240.475665,35.491750,34.967333,9303
1240.666694,70.733542,65.639000,9304
1240.666958,60.130583,59.586042,9305
1240.723829,35.744625,35.035291,9306
1240.809832,36.339625,35.785167,9307
1240.976338,36.162292,35.544833,9308
1241.143938,37.097375,36.344000,9309
1241.192517,36.572083,35.832417,9310
1241.335577,62.072208,61.482166,9311
1241.346424,53.563417,53.014208,9312
1241.447556,53.246958,52.829000,9315
1241.481661,99.597167,99.004208,9313
1241.495526,108.643500,107.946125,9314
1241.523946,83.821209,83.262083,9316
1241.643074,36.239000,35.705542,9317
1241.808625,35.125417,34.661667,9318
1241.897132,36.463292,35.733250,9319
1241.975385,35.195417,34.737792,9320
1242.054211,35.934791,35.385875,9321
1242.141882,35.047250,34.568625,9322
1242.299686,54.034167,53.317542,9323
1242.316357,42.859833,42.453251,9324
1242.476389,36.221208,35.506625,9325
1242.517195,36.127584,35.522375,9326
1242.642878,36.077416,35.354375,9327
1242.809555,36.053792,35.380625,9328
1242.856072,35.925166,35.396084,9329
1242.975551,35.380916,34.923583,9330
1243.142218,35.362250,34.806625,9331
1243.236117,35.263083,34.715042,9332
1243.320598,47.098917,46.438875,9333
1243.347136,43.722000,43.253583,9334
1243.489636,73.307209,63.793334,9335
1243.495645,57.185625,56.650125,9336
1243.523191,83.075416,82.515125,9337
1243.594934,35.449459,34.987459,9338
1243.642369,35.569625,35.012833,9339
1243.753623,35.524708,35.007875,9340
1243.808490,34.993000,34.540625,9341
1243.975945,35.798583,35.294292,9342
1244.143179,36.346625,35.742000,9343
1244.341968,70.311792,69.860000,9344
1244.342468,69.025250,68.650750,9345
1244.426983,35.072333,34.535667,9346
1244.493679,53.497791,52.783500,9347
1244.553077,86.001709,85.557500,9350
1244.591482,122.753166,122.279500,9351
1244.645867,204.164916,203.410959,9348
1244.659089,213.136875,212.277041,9349
1244.687492,190.391542,189.838250,9353
1244.697192,203.484167,162.191750,9352
1244.742623,135.762083,134.994125,9354
1244.762382,53.459000,52.833083,9355
1244.808401,34.910458,34.573291,9356
1244.899984,35.850500,35.292833,9357
1244.975364,35.176459,34.766667,9358
1245.135892,50.434417,49.690958,9359
1245.192975,74.028500,73.539959,9361
1245.197969,91.181708,90.600709,9360
1245.309554,36.057292,35.396958,9362
1245.405370,36.545542,35.891625,9363
1245.476296,36.146250,35.544250,9364
1245.593586,36.154417,35.595000,9365
1245.642076,35.251708,34.699292,9366
1245.810081,36.571501,35.806750,9367
1245.886299,76.186833,35.454708,9368
1245.920567,36.825541,36.232583,9369
1245.990381,50.216833,49.745500,9370
1246.013528,48.391292,47.832167,9371
1246.070855,37.096792,36.586083,9372
1246.150311,60.183375,59.639417,9373
1246.170147,63.333375,62.586709,9374
1246.309554,36.062542,35.501375,9375
1246.481823,41.646500,41.248083,9376
1246.511711,36.643542,36.180376,9377
1246.671658,64.824959,64.346625,9378
1246.679374,56.952000,56.436333,9379
1246.809659,36.180667,35.667042,9380
1246.884352,35.415917,34.907542,9381
1246.996921,56.308291,56.011666,9383
1247.011746,71.596292,71.184167,9382
1247.141799,34.962083,34.466250,9384
1247.309253,35.774375,35.221958,9385
1247.401586,44.111958,43.711791,9386
1247.433789,45.248875,44.468667,9387
1247.512415,75.813500,73.971625,9388
1247.526540,86.361625,85.559250,9389
1247.551043,106.950666,106.186792,9390
1247.588895,35.709916,35.262209,9391
1247.666445,59.584583,58.220167,9393
1247.673459,70.325791,69.517584,9392
1247.815930,42.431083,36.222667,9394
1247.862706,54.527667,53.956292,9395
1247.878098,46.823876,46.337959,9396
1247.914872,35.655666,34.965000,9397
1247.971657,53.852750,53.165000,9398
1248.009989,69.787667,69.162042,9399
1248.035220,79.562292,79.135584,9400
1248.143094,36.262625,35.516833,9401
1248.266880,36.143042,35.605792,9402
1248.308824,35.330458,34.880416,9403
1248.483548,43.376083,42.897750,9404
1248.514489,42.625042,41.841625,9405
1248.642864,36.046500,35.622125,9406
1248.794462,51.879625,51.436000,9408
1248.821908,88.371500,86.787166,9407
1248.874131,100.650958,99.844500,9409
1248.877594,103.429958,103.086083,9410
1249.002478,62.337041,57.052916,9413
1249.042720,111.248375,106.950375,9411
1249.043572,106.349542,105.805875,9412
1249.142204,35.372166,34.876916,9414
1249.231164,34.875458,34.360375,9415
1249.341405,67.905250,67.394251,9416
1249.346471,71.402916,70.723917,9417
1249.476099,35.929542,35.400458,9418
1249.642706,35.874417,35.391417,9419
1249.724409,37.337125,36.840417,9420
1249.808644,35.133291,34.680625,9421
1249.914811,35.027416,34.535958,9422
1249.976608,36.439375,35.778750,9423
1250.145709,38.871292,38.404625,9424
1250.183777,44.254875,43.414292,9425
1250.308450,34.948959,34.497167,9426
1250.356821,35.557666,35.051625,9427
1250.405556,41.902292,41.341708,9428
1250.475232,35.088958,34.566292,9429
1250.666433,59.584583,58.767916,9431
1250.666670,71.237542,70.799750,9430
1250.710876,35.553000,35.102083,9432
1250.832108,58.571917,57.764291,9433
1250.846197,50.318334,49.732958,9434
1250.975673,35.471333,34.947208,9435
1251.177948,71.095792,70.606375,9436
1251.182803,63.680750,63.122500,9437
1251.308950,35.416500,34.889458,9438
1251.476441,36.269917,35.758917,9439
1251.528513,36.644417,35.922833,9440
1251.606675,35.139417,34.694917,9441
1251.647762,40.916750,40.191959,9442
1251.729381,34.946625,34.476750,9443
1251.832783,59.299333,58.749250,9445
1251.861514,89.102708,88.605125,9444
1251.881413,44.460208,43.673584,9446
1251.975828,35.658583,35.152833,9447
1252.017942,35.130667,34.655250,9448
1252.071989,35.205917,34.749167,9449
1252.143104,36.248334,35.517709,9450
1252.187439,35.368375,34.909583,9451
1252.267162,37.861250,37.328666,9452
1252.313793,40.304250,39.797042,9453
1252.381514,49.421167,49.029167,9455
1252.391169,84.221084,83.598375,9454
1252.478637,77.250833,76.805166,9456
1252.499410,59.231959,56.441875,9458
1252.548534,54.840625,54.152000,9459
1252.553539,123.190375,122.587500,9457
1252.642744,35.906209,35.345334,9460
1252.809682,36.180958,35.504875,9461
1252.957402,90.702792,90.196167,9462
1252.981621,54.473125,53.927416,9464
1252.988642,115.147667,114.457292,9463
1253.014859,74.659083,74.115709,9465
1253.152435,60.113958,59.605875,9466
1253.167649,60.813083,60.001666,9467
1253.204615,35.536375,35.033541,9468
1253.345796,72.270042,68.414791,9470
1253.377127,56.539000,55.803708,9471
1253.383375,114.185750,113.676792,9469
1253.476897,36.702750,36.036583,9472
1253.603721,36.257375,35.723333,9473
1253.641698,34.855917,34.373209,9474
1253.808615,35.113750,34.658166,9475
1253.849582,35.579542,35.060083,9476
1253.891269,41.325083,40.779666,9477
1253.976445,36.271667,35.608416,9478
1254.106468,36.066917,35.392875,9479
1254.143120,36.284208,35.555917,9480
1254.283406,42.211167,41.333250,9481
1254.312921,39.440333,38.815583,9482
1254.476402,36.232584,35.632042,9483
1254.515798,36.088791,35.592375,9484
1254.588981,36.414583,35.926917,9485
1254.669577,62.738084,61.939209,9486
1254.681331,50.909542,50.367042,9487
1254.752248,35.868000,35.326959,9488
1254.808986,35.489417,35.044333,9489
1254.976282,36.115625,35.559708,9490
1255.142350,35.535208,34.775417,9491
