timestamp,response_ms,inference_ms,request_id
660.292069,119.403667,117.162209,1
660.314715,128.314376,125.623167,3
660.316052,139.089417,137.575958,2
660.406627,67.181625,65.394000,4
660.463730,83.734292,82.427917,5
660.580649,74.470375,73.258500,6
660.673603,80.472000,79.670500,7
660.738220,96.120791,93.848125,8
660.756134,83.244291,82.390000,9
660.885335,44.940875,44.218417,10
660.921828,60.149833,59.356500,11
661.049106,43.067500,42.646625,12
661.219712,46.958625,46.425750,13
661.224055,47.441625,46.767875,14
661.317370,36.700708,36.230542,15
661.376768,37.389917,36.912750,16
661.556565,50.514334,49.961625,17
661.574492,35.079334,34.391000,18
661.705956,68.339834,67.576250,19
661.711138,38.455667,37.856292,20
661.880593,41.209292,40.702667,21
662.041146,35.093917,34.659917,22
662.183669,70.827166,70.103542,23
662.203404,30.685375,30.044583,24
662.380662,41.279292,40.822833,25
662.547149,41.027000,40.488000,26
662.672120,68.127792,67.497500,27
662.713267,40.546916,40.116125,29
662.720713,59.692208,59.086125,28
662.861648,46.307042,45.793708,30
662.884094,44.685084,43.934917,31
662.925670,35.189584,34.848041,32
663.008681,61.260500,60.602209,33
663.041256,35.192500,34.615875,34
663.098340,43.411958,42.646042,35
663.146857,39.874917,39.511208,36
663.204582,46.153333,45.522458,37
663.218606,45.874791,45.474625,38
663.327516,52.077667,51.479750,39
663.333099,44.327500,43.764292,40
663.384558,39.839333,39.273792,42
663.391829,52.442834,51.928041,41
663.457199,45.249750,44.625583,43
663.496765,41.142209,40.754291,44
663.569024,48.025250,47.527084,46
663.572148,66.103333,65.526125,45
663.650572,53.200292,52.599458,47
663.725936,53.216625,52.548708,48
663.881666,56.873541,56.386167,49
663.903973,66.567375,65.963625,50
663.911798,72.442125,71.876583,51
663.929019,59.523041,58.888375,52
664.030778,24.689583,24.395875,53
664.187400,38.874209,38.368750,54
664.225727,62.323917,61.708209,55
664.230955,58.273250,57.704792,56
664.294312,47.376000,46.879875,57
664.347035,42.719250,42.272708,59
664.388754,87.041500,85.335250,58
664.405379,53.269125,52.589833,62
664.427284,93.517666,92.896125,60
664.443257,103.825459,103.284417,61
664.469334,99.862584,99.229376,63
664.546077,39.994208,39.421375,64
664.568115,57.450459,56.796541,65
664.627207,46.977584,46.445000,66
664.672787,59.719042,59.164000,67
664.689566,53.567208,53.159167,68
664.726447,81.096750,80.445167,69
664.731302,58.572792,57.779750,70
664.774514,29.882709,29.310459,71
664.877455,38.066875,37.573083,72
664.904555,35.695334,35.138834,73
665.057998,51.903250,51.398666,74
665.253967,81.216917,80.533250,75
665.321408,73.948875,73.019042,76
665.400608,86.271791,85.580250,77
665.434930,93.490542,91.877625,78
665.517301,116.664334,73.819959,79
665.575646,90.037792,88.562541,80
665.608483,102.323959,101.377792,81
665.698108,119.200375,114.600792,82
665.722090,138.592709,137.408833,83
665.759088,146.149208,145.531166,85
665.793443,191.617417,190.699542,84
665.881256,260.045042,256.029667,86
665.954809,115.129292,114.479167,89
665.966345,117.163376,115.549875,90
665.973483,332.717292,332.016417,87
666.000252,327.353834,326.635167,88
666.067724,128.784833,128.213458,91
666.069471,56.495250,55.683834,93
666.081207,75.117292,74.370333,92
666.129795,61.527959,60.888333,94
666.176883,65.966250,65.319625,95
666.186993,70.287000,69.356292,96
666.213225,56.367791,55.597500,97
666.245503,62.892667,62.320125,99
666.261899,38.802459,38.144750,100
666.286886,114.219000,113.623125,98
666.416276,76.869334,76.219208,101
666.569821,63.742876,63.220209,102
666.592347,59.645834,59.098375,103
666.608995,67.854500,67.079833,104
666.670319,49.476584,48.792625,105
666.709129,36.383375,35.897750,106
666.882962,43.549042,42.900666,107
666.914933,37.433666,36.670083,108
666.955664,44.405083,43.866375,109
667.071161,65.077542,64.428875,110
667.148642,46.537750,45.810917,112
667.154842,58.442416,57.900792,111
667.206088,33.407209,32.902625,114
667.246962,77.377125,76.819459,113
667.286407,43.194667,42.704959,116
667.288878,50.741250,50.428584,115
667.393308,53.945208,53.411166,117
667.481682,47.903625,47.609042,118
667.585137,79.057708,78.433250,119
667.599802,41.385750,41.044500,120
667.727131,54.434625,53.838459,121
667.736857,36.670375,36.180083,122
667.896694,37.502208,36.955333,124
667.903828,64.418667,63.819875,123
668.060188,54.093958,53.616791,125
668.062912,49.554750,48.972584,126
668.114856,48.268208,47.742041,129
668.125119,88.770500,88.174625,127
668.137881,78.943375,78.254458,128
668.222912,35.815500,35.407167,131
668.246705,73.989709,73.475500,130
668.278176,60.638959,59.989708,132
668.290536,63.045208,62.489875,133
668.341812,29.551083,29.248625,134
668.373316,58.155708,57.284208,135
668.379973,40.574334,39.924792,136
668.440787,31.444875,30.938250,137
668.549928,43.878916,43.213042,138
668.636175,37.940000,37.386708,139
668.706513,33.776167,33.020458,141
668.709311,53.202042,52.711750,140
668.765452,55.283958,54.825166,142
668.806576,51.503666,50.859959,143
668.816845,38.903083,38.383042,144
668.870088,33.382416,32.912834,145
668.900582,61.169500,60.601042,146
668.946851,60.914000,60.155666,147
668.978923,50.995875,50.337000,148
668.985587,31.367000,30.827709,149
669.044065,43.336417,42.757750,151
669.055701,59.640000,59.124334,150
669.079498,73.416292,72.570750,152
669.099364,64.852667,64.372000,153
669.146681,39.350792,38.952667,154
669.198892,71.352458,70.769416,155
669.218406,37.827709,37.263334,157
669.227452,54.750500,54.227833,156
669.283157,48.295916,47.622750,158
669.320050,66.449250,65.760042,159
669.366625,27.234959,26.774709,160
669.504195,27.232625,26.728917,161
669.535997,29.920333,29.343416,162
669.575088,48.657000,47.915000,163
669.594132,48.253333,47.481875,164
669.623173,47.204792,46.771084,165
669.663952,46.704875,46.214291,167
669.666389,61.008500,60.460166,166
669.700684,30.895666,30.330417,168
669.753447,80.701541,79.826833,169
669.781762,36.905750,36.555167,170
669.829874,55.176042,54.373375,171
669.848207,54.208584,53.519666,172
669.871337,31.943625,31.269584,174
669.913318,91.284084,90.934666,173
670.039734,54.245625,53.647709,175
670.043497,37.439208,36.776833,176
670.258831,85.311333,84.561166,177
670.385569,101.469666,100.869125,178
670.485082,145.706750,142.797667,180
670.492577,154.235083,153.351916,179
670.502652,141.402625,139.532750,181
670.614157,221.008666,219.863875,182
670.649177,143.081750,139.494250,186
670.685912,158.680667,158.219541,187
670.724225,295.380750,293.168166,183
670.838276,189.080208,148.030750,191
670.842154,400.650250,399.735292,184
670.869228,183.274584,141.888834,192
670.971137,514.001834,513.226000,185
670.989205,150.902500,109.663458,194
671.006240,164.069500,121.564917,195
671.041875,504.290792,502.544584,188
671.062310,91.148458,50.101917,197
671.106229,116.989250,75.435209,198
671.113289,569.132667,567.645459,189
671.132147,90.242542,48.533625,200
671.219305,113.052917,72.107875,202
671.228243,114.919583,73.526250,203
671.229125,614.948542,573.741292,190
671.299199,574.949667,533.141584,193
671.323198,94.927875,54.210333,206
671.352257,132.912500,92.234625,205
671.369229,499.960417,458.715834,196
671.395961,56.608709,55.977542,208
671.423316,417.047750,375.620875,199
671.451214,388.861667,347.459583,201
671.478150,345.984917,304.754042,204
671.482216,132.274917,91.185500,209
671.501107,271.962251,231.046958,207
671.531780,25.740750,25.026750,210
671.563130,25.928000,25.388708,211
671.642648,39.002542,38.549291,212
671.678786,64.142458,63.387333,213
671.713093,40.358209,39.764958,214
671.742327,43.499750,42.806166,215
671.890068,50.653167,50.083541,216
671.932043,48.417250,47.735333,217
671.958396,55.332083,54.393208,218
672.002535,94.790791,93.984041,219
672.010254,69.925042,69.171375,220
672.039709,78.890583,78.352167,221
672.090848,76.961208,76.323625,223
672.097487,80.332292,79.760041,224
672.099636,93.548000,92.949500,222
672.135137,25.575083,25.101708,225
672.185440,33.849959,33.322917,226
672.219207,46.477667,45.915334,227
672.259105,69.699291,68.987333,228
672.367820,60.455208,59.935167,229
672.413822,74.424583,73.876542,230
672.415977,57.797250,57.139542,231
672.456911,50.794917,50.277500,232
672.457634,31.810042,31.163125,233
672.538817,45.163416,44.540708,235
672.555397,92.285375,91.638458,234
672.589994,83.907833,83.122084,236
672.611505,42.172375,41.703667,238
672.614868,57.293834,56.748708,237
672.662357,79.727958,79.088917,239
672.679648,51.854541,51.285792,240
672.714620,80.766000,80.379834,241
672.728426,55.734000,55.112750,242
672.778416,64.119416,63.714875,243
672.819023,42.574583,41.899959,244
672.864895,64.751167,63.985542,245
672.867541,28.137375,27.611209,246
672.919906,37.660000,37.231541,247
672.965203,36.799000,36.232875,249
672.970690,55.463334,54.760125,248
673.014142,44.431917,43.556041,250
673.028690,51.286083,50.615250,251
673.087812,81.715083,80.958500,252
673.161929,40.841500,40.331083,253
673.215850,43.166958,42.542792,254
673.283597,37.432792,36.764000,255
673.364526,44.660000,43.985959,256
673.373237,33.834209,33.221125,257
673.453534,45.290875,44.663792,258
673.459688,42.126292,41.645333,259
673.539320,33.254375,32.568375,261
673.556506,84.198042,83.542958,260
673.638532,45.600334,44.833250,263
673.661764,45.165167,44.638417,264
673.689415,100.149875,96.433166,262
673.717646,92.950666,92.294417,265
673.741165,68.447167,67.645375,267
673.744641,81.525500,81.012459,266
673.823124,42.630875,42.089250,268
673.881623,42.212042,41.547625,269
673.930563,34.874292,34.515541,270
674.000182,79.787750,78.999958,271
674.047427,44.329833,43.887083,272
674.073355,67.293041,66.818791,273
674.094362,42.492625,41.807791,274
674.206524,33.803875,33.438709,275
674.241558,51.154542,50.592792,276
674.383254,44.675750,44.118375,277
674.388072,48.694333,48.042458,278
674.463597,72.394875,71.415459,281
674.472259,99.201375,98.314125,279
674.490256,102.151000,60.967375,280
674.499427,46.500125,45.659250,282
674.549297,86.625000,86.042250,283
674.566651,72.705500,72.126833,284
674.586099,80.029542,74.388708,285
674.614826,39.064959,38.474625,290
674.620030,101.478417,100.922208,286
674.683695,157.511375,156.833250,287
674.743101,211.645583,211.010333,288
674.761248,75.945041,75.194292,292
674.770662,97.916875,97.339083,291
674.796214,262.404042,261.584458,289
674.832794,139.708334,139.097000,293
674.876425,37.064125,36.574708,294
674.975751,56.549792,55.887709,295
674.978955,35.862751,35.307709,296
675.054337,44.393416,42.747250,298
675.089663,83.601000,83.062875,297
675.111452,68.609042,67.913417,299
675.133261,80.168375,79.768792,300
675.156119,85.920041,85.365000,301
675.171583,60.671333,59.786125,302
675.254623,81.775750,80.872459,303
675.293995,79.622375,78.867250,304
675.408271,68.332834,66.739750,305
675.557417,112.236542,111.508834,307
675.571256,126.856042,124.060125,306
675.584698,133.204750,132.491917,308
675.681189,175.117833,172.064083,309
675.725906,130.074584,125.911334,310
675.752339,127.880083,125.346376,311
675.792439,128.318166,127.503541,312
675.893542,115.211541,114.641625,316
675.915234,241.943625,241.327333,313
675.935894,131.671167,131.142084,317
675.994325,298.642167,297.898708,314
676.056799,61.287625,60.895333,320
676.064979,58.908500,58.108167,321
676.075323,373.343834,372.703625,315
676.129642,64.562167,64.101042,322
676.137359,296.498709,289.613625,318
676.157089,51.189542,50.481083,323
676.185648,309.414292,308.679583,319
676.226807,54.081709,53.671916,326
676.230939,32.323084,31.483083,327
676.262671,151.937916,151.112208,324
676.303319,177.498709,176.675042,325
676.306073,50.918875,50.174541,328
676.383073,59.768042,58.999792,330
676.385289,68.644917,67.969708,329
676.398829,59.460625,58.969751,331
676.458571,97.800500,97.192375,332
676.506790,130.556708,129.995250,333
676.513891,79.614792,79.040500,335
676.515672,75.756334,75.084042,336
676.553035,175.354667,174.711250,334
676.591464,42.561166,41.817125,339
676.613418,107.371833,106.540583,337
676.664174,35.470166,34.882167,340
676.691065,181.300000,180.600292,338
676.737610,64.898750,64.364416,341
676.757745,75.531167,74.652375,342
676.761433,63.612208,63.070875,343
676.900563,61.163958,60.663750,345
676.906414,72.593792,72.045167,344
676.925073,64.595708,63.974458,346
676.972770,104.983958,104.300875,347
676.985271,34.693458,34.168167,348
677.081857,75.735625,75.016084,349
677.114060,35.083125,34.477042,350
677.198536,53.548542,53.136125,351
677.210736,58.870583,58.067917,352
677.225343,52.633291,52.084375,353
677.305323,39.358667,39.047458,354
677.365095,62.238167,61.362583,355
677.381763,42.418542,41.968792,356
677.514886,53.588500,53.048333,357
677.573187,67.120958,66.554250,358
677.584281,50.514333,49.700291,360
677.591445,61.649584,61.324666,359
677.693364,68.817292,68.404584,361
677.707157,34.431250,33.855500,362
677.799035,45.218834,44.562292,365
677.806323,62.810126,62.413167,363
677.827224,76.389542,75.501709,364
677.852681,39.452292,38.940417,366
677.894627,48.848333,48.331500,368
677.898870,59.479583,58.804083,367
677.969480,61.196041,60.529875,369
678.048762,42.672875,42.196583,370
678.133543,45.607625,45.094583,371
678.216319,43.625167,43.105417,372
678.296497,56.446542,55.965292,373
678.311857,49.378000,48.785625,375
678.329174,58.294834,57.633625,376
678.337711,84.046666,83.314875,374
678.396448,57.057584,56.451791,377
678.405075,36.778292,36.437042,378
678.467723,55.141917,52.779709,379
678.502726,46.645666,45.952958,381
678.520363,86.044292,85.314250,380
678.536164,63.466667,62.884208,382
678.557374,51.336250,50.782666,383
678.635993,47.583084,47.060708,384
678.709234,36.535625,36.076833,385
678.749468,51.609250,50.996459,386
678.794659,42.137375,41.616458,387
678.819723,48.540917,47.794541,388
678.862339,42.391709,42.026250,389
678.899703,60.319584,59.787875,390
678.928368,55.363000,54.764208,391
679.061113,65.513875,62.114500,392
679.074638,70.695042,70.100041,393
679.078806,72.744000,72.033500,394
679.122012,103.713166,102.979333,395
679.132131,37.676625,37.325750,396
679.202892,69.470333,69.013583,397
679.226929,54.236291,53.565750,398
679.273581,39.717709,39.181041,399
679.302485,48.840750,48.079500,400
679.351638,66.747916,66.361458,401
679.356765,48.336166,44.460792,402
679.384503,45.116459,44.447958,403
679.425169,59.858167,59.310416,404
679.499538,60.316375,59.809167,406
679.502611,69.977541,69.551416,405
679.522884,69.395667,68.972167,407
679.559774,53.738125,53.064375,409
679.565298,86.336833,85.644417,408
679.603646,58.954000,58.186334,411
679.608137,93.228042,92.544667,410
679.693802,45.740917,45.141250,412
679.738847,63.420583,62.615291,414
679.745277,72.572500,71.956500,413
679.781630,93.441833,92.722583,415
679.828305,106.832542,104.274917,416
679.870210,133.508083,132.688792,417
679.877646,57.085292,56.463459,418
679.915193,75.798917,74.877251,419
679.939722,58.110209,57.547583,420
679.961107,73.941000,73.198709,421
679.996237,48.725250,48.148916,422
680.037374,31.311292,30.793000,423
680.109424,61.282958,60.750375,424
680.121402,60.645958,59.417458,425
680.134127,66.880334,66.131917,426
680.193022,90.200541,88.713041,427
680.256892,107.483542,106.788792,428
680.291289,129.410458,128.844625,429
680.301901,128.109625,127.383375,430
680.412790,103.738834,102.929458,433
680.418949,115.828125,115.127542,432
680.432047,228.108417,226.812833,431
680.514929,199.274833,197.299666,434
680.604442,129.065417,128.245834,436
680.632555,292.954959,291.183958,435
680.642127,140.881126,140.119000,437
680.734187,228.063500,225.681751,438
680.810173,153.522250,152.236875,442
680.826381,164.316542,163.555291,443
680.842183,326.529292,325.717001,439
680.932940,416.803042,412.752375,440
680.934041,94.674417,93.923958,446
681.019360,446.768292,446.198958,441
681.045563,88.351959,86.980542,447
681.051248,75.272167,74.458417,448
681.088208,413.376250,411.925500,444
681.127858,48.097583,47.295500,451
681.133436,391.275208,390.450666,445
681.177283,47.950875,44.806125,452
681.192570,186.564875,185.924666,449
681.202370,46.488750,45.846500,453
681.245355,230.135209,229.632084,450
681.248783,40.346542,39.889500,455
681.276856,104.128209,103.359375,454
681.377025,37.637250,36.972833,456
681.454699,43.171625,42.500500,457
681.544523,38.448667,38.150291,458
681.647925,41.503584,40.931041,459
681.679723,36.975167,36.140417,460
681.714856,42.121916,41.345792,461
681.775948,28.072042,27.521083,462
681.881148,41.740416,41.191791,463
681.908607,46.069625,45.530333,464
681.950843,60.059125,59.446042,465
681.968568,61.136251,60.357500,466
682.070313,64.252708,63.555041,467
682.091585,72.613042,71.917125,468
682.107839,78.871333,78.277209,469
682.115235,76.976666,76.555792,470
682.164889,117.728625,115.978042,471
682.180207,65.857166,65.190709,473
682.204393,141.774791,141.094042,472
682.239787,67.063208,66.285334,474
682.295475,45.302250,44.744583,475
682.330269,49.268042,48.727875,477
682.336727,72.501917,71.792875,476
682.363196,39.247250,38.725167,478
682.394962,55.568334,55.089416,479
682.424166,69.285125,68.495875,480
682.441965,41.568333,41.107208,482
682.451162,54.250292,53.689125,481
682.497961,81.696417,80.875958,483
682.550330,131.218208,130.214875,484
682.571472,68.950000,68.316500,485
682.589105,83.041291,82.311250,486
682.618568,112.046666,111.560167,487
682.630098,53.485542,52.850292,489
682.651208,60.596667,59.998750,490
682.684172,51.738459,50.951834,491
682.710394,184.087459,183.305792,488
682.729908,57.165500,56.351750,492
682.751862,58.124792,57.525417,493
682.760575,64.406708,63.664125,494
682.821650,35.214959,34.692583,495
682.891743,52.340750,51.743125,496
683.057156,51.106125,50.732208,497
683.098216,33.995500,33.438708,498
683.130560,51.413542,50.695750,499
683.208057,35.340667,35.038500,500
683.257415,34.924458,34.408209,501
683.334126,68.621000,67.894167,502
683.402722,63.362833,63.008167,503
683.461275,53.979042,53.637500,504
683.548487,42.434292,41.947208,505
683.588579,48.152125,47.590375,506
683.650791,44.242042,43.579083,507
683.700191,27.460417,26.985584,508
683.835258,48.577083,47.927833,509
683.891998,52.609084,51.934167,510
683.927997,49.436333,48.750333,511
684.035047,48.423959,47.912958,512
684.048622,42.012250,41.541792,514
684.071483,65.391959,64.714125,513
684.170158,57.844792,57.104542,515
684.178439,41.456625,40.908875,516
684.225706,52.999917,52.605583,517
684.380781,41.395083,40.681375,518
684.391514,47.430834,46.769333,519
684.535154,38.395000,37.593500,520
684.559446,35.118708,34.535958,522
684.587697,81.618541,80.927875,521
684.650939,43.725209,43.060791,523
684.676198,51.673125,50.906333,525
684.684137,67.052708,66.452459,524
684.740945,68.227833,67.424875,526
684.878820,39.436250,38.981250,527
684.937595,29.460666,28.949666,529
684.938958,76.041000,75.465833,528
685.004961,34.306708,33.925791,530
685.045593,39.508292,39.052709,531
685.204291,86.263625,85.752042,532
685.262941,89.670292,87.952083,533
685.308177,83.942542,83.128500,534
685.400026,87.361750,86.803208,535
685.425235,84.711084,84.242083,536
685.578414,71.529792,70.939458,537
685.756609,83.811583,81.416708,538
685.783821,94.701542,93.325458,539
685.827853,70.937708,70.273000,540
685.879750,40.336625,39.852459,541
685.896059,56.621833,55.938458,542
685.929765,36.484583,35.935083,543
685.984180,32.080708,31.668583,544
686.005451,51.403625,50.853541,545
686.042295,36.229375,35.683958,546
686.075385,57.324750,56.556792,547
686.085680,38.759292,38.155833,548
686.208737,36.015875,35.316458,549
686.315162,35.990500,35.341250,550
686.379809,40.422083,39.829125,551
686.446339,51.628208,50.918875,552
686.549611,43.532708,42.903291,553
686.592489,53.081584,52.331708,554
686.668906,40.012875,39.355750,555
686.701551,36.015583,35.383834,556
686.720616,47.867167,47.374250,557
686.777104,38.884709,38.268709,558
686.834112,40.963709,40.394958,559
686.867288,27.930875,27.549083,561
686.887963,73.106250,72.411500,560
687.043445,37.344125,36.806583,562
687.081841,52.441083,51.615375,563
687.107334,51.132375,50.507333,564
687.168711,33.749625,33.241541,565
687.199201,54.565292,53.934417,566
687.223278,50.578208,50.019958,567
687.391553,52.142125,51.692958,568
687.575548,69.453709,68.911208,569
687.606395,42.951417,42.267750,570
687.714713,41.984250,41.474416,571
687.791669,45.699791,45.209209,572
687.834574,37.366292,36.785292,573
687.886803,47.424416,46.942000,575
687.888731,75.121375,74.561375,574
687.916542,51.370667,50.671250,576
688.046453,40.415667,39.651500,578
688.047468,51.952834,51.402750,577
688.210917,50.762541,50.247750,579
688.224657,51.934750,51.358416,580
688.254762,54.839459,54.242126,581
688.374347,34.978125,34.370875,583
688.378502,58.904417,58.384375,582
688.475684,40.787833,40.187291,585
688.479314,49.434583,48.911917,584
688.540500,34.455750,34.104875,587
688.573134,51.489667,50.875417,588
688.585332,90.728167,90.169042,586
688.666312,41.862625,41.438542,590
688.667709,56.260166,55.696084,589
688.751476,78.778584,78.300834,591
688.861450,46.312000,45.785833,592
688.888662,49.293708,48.678000,593
689.031972,25.910208,25.365667,594
689.131741,28.927792,28.453250,595
689.200634,27.913084,27.341417,596
689.380404,41.034584,40.576666,597
689.406362,60.749500,59.794875,598
689.419367,52.880625,52.328791,599
689.537759,31.722834,31.197542,600
689.709389,36.671541,36.212750,601
689.885455,46.067000,45.505834,602
689.932029,50.658708,50.098709,603
690.055796,49.747833,49.104125,604
690.093308,45.738000,45.143292,605
690.246606,73.829000,73.042375,606
690.412737,73.315375,72.413250,607
690.559806,83.337916,82.431709,608
690.597693,90.778625,90.106917,609
690.649934,86.343250,85.471750,610
690.766770,93.986083,93.370666,611
690.821136,90.435042,89.752250,613
690.829558,113.417792,112.680458,612
690.866741,27.377000,27.014750,614
691.058734,52.665667,51.975000,615
691.209799,53.376167,52.658958,616
691.210917,38.216500,37.690334,617
691.397947,58.542750,57.904875,618
691.414429,40.439292,39.865875,619
691.513858,55.166708,54.766541,620
691.517589,53.487000,52.770083,621
691.558405,68.266042,67.398917,622
691.560776,54.695083,54.143542,623
691.607635,91.472500,90.563084,624
691.710409,37.678959,37.244084,625
691.737254,56.970375,56.356417,626
691.750656,38.197250,37.761500,627
691.882715,43.306083,42.639916,628
691.939588,42.287583,41.855917,629
692.016939,52.413084,51.741959,630
692.041166,35.112584,34.451375,631
692.219936,47.232500,46.774583,632
692.318859,79.035250,78.369083,633
692.377916,38.551917,38.188500,634
692.446333,42.233917,41.884792,635
692.504224,31.581666,31.042666,636
692.542526,36.446375,35.900083,638
692.545725,67.380834,66.605000,637
692.699893,27.154166,26.682250,639
692.810921,41.251875,40.742041,640
692.881103,41.716500,41.154459,641
692.906192,60.024708,59.320041,642
692.960353,40.792791,40.436959,643
693.046876,40.797167,40.333125,644
693.218527,45.806250,45.188208,645
693.226734,48.198208,47.261958,646
693.310402,43.003333,42.418542,647
693.387491,37.200625,36.694292,649
693.421327,81.920709,81.396000,648
693.500938,50.094625,49.459375,650
693.546919,40.835958,40.383000,651
693.723152,50.421292,49.931291,652
693.797666,45.678792,45.128709,653
693.881516,42.136209,41.515541,654
693.975719,66.167792,65.670792,655
694.060466,54.439583,53.940250,656
694.210419,37.724750,37.212584,657
694.372921,49.845834,49.250541,658
694.395453,63.344750,62.651459,659
694.406274,66.898709,66.219417,660
694.457116,91.940917,91.046375,661
694.491569,39.042500,38.643500,662
694.564854,58.791251,58.278792,663
694.710256,43.534458,42.979417,664
694.724965,52.213291,51.548875,665
694.874660,35.251708,34.783000,666
694.965734,42.557084,41.973167,667
695.033127,27.056166,26.565000,668
695.086370,33.339833,32.883959,669
695.260835,88.059417,87.302833,670
695.272328,77.770583,77.156917,671
695.411479,71.545541,70.316750,672
695.590069,83.894125,82.833625,673
695.640349,93.978208,93.377958,674
695.763366,90.473250,89.767125,675
695.763833,89.897791,89.135083,676
695.826502,61.993458,61.426167,677
695.875128,35.758917,35.163625,678
696.048592,42.497292,41.878083,679
696.218521,45.777667,45.266083,680
696.307639,46.062334,45.703875,681
696.399992,60.608917,59.883834,682
696.411439,51.576000,50.990916,683
696.484847,86.014833,85.161709,684
696.552379,46.316958,45.864584,685
696.595606,67.267083,66.688417,686
696.708448,35.734417,35.032084,687
696.866340,26.959334,26.437250,688
697.046959,40.865708,40.358792,689
697.212207,39.505667,39.064083,690
697.243761,49.252291,48.788833,691
697.283948,52.124042,51.636958,692
697.362226,38.863125,38.368459,693
697.402794,63.412708,63.008459,694
697.522556,44.083959,43.602416,695
697.565810,59.759875,59.350667,696
697.743397,70.658291,69.964417,697
697.894549,55.161167,54.606125,698
698.084161,78.138958,77.592375,699
698.217294,44.596417,44.230958,700
698.258707,64.244833,63.457041,701
698.380753,41.321000,40.640250,702
698.401909,47.298417,46.900875,703
698.552379,46.275250,45.800708,704
698.640324,55.183625,54.663000,705
698.700566,27.870209,27.537416,707
698.735402,82.174167,81.707792,706
698.886328,46.965917,46.678917,708
699.067336,61.250000,60.595500,709
699.107787,29.167833,28.564375,710
699.206036,33.326417,32.692041,711
699.256251,54.042042,53.288083,712
699.361643,55.976375,51.184291,713
699.381053,69.753250,69.076292,714
699.384099,63.234791,62.747417,715
699.410234,70.895708,70.290792,716
699.445159,90.084750,89.532625,717
699.541703,35.647792,35.095958,718
699.688306,38.194333,37.733792,719
699.738095,65.344417,64.617875,720
699.794033,36.140417,35.552708,721
699.863505,32.349042,31.796916,722
699.905454,66.061917,65.451167,723
699.966426,28.341541,27.741583,724
700.049389,43.323000,42.762709,725
700.079519,44.352875,43.695750,726
700.145780,34.871375,34.390709,727
700.243998,71.250375,70.591209,728
700.324154,59.817333,58.952250,729
700.431414,128.524375,127.933166,730
700.450500,127.078000,126.364000,731
700.454951,115.555417,114.928917,732
700.575555,69.347833,67.660833,733
700.748333,75.525917,74.697292,734
700.875722,36.290041,35.746667,735
700.925569,38.954125,38.649625,736
700.966755,67.077500,66.328792,737
701.057416,51.320500,50.903708,738
701.218555,45.815875,45.329959,739
701.390314,50.927625,50.222958,740
701.544131,38.019334,37.613334,741
701.669319,56.022458,55.334708,742
701.714018,41.259167,40.752833,743
701.888146,48.787084,48.105166,744
701.912575,41.538584,40.997250,745
701.939305,54.879709,54.316208,746
701.982945,57.738333,57.076833,747
702.038440,32.365667,31.910083,748
702.181287,42.077291,41.428334,749
702.212475,39.745708,39.185125,750
702.274943,46.236750,45.644083,751
702.336308,46.036959,45.412792,752
702.385240,45.851458,45.326750,753
702.449194,45.778833,45.152041,754
702.538026,31.995541,31.676750,755
702.640307,53.892709,53.183083,756
702.731413,58.699083,58.104958,757
702.886562,47.180000,46.726750,758
702.937389,68.406626,67.788875,759
703.045485,39.429833,39.142541,760
703.227415,54.690125,54.126042,761
703.364095,24.701833,24.309834,762
703.547176,41.087958,40.491208,763
703.623165,41.176042,40.490042,764
703.720402,47.671750,47.040000,765
703.725992,50.970792,50.336708,766
703.878935,39.532208,38.866625,767
703.909672,56.770000,56.049000,768
704.051733,45.710875,45.309542,770
704.059943,56.053083,55.541500,769
704.230816,58.081042,57.373750,771
704.281297,58.602250,57.998500,772
704.386392,47.016083,46.648583,773
704.546345,44.724166,44.063542,774
704.548849,42.770875,42.158667,775
704.654791,31.014084,30.503958,777
704.675535,63.023917,62.660208,776
704.732293,77.463750,35.935375,778
704.735246,62.516125,61.833334,779
704.876705,37.293959,36.609125,780
705.043394,37.325751,36.630417,781
705.097372,36.121166,35.516833,782
705.249729,76.920375,76.208125,783
705.353276,101.397042,100.294833,784
705.384403,115.574958,114.940292,785
705.450783,154.497292,153.243708,786
705.457591,139.818292,137.005458,787
705.514441,120.841875,119.941791,790
705.562130,222.744666,220.911250,788
705.595270,96.566167,95.855083,792
705.639816,274.921208,274.284791,789
705.731208,319.295667,317.407125,791
705.762682,89.927250,88.494000,795
705.805195,299.298126,298.522876,793
705.893834,386.757292,385.888417,794
705.950791,111.357166,109.142541,796
705.975449,74.224209,73.548417,798
705.996124,110.959917,110.494417,797
706.032973,53.365083,52.007083,799
706.069961,66.769500,66.124333,800
706.077769,71.714709,71.175125,801
706.094421,67.884250,67.182500,802
706.203688,51.802625,51.103208,803
706.217733,45.009417,44.470708,804
706.415151,75.756042,74.916625,805
706.555883,49.802667,49.067667,806
706.752535,79.785708,79.046625,807
706.891669,52.281833,51.826250,808
707.035576,66.479292,65.954291,809
707.050592,44.528750,43.863750,810
707.097248,27.545292,26.796000,811
707.187448,48.343750,47.612250,812
707.217726,44.971792,44.101458,813
707.297086,54.239791,53.511792,814
707.361938,49.032083,48.500958,815
707.387815,44.693542,44.320500,817
707.413721,74.328917,73.797792,816
707.540320,45.418625,44.628500,818
707.557591,51.506291,50.894083,819
707.713090,40.371916,39.672792,820
707.723367,44.830334,44.053916,821
707.880052,40.665625,40.367250,822
708.046473,40.394084,39.561959,823
708.213503,40.760416,40.304250,824
708.306817,48.108083,47.740291,825
708.372384,32.997709,32.529292,826
708.430111,45.708250,45.081167,827
708.441968,39.218084,38.672666,828
708.543191,45.714667,45.173625,829
708.558473,52.419208,51.865334,830
708.656443,45.881500,45.253833,831
708.718306,45.601792,45.055792,832
708.889479,50.066916,49.399292,833
708.999536,48.029334,47.369291,834
709.053108,46.988667,46.273791,835
709.210125,42.977959,42.397542,836
709.244710,71.960584,71.183875,837
709.402744,63.334542,62.679458,838
709.490792,36.469708,36.001291,839
709.583650,77.599375,76.929417,840
709.734888,62.159709,61.399333,841
709.757859,29.999667,29.579375,842
709.825628,67.270875,66.738292,843
709.858581,49.412125,48.729042,844
709.888151,48.757625,48.217167,845
709.901254,42.347959,41.747125,846
710.085556,79.478875,78.804542,847
710.244581,71.824959,71.375209,848
710.411245,83.600125,82.826041,849
710.426463,86.962750,86.247583,850
710.571425,89.553041,88.766125,851
710.591352,85.263791,84.433416,852
710.754346,81.025000,80.118500,853
710.891612,52.231083,51.765875,854
711.042815,36.788208,36.235208,855
711.092115,47.537000,46.856541,856
711.145542,52.044417,51.586792,857
711.257812,85.095792,84.326375,858
711.313034,59.426501,58.935917,859
711.330748,63.191625,62.545000,860
711.334828,58.405375,57.743292,861
711.387719,48.346375,47.931625,862
711.391051,49.972708,49.456458,863
711.551479,45.404042,44.817209,864
711.712691,39.970292,39.595791,865
711.789036,59.071250,58.538666,866
711.852546,43.435875,43.015000,867
711.880972,41.547625,40.942417,868
711.952141,35.227792,34.715625,869
712.045497,39.466291,39.003708,870
712.069614,48.201708,47.562958,871
712.209885,37.182542,36.505000,872
712.248198,35.991375,35.619792,874
712.257914,66.571458,66.030417,873
712.376482,45.890833,45.416292,875
712.389401,50.014125,49.307125,876
712.420599,77.077000,76.383125,877
712.557510,75.373083,74.734625,878
712.559096,53.022667,52.427084,880
712.571697,71.466500,70.795667,879
712.619282,82.486250,81.623792,881
712.725093,52.366125,52.063959,882
712.778915,50.437333,50.020833,883
712.831563,62.425125,61.720750,884
712.879777,40.382708,39.960958,885
712.921957,31.080583,30.549167,886
712.998446,80.220000,79.525250,887
713.048441,42.371000,41.740416,888
713.083089,48.245167,47.654541,889
713.229882,57.167834,56.621250,890
713.374593,35.232458,34.727583,891
713.437668,38.671208,38.152333,892
713.533144,27.073667,26.589208,893
713.617066,42.744917,42.336875,894
713.671581,71.672417,70.989333,895
713.704687,39.078084,38.444875,896
713.711957,39.159750,38.761334,897
713.750867,37.097959,36.463584,898
713.867101,37.896542,37.365416,899
713.887804,48.403834,47.866583,900
714.051638,45.631250,45.228166,901
714.103792,40.995209,40.509001,902
714.154646,45.752584,45.449834,903
714.234332,61.611083,61.170958,904
714.263062,49.371000,48.850666,905
714.291904,59.243917,58.277625,906
714.381726,42.329584,41.819750,907
714.534714,32.983417,32.590542,908
714.564455,58.306792,57.554875,909
714.619245,34.719416,34.261500,910
714.739390,66.647292,65.896833,911
714.877155,37.765291,37.050125,912
714.927509,46.242291,45.565916,913
715.045294,39.254833,38.696000,914
715.089773,28.245000,27.731375,915
715.246889,73.317709,72.241459,916
715.406760,67.363041,66.667416,917
715.496987,77.285542,76.563667,918
715.574817,68.719000,68.093084,919
715.747417,74.628167,74.029667,920
715.885657,46.239375,45.508750,921
716.000184,27.314875,26.775583,922
716.051787,45.716708,45.433792,923
716.213977,41.260334,40.777917,924
716.256212,54.879417,54.277417,925
716.385623,46.262125,45.725750,926
716.418660,37.654750,37.051875,927
716.555357,49.297209,48.613833,928
716.710992,38.271625,37.706083,929
716.838391,55.147167,54.530291,930
716.885221,45.814708,45.357666,931
717.046622,40.516291,40.121083,932
717.243100,70.357583,69.677125,933
717.310096,55.714750,55.265000,934
717.336971,55.859125,55.258875,935
717.381905,42.515375,42.003792,936
717.551965,45.918834,45.438750,937
717.718193,45.497375,44.954875,938
717.885166,45.780291,45.189958,939
718.048467,42.370709,41.863792,940
718.144577,46.051542,45.379542,941
718.219898,47.178542,46.671333,942
718.362049,56.068542,55.422792,943
718.382182,42.804709,42.385584,944
718.422388,28.250541,27.641833,945
718.490362,38.572042,38.101875,946
718.551579,45.496500,45.037125,947
718.663792,47.203625,46.679792,948
718.721963,49.263666,48.636000,950
718.730247,66.705625,66.123458,949
718.744584,50.520167,50.099000,951
718.803525,71.395625,70.772334,952
718.880246,40.864542,40.589792,953
719.025387,47.386500,46.995083,954
719.050643,56.418250,55.912209,955
719.056347,50.343417,49.716625,956
719.224367,51.647167,51.090958,957
719.309618,40.556542,40.211792,958
719.384082,44.699083,44.066459,959
719.442157,49.454416,48.776583,960
719.559879,53.852167,53.356916,961
719.620885,45.793708,45.340458,962
719.751292,78.598917,78.111542,963
719.819329,68.424125,67.871708,964
719.881659,41.385750,40.845875,966
719.900890,61.508417,60.910208,965
720.046280,40.278875,39.902917,967
720.070082,62.743041,62.182167,968
720.188917,62.574459,61.846750,969
720.289297,134.110958,133.355250,970
720.311095,127.278958,126.902125,972
720.311369,138.652791,137.646542,971
720.392249,118.512625,116.430417,973
720.426922,87.517500,85.844500,974
720.589759,97.573583,96.852875,975
720.599305,93.212875,92.432375,976
720.669520,92.032500,91.359625,977
720.735671,95.890959,95.284292,978
720.761134,88.393666,85.792000,979
720.922609,104.857375,104.069000,980
720.924467,84.199791,83.388666,981
720.940831,91.713709,91.036458,982
720.968925,72.292209,71.399708,983
721.053159,47.048750,46.558459,984
721.133477,40.200708,39.621167,985
721.182820,33.616333,33.250584,986
721.226553,53.794708,53.091208,987
721.370967,31.582250,31.115875,988
721.428232,29.940750,29.387166,989
721.548886,42.813458,42.390542,990
721.617805,44.264792,43.911583,991
721.673256,45.822583,45.363792,992
721.701887,47.810000,47.325541,993
721.711405,38.662167,37.818375,994
721.824369,49.557958,49.045500,995
721.873557,34.155042,33.743791,996
721.917347,63.014291,62.526917,997
721.930272,37.181083,36.615833,998
722.041511,35.431667,34.930875,999
722.192295,35.567583,35.212042,1000
722.233160,60.435667,59.723125,1001
722.375856,45.795750,45.359709,1002
722.392969,53.576541,52.907750,1003
722.554385,50.287125,49.851375,1004
722.560027,53.980792,53.248125,1005
722.605902,50.061083,49.662958,1007
722.615822,80.575250,79.839958,1006
722.646482,73.345125,72.737000,1008
722.751212,78.496833,77.950542,1009
722.800247,53.107250,52.523625,1010
722.875419,52.739750,52.078542,1011
722.883233,43.822042,43.308417,1012
722.963875,45.734791,45.293209,1013
723.042933,36.855000,36.351292,1014
723.091392,57.591334,57.132250,1015
723.218046,45.292042,44.802042,1016
723.370664,42.938583,42.506333,1017
723.384784,45.399958,44.771709,1018
723.451210,47.273041,46.765833,1019
723.540993,46.751541,46.221875,1020
723.558409,52.334042,51.737875,1021
723.626643,43.199041,42.561458,1023
723.629142,51.752459,51.160375,1022
723.712053,55.100792,54.524166,1024
723.726432,53.702250,53.234125,1025
723.825593,40.819917,40.278583,1026
723.876662,37.300083,36.801625,1027
723.987618,44.840542,44.342083,1028
724.048181,42.166541,41.631042,1029
724.212459,39.746875,39.209625,1030
724.289079,35.094209,34.364166,1031
724.334519,52.392083,51.783083,1032
724.390226,50.863750,50.319500,1033
724.515294,50.638291,49.998375,1034
724.547905,41.839875,41.392458,1035
724.601693,47.132167,46.694959,1037
724.602722,50.244833,49.762417,1036
724.719477,46.732292,46.153334,1038
724.732174,42.739959,42.260459,1039
724.837322,43.567417,42.945000,1041
724.843699,54.609042,54.090750,1040
724.885458,46.093542,45.572917,1042
725.005269,27.593417,27.132583,1043
725.074388,68.309792,67.591416,1044
725.241403,68.627417,67.974667,1045
725.422616,83.174000,82.292583,1046
725.457198,83.864375,83.060542,1047
725.575806,69.717958,69.031375,1048
725.740046,67.221292,66.626875,1049
725.876224,36.837208,36.207500,1050
725.989861,28.150792,27.539167,1051
726.049522,43.472625,43.125250,1052
726.129610,33.503166,33.052250,1053
726.211630,38.916500,38.347167,1054
726.249295,67.600750,66.738000,1055
726.252418,35.323459,34.921833,1056
726.319859,30.744583,30.105833,1057
726.381187,41.779208,41.146875,1058
726.435242,43.258250,42.587708,1059
726.512766,74.669292,74.075167,1060
726.553282,47.207708,46.728500,1061
726.562763,55.009209,54.311250,1062
726.586373,44.802334,44.159792,1063
726.620592,42.060667,41.555500,1064
726.714546,35.051042,34.579125,1066
726.731926,59.196083,58.624125,1065
726.881842,42.432541,41.799916,1067
727.029465,55.032250,54.661541,1068
727.063808,57.765458,57.353042,1069
727.175635,43.686125,42.931000,1070
727.209342,36.613208,36.066334,1071
727.379191,39.813375,39.412042,1072
727.424186,48.832875,48.295625,1073
727.436379,47.500250,46.928583,1074
727.548761,42.700292,42.108792,1076
727.554508,51.903834,51.314667,1075
727.588426,27.105750,26.661834,1077
727.656768,37.356375,36.726375,1078
727.720557,47.821958,47.206250,1079
727.730774,57.229084,56.719542,1080
727.764077,59.368458,58.485000,1081
727.778478,51.548875,50.816208,1082
727.835212,67.117750,66.693375,1083
727.881977,59.905125,58.996000,1084
727.895807,56.422333,55.848917,1085
727.904965,48.019125,47.441334,1086
727.974416,41.507375,41.043625,1087
728.006354,56.224000,55.735167,1088
728.032379,56.957250,56.411250,1089
728.044261,38.168667,37.458458,1090
728.134521,36.981583,36.561584,1091
728.196276,63.653333,63.102958,1092
728.227074,54.369292,53.693792,1093
728.319286,50.050875,49.438958,1094
728.329087,50.001583,49.368375,1095
728.371718,32.330958,31.954125,1096
728.415720,48.396833,47.831291,1098
728.434251,73.915917,73.153791,1097
728.451216,60.205834,59.212709,1099
728.480318,34.212209,33.741459,1100
728.584155,78.088792,77.538417,1101
728.643721,42.662375,41.999125,1102
728.705192,47.386792,46.708667,1103
728.711733,38.979500,38.445750,1104
728.885235,66.373125,65.501041,1105
728.889841,50.449875,49.736167,1106
728.908805,43.691375,43.065750,1107
728.999386,54.689250,54.007625,1108
729.045522,64.440541,63.908542,1109
729.059574,53.492833,52.998167,1110
729.066143,53.850416,53.076625,1111
729.151852,36.986542,36.300541,1112
729.198405,25.688250,25.181042,1113
729.239294,37.029709,36.202542,1114
729.289697,70.312667,69.455166,1115
729.291162,71.035125,70.511000,1116
729.292468,62.363291,61.889042,1117
729.378531,39.158292,38.502334,1119
729.387944,64.433541,63.804416,1118
729.412649,52.651375,51.925708,1120
729.440217,56.764458,56.015167,1121
729.481118,41.773667,41.088834,1122
729.540781,34.725250,34.185667,1123
729.574508,47.985291,47.438708,1124
729.646272,48.784750,48.166709,1125
729.685807,43.703041,43.295000,1126
729.716770,44.036417,43.432083,1128
729.720423,50.081500,49.460250,1127
729.790936,31.215334,30.631708,1130
729.808744,52.280666,51.672250,1129
729.881847,42.478917,42.108792,1131
729.896097,44.471583,43.735416,1132
729.935920,36.335250,35.745500,1134
729.938733,49.089542,48.433583,1133
730.052111,46.049792,45.377500,1135
730.055372,44.562000,44.019500,1136
730.287891,128.192167,127.454833,1137
730.299852,127.106001,126.199500,1139
730.306619,137.644209,136.704459,1138
730.372454,123.615042,123.023250,1140
730.426848,87.468792,86.648625,1142
730.463991,203.746375,201.993750,1141
730.533628,95.754750,94.988250,1143
730.631858,125.713000,124.971000,1145
730.646432,148.071292,147.347375,1144
730.673147,138.758083,137.365375,1147
730.758274,126.798583,125.809834,1149
730.761213,251.315458,250.573459,1146
730.853247,180.486250,137.521708,1153
730.868613,329.525583,328.680625,1148
730.928566,170.267126,128.433667,1155
730.966523,130.246958,129.548417,1156
730.970284,320.636167,317.936208,1150
731.044410,389.802876,383.148792,1151
731.099190,170.596709,129.784666,1159
731.109251,142.690333,101.975125,1160
731.127246,457.818084,416.017584,1152
731.159216,463.589000,422.952250,1154
731.212302,113.071000,71.672417,1163
731.216346,107.066458,65.486167,1164
731.226277,372.994417,331.964792,1157
731.257347,388.689584,347.715084,1158
731.294277,323.967875,282.856000,1161
731.326297,113.951542,72.464875,1167
731.344335,299.875625,258.759959,1162
731.355284,138.905666,97.300584,1168
731.382232,254.966542,214.289834,1165
731.423256,263.993041,222.544875,1166
731.428184,133.869750,91.995750,1171
731.460242,133.899792,93.232125,1172
731.462182,235.883667,195.048583,1169
731.498603,64.639750,64.033375,1175
731.534146,276.754625,235.159458,1170
731.568281,65.104083,64.294417,1178
731.595283,156.391084,115.347750,1176
731.603226,258.850376,217.529958,1173
731.659209,292.463792,250.919958,1174
731.694236,233.700542,192.827542,1177
731.703280,197.238709,196.628250,1179
731.735488,62.797875,62.244584,1180
731.788146,56.460833,55.794375,1181
731.875397,36.013833,35.535500,1182
731.898492,57.196708,56.495250,1183
731.953390,63.970958,63.515375,1184
731.973471,41.949833,41.262958,1185
732.041098,49.497875,48.815375,1186
732.055973,49.907375,49.486500,1187
732.095435,71.348958,70.604333,1188
732.168507,35.875292,35.256667,1189
732.198732,28.919917,28.244125,1190
732.226706,53.963875,53.143125,1191
732.254122,49.304792,48.503583,1192
732.288362,45.300792,44.428708,1194
732.290724,54.803875,54.205084,1193
732.363124,54.012000,53.347292,1195
732.372436,63.096542,62.577084,1196
732.394873,55.469458,54.843542,1197
732.444193,92.804542,91.848458,1198
732.472538,34.257417,33.495875,1200
732.523405,54.678459,53.967666,1201
732.532101,170.788625,170.258958,1199
732.577268,71.194375,70.417666,1202
732.586637,57.887375,57.277792,1203
732.602487,67.950458,67.061166,1204
732.648053,112.053667,111.101958,1205
732.708700,35.979417,35.278542,1206
732.759732,35.589167,34.918625,1207
732.864395,24.988833,24.524500,1208
732.917968,36.077417,35.352042,1209
733.042385,36.304625,35.732375,1211
733.051019,57.861417,57.356833,1210
733.153300,44.823334,44.178166,1212
733.203906,31.188208,30.626167,1213
733.279090,41.759375,41.239916,1214
733.285321,38.772125,38.163125,1215
733.380909,41.498917,40.989084,1216
733.519392,60.582958,60.105209,1217
733.565754,59.689000,59.258208,1218
733.590913,42.107625,41.709792,1219
733.646801,48.606541,48.201125,1220
733.675686,75.914709,75.333709,1221
733.678918,55.515542,54.819625,1222
733.717416,45.613750,41.188875,1223
733.743244,70.541625,69.653208,1224
733.743514,67.430416,67.025000,1225
733.792910,24.845042,24.381584,1226
733.822781,25.311125,24.846791,1227
733.861890,33.473125,32.993333,1228
733.887157,47.767417,47.097458,1230
733.913929,77.189875,76.559583,1229
733.935388,46.141959,45.761333,1231
734.005401,66.720500,66.047042,1232
734.012616,66.264916,65.296583,1234
734.032427,90.890042,90.403250,1233
734.053940,106.536209,105.111125,1235
734.118942,128.861542,128.322542,1236
734.144402,68.591834,68.248250,1238
734.157771,67.851000,67.247250,1239
734.183159,177.050708,176.313958,1237
734.203374,30.699959,30.219583,1240
734.287497,53.873458,53.242584,1241
734.327384,44.295708,43.692542,1242
734.392593,53.218959,52.661292,1243
734.471326,28.695042,28.180833,1245
734.493357,82.196917,81.497208,1244
734.549392,51.692375,51.075792,1246
734.569473,63.422334,62.921250,1247
734.576178,51.836167,51.145792,1248
734.664830,38.189666,37.882542,1249
734.720570,73.194334,72.544500,1252
734.720763,82.089875,81.334459,1251
734.729464,94.091667,93.636375,1250
734.795285,144.186292,143.370792,1253
734.846739,71.664834,71.091125,1256
734.848639,73.719042,73.174500,1255
734.860181,187.406333,186.671334,1254
734.898289,46.979333,46.531917,1260
734.904830,78.500917,77.988750,1257
734.971693,132.307875,131.851417,1258
734.991172,42.083125,41.584958,1261
735.040098,45.343667,44.689167,1263
735.044160,201.541083,200.679500,1259
735.054682,100.142875,99.429167,1262
735.117176,111.116251,110.411292,1264
735.120127,62.801959,62.179250,1266
735.151447,80.137167,79.424625,1267
735.188712,164.288250,163.522334,1265
735.236790,110.362875,109.708959,1269
735.283183,110.324958,109.599875,1270
735.297891,201.992000,200.876083,1268
735.413557,212.687417,211.485459,1271
735.434699,131.692167,131.035334,1272
735.463589,134.799292,133.821917,1273
735.502228,162.828458,162.153250,1274
735.601672,95.531917,94.952084,1276
735.604570,212.457292,211.883000,1275
735.660835,60.312875,59.684042,1277
735.763615,90.800500,89.966042,1278
735.818335,97.757625,96.717542,1279
735.856623,133.680750,133.045209,1280
735.903595,101.469375,100.197125,1281
735.926418,87.049084,84.362250,1282
736.018339,60.817750,60.184834,1283
736.047325,41.255375,40.635000,1285
736.071297,68.230166,67.555250,1284
736.222174,49.452375,48.913666,1286
736.337232,39.533375,38.931958,1288
736.362067,65.078709,64.544375,1287
736.383310,43.918875,43.275167,1289
736.408825,65.600792,65.016000,1290
736.446454,37.827417,37.447375,1292
736.455159,59.650500,59.186459,1291
736.499658,44.323417,43.617875,1293
736.506713,47.886708,47.440167,1294
736.572701,66.610541,65.978791,1295
736.579033,46.515875,45.951209,1297
736.587593,67.241125,66.837167,1296
736.708790,36.066334,35.613083,1298
736.737357,47.675542,47.067708,1299
736.889875,49.255209,48.739250,1302
736.909579,85.090542,84.375083,1300
736.909988,70.602584,70.039958,1301
736.946394,41.536542,40.946792,1303
736.991231,41.540041,40.878833,1304
737.047867,41.805459,41.384875,1305
737.082440,54.104458,53.553792,1306
737.133105,54.413334,53.529000,1307
737.173512,35.736167,35.215834,1308
737.238929,66.206875,65.587084,1309
737.269480,45.145333,44.710458,1311
737.289721,66.905709,66.390333,1310
737.387703,66.098958,65.582708,1313
737.401705,83.971708,83.315750,1312
737.404284,77.556209,76.968500,1314
737.456785,123.446459,122.736250,1315
737.469432,81.186000,80.524209,1318
737.520508,185.294084,179.617084,1316
737.544196,127.639750,86.567250,1320
737.572096,232.712958,227.709125,1317
737.592240,117.527667,76.363875,1324
737.619422,228.251625,227.633000,1319
737.622221,101.689875,60.290417,1325
737.635159,48.406750,47.893708,1326
737.708231,274.500917,232.997917,1321
737.710649,46.288375,45.749375,1328
737.724637,72.205291,71.572959,1327
737.745923,297.483084,296.786875,1322
737.809216,88.164417,46.410000,1332
737.827284,366.138792,324.567250,1323
737.845509,172.837292,172.178709,1329
737.866105,52.940709,52.475500,1333
737.895392,205.731459,205.083375,1330
737.922661,83.316334,82.698875,1334
737.947280,239.509375,238.714292,1331
737.950369,66.583708,65.985792,1335
737.987691,30.470417,29.800459,1337
738.007374,67.406208,66.429709,1336
738.053523,47.418292,46.869667,1338
738.110994,41.993292,41.482000,1340
738.114410,52.846209,52.402292,1339
738.201572,28.876167,28.453250,1342
738.229761,67.014209,66.389167,1341
738.341728,47.841500,47.137125,1343
738.393109,60.146625,59.421542,1345
738.397413,80.699792,80.157584,1344
738.403280,63.861584,63.297791,1346
738.448668,66.564167,65.839958,1347
738.501458,61.835375,61.234541,1348
738.565640,59.582834,58.745167,1349
738.574576,55.249833,54.566458,1350
738.604690,73.049667,72.427542,1351
738.608506,40.956708,40.478667,1352
738.633376,59.108292,58.442709,1353
738.657048,60.302375,59.427083,1354
738.723579,50.901084,50.504709,1355
738.744647,47.264000,46.609209,1356
738.802947,39.372375,38.831916,1358
738.815408,54.891667,54.287333,1357
738.864151,52.289125,51.651250,1359
738.884339,44.951667,44.402750,1360
738.926827,37.193042,36.578500,1361
739.046718,40.661250,40.018708,1362
739.140260,51.781917,51.102625,1363
739.194350,38.549875,37.786584,1364
739.216499,43.768084,43.320958,1365
739.260972,45.211834,44.473625,1366
739.272633,35.753376,35.207084,1367
739.366460,58.353750,57.708875,1368
739.390512,60.178125,59.407834,1369
739.397102,57.720250,57.032792,1370
739.428454,45.577292,44.927458,1371
739.549675,43.574708,43.024916,1372
739.555162,48.843958,48.544708,1373
739.592803,43.811833,42.972125,1374
739.639913,28.343000,27.665167,1375
739.668043,26.819041,26.362875,1376
739.714162,41.440583,40.816708,1377
739.879307,39.919833,39.433625,1378
740.024152,38.404333,38.002709,1379
740.058128,52.040916,51.345000,1380
740.127577,67.514417,67.094417,1381
740.136360,36.002458,35.486500,1382
740.243428,70.613375,69.782125,1383
740.334734,102.771959,101.800708,1384
740.349454,115.082916,114.244959,1385
740.391629,124.813500,123.965625,1386
740.427439,88.083334,87.518083,1387
740.486758,80.937500,80.373709,1388
740.619166,113.059042,111.682959,1389
740.673515,135.743417,134.988292,1391
740.684858,150.672667,149.563167,1390
740.748609,200.211084,199.366417,1392
740.818931,120.276917,119.481542,1396
740.837326,163.774042,122.328791,1395
740.858864,278.144709,277.237917,1393
740.940625,101.169834,100.429583,1399
740.952205,302.876292,301.149042,1394
741.015157,56.030334,55.506792,1401
741.020290,90.394792,88.867334,1400
741.023857,316.122042,315.357875,1397
741.089117,60.183667,59.703000,1404
741.095156,366.717750,366.044000,1398
741.109976,64.733667,64.189708,1405
741.128651,161.235667,160.533333,1402
741.174699,168.599667,167.815375,1403
741.243457,70.727417,70.160125,1407
741.250080,179.973209,176.435000,1406
741.254602,61.203042,60.633708,1408
741.278087,51.200917,50.570334,1409
741.337076,53.972041,53.394833,1410
741.385522,91.737625,91.142917,1411
741.389274,65.195959,64.248334,1413
741.390127,76.081542,75.422376,1412
741.454624,57.102209,56.322875,1418
741.456872,117.494708,116.989834,1414
741.512157,163.235626,161.863917,1415
741.536482,58.753625,58.257208,1420
741.548266,137.978459,96.990250,1419
741.562425,206.029251,205.187208,1416
741.603288,237.947208,237.369416,1417
741.639034,132.996500,132.261208,1421
741.715690,42.988458,42.471917,1422
741.736106,36.626334,36.051458,1423
741.795751,36.066625,35.388792,1424
741.905464,66.104500,65.515917,1425
742.006739,78.533291,77.947042,1426
742.048390,42.335417,41.745667,1427
742.212093,76.192375,75.464959,1428
742.229830,69.241375,68.496459,1430
742.244226,85.727542,84.949666,1429
742.251156,78.447250,77.782833,1431
742.366645,27.251875,26.950875,1432
742.556775,50.703042,50.061958,1433
742.593738,46.778083,46.053584,1434
742.625149,52.906000,52.150875,1435
742.726953,54.244750,53.751833,1436
742.773422,26.572000,25.970876,1438
742.793338,60.296250,59.650209,1437
742.866090,57.806000,57.385417,1439
742.886087,46.714792,46.218959,1440
742.936605,60.704584,59.926125,1442
742.938644,80.749958,80.177125,1441
742.957398,64.307542,63.703208,1443
743.044633,38.553084,38.091667,1444
743.185571,44.029416,43.554292,1445
743.241216,68.495000,67.742791,1446
743.254651,42.014875,41.635125,1447
743.381271,41.885083,41.593125,1448
743.547531,41.486083,40.896333,1450
743.547536,47.034166,46.446166,1449
743.718068,45.349208,44.622083,1451
743.737419,48.884208,48.405000,1452
743.806490,38.172167,37.538667,1454
743.823364,60.806375,60.256875,1453
743.857410,76.261208,75.713167,1455
743.882348,79.736708,79.099125,1456
743.891961,52.633000,52.178000,1457
744.046830,40.716667,40.183500,1458
744.065492,49.789250,49.129500,1459
744.110440,51.631708,50.956792,1460
744.135021,32.552917,31.913584,1461
744.176160,62.999125,62.211917,1462
744.228102,55.356584,54.616625,1463
744.240478,50.260875,49.768833,1464
744.256095,53.990416,53.476208,1465
744.305667,57.512584,56.991958,1466
744.380621,41.248083,40.674958,1467
744.421217,27.224459,26.717833,1468
744.482323,54.673500,53.959209,1470
744.491082,72.976166,72.217833,1469
744.501135,62.823541,62.064042,1471
744.556707,50.635959,50.276917,1472
744.667423,41.857666,41.233500,1473
744.732028,59.280667,57.974291,1474
744.742850,54.476042,52.944500,1476
744.761950,74.176958,73.534416,1475
744.801237,51.683042,50.976334,1477
744.830832,45.972208,45.273958,1479
744.863756,82.838000,82.029501,1478
744.873435,70.984084,70.208250,1480
744.911176,71.773042,71.073917,1482
744.923604,86.908500,86.336834,1481
744.945726,49.741125,49.045792,1483
744.960760,58.048958,57.338459,1484
745.005362,56.628834,56.016042,1485
745.034346,71.117958,70.453834,1486
745.068657,99.234625,98.657125,1487
745.071880,65.780167,65.290459,1489
745.098972,118.158250,117.658334,1488
745.158534,51.076667,50.403792,1490
745.248783,75.995500,75.239208,1491
745.297562,80.015250,79.440667,1492
745.432415,91.799458,90.815667,1493
745.456453,89.170667,88.405333,1494
745.538371,104.143375,103.620417,1495
745.574923,115.890251,115.253834,1496
745.616981,110.891375,110.113500,1497
745.636683,127.045625,126.245583,1498
745.743828,183.467667,182.555334,1499
745.796319,123.264458,122.556875,1500
745.815056,137.183375,136.553958,1501
745.864983,157.570583,156.370375,1502
745.940473,110.794250,110.114959,1506
745.957625,125.198500,124.104750,1507
745.981716,241.457125,240.222792,1503
746.002784,51.562875,50.623709,1510
746.017340,239.467375,238.101209,1504
746.063285,58.929792,58.534000,1511
746.099734,310.327791,309.659875,1505
746.099734,93.666125,93.034667,1512
746.124893,53.487291,52.925833,1514
746.144302,304.798667,303.228333,1508
746.185563,324.219000,323.448709,1509
746.226895,54.191083,53.279916,1517
746.234707,201.930166,201.262833,1513
746.271520,36.981001,36.525126,1518
746.285612,208.190500,207.604542,1515
746.351205,264.774709,223.279292,1516
746.385341,45.947125,45.407834,1519
746.399507,49.629125,49.086041,1520
746.453942,34.405000,33.880875,1521
746.502818,68.781417,68.161333,1522
746.548286,42.217292,41.930000,1523
746.637203,31.557750,31.164583,1524
746.700640,74.078958,73.525083,1525
746.717560,44.471000,43.953584,1527
746.730612,57.892917,57.265542,1526
746.771429,27.345791,26.891667,1528
746.893639,35.560875,35.190166,1531
746.898087,63.603458,63.091292,1529
746.903129,63.728875,63.090709,1530
747.016667,39.394833,39.027917,1532
747.073405,52.556875,52.068916,1534
747.086543,80.461209,79.841709,1533
747.113719,72.589709,71.278959,1535
747.139160,94.048791,91.542791,1536
747.165803,61.231042,60.557291,1538
747.192393,126.121042,125.552875,1537
747.204861,77.828333,77.185792,1539
747.225106,52.385375,51.929791,1540
747.273823,46.457833,45.848250,1541
747.353173,45.842417,45.282125,1542
747.382655,43.259417,42.484750,1543
747.451281,59.077667,58.601959,1544
747.488268,50.937250,50.453084,1546
747.494694,57.393292,57.031625,1545
747.546991,40.917625,40.459125,1547
747.738619,65.902083,65.199459,1548
747.820826,42.386750,41.922708,1549
747.883911,44.551500,44.123916,1551
747.896730,59.749084,59.153500,1550
747.931226,54.377167,53.860917,1552
747.956134,45.345417,44.582417,1554
747.979654,70.683375,70.109084,1553
748.047137,41.018833,40.452416,1556
748.050882,44.803792,44.340042,1555
748.165312,34.162042,33.805917,1557
748.200232,27.496000,26.875334,1559
748.224887,71.238417,70.615125,1558
748.277848,41.389833,40.876791,1560
748.375300,35.888417,35.191917,1561
748.409838,25.585875,25.076041,1562
748.527818,31.248875,30.845791,1563
748.584872,78.806875,78.206042,1564
748.668142,74.072834,73.546083,1565
748.718146,48.673625,48.082417,1566
748.720772,48.029041,47.486250,1567
748.829370,63.001750,62.583500,1568
748.891267,51.893917,51.373584,1569
748.953129,37.014834,36.513459,1570
749.057510,40.741751,40.037959,1572
749.062900,56.807334,56.316750,1571
749.243929,71.207791,70.538125,1573
749.305627,59.154375,58.734667,1574
749.328046,59.170708,58.807875,1575
749.360353,72.036708,71.405834,1576
749.383094,43.712958,42.978542,1577
749.498984,43.597750,42.922250,1578
749.526525,40.574042,39.659083,1579
749.556659,50.573834,50.033959,1580
749.742723,70.003500,69.504458,1581
749.876360,36.916834,36.144500,1583
749.876686,46.815416,46.292166,1582
749.969866,53.435375,52.821417,1584
750.021882,50.781792,50.168416,1585
750.055950,49.913792,49.044625,1586
750.145637,45.444875,44.664958,1587
750.205837,72.130334,71.633042,1589
750.228103,100.251375,99.146833,1588
750.271720,98.483875,97.212791,1590
750.430050,90.471792,89.734750,1591
750.452299,95.391625,94.766876,1592
750.501678,81.964458,81.202334,1593
750.575145,69.005125,68.053417,1594
750.659555,70.609292,69.465375,1595
750.733406,60.678333,59.799833,1596
750.878800,45.045875,44.333625,1597
750.901296,67.503333,66.688708,1598
750.902662,63.227500,62.606542,1599
751.061111,55.092917,54.456208,1600
751.116623,53.845750,53.066125,1601
751.213167,40.442209,39.979625,1602
751.382707,43.296750,42.630875,1603
751.542359,36.283333,35.814333,1604
751.709519,36.823208,36.197292,1605
751.899691,60.292458,59.555126,1606
751.907742,49.717792,49.028291,1607
751.927823,65.990458,65.125667,1608
752.053488,47.387375,46.697583,1609
752.145969,45.139208,44.537208,1610
752.185510,59.055208,58.512708,1611
752.247440,74.693208,74.139333,1612
752.325971,41.944583,41.032541,1613
752.381826,42.443334,41.825000,1614
752.460649,43.492750,42.579542,1615
752.533347,27.293875,26.837125,1616
752.600649,41.121792,40.659500,1617
752.742893,70.154292,69.610625,1618
752.873291,33.928417,33.581625,1620
752.893392,75.872416,75.168334,1619
753.037667,31.574958,31.146791,1621
753.215393,42.652750,41.897333,1622
753.379960,40.575792,40.107375,1623
753.421136,49.629709,49.036459,1624
753.493380,30.264792,29.808917,1625
753.542587,36.505000,35.974750,1626
753.585858,62.862625,62.211916,1627
753.600524,42.154583,41.692000,1628
753.713673,40.977708,40.498208,1629
753.880237,40.832166,40.019291,1630
754.034146,28.052500,27.478209,1631
754.202178,29.476416,29.097250,1632
754.370201,30.816042,30.284041,1633
754.484908,40.792500,40.300750,1634
754.575898,69.859417,69.351625,1635
754.707060,50.860250,50.220916,1636
754.719498,46.785959,46.072833,1637
754.901165,61.827792,61.155208,1638
755.042316,36.253583,35.953459,1639
755.255599,82.400500,81.462500,1640
755.298850,78.564208,77.954917,1641
755.407546,68.084916,67.443542,1642
755.583888,77.746375,77.023042,1643
755.689949,79.210833,78.168125,1644
755.757356,84.413000,83.387792,1645
755.793437,79.121000,77.557958,1646
755.866801,27.395375,26.849667,1647
756.053930,47.815251,47.101834,1648
756.246085,73.361458,72.602542,1649
756.271290,28.527625,27.787667,1650
756.301637,38.336667,37.736417,1651
756.367501,28.112292,27.711834,1653
756.377118,88.880750,88.144875,1652
756.551630,45.580792,45.003584,1654
756.563216,39.059417,38.473167,1655
756.669765,36.249500,35.719833,1656
756.699965,27.273458,26.809417,1657
756.863872,45.010875,44.254000,1658
756.878038,38.620750,37.896541,1659
756.934976,69.142791,68.595333,1660
757.022835,55.228250,54.709084,1661
757.081068,74.984875,74.189792,1662
757.112484,45.180333,44.647458,1663
757.206483,33.756917,33.124875,1665
757.239921,75.944459,75.212959,1664
757.259155,36.083834,35.318208,1666
757.418965,79.601083,79.048375,1667
757.558320,52.267833,51.808167,1668
757.605185,45.640584,45.270458,1669
757.724787,52.070666,51.436000,1670
757.755715,43.084125,42.499917,1671
757.880394,40.974792,40.498208,1672
758.042627,36.549041,36.053208,1673
758.143147,52.285042,51.784834,1674
758.216095,43.356833,42.785458,1676
758.217800,53.332709,52.857292,1675
758.378833,39.480292,38.879166,1678
758.412657,82.593584,81.941417,1677
758.522253,65.828875,65.380584,1679
758.564351,58.257500,57.587542,1680
758.595827,38.104500,37.538958,1681
758.715402,42.658000,42.026250,1683
758.718431,54.059833,53.503042,1682
758.816656,52.575250,52.068917,1684
758.896722,57.341083,56.699417,1685
759.057660,51.553834,50.927334,1686
759.096113,62.115959,61.459125,1687
759.213893,41.192666,40.663000,1688
759.374350,34.988333,34.624042,1689
759.542357,36.290917,35.823667,1690
759.718832,46.135833,45.838916,1691
759.881840,42.482125,41.869625,1692
759.951880,37.929208,37.567542,1693
760.045625,49.250542,48.554333,1694
760.047860,41.813333,41.338791,1695
760.158378,35.934500,35.215541,1696
760.245956,73.143583,72.312334,1697
760.402659,108.884417,108.345417,1698
760.427133,104.741000,104.065208,1699
760.453919,114.502792,109.022958,1700
760.593715,85.526583,84.773208,1701
760.753978,81.207000,80.358250,1702
760.893123,53.751250,53.096750,1703
761.043668,37.620334,37.004333,1705
761.055875,53.820666,53.267375,1704
761.213796,41.103417,40.430834,1706
761.373762,34.379625,33.715208,1707
761.547402,41.321000,40.779375,1708
761.563906,43.593666,42.987291,1709
761.612852,38.921750,38.395875,1710
761.650983,54.624792,53.932084,1711
761.706388,33.674375,33.161625,1712
761.883599,44.231541,43.687000,1713
761.940862,70.147000,69.419292,1714
761.952759,44.645708,44.227167,1715
762.053353,47.259917,46.801125,1716
762.200379,27.655542,27.142500,1717
762.274281,40.096292,39.382291,1718
762.359358,37.911125,37.366292,1719
762.399606,60.204375,59.507583,1720
762.545223,39.184542,38.504958,1721
762.609322,76.655833,75.820500,1722
762.700165,27.425125,26.896334,1723
762.841607,41.618208,40.858125,1724
762.885333,45.934292,45.386833,1725
762.958754,35.427291,34.760542,1726
763.041815,35.717792,35.200667,1727
763.156435,29.594250,29.109208,1728
763.216764,44.072584,43.610292,1729
763.278021,37.607792,37.239708,1730
763.371888,57.920333,57.249208,1731
763.395941,56.549209,56.000291,1732
763.512130,62.166125,61.375708,1733
763.544705,38.630083,38.073000,1734
763.680182,70.906791,70.175291,1735
763.708063,35.362250,35.010791,1736
763.865176,25.784208,25.221875,1737
764.042799,36.730750,36.117666,1738
764.135773,40.044666,39.583834,1739
764.213021,30.322250,29.858500,1741
764.240504,67.750958,67.032000,1740
764.287620,36.412250,35.947916,1742
764.327802,36.250667,35.781375,1743
764.382172,42.788667,42.143500,1744
764.542126,36.096667,35.792750,1745
764.726606,63.662083,62.940500,1746
764.731096,58.345000,57.781791,1747
764.743071,59.738584,59.075916,1748
764.888416,49.057166,48.551708,1749
765.042503,36.386583,35.927209,1750
765.154839,49.005542,48.534792,1751
765.231477,91.305666,90.634542,1752
765.287411,121.881958,121.205875,1753
765.295908,119.794500,119.183750,1754
765.376361,163.280542,161.761834,1756
765.465808,252.953750,251.779500,1755
765.465911,126.427292,125.724667,1757
765.510323,98.660625,97.759375,1758
765.576467,70.337458,68.257292,1759
765.708389,104.480833,103.543125,1760
765.723807,113.168708,112.401916,1761
765.823091,166.399041,165.301209,1762
765.825795,152.803875,152.138000,1763
765.862857,124.611376,123.800542,1764
765.916637,76.470625,75.671750,1765
765.967371,30.085125,29.680583,1766
766.052301,46.271750,45.981542,1767
766.086533,41.637750,41.013000,1768
766.216667,45.360000,44.709000,1769
766.218070,45.332291,44.930375,1770
766.341978,40.896916,40.445125,1771
766.404940,65.538958,65.139959,1772
766.446807,35.074959,34.804583,1773
766.547825,41.769584,41.312834,1774
766.710080,37.320791,36.960875,1776
766.734088,77.184333,76.503000,1775
766.784872,35.450333,34.996500,1777
766.879601,40.234833,39.852750,1778
766.934432,73.104500,72.416458,1779
767.055557,49.482125,48.813625,1780
767.247161,74.453751,73.888792,1781
767.399820,60.456959,60.041916,1782
767.548519,42.435167,41.889750,1784
767.557673,69.242541,68.673500,1783
767.723363,50.641500,50.076542,1785
767.886286,46.881916,46.283125,1786
767.939172,66.353292,65.580375,1787
768.031787,25.783625,25.102875,1788
768.210907,38.194333,37.764417,1789
768.275581,74.614459,73.788458,1790
768.310373,37.691500,37.145209,1791
768.388717,49.301875,48.767542,1792
768.402929,52.884417,52.329959,1793
768.553030,46.938792,46.624083,1794
768.681277,43.373458,42.929541,1795
768.738678,49.555334,49.102667,1797
768.741442,68.750792,68.084917,1796
768.805586,86.692958,86.120708,1798
768.855209,37.570166,36.988292,1799
768.901456,62.056167,61.316208,1800
769.071644,65.582125,65.150166,1801
769.204588,56.590334,56.141458,1802
769.226923,54.215000,53.630791,1803
769.316954,37.112834,36.626041,1804
769.373960,34.573000,34.003083,1805
769.554443,48.370292,47.852292,1806
769.585572,36.173959,35.417667,1807
769.717569,44.821000,44.167666,1808
769.893485,54.099500,53.364792,1809
769.898425,36.667459,36.189709,1810
770.070511,64.433833,63.757751,1811
770.211536,71.840125,71.281000,1812
770.261999,89.091042,88.358667,1813
770.312903,63.306542,62.742750,1814
770.412236,72.818666,72.285500,1815
770.553649,89.471667,88.667250,1816
770.594469,87.913584,87.235458,1817
770.772888,100.060042,99.269625,1818
770.785789,112.452376,111.833750,1819
770.825525,107.546250,106.773917,1820
770.878453,73.677333,72.837041,1821
770.881760,42.387042,41.655542,1822
771.041256,35.182875,34.711833,1823
771.213722,41.024375,40.430542,1824
771.303180,27.919208,27.377291,1825
771.370896,31.511959,30.832375,1826
771.546328,54.928125,54.394375,1827
771.547980,41.937875,41.342291,1828
771.702064,29.357709,28.912625,1829
771.912288,72.895958,72.253125,1830
772.053491,60.231209,59.713208,1831
772.065682,53.583250,52.898417,1833
772.068376,62.305541,61.770917,1832
772.218792,46.075458,45.623667,1834
772.310049,68.904500,68.466125,1835
772.337664,44.488209,44.023875,1836
772.380418,41.025542,40.402833,1837
772.533368,27.282500,26.826041,1838
772.710538,37.816042,37.224834,1839
772.742131,60.266500,59.326459,1840
772.758729,61.167167,60.303250,1841
772.775715,49.617166,48.985125,1842
772.848092,61.026000,60.440917,1843
772.902889,63.491750,62.896458,1844
773.060094,54.009666,53.302667,1845
773.142543,47.441916,46.766709,1846
773.217639,44.919875,44.421417,1847
773.379477,40.076458,39.593167,1848
773.393822,44.341500,43.719667,1849
773.503424,68.649875,68.028625,1850
773.547708,41.627251,41.068125,1851
773.582807,46.887458,46.205834,1852
773.621864,44.705792,43.924125,1853
773.702105,29.351000,28.835041,1854
773.867493,28.107916,27.468583,1855
773.957600,37.315250,36.780917,1856
773.973160,40.487416,39.796750,1857
774.040949,34.873708,34.421333,1858
774.199837,27.162917,26.796583,1859
774.385379,46.018583,45.508750,1860
774.478868,60.674833,60.165583,1861
774.555299,49.257542,48.660500,1862
774.722026,49.265125,48.536250,1863
774.799605,37.169125,36.650833,1864
774.884238,44.856875,44.385833,1865
775.046119,40.061000,39.501292,1866
775.251603,78.827875,78.028125,1867
775.295429,89.023375,88.398333,1868
775.364264,75.886125,74.935875,1869
775.413161,73.599458,72.854542,1870
775.539279,102.735792,100.378250,1871
775.609518,135.883125,135.101166,1872
775.619273,135.795917,134.834000,1873
775.630119,123.756500,118.408209,1874
775.729056,89.167750,88.480583,1875
775.758784,86.026792,85.229666,1876
775.906549,66.068917,65.165041,1877
776.047667,41.574166,41.282209,1878
776.095920,43.444917,43.022000,1879
776.213187,40.464375,39.889208,1880
776.286332,39.389291,38.786709,1881
776.321355,66.063084,65.586792,1882
776.383597,44.228333,43.797542,1883
776.552844,46.761167,46.266500,1884
776.748699,75.938333,75.234250,1885
776.807680,40.609334,40.106209,1886
776.879087,39.703417,39.185709,1887
777.055608,59.165458,58.376209,1888
777.062372,51.835000,51.015417,1890
777.071316,65.219584,64.610875,1889
777.212646,39.941709,39.372084,1891
777.238298,47.361708,46.627000,1892
777.308943,52.456833,51.942917,1893
777.384675,45.287083,44.671958,1894
777.484913,58.972083,58.371541,1895
777.548373,42.336292,41.911041,1896
777.667738,72.415583,71.724333,1897
777.699753,45.029250,44.600500,1898
777.728539,55.816542,55.097584,1899
777.755495,41.636875,40.986458,1900
777.880354,40.973333,40.529125,1901
778.064476,58.404500,57.724042,1902
778.218677,45.970458,45.445167,1903
778.385824,46.443542,45.771542,1904
778.543721,37.686834,37.049833,1905
778.657117,37.516792,36.969333,1906
778.719248,46.526083,45.864875,1907
778.892508,53.150709,52.517208,1908
779.040542,38.990584,38.506708,1909
779.058331,52.241875,51.491709,1910
779.137842,47.252333,46.731125,1911
779.185230,57.673000,57.003042,1912
779.216053,43.345750,42.726541,1913
779.372659,33.282959,32.883667,1914
779.409881,65.946416,65.101750,1915
779.538657,32.563417,32.200000,1916
779.650119,66.867500,66.149708,1917
779.713564,40.866875,40.357625,1918
779.762385,42.710791,42.220500,1919
779.821028,41.332959,40.814084,1920
779.885117,45.739167,45.261125,1921
780.047412,41.380208,40.964584,1922
780.077084,47.854334,47.195750,1923
780.267884,93.566084,92.655500,1925
780.269965,97.147750,96.345375,1924
780.452790,106.409917,105.612208,1927
780.463316,123.913125,123.306750,1926
780.475621,125.893250,125.220959,1928
780.574064,67.969125,66.966667,1929
780.754351,80.453042,78.758167,1930
780.917376,78.002167,77.336583,1931
781.041270,35.232750,34.762584,1932
781.206543,33.809126,33.309792,1933
781.252511,71.107167,70.458500,1934
781.308430,40.181458,39.724417,1935
781.365151,25.783334,25.183084,1936
781.426165,25.948708,25.403000,1937
781.553661,47.596500,47.165708,1938
781.555038,44.231834,43.644417,1939
781.618544,50.951541,50.520750,1940
781.626397,52.032750,50.980417,1941
781.729973,57.247167,56.661792,1942
781.880246,40.862208,40.464375,1943
782.042490,36.429750,35.933917,1944
782.098101,41.324500,40.603792,1945
782.155810,41.786500,41.288917,1946
782.209266,36.544083,36.080625,1947
782.371077,32.630208,32.265625,1948
782.397131,57.738041,57.346917,1949
782.426493,49.824541,49.223416,1950
782.526776,49.107041,48.521958,1951
782.548853,42.786041,42.257541,1952
782.706792,46.023250,45.602375,1953
782.724229,51.494917,51.022125,1954
782.883542,47.029792,46.305875,1955
782.892990,53.589667,52.765125,1956
782.919234,43.323583,42.804125,1957
783.061600,44.219583,43.445500,1959
783.066127,60.080125,59.527708,1958
783.114176,78.864042,78.241333,1960
783.137220,25.601042,25.140500,1961
783.208354,35.622709,34.979583,1962
783.251861,33.003834,32.602500,1963
783.312532,36.454542,35.788375,1964
783.381086,41.692000,41.161459,1965
783.417590,41.550542,41.089708,1966
783.579770,73.714083,73.359125,1967
783.709343,36.642666,35.984958,1969
783.720813,57.666583,57.217708,1968
783.765985,48.500958,47.915583,1970
783.792304,63.521792,62.755292,1971
783.875374,35.981459,35.615125,1972
783.939083,57.512292,56.962209,1973
783.955101,44.708125,44.017750,1974
783.985255,38.182667,37.546833,1975
784.047569,41.493958,40.891083,1976
784.125502,41.426875,40.758958,1977
784.220728,48.025541,47.430833,1978
784.221331,39.510042,39.099375,1979
784.314771,49.161875,48.756750,1980
784.418201,78.810375,78.096375,1981
784.492664,51.987833,51.470125,1982
784.503491,50.814459,50.264083,1983
784.552557,46.489916,46.032584,1984
784.588233,43.194667,42.546875,1985
784.712475,39.761458,39.307917,1986
784.851669,77.958125,77.373625,1987
784.874715,35.318208,34.834625,1988
784.939617,75.571708,74.773708,1989
785.021625,67.827083,67.292750,1990
785.064733,36.137209,35.663542,1992
785.072687,66.642333,66.077083,1991
785.103963,74.492833,72.250209,1993
785.178418,44.169125,43.756416,1994
785.236641,85.595125,84.866833,1995
785.276064,103.337208,100.784250,1996
785.329270,85.185625,84.340667,1997
785.381130,80.837167,80.165166,1998
785.446487,107.120417,106.305501,1999
785.455097,110.677292,109.171417,2000
785.595329,107.497833,106.881833,2001
785.638589,132.188583,131.546625,2002
785.640590,129.448083,128.520292,2003
785.688790,115.380708,114.701709,2004
785.748481,75.675833,74.759708,2005
785.826946,101.686667,100.879333,2006
785.831457,97.251291,94.760750,2007
785.954804,115.168375,114.709584,2008
785.959592,115.075625,114.372417,2009
785.990489,107.105250,106.451625,2010
786.038542,41.197625,40.596500,2011
786.060746,54.688083,54.192250,2012
786.213658,40.944459,40.490917,2013
786.331557,52.827250,52.153792,2014
786.342907,48.276375,47.376583,2015
786.379079,39.676583,38.899583,2016
786.517342,42.820167,42.326084,2017
786.549407,43.331458,42.842041,2018
786.564359,46.776917,46.215458,2019
786.601324,46.029375,45.505833,2020
786.733785,61.011125,60.186292,2022
786.739478,70.657709,69.798458,2021
786.747603,70.523833,69.561917,2023
786.778666,76.725541,75.947666,2024
786.816597,46.163251,45.503500,2025
786.840164,46.283709,45.742084,2026
786.882437,43.031333,42.491750,2027
786.923275,39.120083,38.594791,2029
786.926359,74.959500,74.333875,2028
786.994381,53.413792,52.906291,2030
787.010368,45.219417,44.683042,2031
787.088423,82.352958,81.644209,2032
787.210811,71.450167,70.884334,2033
787.221637,48.909000,48.126167,2034
787.229435,38.544625,37.971500,2035
787.382408,43.018500,42.309458,2036
787.430183,30.732333,30.059458,2037
787.531803,25.737542,25.225958,2038
787.621318,24.915333,24.463542,2039
787.667320,35.970959,35.423500,2040
787.712925,36.777125,36.074500,2042
787.735417,62.685292,62.324792,2041
787.762330,74.588500,73.735084,2043
787.807864,43.112125,42.575750,2044
787.863753,43.869875,43.454250,2045
787.898540,59.146792,58.579208,2046
787.899663,53.426333,52.693666,2047
787.986170,27.119750,26.650458,2048
788.039106,33.041166,32.535125,2049
788.100966,28.008459,27.545583,2050
788.160695,81.461625,80.900458,2051
788.200352,27.612375,27.157084,2052
788.240948,31.572917,30.888667,2053
788.285374,32.145458,31.618708,2054
788.347697,74.948125,74.278167,2055
788.379615,40.243292,39.603958,2056
788.444323,55.956834,54.366667,2059
788.449363,78.690209,77.911167,2057
788.469550,92.622250,91.755417,2058
788.487815,73.743834,73.091958,2060
788.535743,113.401166,112.889292,2061
788.543309,37.226292,36.482834,2062
788.660887,58.586500,57.903417,2063
788.667158,41.101083,40.455334,2064
788.715950,43.229083,42.709917,2065
788.739129,46.241125,45.481334,2066
788.784686,58.624417,58.090375,2067
788.786415,40.425291,39.789458,2068
788.870483,31.102458,30.514167,2069
788.897345,52.370792,51.791833,2070
788.960977,74.607167,74.070500,2071
789.025296,42.110833,41.405875,2072
789.057908,51.847541,51.153375,2073
789.069962,50.867834,50.408166,2074
789.213182,40.459709,39.768458,2075
789.346129,40.605833,39.939958,2076
789.375097,49.463459,49.020125,2077
789.407995,68.626250,67.975834,2078
789.472488,38.171292,37.699083,2079
789.554256,48.223875,47.813791,2080
789.702197,48.851250,48.382542,2081
789.715674,42.953750,42.364292,2082
789.811837,45.931375,45.413375,2083
789.868961,37.572500,37.009291,2084
789.904773,65.350834,64.726959,2085
790.000902,28.208833,27.451667,2086
790.043348,37.242042,36.558375,2087
790.104277,34.860875,34.574750,2088
790.255926,83.144833,82.302500,2089
790.290171,97.313709,95.901750,2090
790.331624,71.920626,71.255334,2091
790.407470,68.038250,67.405042,2092
790.610643,104.519334,103.985292,2093
790.638915,123.766125,122.665667,2094
790.666235,126.381791,125.768125,2095
790.729166,174.321292,173.172125,2096
790.776920,104.197041,103.287041,2097
790.866097,138.039125,136.657792,2098
790.878922,132.878667,132.212208,2099
790.904953,125.903167,124.667958,2100
790.924254,102.926833,102.332417,2101
790.988731,149.354625,148.890583,2102
790.996460,87.323834,86.812250,2103
791.000971,71.312792,70.795084,2104
791.049197,43.164625,42.781375,2106
791.059476,118.132292,114.641042,2105
791.087575,67.473000,66.754917,2107
791.090262,68.334291,67.749208,2108
791.217393,44.693250,44.080167,2109
791.226848,38.166042,37.625000,2110
791.272730,46.111042,45.422417,2111
791.283514,44.597875,44.099708,2112
791.328190,46.873458,46.315500,2113
791.382549,52.355333,51.915209,2114
791.386560,47.187000,46.702833,2115
791.502470,39.977875,39.506542,2116
791.544447,38.385959,37.864750,2118
791.551542,62.727875,62.060250,2117
791.591228,44.864166,44.093291,2119
791.710904,38.174501,37.662626,2120
791.734066,48.260917,47.586584,2121
791.764885,43.251250,42.567875,2122
791.869990,30.610417,30.212000,2123
791.919158,43.849459,43.142458,2124
791.979949,41.209000,40.697708,2125
792.046077,40.029209,39.501583,2126
792.201518,28.795375,28.070292,2127
792.241928,58.604292,57.963500,2128
792.269123,24.975416,24.499708,2129
792.320425,36.248625,35.712833,2130
792.409867,70.481250,69.964417,2131
792.539620,33.547209,33.077333,2132
792.564278,46.215458,45.621625,2133
792.617931,68.428208,68.012292,2134
792.635901,39.400083,38.934292,2135
792.718397,45.678208,45.018458,2136
792.838264,27.122375,26.627708,2137
792.888386,48.973750,48.339958,2138
792.899367,59.040041,58.662917,2139
792.921337,51.522916,51.113708,2140
792.971379,36.713834,36.244833,2141
793.017684,52.772417,52.105083,2142
793.071484,65.394000,64.798708,2143
793.165688,52.603541,52.075916,2144
793.206920,34.201125,33.731833,2146
793.219421,66.258500,65.636667,2145
793.334962,41.450500,40.880000,2148
793.340927,58.450292,57.888250,2147
793.393141,53.755625,53.092667,2149
793.422466,48.429209,47.875334,2150
793.444532,44.341792,43.838083,2151
793.485134,51.166792,50.180667,2152
793.502252,54.735625,54.154333,2153
793.536736,30.682750,30.191584,2155
793.552111,82.495875,81.935875,2154
793.619603,37.688583,37.345000,2156
793.701689,32.215458,31.712041,2159
793.725429,72.407125,71.853833,2157
793.734968,66.102750,65.606041,2158
793.776550,70.004375,69.402083,2161
793.800563,127.850042,126.143208,2160
793.820550,63.417375,62.825000,2163
793.859031,128.394292,127.889417,2162
793.873598,64.607958,64.096375,2164
793.880133,40.755166,40.343334,2165
794.047817,41.734000,41.255375,2167
794.054508,54.994041,54.539042,2166
794.111195,35.881125,35.326958,2168
794.145546,36.617875,35.864500,2169
794.205288,55.153875,54.625084,2170
794.213308,58.694125,57.835167,2171
794.246199,73.492417,72.900334,2172
794.385902,46.522583,46.011583,2173
794.452442,39.570417,38.949750,2175
794.459207,47.221417,46.643917,2174
794.549282,43.225000,42.878208,2176
794.564736,55.726125,55.233500,2177
794.629913,53.680958,53.186000,2178
794.717599,38.715542,38.026625,2180
794.732993,60.290708,59.685791,2179
794.767925,65.114292,64.309000,2181
794.788578,59.043250,58.208500,2182
794.821756,79.608375,77.964834,2183
794.828671,54.699458,54.098333,2184
794.860196,48.087084,47.389125,2185
794.895525,56.195708,55.558417,2186
794.899187,39.300917,38.808583,2187
794.963025,48.367959,47.567333,2189
794.968424,33.824584,33.250000,2190
794.983689,86.163583,85.359458,2188
795.005693,28.108208,27.307000,2191
795.045918,39.845750,39.325125,2192
795.111801,41.450208,40.762459,2193
795.153875,36.131958,35.449750,2194
795.288090,115.343376,114.942042,2195
795.308907,126.311501,125.645334,2196
795.318155,132.719708,132.129375,2197
795.412525,92.780916,92.169000,2200
795.421188,185.395584,182.478042,2198
795.479636,140.050166,139.153875,2201
795.542995,304.765417,303.766458,2199
795.556846,136.330250,134.866375,2203
795.629800,123.726459,122.169833,2204
795.657415,307.779500,306.980333,2202
795.724754,139.792917,139.379917,2206
795.777286,239.185333,235.165584,2205
795.793575,127.456875,126.499917,2207
795.851079,120.637125,120.088500,2210
795.877893,205.200625,200.129125,2208
795.954951,115.154084,112.333958,2211
795.964745,240.878751,238.875875,2209
796.042513,108.383916,107.599917,2213
796.053930,210.807042,209.079792,2212
796.069508,62.845416,62.199375,2214
796.206923,34.200834,33.502583,2216
796.210848,62.884791,62.456625,2215
796.284463,48.297375,47.685458,2217
796.350726,55.809250,55.265875,2218
796.369369,73.190833,72.592916,2219
796.387188,47.805625,47.174167,2220
796.401674,57.408166,56.672292,2221
796.565489,59.368166,58.895083,2222
796.577171,40.200417,39.657917,2223
796.644804,57.599791,57.133417,2224
796.663045,56.759791,56.121917,2226
796.669397,73.253833,72.704333,2225
796.728192,53.287208,52.558042,2230
796.730990,91.196000,90.509417,2227
796.763457,115.073584,114.448250,2228
796.776913,104.200250,103.410416,2229
796.791823,87.614625,86.970625,2231
796.874080,34.718250,34.182458,2232
797.062803,60.944334,60.401250,2233
797.067434,64.406417,63.886958,2235
797.078977,76.941375,76.494250,2234
797.145467,139.372042,138.190208,2236
797.188966,157.780875,157.075042,2237
797.220533,47.816708,47.453875,2239
797.236811,71.074500,70.446250,2238
797.290750,72.829167,72.161250,2240
797.305035,42.923125,42.552417,2241
797.374069,57.921500,57.311333,2243
797.377349,73.748208,73.109458,2242
797.391915,52.582250,52.174209,2244
797.556643,50.592209,49.919333,2245
797.694366,45.107125,44.221042,2247
797.699824,56.488833,55.791458,2246
797.719857,51.756542,51.401584,2248
797.753262,80.499125,79.802334,2249
797.811802,57.701875,57.159667,2252
797.812647,80.743542,80.157292,2251
797.818947,87.948875,87.339292,2250
797.876627,37.265375,36.598917,2253
797.926768,36.317459,35.856041,2254
798.011244,47.641417,46.958625,2255
798.035911,60.725584,60.212833,2256
798.054095,54.764208,53.923917,2257
798.086177,80.105083,79.340333,2258
798.221979,49.281459,48.769584,2259
798.290451,47.271000,46.704583,2260
798.376253,51.307667,50.600959,2261
798.397208,57.821458,57.055541,2262
798.406782,53.096750,52.423583,2263
798.471251,35.448292,34.773083,2265
798.471371,47.175333,46.711875,2264
798.542672,36.637125,36.139542,2266
798.727357,54.657458,54.237167,2268
798.743378,69.080083,68.067417,2269
798.744488,78.421584,77.900958,2267
798.784529,109.954250,109.342917,2270
798.795741,58.745167,58.136750,2271
798.824166,40.441333,39.954250,2272
798.859627,72.823625,71.042125,2273
798.885467,46.072834,45.519542,2274
799.040966,34.849209,34.455166,2275
799.093834,44.648042,44.228625,2276
799.107815,48.285125,47.637625,2277
799.198893,65.109625,64.583167,2278
799.214432,41.742750,41.137250,2279
799.261979,36.411667,35.959583,2280
799.380242,40.858708,40.378625,2281
799.479449,41.887417,41.415500,2282
799.490956,48.376708,47.969250,2283
799.548965,42.906500,42.485625,2284
799.560469,46.535708,45.979792,2285
799.615330,40.234833,39.491375,2286
799.684305,46.811917,46.435083,2288
799.701578,64.828750,64.256208,2287
799.750549,98.886666,98.381500,2289
799.756052,82.935125,82.138292,2290
799.773769,79.652708,78.929959,2291
799.794342,67.480000,66.828125,2292
799.844283,56.465500,55.645625,2293
799.893110,53.727041,52.840084,2294
799.932962,44.424917,43.798125,2296
799.935437,53.452000,52.973958,2295
799.998340,41.244583,40.825750,2297
800.028439,49.514500,48.651458,2298
800.043603,37.517667,36.897875,2299
800.093985,55.257126,54.837708,2300
800.095300,38.243334,37.749834,2301
800.271251,98.458209,97.737791,2303
800.272931,102.192417,100.737000,2302
800.418057,104.963542,104.449041,2304
800.469085,128.915792,128.025625,2306
800.480653,141.249500,140.064167,2305
800.543221,160.310208,156.739916,2307
800.644205,137.928583,137.057958,2309
800.647537,118.260625,117.524167,2310
800.661843,214.490500,210.339792,2308
800.766158,96.550125,96.099500,2311
800.766158,93.142875,92.717625,2312
800.876541,106.952417,106.025792,2314
800.903606,145.470792,144.900584,2313
800.923209,123.703709,123.065834,2315
800.976707,161.036750,160.244875,2316
801.012459,173.015500,172.358667,2317
801.026431,88.571000,87.946250,2320
801.049463,206.808000,206.139209,2318
801.086235,80.128125,79.495791,2321
801.098052,243.603500,242.770500,2319
801.128461,69.654666,69.065500,2322
801.143930,62.122959,61.350625,2323
801.204913,32.173167,31.713208,2324
801.346638,47.324375,46.912834,2325
801.377968,38.576416,37.957209,2326
801.438182,63.360792,62.595166,2327
801.458256,54.747875,54.104167,2328
801.492735,60.550584,59.625709,2329
801.520023,57.899333,57.317459,2330
801.546251,59.863417,59.391500,2331
801.557958,51.880208,51.179041,2332
801.650100,52.883833,52.283000,2333
801.678487,79.369208,78.623708,2334
801.682389,72.437750,71.839541,2335
801.715258,83.256833,82.749916,2336
801.758718,73.000958,72.247292,2340
801.766303,114.825084,114.183125,2337
801.800321,112.412709,71.069541,2341
801.804349,131.623625,130.958625,2338
801.839170,54.183208,53.517625,2343
801.855843,180.730375,180.054000,2339
801.874425,35.083125,34.640666,2344
801.946282,240.064125,198.297750,2342
801.956942,41.462167,40.880291,2345
802.043076,37.032042,36.326500,2346
802.201804,29.098417,28.380042,2347
802.227312,44.188084,43.644708,2348
802.273538,65.697333,65.010458,2349
802.338094,38.597709,38.121417,2350
802.370401,31.004167,30.449125,2351
802.401355,38.227875,37.615958,2352
802.465748,45.602667,45.147667,2353
802.542561,36.475250,35.995458,2354
802.604120,37.879334,37.561125,2355
802.661150,81.965333,81.243750,2356
802.730597,57.854417,57.342542,2358
802.730806,60.875209,60.336209,2357
802.769752,64.393584,63.774083,2359
802.886164,46.794126,46.225667,2360
802.905150,40.947083,40.299584,2361
803.042156,55.395667,54.944167,2363
803.054783,109.011292,108.474042,2362
803.059332,53.293042,52.748500,2364
803.133198,125.570666,125.019417,2365
803.159726,54.873000,54.257583,2367
803.172950,73.877708,73.182958,2366
803.218707,45.986208,45.460042,2368
803.278180,27.577958,27.111292,2369
803.333382,48.441167,47.858125,2370
803.359139,61.893708,61.126917,2371
803.383317,80.727208,80.083500,2372
803.385665,46.291000,45.934291,2373
803.464490,46.993916,46.510041,2374
803.533797,27.722917,27.177500,2376
803.551155,63.117833,62.580583,2375
803.718543,33.885250,33.475750,2378
803.742435,69.717083,69.112167,2377
803.844087,34.667208,34.072792,2380
803.878430,76.054417,75.537291,2379
803.888638,49.303333,48.731958,2381
803.996969,36.478750,35.736750,2382
804.042281,36.207500,35.920791,2383
804.122398,47.547792,47.002375,2384
804.209398,36.677666,36.280417,2385
804.257729,75.853750,74.937333,2386
804.302262,41.574751,41.100500,2387
804.375879,36.493625,36.029584,2388
804.544762,38.680542,38.105084,2389
804.565382,37.096500,36.566250,2390
804.665807,40.463208,39.998000,2391
804.705790,33.071791,32.609500,2392
804.824150,47.973916,47.118166,2393
804.877679,38.314792,37.718625,2394
804.904832,56.760083,55.755292,2395
804.940354,71.240459,70.250834,2396
804.958804,43.623708,43.162584,2397
805.053944,47.883208,47.366958,2398
805.177077,72.373292,71.406709,2399
805.242420,69.185375,68.371042,2400
805.422451,82.954375,81.584125,2401
805.457130,94.692791,93.890125,2402
805.606584,100.516208,99.853542,2404
805.608365,109.749791,108.744708,2403
805.662510,82.085500,79.936209,2405
805.746710,73.898708,73.082334,2406
805.857671,37.294542,36.297042,2407
805.886128,63.249666,62.493959,2408
805.906408,67.018583,66.241583,2409
805.957381,27.421916,26.912667,2410
806.016402,41.553167,40.966917,2411
806.059918,53.841083,53.354875,2412
806.072990,43.103666,42.322291,2413
806.166753,36.173959,35.711667,2414
806.239539,66.826083,66.232834,2415
806.374871,35.471625,35.102083,2416
806.398901,39.878126,39.434500,2417
806.509352,35.639917,35.148166,2418
806.547577,41.583208,41.026708,2419
806.682613,42.207375,41.729917,2420
806.719420,41.117708,40.453000,2422
806.728477,55.735167,54.894292,2421
806.770657,51.429875,50.734542,2423
806.876216,36.836917,36.250666,2424
807.073534,52.527417,51.536334,2427
807.086071,71.627209,71.025792,2426
807.086707,80.659542,80.096626,2425
807.198781,66.523917,65.844917,2428
807.224841,52.164292,51.543333,2429
807.389788,50.384250,49.700000,2430
807.567302,61.273625,60.814834,2431
807.585401,55.356000,54.830416,2433
807.606548,79.015125,77.955500,2432
807.714413,41.707750,41.275500,2434
807.744868,46.867041,46.267666,2435
807.752244,37.522917,37.073750,2436
807.911798,72.406834,71.964083,2437
807.924752,29.276042,28.868583,2438
808.036326,64.362958,63.766209,2439
808.052891,46.830291,46.139042,2440
808.197730,24.989125,24.529750,2441
808.376459,37.065000,36.481375,2442
808.543973,37.913750,37.471584,2443
808.566427,53.834958,53.077792,2444
808.571670,51.373291,50.802792,2445
808.683631,48.132000,47.450958,2446
808.721107,48.372916,47.807375,2447
808.753253,45.387125,44.690041,2448
808.879161,39.776625,39.286625,2449
808.943338,74.645958,73.992041,2450
809.045639,46.702250,45.889959,2451
809.059128,53.052708,52.528000,2452
809.126528,44.611000,44.261583,2453
809.207088,34.418708,33.880875,2454
809.330172,50.614667,49.937417,2455
809.367733,41.031958,40.571416,2456
809.389701,50.309000,49.719833,2457
809.433163,25.382875,24.848542,2458
809.506464,62.224750,61.670292,2459
809.540647,40.339541,39.899125,2460
809.565139,59.028666,58.376209,2461
809.639427,65.092417,64.585792,2462
809.717337,64.319500,63.851084,2463
809.753120,50.393292,49.842042,2466
809.762534,89.825458,89.180000,2464
809.777215,100.138791,99.563625,2465
809.802408,33.938333,33.312125,2468
809.819331,85.760792,85.276916,2467
809.860205,58.022708,57.542041,2469
809.889601,50.250667,49.593542,2470
810.055398,49.366625,48.856500,2471
810.251887,79.064708,78.352166,2472
810.303071,72.103208,71.152958,2473
810.405821,66.344833,65.629083,2474
810.573400,67.274375,66.477250,2475
810.682561,71.432083,70.602584,2476
810.751103,78.370833,77.498459,2477
810.841672,42.855167,42.268041,2479
810.851521,54.173584,53.401833,2478
810.874911,35.533459,35.014583,2480
810.930118,41.155917,40.630041,2481
810.989043,43.227625,42.504000,2482
811.049744,37.389041,36.842750,2484
811.055634,49.539875,49.041125,2483
811.183467,42.374792,41.851541,2485
811.214368,41.624333,41.150958,2486
811.389970,50.578792,50.024334,2487
811.393412,40.028625,39.494583,2488
811.418966,52.216500,51.644250,2489
811.541195,35.158667,34.678000,2490
811.710183,37.521750,36.978375,2491
811.911655,72.262167,71.558958,2492
811.934093,45.450125,44.905292,2493
811.967154,40.406042,39.744542,2495
811.973066,64.392125,63.928084,2494
812.019578,65.823626,65.314959,2496
812.068581,62.525750,61.921709,2497
812.226107,53.419042,52.864875,2498
812.386635,49.870042,49.393459,2499
812.389081,49.692708,49.021000,2500
812.514609,42.065333,41.637459,2501
812.549514,43.455125,42.962500,2502
812.700109,27.390125,26.906833,2503
812.887292,47.925209,47.389709,2504
813.019152,54.482166,53.902334,2505
813.073548,67.490792,66.887334,2506
813.187346,75.338667,74.904959,2507
813.203809,31.087875,30.430459,2508
813.385736,46.355167,45.887917,2509
813.495608,79.836750,79.104666,2510
813.587638,81.557875,80.854958,2511
813.611899,27.345208,26.924625,2512
813.732606,59.885291,59.214459,2513
813.889097,49.643417,48.902875,2514
813.994355,53.408834,52.842125,2515
814.048159,42.075250,41.409667,2516
814.215428,42.728584,42.264542,2517
814.285843,45.442541,44.986083,2518
814.309195,49.511000,48.879541,2519
814.394559,55.199375,54.589209,2520
814.395837,45.686083,45.145916,2521
814.545727,42.283791,41.841625,2522
814.571717,65.650667,65.115750,2523
814.720950,48.231750,47.726291,2524
814.788658,40.014333,39.501000,2525
814.876163,36.803083,36.295000,2526
815.051916,45.834542,45.364667,2527
815.279703,106.948625,106.254458,2529
815.283368,112.126583,111.492500,2528
815.322084,75.240958,73.641458,2530
815.412388,72.904417,72.221917,2531
815.471787,81.463959,80.793126,2532
815.577578,71.026375,70.663833,2533
815.758744,84.602875,84.019541,2534
815.768428,80.500875,78.725208,2535
815.865072,75.358500,70.041125,2536
815.883658,67.383458,66.520417,2537
815.904236,64.832250,64.362084,2538
815.910920,64.726083,64.324750,2539
815.983602,124.068875,123.391334,2540
816.056293,50.174834,49.532875,2541
816.199679,46.208459,45.680542,2542
816.213660,40.933666,40.209167,2543
816.380927,41.516417,40.885834,2544
816.547035,40.964875,40.472541,2545
816.657936,54.563541,54.006166,2546
816.707094,34.382250,33.847917,2547
816.878040,31.974250,31.521000,2549
816.913354,73.973959,73.257917,2548
817.005031,54.880000,54.268375,2550
817.018363,50.327666,49.849333,2551
817.062859,56.786333,56.240042,2552
817.090375,75.740875,75.220542,2553
817.207345,34.648250,34.079792,2554
817.244592,41.062584,40.445708,2556
817.255071,73.138916,72.627041,2555
817.305511,71.073333,70.625625,2557
817.337432,44.953125,44.492583,2558
817.399702,60.304125,59.837167,2559
817.547860,41.766083,41.156208,2560
817.595873,71.124375,70.408625,2561
817.724386,51.672250,51.197417,2562
817.883982,44.576583,43.896708,2563
818.047088,41.010667,40.367542,2564
818.181587,44.961583,44.270625,2565
818.198099,25.372958,24.778250,2566
818.375435,36.052042,35.538125,2567
818.406617,56.394917,55.675958,2568
818.459187,37.306500,36.664542,2569
818.538519,48.896750,48.178958,2570
818.544186,38.105667,37.620625,2571
818.732595,34.186833,33.706458,2573
818.742606,69.892375,69.372042,2572
818.876175,36.760500,36.257375,2574
818.958739,72.791833,72.123042,2575
818.969275,66.823167,66.109167,2576
818.971320,59.557750,58.994542,2577
819.016327,43.101334,42.652167,2578
819.074132,68.058083,67.382291,2579
819.118989,62.397708,61.612541,2580
819.227581,53.886584,53.382583,2582
819.233516,60.774875,60.190958,2581
819.253390,67.616500,67.077208,2583
819.279585,62.595458,61.834208,2584
819.363347,51.790666,51.194209,2585
819.379287,39.898833,39.338541,2586
819.420637,42.019833,41.095833,2587
819.508135,41.910459,41.207833,2588
819.545825,39.746583,39.158292,2589
819.643849,40.930458,40.557125,2590
819.709342,36.612916,35.926334,2591
819.758591,41.885958,41.219208,2592
819.864274,24.886166,24.355917,2593
819.979567,35.778167,35.042000,2594
820.043824,37.748958,37.057417,2595
820.153370,25.307334,24.853208,2596
820.256921,84.107625,83.115084,2597
820.317256,71.962042,71.542625,2598
820.415748,76.304376,75.531167,2599
820.521224,89.141500,88.330958,2600
820.588226,106.710334,106.117083,2601
820.635225,129.088458,128.461083,2603
820.636323,139.493375,138.601167,2602
820.778399,100.761500,100.177000,2605
820.808734,135.964500,135.181083,2604
820.813094,132.417833,131.511625,2606
820.894485,55.003083,54.000917,2607
820.994822,37.136750,36.464166,2608
821.033242,27.166125,26.690416,2609
821.103552,54.159875,53.526667,2610
821.224134,51.455541,50.835166,2611
821.317152,46.050083,45.536750,2612
821.323940,44.828000,44.338291,2613
821.382309,42.940917,42.428167,2614
821.542659,36.590750,36.117375,2615
821.713529,40.810583,40.345959,2616
821.913448,74.035208,73.440792,2617
821.991765,78.357417,77.856334,2618
822.066714,60.678333,60.373833,2619
822.115851,66.552791,65.994833,2620
822.213134,40.423250,39.768750,2621
822.386962,47.551584,46.986917,2622
822.527527,75.749042,75.334583,2623
822.567697,60.733166,60.074000,2625
822.575294,57.707125,57.179792,2626
822.592492,86.420542,85.889417,2624
822.652311,43.561875,42.875583,2627
822.722184,49.474250,48.811291,2628
822.776968,50.886209,50.297333,2629
822.790720,49.480667,48.870208,2630
822.879965,40.555958,39.923625,2631
823.033526,27.454583,26.984417,2632
823.218248,45.518667,45.063667,2633
823.396889,57.480500,56.778750,2634
823.548521,42.453542,41.718542,2635
823.705322,32.610958,32.010708,2636
823.762470,80.282417,79.513000,2637
823.887660,48.271709,47.797750,2638
824.009098,39.180750,38.740917,2639
824.052853,46.780708,46.302375,2640
824.127098,35.100916,34.463625,2641
824.235858,63.154000,62.782708,2642
824.290108,69.323333,68.646958,2643
824.400252,60.869958,60.537458,2644
824.549831,43.777709,43.221792,2645
824.670350,40.453000,39.877833,2646
824.711158,38.437583,37.982000,2647
824.830086,35.674334,35.128041,2648
824.867547,28.152834,27.503292,2649
825.040504,34.417834,34.052667,2650
825.085322,64.839250,64.052333,2651
825.245600,72.872917,72.300376,2652
825.322650,62.466833,61.815834,2653
825.420475,81.054167,80.199875,2654
825.437382,94.068917,93.126833,2655
825.575071,68.972458,68.210625,2656
825.744818,72.041958,71.018208,2657
825.879696,40.328750,39.764375,2658
826.042124,36.081792,35.759208,2659
826.120681,39.018584,38.546084,2660
826.158233,65.735541,65.118666,2661
826.209775,37.027084,36.342542,2662
826.246074,30.694708,29.990333,2663
826.375939,36.573250,36.114167,2664
826.533879,44.759167,44.284917,2665
826.556419,50.321250,49.583041,2666
826.699954,27.209584,26.749042,2667
826.852899,37.598166,37.282292,2668
826.909301,69.897042,69.229709,2669
827.046179,40.096875,39.456084,2671
827.052905,49.315875,48.735458,2670
827.209916,37.220750,36.543792,2672
827.255875,36.366166,35.910000,2673
827.382384,42.976500,42.252584,2674
827.545174,39.108125,38.542875,2675
827.613890,36.553125,36.095792,2676
827.712716,40.019875,39.661417,2677
827.760307,44.757125,44.093292,2678
827.880478,41.116250,40.592708,2679
828.045357,39.276417,38.578459,2680
828.172763,38.122292,37.489667,2681
828.208897,36.174834,35.482125,2682
828.321804,62.147458,61.483334,2683
828.407885,68.471666,67.785667,2684
828.412658,37.002583,36.430042,2685
828.527228,58.611875,58.123041,2686
828.550119,44.085416,43.562458,2687
828.664483,50.582292,50.090833,2688
828.704622,31.881792,31.427375,2689
828.886594,47.231917,46.748042,2690
828.973540,51.747791,51.118667,2691
829.041846,35.751917,35.188416,2692
829.226599,53.879583,53.255125,2693
829.324180,46.812792,46.292750,2694
829.383650,44.262459,43.501209,2695
829.415163,37.451458,36.770417,2696
829.458171,53.248125,52.653417,2697
829.506311,46.803166,46.166167,2698
829.548344,42.222250,41.738667,2699
829.623484,69.033417,68.532042,2700
829.726358,53.666667,53.078666,2701
829.886900,47.540500,47.031833,2702
830.020237,44.258083,43.704209,2703
830.042675,58.858041,58.214917,2704
830.057175,51.119542,50.510250,2705
830.252991,80.219125,79.339458,2706
830.364432,77.964250,77.455000,2707
830.414076,74.562542,73.924083,2708
830.585790,79.700250,77.842916,2709
830.744137,71.386875,70.447125,2710
830.870370,30.967708,30.429875,2711
830.931781,45.441375,44.847250,2712
830.943380,43.842167,43.287709,2713
831.057608,51.538375,50.884458,2714
831.077138,29.449584,28.914666,2715
831.193091,60.591125,60.025000,2716
831.221224,48.461000,47.882042,2717
831.381366,41.965584,41.415208,2718
831.546385,40.328167,39.711584,2719
831.656791,38.212708,37.543917,2720
831.718781,46.058250,45.471125,2721
831.732846,25.113084,24.574958,2722
831.866944,27.549958,27.072791,2723
832.034350,28.283792,27.754708,2724
832.173090,36.197000,35.514500,2725
832.208561,35.822500,35.079334,2726
832.375105,35.716042,34.995042,2727
832.458577,35.753375,35.192792,2728
832.552790,42.834458,42.109375,2730
832.555209,49.137667,48.736625,2729
832.697261,63.689500,63.151083,2731
832.714643,41.859125,41.316041,2732
832.814391,52.798959,52.319459,2733
832.872361,49.752791,49.042292,2734
832.889392,50.018791,49.193375,2736
832.904203,68.566459,67.898542,2735
833.044858,38.780875,38.257625,2738
833.073626,72.044292,71.476417,2737
833.215330,53.237333,52.805667,2739
833.217608,44.890125,44.205875,2740
833.393791,54.434042,53.908458,2741
833.429493,60.862375,60.088583,2743
833.439259,71.953000,71.412833,2742
833.453726,46.691750,45.963459,2744
833.541259,35.190750,34.796417,2745
833.688177,36.972542,36.343125,2746
833.748876,76.141625,75.661834,2747
833.885960,46.572750,46.003708,2748
833.958299,48.188000,47.487125,2749
834.053291,47.223458,46.547084,2750
834.191142,36.941917,36.409625,2751
834.233995,61.256125,60.687375,2752
834.253691,38.696291,38.067458,2753
834.392770,53.382875,52.773291,2754
834.546408,40.362291,39.801708,2755
834.716145,43.427708,42.639625,2756
834.868351,57.668917,56.948208,2757
834.869971,30.596416,30.116041,2758
834.988162,69.090875,68.414209,2759
834.990588,28.935667,28.542209,2760
835.044052,30.211708,29.720250,2762
835.071732,65.669042,65.108167,2761
835.246852,74.085667,73.417167,2763
835.437643,95.677458,95.089459,2764
835.443970,98.012250,97.428042,2765
835.590182,84.123084,83.451083,2767
835.593624,99.009167,98.351167,2766
835.741165,68.440750,67.655583,2768
835.872911,33.494416,32.951333,2769
836.042147,36.100750,35.552125,2770
836.216976,44.280250,43.923833,2771
836.346846,36.925000,36.279250,2772
836.383199,43.776834,43.049125,2773
836.513382,53.198833,52.477250,2774
836.541347,35.275042,34.941959,2775
836.619132,35.252000,34.704833,2776
836.659386,35.527041,35.022750,2777
836.684381,53.632542,53.051250,2778
836.709957,37.223667,36.446958,2779
836.882283,39.632834,39.123000,2781
836.890957,51.572209,51.076667,2780
836.956493,41.420167,40.918500,2782
836.996282,24.784667,24.483958,2783
837.030772,24.689584,24.404625,2784
837.210802,38.078250,37.399833,2786
837.224088,52.791959,52.297000,2785
837.335414,51.580666,50.897584,2787
837.371813,32.453167,32.100833,2788
837.402696,62.584375,62.125583,2789
837.541702,43.603000,43.205750,2790
837.563301,57.243084,56.760667,2791
837.580866,72.471291,71.699542,2792
837.697652,45.950917,45.539666,2793
837.717914,45.185292,44.711625,2794
837.798328,35.589458,35.043458,2795
837.886908,47.521833,46.808417,2796
837.910507,29.174833,28.606958,2797
838.047601,41.561041,41.041583,2798
838.213758,41.038375,40.373375,2799
838.243968,51.974709,51.376500,2800
838.392530,32.778375,32.237333,2802
838.395963,56.593833,56.266584,2801
838.555332,49.278250,48.588458,2803
838.702842,30.126541,29.522208,2804
838.756312,71.130500,70.518584,2805
838.876066,36.659875,36.143625,2806
839.042867,36.807750,36.340209,2807
839.120142,73.271625,72.590000,2808
839.228610,55.911042,55.496001,2809
839.255925,51.050125,50.501792,2810
839.343517,45.404041,44.944959,2811
839.385272,45.885875,45.201042,2812
839.391615,42.429042,41.741000,2813
839.551261,45.219708,44.578333,2814
839.695657,58.431917,57.906042,2815
839.726680,53.967959,53.495167,2816
839.881384,42.001750,41.318666,2817
839.926946,46.679500,46.188334,2818
839.935108,48.143083,47.367833,2819
839.959178,29.653750,29.162292,2820
840.049333,28.006125,27.580000,2822
840.078988,72.905875,72.167666,2821
840.124193,46.813959,46.341458,2823
840.131395,49.959583,49.163625,2824
840.301176,128.359292,121.199167,2825
840.302936,124.387666,123.601625,2826
840.318338,132.702792,132.021167,2827
840.381265,176.334958,175.562625,2828
840.481910,142.559375,141.792292,2830
840.493776,130.718291,130.131166,2831
840.497533,252.032375,251.208709,2829
840.598162,199.444583,198.813708,2832
840.602477,96.184667,95.562250,2833
840.722473,85.470583,84.611916,2834
840.762275,89.363750,88.580917,2835
840.912733,73.233708,72.513291,2836
840.919200,76.531000,75.965167,2837
840.976075,37.349375,36.932000,2838
841.021991,51.123334,50.436458,2839
841.052113,47.794833,47.161334,2840
841.060224,54.161041,53.584125,2841
841.199781,27.060250,26.752542,2842
841.397392,58.003458,57.398542,2843
841.491502,34.554916,34.046834,2844
841.574501,68.370458,67.776333,2845
841.626940,55.110125,54.598833,2847
841.636542,70.595000,69.947500,2846
841.667348,58.389334,58.022417,2848
841.689198,44.046333,43.607084,2849
841.738977,66.256750,65.786000,2850
841.780628,55.055583,54.493250,2851
841.899237,59.878292,59.226709,2852
842.059720,53.681250,53.239084,2853
842.167582,38.888792,38.588083,2854
842.219660,46.937042,46.435959,2855
842.353708,42.513333,42.072334,2856
842.388360,48.964417,48.242250,2857
842.549872,43.815625,43.349833,2858
842.725895,53.160917,52.749083,2860
842.745817,86.100876,85.518708,2859
842.750975,71.642959,70.932458,2861
842.789505,62.282500,61.752834,2862
842.849560,57.716458,56.771166,2863
842.854712,42.571375,41.803417,2864
842.897487,58.093000,57.394750,2865
843.002045,48.407625,47.892542,2866
843.053397,47.299875,46.594334,2867
843.147375,45.664500,45.239834,2868
843.172813,41.696958,41.164958,2869
843.206181,33.441042,33.021334,2870
843.273182,45.386834,44.688000,2871
843.384841,45.438458,44.937375,2872
843.423266,62.477334,61.722500,2873
843.426829,53.739000,53.188917,2874
843.461989,58.719208,58.063834,2875
843.475027,37.191291,36.533875,2876
843.541953,35.853416,35.338625,2877
843.596078,41.667500,41.165833,2878
843.709709,37.007250,36.491875,2879
843.900919,61.527667,61.085792,2880
843.922460,39.773708,39.282542,2881
844.067584,61.510458,61.080250,2882
844.081344,60.053000,59.507000,2883
844.118226,69.589041,68.681666,2884
844.134159,75.625959,74.897376,2885
844.184473,115.515167,114.887209,2886
844.195099,58.183708,57.554583,2887
844.224271,51.599625,51.058292,2888
844.384984,45.644375,45.348916,2889
844.546600,40.545167,40.152875,2890
844.563622,54.581042,54.027459,2891
844.595584,69.747125,68.999000,2892
844.717910,45.217375,44.588834,2893
844.875212,35.848459,35.293125,2894
844.967672,36.652875,36.135750,2895
845.028120,64.358875,63.500792,2896
845.051574,49.089542,48.670125,2897
845.070880,64.734542,63.806458,2898
845.086766,53.643917,53.014500,2899
845.192597,71.045917,70.270083,2900
845.253051,78.410791,77.602000,2901
845.415573,75.618083,74.816584,2902
845.544851,73.081459,71.723167,2903
845.593875,87.667417,87.091084,2904
845.618765,89.565000,88.830292,2905
845.759269,105.019833,104.337333,2906
845.777971,104.717667,103.948250,2907
845.816341,117.203625,116.548250,2908
845.880440,41.043625,40.211791,2909
845.884892,42.744917,42.030917,2910
846.033441,27.334417,26.574625,2911
846.190111,38.053167,37.550041,2912
846.217690,44.962167,44.317001,2913
846.359347,47.479250,46.834959,2914
846.382824,43.408459,42.845833,2915
846.412030,67.379958,66.749667,2916
846.422076,35.925167,35.300125,2917
846.473799,36.236084,35.625625,2918
846.517622,69.370583,68.548083,2919
846.543592,37.544500,36.979833,2920
846.712391,39.670166,38.959375,2921
846.807708,39.260667,38.887333,2922
846.887132,47.735334,47.238917,2923
846.968419,70.168292,69.645917,2924
846.993162,41.570958,40.972459,2925
847.030898,54.085500,53.629917,2926
847.077464,71.392708,70.774375,2927
847.084647,73.878584,73.143000,2928
847.093358,79.795042,79.111958,2929
847.136120,101.758125,101.056959,2930
847.172593,119.247625,118.600709,2931
847.239103,66.378667,65.715125,2932
847.345483,43.838375,43.410791,2934
847.348369,54.847625,54.183500,2933
847.388862,49.506042,49.074958,2935
847.487424,36.612917,36.185625,2936
847.531588,67.025000,66.276292,2937
847.555392,49.280000,48.459833,2938
847.637215,76.720584,76.064333,2939
847.724672,58.958083,58.436000,2940
847.730266,57.563042,57.066333,2941
847.775288,83.551708,82.762750,2942
847.775543,33.701791,33.012292,2943
847.868681,46.571584,46.066709,2944
847.883424,44.053041,43.587250,2945
847.985830,45.773875,45.423000,2946
848.034178,71.297917,70.604625,2947
848.044836,65.745458,65.040208,2948
848.060783,54.711125,54.057792,2949
848.105640,80.671791,80.083500,2950
848.184529,53.335917,52.733625,2951
848.214617,41.885667,41.322750,2952
848.270486,72.278500,71.669791,2953
848.357461,66.454792,65.762959,2954
848.386768,56.546292,55.982791,2955
848.407129,67.754750,67.153625,2956
848.438626,67.741917,66.866333,2957
848.561406,87.708834,87.070667,2958
848.570507,64.456583,63.930125,2959
848.578368,65.429000,64.982167,2960
848.603727,65.867959,64.062833,2961
848.643655,51.242917,50.594833,2963
848.646406,79.811084,79.370083,2962
848.714240,41.535084,41.057333,2964
848.916653,77.271250,76.663708,2965
849.022408,36.453958,35.877625,2966
849.080398,74.311126,73.497959,2967
849.167817,27.383125,26.923167,2968
849.199830,27.115084,26.833041,2969
849.293226,27.170208,26.704125,2970
849.386183,46.785083,46.141666,2971
849.392424,44.866500,44.346458,2972
849.432552,24.931959,24.480166,2973
849.544296,38.240417,37.753334,2974
849.578354,39.677458,38.930209,2975
849.666085,24.752292,24.237792,2976
849.708476,35.749291,35.039666,2977
849.768968,36.283041,35.608708,2978
849.797131,55.378167,54.763917,2979
849.859876,34.041583,33.357333,2980
849.910069,40.826625,40.250875,2982
849.921125,81.737250,80.772125,2981
849.956885,49.898625,49.392000,2984
849.968722,80.060167,79.374458,2983
850.047219,41.099625,40.623334,2985
850.125264,73.578458,73.010292,2986
850.253403,80.611417,79.946125,2987
850.387948,95.132334,93.826541,2988
850.419644,116.972042,115.617250,2989
850.460044,120.557208,119.848458,2990
850.494327,114.810500,113.043001,2991
850.556482,96.550417,95.904375,2992
850.623048,126.245583,121.968584,2993
850.635182,128.209083,127.502083,2994
850.669097,106.092292,105.176166,2996
850.718959,166.262541,155.794625,2995
850.804246,130.854500,130.411750,3001
850.811897,132.233500,131.576958,3002
850.830527,228.986041,227.700666,2998
850.943491,104.032250,103.306292,3003
850.946090,344.628083,342.934083,2997
850.991611,99.008000,98.322000,3004
851.026175,402.460334,401.055084,2999
851.042411,79.652708,78.885041,3005
851.081678,75.579000,74.864417,3006
851.100309,472.915333,472.103333,3000
851.133314,86.264209,85.525417,3007
851.147109,60.516167,59.746750,3008
851.154253,62.536542,61.830417,3009
851.204053,31.360291,30.712792,3011
851.214690,75.217333,74.515000,3010
851.378149,38.087291,37.545959,3013
851.401800,62.412291,61.810583,3012
851.454284,34.009208,33.631500,3015
851.485145,66.195208,65.670500,3014
851.510781,46.226542,45.366125,3016
851.552874,46.792958,46.244334,3017
851.571667,43.248042,42.846417,3018
851.615336,49.023042,48.405875,3019
851.626704,48.484916,47.877083,3020
851.657064,49.592084,49.153125,3021
851.675720,36.052625,35.486500,3022
851.713971,41.267333,40.732416,3023
851.801083,27.582042,26.952625,3024
851.832697,51.397500,50.767500,3025
851.866225,44.540709,43.970500,3026
851.897608,58.211708,57.467375,3027
851.900294,40.177958,39.304416,3028
851.956852,41.568333,40.878250,3029
851.983640,53.053875,52.261417,3030
852.005246,59.009417,58.359292,3031
852.022531,34.645917,34.009208,3032
852.043625,37.520291,36.955917,3033
852.098754,40.180584,39.726750,3035
852.108339,56.214667,55.635125,3034
852.137137,60.220417,59.500291,3036
852.203574,41.674500,41.121208,3037
852.223296,50.575875,49.730917,3038
852.254182,58.268584,57.439958,3039
852.260173,50.120291,49.772625,3040
852.382312,42.945292,42.277375,3041
852.424321,42.006417,41.418417,3043
852.449631,79.269459,78.783250,3042
852.460257,52.789625,52.273083,3044
852.490188,58.571333,58.006375,3045
852.522609,47.751959,47.346542,3046
852.584098,78.050875,77.265708,3047
852.720957,51.164166,50.484583,3048
852.736422,66.046459,65.440959,3049
852.743873,71.063125,70.317333,3050
852.770245,86.473625,85.511417,3051
852.806607,114.246417,113.537375,3052
852.845226,60.422542,59.669167,3055
852.870823,53.035208,52.382750,3056
852.870854,141.260584,140.527333,3053
852.898847,164.688125,164.238959,3054
852.939835,121.456708,120.852667,3057
852.972645,133.261334,130.710708,3058
853.026272,40.370750,39.873458,3060
853.040142,88.804917,87.997291,3059
853.072570,72.472458,71.922084,3061
853.085906,79.820417,79.063833,3062
853.122219,42.765625,42.145542,3063
853.134146,35.936542,35.458792,3064
853.214119,41.401209,40.686334,3065
853.261680,35.409208,34.849208,3066
853.326087,27.899666,27.416375,3067
853.398067,58.663500,57.948042,3068
853.411258,46.222750,45.662458,3069
853.449336,41.455167,40.729209,3070
853.473679,42.202417,41.658459,3071
853.585129,79.027667,78.411958,3072
853.655386,32.161792,31.747916,3073
853.724821,87.494167,86.783667,3074
853.727686,73.887042,73.257333,3075
853.734311,74.869958,74.343208,3076
853.781463,108.770084,108.185875,3077
853.842804,125.745666,124.506666,3078
853.849635,49.979708,49.451500,3079
853.879527,40.104166,39.330083,3080
854.053497,36.315417,35.630875,3082
854.064792,58.710750,58.070542,3081
854.099203,49.058042,48.401500,3084
854.104055,59.760458,59.248000,3083
854.144953,29.693708,29.149459,3085
854.176150,45.026917,44.192167,3086
854.213974,41.262375,40.788708,3087
854.262151,30.482375,29.948625,3089
854.289364,64.323875,63.807042,3088
854.311972,50.590750,49.722750,3090
854.379606,52.560666,52.132792,3091
854.391062,51.643958,51.092708,3092
854.439400,77.959583,77.246750,3093
854.491748,60.671333,60.199708,3094
854.526186,47.887291,47.317666,3095
854.566668,54.084625,50.288875,3097
854.590831,84.750458,84.218750,3096
854.619230,53.130876,52.686376,3100
854.632188,84.071167,81.978750,3098
854.641811,91.978250,91.518875,3099
854.670631,50.577042,50.055833,3103
854.711222,126.062417,125.475001,3101
854.734266,71.696917,71.167542,3104
854.734271,61.537000,60.853334,3106
854.759603,142.296292,141.789959,3102
854.828530,52.522166,52.094583,3108
854.855077,188.256250,187.407209,3105
854.860802,70.245583,69.396250,3109
854.890241,50.842166,49.977958,3110
854.898230,169.991500,169.334958,3107
854.945444,97.278125,96.625375,3111
855.014499,44.938541,44.456708,3112
855.065270,59.162542,58.718625,3113
855.065278,42.076125,41.530708,3115
855.100699,80.826375,80.107417,3114
855.128909,42.294583,41.761709,3116
855.256812,104.874875,104.126167,3117
855.293290,117.224625,116.781584,3119
855.294046,121.297167,120.529500,3118
855.412541,100.707250,100.190417,3120
855.436187,103.635291,102.441791,3121
855.462852,123.163833,122.639125,3122
855.526196,101.663916,99.425084,3123
855.580324,114.657959,113.580541,3124
855.624478,118.399750,117.613125,3125
855.631271,124.933083,119.747833,3126
855.730024,92.154417,91.498458,3129
855.734625,194.742917,194.235709,3127
855.792577,121.233000,120.519291,3130
855.821581,265.760250,265.221833,3128
855.915727,121.443584,120.909541,3133
855.950718,278.000917,275.786000,3131
855.951625,129.260834,128.722417,3134
856.044312,112.606959,110.554500,3136
856.056078,381.427084,379.979834,3132
856.058294,51.995417,51.521166,3137
856.100858,260.218875,259.516542,3135
856.161143,40.899541,40.541958,3138
856.225825,53.113958,52.413084,3139
856.245149,25.078083,24.532083,3140
856.382695,43.286250,42.659458,3141
856.474373,40.339541,39.811917,3142
856.520349,74.619708,74.195625,3143
856.527941,45.467041,45.044125,3144
856.554630,57.701000,57.018791,3145
856.597955,91.884334,91.218458,3146
856.610097,52.836292,52.312750,3150
856.635803,44.490250,43.925291,3151
856.651725,135.821875,135.328375,3147
856.722995,61.828376,61.348876,3153
856.726768,208.354417,207.862667,3148
856.742802,70.093042,69.467417,3154
856.760488,241.850875,241.285042,3149
856.796559,190.187083,189.578084,3152
856.836487,153.885959,152.972458,3155
856.857292,64.311625,63.737334,3158
856.893868,210.156917,209.632792,3156
856.908547,50.157625,49.538416,3161
856.922266,82.865125,82.165709,3159
856.944703,242.276125,241.638834,3157
856.999202,143.463250,140.921959,3160
857.013843,48.694917,48.100792,3166
857.028242,118.091458,76.554042,3165
857.043829,37.736125,37.291917,3168
857.058052,165.913125,165.270291,3162
857.123851,222.621875,221.950458,3163
857.159275,253.477000,252.641083,3164
857.214242,241.909500,241.312750,3167
857.224243,51.484708,50.901666,3169
857.261336,69.407042,68.525042,3170
857.341601,35.899792,35.506625,3171
857.381568,41.852416,41.435042,3173
857.393013,53.596375,52.918250,3172
857.496222,41.689084,41.024667,3175
857.518052,77.392292,76.859708,3174
857.537562,52.449542,51.809042,3176
857.559601,53.525792,52.963458,3177
857.712601,39.921583,39.321333,3178
857.722517,44.026500,43.418083,3179
857.773537,41.024667,40.477500,3180
857.801499,53.463375,52.970458,3181
857.813899,56.584792,56.173542,3182
857.864652,25.270583,24.825791,3183
857.906166,25.301500,24.478709,3184
857.976186,27.664000,26.882334,3185
858.041683,35.650708,35.082250,3186
858.077397,32.833208,32.380250,3188
858.106186,62.827917,62.287750,3187
858.176876,50.302875,49.848459,3189
858.225517,52.796916,51.993375,3190
858.242217,38.614917,37.991917,3191
858.281591,66.551334,65.720375,3192
858.303254,44.899750,44.416750,3193
858.417389,77.995167,77.540750,3194
858.454424,43.671250,43.040083,3195
858.550070,44.031750,43.383375,3196
858.591409,61.073541,59.987375,3197
858.615928,63.048125,61.335750,3198
858.623100,66.940125,66.191708,3199
858.638879,64.091708,63.432250,3200
858.701532,60.361583,59.628041,3202
858.706805,120.055250,119.494958,3201
858.729073,71.511417,70.881125,3203
858.774893,102.144583,101.458583,3204
858.778895,69.071625,68.333709,3207
858.822213,90.860292,90.183917,3208
858.834957,157.886167,157.335792,3205
858.859384,69.581458,69.170209,3209
858.896533,57.156750,56.562625,3210
858.906336,216.487251,215.839167,3206
859.066766,60.710125,60.165583,3211
859.093290,52.670917,52.100125,3213
859.109391,69.258583,68.542542,3212
859.209540,49.618625,49.042583,3214
859.221313,48.592541,47.889333,3215
859.388315,48.917750,47.988208,3216
859.411319,41.818000,41.190625,3217
859.452937,45.852042,45.154667,3218
859.538286,32.211083,31.563292,3220
859.558060,56.946750,56.221375,3219
859.572143,38.051125,37.436875,3221
859.611518,36.348959,36.064875,3222
859.728240,55.492791,54.740000,3223
859.780819,58.511541,58.051291,3224
859.788881,66.487167,66.087875,3225
859.798743,68.610208,67.908459,3226
859.845350,75.474875,74.993917,3227
859.890724,51.317875,50.515792,3228
859.946572,61.660083,60.845459,3229
859.949601,43.117083,42.638458,3230
860.041764,35.700875,35.308584,3231
860.077194,58.891000,58.255167,3232
860.135775,70.073792,69.452542,3233
860.136060,67.227417,66.572334,3234
860.149398,58.493458,57.803667,3235
860.249448,136.516626,135.849584,3236
860.305109,141.785000,141.191458,3237
860.306860,133.439250,132.594584,3238
860.347761,146.204917,143.833375,3239
860.440836,101.398208,99.688167,3241
860.447074,165.004000,164.162250,3240
860.522973,100.262750,99.433542,3242
860.559098,100.243792,99.462417,3243
860.579908,102.213708,101.395000,3244
860.639391,133.305375,132.454875,3245
860.695445,83.780084,82.950583,3246
860.755380,82.197208,81.531041,3247
860.811995,78.067500,77.115792,3248
860.881057,73.514584,73.080000,3249
860.920439,78.966417,78.609709,3250
860.982413,62.071042,61.495875,3251
861.021466,59.615209,56.796542,3252
861.058517,52.446334,52.017583,3253
861.072717,40.784042,40.210916,3255
861.099034,87.205708,86.478583,3254
861.238383,65.664375,65.140833,3256
861.255494,59.631250,59.121709,3257
861.258615,43.690500,43.211000,3258
861.329805,32.381709,31.834250,3259
861.365849,65.100583,64.455416,3260
861.402153,62.799625,62.375250,3261
861.420279,54.834209,54.330792,3263
861.428031,69.082709,68.408667,3262
861.504423,46.012167,45.425042,3264
861.546212,40.150834,39.714500,3265
861.559528,51.205583,50.707708,3266
861.622412,71.868417,71.395334,3267
861.717967,45.248583,44.914042,3268
861.836656,73.619875,73.082916,3269
861.881970,67.679500,67.007208,3271
861.887294,81.331541,80.980958,3270
861.896674,66.412208,65.772875,3272
861.941657,102.264750,101.472292,3273
861.942144,40.172125,39.798209,3274
862.041412,29.221500,28.739666,3276
862.066265,60.234125,59.884709,3275
862.213941,54.247084,53.472125,3277
862.223056,50.332625,49.669958,3278
862.320765,48.066667,47.535833,3279
862.392821,53.439166,52.908042,3280
862.428859,48.659916,48.135500,3281
862.444616,50.445792,49.890458,3282
862.538208,38.090500,37.558208,3283
862.573265,67.170542,66.285333,3284
862.655139,50.234042,49.587125,3286
862.682326,70.240917,69.649708,3287
862.689616,86.475083,85.162000,3285
862.734918,50.526000,49.991958,3291
862.740866,68.158708,67.491667,3289
862.751704,107.116333,106.657250,3288
862.808572,42.612792,41.878375,3292
862.808684,132.219500,131.576375,3290
862.886556,47.170083,46.656459,3293
862.962602,41.602750,41.097875,3294
863.002445,50.268167,49.552709,3295
863.034121,76.283959,75.590959,3296
863.049650,77.381209,76.630751,3297
863.080094,44.464000,43.821167,3300
863.080495,74.453167,73.938375,3299
863.114552,140.941209,140.141167,3298
863.150116,64.834875,64.395916,3302
863.162446,57.763125,56.821625,3303
863.180095,122.945084,122.244209,3301
863.228631,55.937291,55.227084,3305
863.249230,60.678333,60.134958,3306
863.258657,127.106583,126.607250,3304
863.288075,57.499166,56.879959,3309
863.314185,98.469291,97.682083,3307
863.369128,144.641000,144.228292,3308
863.392230,48.338792,47.559167,3311
863.405097,65.726500,65.078708,3310
863.543497,37.429875,36.851792,3312
863.710015,37.286959,36.778584,3313
863.758330,76.476750,75.840042,3314
863.797135,27.453417,26.962541,3315
863.845748,36.805708,36.238417,3316
863.878133,38.743542,38.117625,3318
863.891034,61.580166,61.063041,3317
864.045427,39.362167,38.733625,3319
864.068141,28.552125,27.664875,3320
864.224576,51.856000,51.292791,3321
864.291424,36.214500,35.658875,3323
864.310802,58.640750,58.202667,3322
864.380425,41.061125,40.614291,3324
864.469149,44.252250,43.647333,3325
864.487071,49.482125,48.825292,3326
864.574160,68.106791,67.534250,3327
864.628837,42.704667,42.155167,3328
864.635154,47.691875,47.069167,3329
864.696479,42.853125,42.249958,3330
864.715341,42.630583,42.017209,3331
864.758803,25.299167,24.847375,3332
864.879978,40.638209,40.211500,3333
864.904361,37.705500,37.253417,3334
864.944557,40.909167,40.392333,3335
864.971177,35.538416,34.890042,3336
865.070981,64.928500,64.576166,3337
865.094961,51.600792,50.991500,3338
865.128976,40.490917,39.953376,3339
865.253646,109.160042,108.369333,3340
865.278515,105.443625,104.745375,3341
865.312569,92.844500,92.116500,3342
865.447365,107.883416,106.893208,3343
865.478780,110.886417,110.159000,3344
865.541210,143.218834,142.569292,3345
865.552801,127.190875,126.338625,3346
865.597421,113.522208,112.685416,3347
865.629690,123.619708,122.896084,3348
865.741524,68.707916,67.702250,3349
865.894186,105.952292,104.957125,3350
865.921481,98.388500,97.613250,3351
865.936564,97.175458,96.516584,3352
865.953152,40.403417,39.937916,3353
866.047336,41.248375,40.728042,3354
866.091049,70.078459,69.299125,3355
866.214132,41.393625,40.786375,3356
866.288095,52.329375,51.547125,3357
866.299054,41.333541,40.866875,3358
866.375626,36.249792,35.641959,3359
866.547529,41.443500,40.811750,3361
866.550642,49.988167,49.662959,3360
866.658714,52.031875,51.492875,3362
866.716557,43.836916,43.171334,3364
866.717543,46.697292,46.156833,3363
866.878908,39.522584,38.895500,3366
866.894730,56.739375,56.171209,3365
867.057386,51.314083,50.649667,3367
867.060713,40.715792,40.168625,3368
867.098386,34.480833,33.862500,3370
867.120961,57.922958,57.462125,3369
867.197942,25.220709,24.800709,3371
867.307502,30.149584,29.630417,3372
867.377799,38.413083,37.871750,3373
867.506514,37.687416,37.230667,3374
867.554438,48.341417,47.564708,3375
867.708707,54.969833,54.186125,3376
867.726328,53.609500,52.955292,3378
867.727382,62.451084,61.804750,3377
867.885514,46.135250,45.371667,3379
867.928114,27.981625,27.381083,3381
867.947243,71.258542,70.620667,3380
868.037387,31.330833,30.879041,3382
868.091269,27.162625,26.696250,3383
868.203852,31.157584,30.589416,3384
868.259261,63.586542,62.898208,3385
868.270473,48.635125,47.982375,3387
868.298161,87.988542,87.374291,3386
868.401195,61.794542,61.355583,3388
868.556675,50.611458,49.935083,3389
868.706903,43.943375,43.485750,3390
868.722808,50.060792,49.455583,3391
868.886508,47.085500,46.589375,3392
868.932648,40.854042,40.451250,3393
869.055260,49.222833,48.669541,3394
869.216953,44.223958,43.783541,3395
869.244348,59.883834,59.119958,3396
869.351827,52.320333,51.628792,3397
869.368828,29.457167,28.886083,3398
869.552854,46.805209,46.130875,3399
869.557349,44.483542,43.913334,3400
869.640961,36.750292,36.101625,3401
869.663130,38.905417,38.301375,3402
869.713554,42.479500,42.077875,3403
869.733713,60.990708,60.413209,3404
869.866789,27.407917,26.948250,3405
870.054027,47.998708,47.471375,3406
870.258780,85.993834,85.241625,3407
870.303798,81.956584,80.924083,3408
870.399264,59.772708,58.921042,3409
870.574968,68.799791,68.149667,3410
870.730270,84.318208,83.618209,3411
870.755143,80.522167,79.811667,3412
870.880671,41.299125,40.782000,3413
870.971648,46.858000,46.111333,3414
870.983322,32.132334,31.466458,3415
871.075148,69.112166,68.681958,3416
871.107114,54.109417,53.330958,3417
871.213167,40.474875,39.837000,3418
871.372739,33.350625,32.841375,3419
871.483351,36.406125,36.087333,3420
871.547179,41.085917,40.551583,3421
871.724579,51.836167,51.258084,3422
871.886136,46.753000,45.975125,3423
871.910506,40.847333,40.220833,3424
871.970220,37.189541,36.523959,3425
872.043349,37.291625,36.587250,3426
872.209934,37.188375,36.494500,3427
872.372514,33.072958,32.488458,3429
872.410769,77.633791,77.224292,3428
872.591764,85.652000,85.037167,3430
872.740808,36.668917,36.038916,3432
872.741691,68.982083,68.330500,3431
872.882323,42.938000,42.486209,3433
872.952613,69.899375,69.225625,3434
873.044714,38.637375,38.152333,3435
873.215889,59.305167,58.644834,3436
873.221667,59.568833,58.796792,3437
873.231268,58.548583,57.700125,3438
873.386654,47.273625,46.805208,3439
873.531595,45.014375,44.521458,3440
873.557716,51.662333,51.112250,3441
873.572590,40.798917,40.341584,3442
873.617482,49.500500,48.857083,3443
873.725083,52.372833,51.906750,3444
873.746165,49.267750,48.739833,3445
873.888585,49.201833,48.439125,3446
873.910652,26.978292,26.572292,3447
873.985477,40.836833,40.373375,3448
874.047055,40.978875,40.483625,3449
874.220418,47.687792,46.843709,3451
874.220439,53.349917,52.904250,3450
874.392945,53.582959,53.075458,3452
874.556534,50.481375,49.858083,3453
874.717539,44.812541,44.203542,3454
874.735247,48.284250,47.721042,3455
874.788910,49.149334,48.801083,3456
874.834350,67.225083,66.552500,3457
874.915492,76.051500,75.554792,3458
874.947020,43.365583,42.806458,3459
875.047255,41.191500,40.486250,3460
875.247721,74.946958,74.166750,3461
875.381748,88.217500,86.802625,3462
875.418915,79.492292,78.723750,3463
875.486408,63.366333,62.708625,3464
875.578544,69.437084,68.752542,3465
875.643476,73.918542,72.717167,3466
875.741580,85.154708,84.653625,3467
875.785587,112.873250,111.327417,3468
875.826966,120.212750,118.841917,3469
875.847227,140.095667,139.266166,3470
875.913391,73.360000,72.419084,3471
875.924154,37.128000,36.778875,3472
876.049088,42.998375,42.456458,3473
876.210427,37.685958,37.208208,3474
876.358426,74.577125,74.017709,3475
876.377208,37.839667,37.337125,3476
876.482104,42.969500,42.366625,3477
876.541158,35.052208,34.475000,3478
876.665424,33.560041,32.862958,3479
876.697694,24.956458,24.503208,3480
876.874762,35.393458,34.800792,3481
877.041950,35.920791,35.552417,3482
877.073089,65.964792,65.323416,3483
877.151353,37.454084,36.669208,3484
877.206616,33.879125,33.161042,3485
877.259511,32.991000,32.469209,3486
877.380150,40.771792,40.090458,3487
877.418220,51.522042,51.030000,3488
877.582592,76.533625,75.852584,3489
877.604499,33.202750,32.639542,3490
877.747323,74.618542,74.020625,3491
877.769333,39.981083,39.436541,3492
877.880403,41.010667,40.562083,3493
878.064439,58.356958,57.540875,3494
878.064590,35.219625,34.922125,3495
878.152097,58.804958,58.095625,3496
878.204994,42.268625,41.844834,3497
878.215058,42.327834,41.937292,3498
878.294466,80.351833,79.810500,3499
878.396520,36.810376,36.040959,3501
878.402955,63.569917,63.010792,3500
878.551893,45.829875,45.353291,3502
878.571159,60.583834,60.062334,3503
878.580477,64.084125,63.532584,3504
878.730634,57.915666,57.556041,3505
878.766687,60.958333,60.485833,3506
878.869355,29.972833,29.504708,3507
878.947873,43.507625,42.830666,3508
879.042461,36.425958,36.046792,3509
879.215386,42.643125,41.900542,3510
879.355178,69.240792,68.640250,3511
879.378731,39.334750,38.796333,3512
879.555491,49.421750,48.792917,3513
879.584793,42.126291,41.478500,3514
879.659840,49.321708,48.668667,3515
879.712918,40.202166,39.739000,3516
879.893402,53.987208,53.466875,3517
879.975939,51.605167,51.098250,3518
880.033108,27.031667,26.541959,3519
880.090399,30.238250,29.756709,3520
880.244404,86.574250,85.794041,3521
880.267146,94.288250,93.543334,3522
880.409173,69.691708,68.931625,3523
880.602257,96.114375,95.236750,3524
880.605995,88.634000,87.988834,3525
880.747990,75.182917,74.309958,3526
880.883734,44.336833,43.784125,3527
880.938714,43.046500,42.534625,3528
881.052957,46.921875,46.443833,3529
881.225495,52.745875,52.120250,3530
881.386530,47.142667,46.526375,3531
881.528765,44.730000,44.087458,3532
881.566913,60.872000,60.234417,3533
881.581417,46.703708,46.026458,3534
881.596223,43.341958,42.630292,3535
881.709899,37.199167,36.587541,3536
881.873500,34.110125,33.350625,3537
881.892391,52.108292,51.580667,3538
881.924556,63.818417,63.189292,3539
882.002482,51.772000,51.267125,3540
882.046174,40.121958,39.651500,3541
882.217352,44.634042,44.138791,3542
882.255299,40.569667,40.115542,3544
882.270782,63.024500,62.401209,3543
882.366388,26.981208,26.514250,3545
882.532130,26.058083,25.492250,3546
882.643957,34.873417,34.405583,3547
882.703514,30.834125,30.464292,3548
882.805863,55.123542,54.392625,3549
882.867277,27.872542,27.479667,3550
882.913878,67.203208,66.576416,3551
882.957349,36.453083,35.947333,3552
883.059085,53.049208,52.492416,3553
883.206338,33.638208,33.005000,3554
883.228725,49.925750,49.334833,3555
883.379053,39.664625,39.336500,3556
883.502504,36.785000,36.314542,3557
883.549504,43.446375,42.791292,3558
883.699839,44.291625,43.651708,3559
883.715173,42.416791,41.780084,3560
883.836933,69.710667,69.214833,3561
883.883337,43.948334,43.226459,3562
883.905205,46.264459,45.621917,3563
883.986838,47.344208,46.681250,3564
884.041997,35.948791,35.520625,3565
884.201270,28.567875,28.163333,3566
884.242164,42.810250,42.190750,3567
884.263706,36.747083,35.968917,3568
884.380171,40.759250,40.260500,3569
884.567144,61.086958,60.601042,3570
884.595327,59.552792,58.795041,3571
884.702138,50.384250,49.781959,3572
884.743545,71.948916,71.174542,3573
884.746833,74.093834,73.543458,3574
884.771523,59.178584,58.755375,3575
884.881441,42.081667,41.801375,3576
884.943382,52.294084,51.860083,3577
884.996316,53.173750,52.547834,3578
885.046812,38.777958,38.358833,3580
885.075166,69.081541,68.378041,3579
885.138346,38.481333,38.002125,3581
885.218233,71.854125,71.199917,3582
885.279530,106.005375,105.337750,3583
885.287520,105.397833,103.166875,3584
885.464877,121.327500,120.705083,3586
885.469945,129.804500,128.549459,3585
885.490935,140.087792,139.417833,3587
885.553517,192.349500,191.683334,3588
885.586962,80.602667,80.096334,3589
885.755901,83.083583,82.146167,3590
885.908556,69.047709,68.492084,3591
886.037644,47.575500,47.012291,3592
886.049778,52.299042,51.827416,3593
886.068421,62.316626,61.847042,3594
886.106475,54.469917,53.661709,3595
886.116348,63.080792,62.592542,3596
886.224776,52.041792,51.461084,3597
886.388483,60.375583,56.750750,3598
886.401379,61.958458,61.328167,3599
886.419440,77.850500,77.241500,3600
886.513981,42.737625,42.209125,3601
886.555414,32.708084,32.135541,3603
886.564534,58.452042,57.749125,3602
886.696136,38.627750,38.163416,3604
886.722846,50.134000,49.463167,3605
886.848292,41.059666,40.522708,3606
886.885756,46.390750,45.824333,3607
886.963759,70.511583,69.936125,3608
887.034152,28.100334,27.677708,3609
887.093916,29.873084,29.410500,3610
887.209877,37.184000,36.787334,3612
887.232145,59.974542,59.434666,3611
887.277139,46.194167,45.548708,3613
887.344231,40.117000,39.564292,3614
887.385228,45.835708,45.277750,3615
887.470066,49.380042,48.934375,3616
887.543018,36.962917,36.450166,3617
887.670731,36.193209,35.511583,3618
887.708474,35.774375,35.265708,3619
887.767653,24.901042,24.452167,3620
887.876268,36.907500,36.601250,3621
887.894555,36.272250,35.487959,3623
887.937598,80.408709,79.743709,3622
887.967823,53.297708,52.622208,3624
888.048427,47.673500,47.190208,3625
888.052788,46.729958,46.258042,3626
888.194985,45.481917,45.056958,3627
888.242311,69.588750,68.837417,3628
888.378496,39.092084,38.560083,3629
888.541640,38.855833,38.432042,3631
888.557644,79.578042,78.798417,3630
888.575079,68.971583,68.126917,3632
888.710494,37.818667,37.307667,3633
888.907201,67.791209,67.231209,3634
888.930458,35.893958,35.424959,3635
889.046913,40.891666,40.523000,3636
889.116434,45.359708,44.993375,3637
889.226154,53.434209,52.685500,3638
889.363428,57.286250,56.814917,3639
889.377213,39.953375,39.439750,3640
889.396679,57.292959,56.688917,3641
889.491134,45.746167,45.276292,3642
889.554879,34.542375,34.124708,3644
889.573008,66.951209,66.350084,3643
889.683373,28.726542,28.053083,3645
889.719089,46.332417,45.703000,3646
889.764357,63.558250,63.115209,3647
889.789874,57.610292,57.009167,3648
889.863085,56.515958,48.274041,3649
889.883190,43.780625,43.008584,3651
889.899379,71.605042,70.994000,3650
889.913895,65.295708,64.533000,3652
889.955951,74.736375,74.117458,3653
889.971512,53.993917,53.586459,3654
890.052354,46.285750,45.574083,3655
890.258498,91.333084,90.817417,3656
890.268242,95.345250,94.650500,3657
890.436675,97.267333,96.722500,3658
890.437971,88.545917,87.868959,3659
890.514700,87.555416,87.048500,3660
890.586433,80.353000,78.611750,3661
890.661204,96.669709,95.867333,3662
890.691067,99.648209,99.133416,3663
890.748934,76.266459,75.734166,3664
890.819456,76.600125,75.731250,3665
890.912553,73.110041,72.420834,3666
891.012707,53.208458,52.506416,3667
891.059917,53.863542,53.306458,3668
891.202277,41.530125,41.142208,3669
891.221582,48.836375,48.120625,3670
891.254341,42.648083,42.151375,3671
891.271055,53.135833,52.592750,3672
891.380266,40.881459,40.173583,3673
891.533349,27.292417,26.999291,3674
891.689046,55.111292,54.336334,3675
891.713400,40.695083,40.272166,3676
891.873419,34.055875,33.616042,3677
891.966341,47.985000,47.457375,3678
892.051975,45.894042,45.239833,3679
892.214893,42.160708,41.430958,3680
892.377637,38.248875,37.786583,3681
892.512955,68.845291,68.175042,3682
892.557642,51.565792,50.992375,3683
892.686298,68.952333,68.563542,3684
892.716023,43.267875,42.706708,3685
892.763772,72.155125,71.570333,3686
892.881620,62.436208,61.900417,3687
892.891741,52.350959,51.760333,3689
892.902109,67.376166,66.622792,3688
893.040873,34.820334,34.536833,3690
893.100133,36.096084,35.410958,3691
893.208337,35.623291,35.069125,3692
893.375752,36.367041,35.694750,3693
893.477389,25.816000,25.108417,3694
893.532412,26.378042,26.087250,3695
893.709867,37.149584,36.658125,3696
893.881088,41.720875,41.105167,3697
893.941342,52.101292,51.729416,3698
894.078964,39.251625,38.902208,3700
894.079590,73.495917,73.201333,3699
894.127405,41.834333,41.308458,3701
894.168578,36.380458,35.904750,3702
894.223962,51.263917,50.706542,3703
894.321271,40.532042,40.254958,3704
894.369327,55.347542,54.489167,3705
894.382073,42.683666,42.109959,3706
894.586077,80.024875,79.388166,3707
894.717862,38.323542,37.901792,3709
894.735071,62.350750,61.986458,3708
894.882464,43.071875,42.455875,3711
894.886393,52.169833,51.672542,3710
895.012214,52.336375,51.730292,3712
895.059432,53.344667,52.681708,3713
895.083304,54.923750,54.350042,3714
895.247535,74.709542,73.109458,3715
895.409416,69.948375,69.293875,3716
895.491321,74.013917,73.227291,3717
895.581935,75.854041,75.213833,3718
895.705867,83.594000,83.020000,3719
895.748508,73.232250,72.591459,3720
895.878357,39.003126,38.593917,3721
896.050629,44.560250,43.899625,3722
896.227212,54.510750,53.944625,3723
896.387429,48.035459,47.610500,3724
896.511571,67.353125,66.774166,3725
896.549198,43.141876,42.473667,3727
896.575352,70.532001,70.121042,3726
896.645438,34.875750,34.403250,3729
896.661397,57.913333,57.285084,3728
896.713681,40.966917,40.503750,3730
896.899124,59.765125,59.228458,3731
897.047463,41.336167,40.619833,3732
897.201273,34.287166,33.772375,3733
897.226459,53.712750,53.088292,3734
897.303062,74.730834,73.993208,3735
897.379995,40.583667,39.916041,3736
897.483277,39.792958,39.339417,3737
897.561845,55.755292,55.241958,3738
897.722384,49.660042,49.120750,3739
897.738793,64.446375,63.893375,3740
897.756964,51.915792,51.198291,3741
897.802153,28.192500,27.446125,3742
897.876650,37.263041,36.585208,3743
898.042816,36.715292,36.234917,3744
898.219446,46.727917,46.146333,3745
898.235180,41.626375,41.015334,3746
898.373246,33.850250,33.378916,3747
898.546964,40.960500,40.424416,3748
898.724147,51.432209,50.974583,3749
898.857435,72.345875,71.658125,3750
898.879121,39.728791,39.121833,3751
899.042436,36.373750,35.903292,3752
899.201198,28.467833,27.714750,3754
899.204955,54.542834,54.087250,3753
899.385438,46.044542,45.605875,3755
899.414433,35.565250,35.009625,3756
899.472721,40.868042,40.586000,3757
899.579761,73.719625,73.227000,3758
899.717565,44.851334,44.156583,3759
899.761477,64.270792,63.576333,3760
899.828361,28.185209,27.479958,3761
899.866665,27.252750,26.791334,3762
900.041758,35.684833,35.025375,3763
900.061880,29.621084,28.922542,3764
900.248565,75.803292,75.023958,3765
900.419959,79.628209,78.904000,3766
900.538973,98.693875,97.846875,3767
900.572179,102.501875,101.500292,3768
900.616198,108.557750,105.579834,3769
900.666222,79.050417,78.142167,3770
900.745684,72.881084,72.463417,3771
900.837424,47.401959,46.906125,3772
900.875080,35.703791,35.034708,3773
900.912525,54.383875,53.737542,3774
901.047670,41.601875,40.911500,3775
901.066968,50.031625,49.235375,3776
901.103099,42.911458,42.371291,3777
901.137193,40.940958,40.338375,3778
901.213488,40.760125,40.301042,3779
901.310881,74.127959,73.624834,3780
901.375453,42.601417,41.963542,3781
901.385936,46.528416,46.039583,3782
901.554858,48.780375,48.039250,3783
901.572537,40.422375,39.680375,3784
901.606506,54.387667,53.805209,3785
901.652703,42.503417,42.001166,3786
901.714346,41.619959,41.156500,3787
901.881626,42.287583,41.781833,3788
902.040823,34.788250,34.389834,3789
902.220388,47.699166,46.977583,3790
902.264253,37.273542,36.544084,3791
902.375909,36.490708,36.034542,3792
902.510517,43.741542,43.199333,3793
902.546377,40.295500,39.615917,3794
902.632579,40.451541,39.930042,3795
902.715842,57.273708,56.703792,3796
902.717779,56.927500,56.543083,3797
902.747397,74.680959,73.964917,3798
902.762789,88.382583,87.649625,3799
902.812428,37.105250,36.585209,3800
902.878590,39.215167,38.821708,3801
903.052181,46.141375,45.576417,3802
903.076631,45.055500,44.494334,3803
903.249791,77.066208,76.323916,3804
903.302585,32.508583,32.041917,3805
903.347595,50.619625,49.965125,3806
903.375051,35.600250,35.073500,3807
903.542285,36.202542,35.517709,3808
903.710198,37.475083,37.111083,3809
903.890831,51.441250,50.855583,3810
903.987040,47.891666,47.259333,3811
904.012341,48.783875,48.122959,3812
904.041777,35.717500,35.189584,3814
904.065928,71.180084,70.421750,3813
904.121331,38.536167,38.057250,3816
904.127348,59.754625,59.186167,3815
904.224986,52.244792,51.794166,3817
904.355165,47.977125,47.560625,3818
904.395211,55.800791,55.138125,3819
904.484610,43.001875,42.376541,3820
904.544154,38.115291,37.552083,3821
904.577969,59.855834,59.084084,3822
904.610871,36.396500,36.047958,3823
904.713565,40.849375,40.453292,3824
904.854448,50.083542,49.582167,3825
904.863370,55.192375,54.662709,3826
904.887656,48.275500,47.786375,3827
904.944147,50.469417,49.892792,3828
904.960906,41.795250,41.182750,3829
905.020602,56.617166,55.953041,3830
905.043071,37.006083,36.361500,3831
905.261684,91.896000,91.054541,3832
905.266101,93.324292,92.328542,3833
905.412224,72.837042,72.173500,3834
905.583232,93.430459,92.703917,3835
905.606539,100.452041,99.911292,3836
905.662746,111.799042,110.063333,3837
905.690104,98.116375,96.914126,3838
905.745422,72.604583,71.283334,3839
905.823279,76.642708,76.055291,3840
905.875108,101.500291,100.642500,3841
905.897744,74.584417,73.094000,3842
905.912438,72.875833,72.286083,3843
906.042089,36.030166,35.528792,3844
906.146341,61.400791,60.891834,3845
906.214171,41.456042,40.782875,3847
906.214720,43.146834,42.717791,3846
906.376188,36.803958,36.283625,3848
906.461029,38.185291,37.661167,3849
906.510366,36.963792,36.211875,3850
906.566870,60.783042,60.036083,3851
906.600170,36.019375,35.429333,3852
906.685477,32.557875,31.908917,3853
906.718670,45.938958,45.424458,3854
906.726589,48.849500,47.978583,3855
906.789199,47.047875,46.543000,3856
906.855377,54.021334,53.505958,3857
906.875156,35.753958,35.184625,3858
907.005709,54.501709,54.078792,3861
907.006388,64.570917,64.071000,3859
907.027615,77.689791,77.147875,3860
907.042522,75.176792,74.417875,3862
907.081130,112.596458,112.120167,3863
907.096625,90.530417,89.659500,3864
907.127294,50.478459,49.623000,3865
907.132879,49.307709,48.934666,3866
907.211862,39.141375,38.683458,3867
907.376493,37.096500,36.512583,3868
907.431894,41.265584,40.720458,3869
907.446375,37.016292,36.499459,3870
907.576405,34.747709,34.273166,3872
907.577152,71.119417,70.678125,3871
907.604382,30.194500,29.661042,3873
907.694234,50.527167,50.025791,3874
907.705284,60.052417,59.359417,3875
907.714758,42.092167,41.745958,3876
907.753068,33.476917,32.590834,3878
907.767433,51.075500,50.280708,3877
907.878887,39.503917,38.888500,3879
908.057932,42.044917,41.458666,3881
908.062963,56.882292,56.360208,3880
908.090792,47.611666,47.057500,3882
908.222802,41.085042,40.449500,3885
908.237961,65.259541,64.832833,3883
908.246648,73.176833,72.767333,3884
908.286766,72.250208,71.521042,3886
908.335377,47.511333,46.783917,3887
908.391091,51.696458,51.079583,3888
908.397574,37.864458,37.390209,3889
908.551493,45.458291,45.027792,3890
908.581427,45.098666,44.535458,3891
908.654986,30.932708,30.256042,3892
908.724607,61.673500,61.013750,3893
908.731567,58.847833,58.282875,3894
908.743039,56.560000,56.123958,3895
908.874876,46.058541,45.472292,3896
908.890275,50.878917,50.135166,3897
908.947837,45.474333,45.089334,3898
909.082973,76.872250,76.440875,3899
909.158445,56.917584,56.477750,3900
909.192696,45.847958,45.322959,3901
909.215100,42.368375,41.850083,3902
909.314481,43.950375,43.497709,3904
909.326666,67.825917,67.340875,3903
909.344728,54.657750,53.965625,3905
909.375367,35.978834,35.412125,3907
909.384284,87.153791,86.345583,3906
909.440343,51.977042,51.578625,3908
909.455964,67.012459,66.635625,3909
909.475588,80.651083,79.944084,3910
909.534200,63.894250,63.371292,3911
909.538200,57.631583,57.218292,3912
909.580568,74.500125,73.796333,3913
909.645986,44.888083,44.377667,3914
909.685279,49.497583,48.808958,3915
909.724693,64.493333,64.051750,3916
909.735805,63.077583,62.566584,3917
909.757973,62.236708,61.675250,3919
909.795854,116.801125,116.083625,3918
909.853850,130.817167,130.294208,3920
909.892206,160.781833,159.806792,3921
909.909922,70.534333,69.819167,3922
909.934278,40.014042,39.624959,3923
910.017836,76.748584,76.224458,3924
910.048448,42.418250,41.608875,3926
910.053150,50.939584,50.290334,3925
910.177995,52.967833,51.669334,3927
910.265145,103.968375,103.083458,3928
910.304740,129.666542,128.424042,3929
910.345091,117.021333,115.900167,3930
910.396899,117.000334,116.336792,3931
910.474866,135.494042,134.815625,3932
910.480725,136.539083,135.234458,3933
910.540948,142.245542,140.504875,3936
910.614506,263.803458,262.995542,3934
910.635035,136.523917,135.948751,3938
910.694809,134.329417,133.694458,3940
910.724872,335.110417,334.485084,3935
910.764857,119.489709,118.568625,3941
910.841153,385.942667,385.130084,3937
910.870254,115.872750,115.455667,3943
910.925118,116.060000,115.277167,3944
910.942442,435.894959,434.985542,3939
911.032879,107.267417,106.493333,3946
911.038077,365.355667,363.276666,3942
911.069436,79.726208,78.936375,3947
911.081472,242.075166,241.101875,3945
911.106072,109.383166,107.703750,3948
911.148774,142.263916,140.948500,3949
911.178423,70.514500,69.522833,3951
911.209808,185.117334,184.332458,3950
911.220690,47.959625,47.388541,3952
911.245650,62.699584,61.885834,3953
911.280666,43.019666,42.198917,3954
911.385408,46.019750,45.293792,3955
911.489884,54.450083,53.810750,3956
911.513347,49.378000,48.757625,3957
911.559234,53.148958,52.583708,3958
911.658752,52.403166,51.939416,3959
911.715063,42.364875,41.851250,3960
911.738623,55.489584,55.010666,3961
911.767870,40.977709,40.356750,3962
911.874757,55.240500,54.759541,3963
911.890315,57.903416,57.327084,3964
911.903134,63.737917,63.009041,3965
911.920573,48.028750,47.517166,3966
912.051959,45.926417,45.426208,3967
912.208731,36.036000,35.569625,3968
912.229877,50.114166,49.501667,3969
912.297418,34.996791,34.568625,3970
912.321930,59.462958,59.019334,3971
912.375819,36.451041,35.912333,3973
912.399255,72.440666,71.910708,3972
912.460840,39.867042,39.215458,3975
912.472447,67.969125,67.468625,3974
912.547115,41.039542,40.328167,3976
912.581143,38.869541,38.189375,3977
912.723330,50.611166,50.155000,3978
912.776268,46.183666,45.831041,3979
912.806900,70.637875,69.885958,3980
912.872266,45.030125,44.496959,3981
912.883396,44.053333,43.539708,3982
913.052993,69.881875,69.380792,3983
913.053849,56.061542,54.455333,3985
913.070051,75.634416,74.965042,3984
913.101961,95.872291,95.224791,3986
913.123154,61.026583,60.361875,3987
913.147373,80.794584,80.201625,3988
913.206649,65.867958,65.031167,3989
913.209514,36.756125,36.029583,3990
913.373101,61.183792,60.474458,3992
913.379252,71.792000,71.347209,3991
913.405280,65.877584,65.454375,3993
913.424455,53.291875,52.711458,3994
913.554387,48.329750,47.642875,3995
913.608716,47.739709,47.214125,3996
913.717799,45.122875,44.469250,3997
913.739644,50.362667,49.491167,3998
913.891812,70.592959,69.804292,3999
913.895542,44.164167,43.663958,4001
913.924176,84.777875,83.973750,4000
913.941681,55.545292,54.710250,4002
913.960139,50.848875,50.148875,4004
913.992746,102.260667,101.353584,4003
914.002702,64.311917,63.672875,4005
914.051508,45.409875,44.753334,4006
914.083351,41.020000,40.184375,4008
914.106523,76.135792,75.524750,4007
914.131277,53.277000,52.658084,4009
914.145378,47.809125,46.784792,4010
914.226914,55.925042,50.339625,4011
914.250065,77.363125,76.743625,4012
914.268834,88.533958,87.775042,4013
914.286674,35.091291,34.586125,4015
914.315552,112.415333,111.830542,4014
914.324707,48.068125,47.411000,4016
914.384374,40.997250,40.400500,4018
914.388721,49.316167,48.424542,4017
914.458584,37.131500,36.497125,4019
914.502897,63.394625,62.898791,4020
914.550143,44.115167,43.591041,4022
914.562672,60.557292,59.972791,4021
914.664805,46.825333,46.470666,4025
914.664826,93.201792,92.749125,4023
914.670490,74.598708,74.241709,4024
914.709706,37.017458,36.500333,4026
914.737524,61.076459,60.386083,4027
914.758372,39.456959,38.874792,4028
914.813103,35.416500,34.784750,4029
914.881475,42.087500,41.615583,4030
914.920381,43.213625,42.449167,4031
914.978151,40.424416,39.731708,4032
915.065639,28.896583,28.462000,4035
915.098057,91.941208,91.217292,4033
915.110518,80.173041,79.493750,4034
915.127192,53.249000,52.493583,4036
915.280626,107.839958,106.375792,4037
915.311023,134.491583,131.443084,4038
915.336327,126.672000,126.015166,4039
915.403263,158.628750,158.071084,4040
915.439052,98.213792,97.547625,4042
915.445191,106.569750,105.626792,4041
915.561293,114.512417,113.645875,4043
915.602534,137.258625,136.435250,4044
915.628779,157.579042,156.977625,4045
915.688659,182.279417,180.764500,4046
915.750241,142.828292,142.228625,4048
915.751298,114.824500,114.190125,4050
915.793962,281.089083,280.417084,4047
915.873848,99.261459,98.664417,4054
915.920348,312.229750,310.807583,4049
915.930681,126.222542,124.719875,4055
916.036611,397.856083,397.121958,4051
916.063236,189.369250,147.943833,4058
916.096248,165.530458,123.166750,4060
916.097867,427.584209,426.641541,4052
916.142311,105.660042,63.972709,4061
916.150231,477.531833,476.505459,4053
916.168331,105.067958,63.803251,4062
916.220399,412.780958,411.965167,4056
916.246300,103.946792,62.346375,4065
916.266201,115.933125,74.627875,4066
916.319272,98.833583,57.510541,4068
916.331214,512.785584,471.136751,4057
916.339343,92.993250,52.228459,4069
916.409340,488.955834,447.854459,4059
916.429218,97.962959,57.243375,4072
916.431369,112.053083,70.441584,4071
916.450319,354.046292,313.137125,4063
916.523241,425.342751,382.871125,4064
916.526320,97.060834,55.610334,4075
916.539259,129.880625,88.515584,4074
916.560170,67.295667,66.689000,4076
916.562967,60.709250,60.071375,4077
916.574275,401.552375,360.332875,4067
916.642271,376.024834,334.529416,4070
916.680975,48.067833,47.427042,4079
916.683204,343.825708,302.184167,4073
916.727622,54.901583,54.257583,4080
916.732153,208.892834,167.913083,4078
916.850320,64.393876,64.059042,4081
916.872021,47.929875,47.342750,4082
916.883538,44.151917,43.691375,4083
916.933213,41.352209,40.989375,4084
917.048882,42.833584,42.240333,4085
917.109175,49.220209,48.716209,4087
917.115239,38.315667,37.854834,4088
917.121469,71.369959,70.852542,4086
917.157890,36.501208,35.790125,4090
917.167645,88.000792,87.417459,4089
917.214297,41.575625,40.875917,4091
917.275715,34.962958,34.585833,4092
917.369326,29.922958,29.427709,4093
917.422470,35.186667,34.716792,4094
917.495881,37.124500,36.607667,4095
917.558754,50.635375,50.078001,4098
917.569914,64.793458,64.106001,4096
917.574623,68.570251,67.902917,4097
917.620317,110.836834,110.308042,4099
917.643637,62.595167,62.096709,4102
917.676334,76.234958,75.595334,4103
917.687848,166.678750,165.969417,4100
917.740993,191.572500,190.837500,4101
917.750857,78.103958,77.450042,4104
917.764839,61.620417,60.951041,4105
917.840106,35.560000,35.144959,4106
917.880493,41.066958,40.384166,4107
917.964800,74.193875,73.520417,4108
918.035839,50.772166,50.392416,4109
918.051802,45.709417,45.177709,4110
918.124920,46.627875,46.064958,4111
918.165526,47.861333,46.928583,4112
918.195268,33.998417,33.511333,4113
918.232270,59.566501,58.887208,4114
918.263487,48.587583,47.856959,4115
918.290217,56.549792,55.877791,4116
918.292944,41.583500,40.940083,4117
918.394887,63.960167,63.383833,4118
918.399556,60.156834,59.467041,4119
918.402686,50.365292,49.483584,4120
918.490944,65.055375,64.339916,4121
918.533866,34.786792,34.324500,4122
918.568715,38.842417,38.363791,4124
918.571456,65.417333,64.783250,4123
918.649699,31.970458,31.369334,4126
918.671074,64.911000,64.496250,4125
918.720651,61.311250,60.695250,4128
918.736399,78.449000,77.906791,4127
918.753488,80.769792,79.977917,4129
918.778443,55.839000,55.179833,4130
918.785610,58.366875,57.929375,4131
918.862203,48.321000,47.828375,4132
918.884254,44.838500,44.307667,4133
919.019083,54.331958,53.803750,4134
919.053641,49.928667,49.369542,4135
919.073618,67.538916,66.914166,4136
919.079751,66.776792,66.066000,4137
919.173975,67.097333,66.475500,4138
919.219891,47.138000,46.412334,4139
919.230627,51.443000,50.869875,4140
919.260938,52.665375,52.037125,4141
919.322340,42.797125,42.450625,4142
919.376429,37.044875,36.645583,4143
919.418695,38.161667,37.618291,4145
919.422018,67.746875,67.198833,4144
919.552649,46.566625,46.174041,4146
919.638604,85.413417,84.899208,4147
919.699666,42.239166,41.747125,4148
919.726207,53.482916,52.646125,4149
919.764714,45.335500,44.390500,4150
919.810194,51.534000,51.061500,4152
919.813030,54.658333,54.100083,4151
919.869042,29.721416,29.202833,4153
919.916657,38.461792,37.860375,4154
919.981685,36.189708,35.895708,4155
920.048665,45.246542,44.699375,4156
920.063369,41.393917,40.653375,4158
920.079484,73.389459,72.698792,4157
920.139262,73.497667,72.902667,4159
920.249832,77.008459,76.197917,4160
920.349641,74.366250,73.027501,4161
920.412384,120.489251,119.009334,4162
920.470127,130.755916,130.095292,4163
920.505183,143.918541,142.671667,4164
920.568211,140.614542,137.782167,4167
920.622543,140.539584,139.577959,4169
920.637608,251.696084,250.759250,4165
920.733838,165.600458,124.078791,4173
920.765281,360.818500,360.244209,4166
920.795888,173.306875,130.975250,4174
920.889483,425.941250,424.904375,4168
920.894277,160.407917,117.731542,4176
920.926966,161.661208,119.507791,4177
921.002532,503.585542,499.442708,4170
921.044296,154.786042,113.110958,4179
921.059232,164.933709,122.424167,4180
921.072155,566.024667,524.988917,4171
921.114252,596.440250,554.478459,4172
921.155280,110.945333,69.899667,4183
921.177230,117.952917,76.605083,4184
921.179284,541.646875,500.156709,4175
921.233814,61.134791,60.464542,4186
921.236212,440.288917,399.448292,4178
921.288259,95.554083,54.376000,4187
921.301348,374.340750,332.985042,4181
921.326152,323.607084,282.824500,4182
921.341566,55.822666,54.457958,4189
921.350389,69.440875,68.660958,4188
921.424295,352.114000,311.393542,4185
921.431827,105.524417,105.121042,4190
921.511407,172.059125,171.527708,4191
921.550679,44.595833,44.063833,4192
921.642899,29.752041,29.265834,4194
921.651888,69.312833,68.714042,4193
921.708252,35.550667,35.113166,4195
921.833839,41.528375,40.800083,4196
921.863228,33.633834,33.062750,4197
921.911274,71.904875,71.379000,4198
921.928953,59.125792,58.450292,4200
921.943391,86.653875,86.208500,4199
921.953788,61.605542,60.996833,4201
922.052165,46.130291,45.552500,4202
922.054293,38.741208,38.379250,4203
922.232181,59.485125,58.741375,4204
922.240193,55.597792,54.983250,4205
922.264149,50.696917,50.008292,4206
922.308102,42.427875,41.773958,4207
922.382695,43.319208,42.769417,4208
922.405726,45.293791,44.820708,4209
922.463688,60.589958,59.962001,4210
922.478859,47.371917,46.814834,4211
922.547125,41.064917,40.687209,4212
922.698784,26.086083,25.742500,4214
922.725538,59.206000,58.657083,4213
922.783612,56.867125,56.204167,4215
922.792769,50.812125,50.254166,4216
922.879578,38.967250,38.382167,4218
922.899272,59.867500,59.218542,4217
922.975035,33.061583,32.670166,4219
923.053482,47.435792,46.743083,4220
923.152326,49.000292,48.344917,4221
923.155177,40.601167,39.984291,4222
923.224318,51.572208,50.993542,4224
923.225498,53.697000,53.208167,4223
923.246908,62.182167,61.529708,4225
923.271724,59.190250,58.399250,4226
923.306912,90.658458,89.890792,4227
923.350966,45.840667,45.223208,4228
923.373536,60.088875,59.451875,4229
923.395497,56.144667,55.715333,4230
923.441164,63.711667,63.171208,4231
923.519461,27.598084,27.088834,4232
923.571783,65.686542,65.069958,4233
923.625867,65.095333,64.361208,4234
923.689989,46.073125,45.442541,4235
923.711496,57.246875,56.708166,4236
923.737055,36.844208,36.165208,4238
923.749802,77.078167,76.441167,4237
923.825344,61.871542,61.234542,4239
923.825562,59.266084,58.493167,4240
923.837951,56.017209,55.579126,4241
923.882304,42.910292,42.203000,4242
924.062939,56.887834,56.528500,4243
924.109436,58.136459,57.464750,4244
924.232727,62.203750,61.537875,4245
924.249448,76.736334,75.384750,4246
924.249584,69.922125,69.231750,4247
924.282346,79.348500,78.941625,4248
924.325208,68.847625,68.298416,4249
924.393378,53.985750,53.485541,4250
924.473875,53.453458,52.950917,4251
924.546562,40.493250,40.037667,4252
924.582827,73.267250,72.472458,4253
924.589122,32.521708,31.992625,4254
924.634163,37.759750,37.295708,4255
924.723704,50.954750,50.236084,4256
924.727667,39.642750,39.132041,4257
924.807159,34.791167,34.290958,4258
924.881300,41.933792,41.451667,4259
924.933401,31.993792,31.469084,4261
924.955285,59.874208,59.484833,4260
924.995326,54.394083,53.815125,4262
925.041796,35.739667,35.233917,4263
925.101649,35.781958,35.208833,4264
925.144553,46.672500,45.923500,4265
925.156471,48.146583,47.698292,4266
925.284527,111.766084,110.236000,4267
925.296111,104.896751,104.108376,4268
925.338960,135.330417,133.209125,4269
925.400259,160.512042,156.444167,4270
925.444563,105.217000,104.713000,4271
925.449612,105.515667,104.867584,4272
925.577490,71.393875,70.526166,4273
925.765098,92.321833,91.521791,4274
925.791119,94.918833,94.174792,4275
925.884894,99.978667,99.202834,4277
925.890451,113.357708,112.628542,4276
925.909759,70.142042,69.089125,4279
925.942690,155.710334,154.781667,4278
925.970204,66.785542,66.074167,4282
925.981931,131.005584,130.462208,4280
926.019543,149.552667,148.944833,4281
926.063713,40.288208,39.598125,4284
926.078123,72.036125,71.586667,4283
926.097796,51.128291,50.450458,4285
926.144388,27.264417,26.814375,4286
926.218611,45.895208,45.438750,4287
926.265664,46.011875,45.553959,4288
926.390411,51.046042,50.357416,4290
926.391105,57.291500,56.688042,4289
926.411586,51.249042,50.647333,4291
926.459122,40.584541,39.940250,4292
926.529311,33.614875,33.015209,4293
926.573778,67.700500,67.019167,4294
926.712062,50.917417,50.440541,4295
926.720948,49.335417,48.631042,4296
926.740830,68.124875,67.666958,4297
926.767637,46.602208,46.022958,4298
926.882898,43.484000,42.804125,4299
926.928948,37.144333,36.527750,4300
926.969528,41.436208,40.693917,4301
927.052633,46.565459,45.878583,4302
927.054138,37.391958,36.805709,4303
927.099288,43.905750,43.349541,4304
927.121059,27.507958,27.040125,4305
927.213582,49.216708,48.480250,4307
927.231583,58.889542,58.126541,4308
927.234652,76.122667,75.614292,4306
927.380494,41.109834,40.648125,4309
927.573296,67.235875,66.674708,4310
927.695312,42.163333,41.610917,4311
927.722293,49.541917,49.129791,4312
927.773181,57.226750,56.791000,4313
927.898343,58.945542,58.282292,4314
927.919549,38.866625,38.440792,4315
927.974343,71.928500,71.203708,4316
928.044503,38.421833,37.889542,4317
928.128617,35.039375,34.654959,4318
928.208089,35.342708,34.864959,4319
928.397091,57.667167,56.994875,4320
928.446146,39.457250,38.762208,4321
928.476765,44.797083,44.084833,4322
928.544938,38.878000,38.265500,4323
928.561916,40.327292,39.852459,4324
928.657367,47.463208,46.949875,4325
928.747137,74.419334,73.691917,4326
928.900476,61.116125,60.442958,4327
929.003862,47.527375,47.009958,4328
929.024052,46.921292,46.431875,4329
929.053921,47.862792,47.237750,4330
929.071719,42.899792,42.450625,4331
929.116893,45.422125,44.931542,4332
929.181555,49.039958,48.226792,4333
929.219395,46.713042,46.029375,4334
929.234345,37.954584,37.485875,4335
929.298799,56.259584,55.649708,4336
929.346707,45.483084,45.013791,4337
929.374719,35.320833,34.666042,4340
929.403424,73.674709,73.264917,4338
929.429974,95.651501,94.805667,4339
929.580319,74.278750,73.716708,4341
929.713923,41.225625,40.696250,4342
929.874229,55.350750,54.981208,4344
929.895512,56.136792,55.619958,4345
929.899079,82.572584,81.852458,4343
929.918592,35.999834,35.290792,4346
930.041907,35.849333,35.427875,4347
930.091604,36.199916,35.701167,4348
930.143923,37.180208,36.621667,4349
930.244851,72.034375,71.334667,4350
930.411638,72.156000,71.466500,4351
930.574317,66.617833,65.512709,4352
930.640179,68.816417,68.147333,4353
930.717852,84.423792,83.875750,4354
930.758917,86.130334,85.056416,4355
930.905018,65.598167,64.890875,4356
930.920502,41.330625,40.677292,4357
931.042470,36.374042,36.082667,4358
931.220409,47.647833,46.981375,4359
931.382490,43.095208,42.468709,4360
931.404052,54.294334,53.471833,4361
931.456876,83.311667,82.533792,4362
931.533032,26.956417,26.509000,4363
931.718748,45.994083,45.357083,4364
931.765567,28.262500,27.584666,4365
931.840276,37.192458,36.685833,4366
931.885034,45.643500,44.879916,4367
931.912935,44.705792,44.220166,4368
931.927933,54.920250,54.232791,4369
932.059868,53.823000,53.216334,4370
932.080533,58.226292,57.661333,4371
932.206994,50.332334,49.787500,4372
932.207121,34.376417,33.856959,4373
932.335812,44.190125,43.626917,4374
932.378606,39.239667,38.728958,4375
932.542490,36.406417,35.948791,4376
932.713805,41.089416,40.574333,4377
932.725848,50.694291,50.171333,4378
932.770357,36.767792,36.306667,4379
932.887183,47.799209,47.118750,4380
933.046933,40.835958,40.372791,4381
933.227503,54.793666,54.267500,4382
933.387652,48.283667,47.772084,4383
933.493056,45.449250,44.922792,4384
933.553431,47.374833,46.851875,4385
933.555484,45.609375,45.124917,4386
933.698750,68.504917,67.819208,4387
933.716847,44.124208,43.456292,4388
933.869695,30.284625,29.666583,4389
934.025100,59.366708,58.793000,4390
934.071651,65.594666,64.957667,4391
934.098148,47.851125,47.334000,4392
934.213782,41.042750,40.568792,4393
934.298716,37.129750,36.432084,4394
934.376078,36.674167,36.190583,4395
934.542254,36.216541,35.917875,4396
934.709661,36.915083,36.291500,4397
934.742063,62.483167,61.679625,4398
934.839388,40.734167,40.445125,4399
934.921218,81.809875,40.810000,4400
935.036848,45.390334,44.949917,4401
935.063931,57.860834,57.467083,4402
935.242868,70.090125,69.173417,4403
935.413557,74.110750,73.561834,4404
935.491705,85.918000,85.143334,4405
935.526335,88.029958,86.470709,4406
935.588132,81.533083,80.579917,4407
935.618425,77.918459,77.436041,4408
935.717324,84.975625,84.540750,4409
935.793152,120.049709,119.310042,4410
935.803724,120.691375,119.880250,4411
935.843692,98.584500,97.696959,4412
935.899885,60.027042,59.456833,4413
936.041140,39.932666,39.374417,4414
936.065986,59.908625,59.472583,4415
936.218986,46.288375,45.770667,4416
936.363823,54.224042,53.529875,4417
936.396739,57.368209,56.718375,4418
936.406420,53.596375,52.875667,4419
936.496902,55.126167,54.519792,4420
936.509776,43.435584,42.879375,4421
936.558309,52.229042,51.817209,4422
936.747058,74.308208,73.528000,4423
936.762613,25.379667,24.928458,4424
936.875366,35.971250,35.290792,4425
936.962801,25.167625,24.708833,4426
937.046743,40.644333,40.061583,4427
937.074505,29.609125,29.107167,4428
937.216140,43.414875,42.665875,4429
937.263787,38.895791,38.384209,4430
937.385358,45.995833,45.472291,4431
937.531935,25.885417,25.364791,4432
937.718233,45.515750,44.994834,4433
937.843976,66.045000,65.470125,4434
937.886060,46.688833,46.034917,4435
937.894408,42.964833,42.400750,4436
937.978162,34.804583,34.342875,4438
938.002469,65.756542,65.191000,4437
938.042641,36.575000,36.116209,4439
938.216184,43.469417,42.775833,4440
938.310137,43.376958,42.621833,4441
938.379388,40.007917,39.513833,4442
938.524257,42.759500,42.267750,4443
938.548582,42.541333,42.091292,4444
938.588502,40.921417,40.466416,4445
938.642040,31.412209,30.738166,4447
938.659054,70.239166,69.507375,4446
938.713797,43.397667,42.900958,4448
938.716187,43.484875,42.912917,4449
938.873354,33.973333,33.531459,4450
938.915522,35.030334,34.561625,4452
938.942611,71.963500,71.344875,4451
939.052905,46.842541,46.231791,4453
939.077780,47.119916,46.636625,4454
939.219520,46.804333,46.148959,4455
939.384700,45.290291,44.668750,4456
939.413142,35.810250,35.078750,4457
939.458463,56.953458,56.547167,4458
939.492043,53.909333,53.269417,4459
939.538054,48.945458,48.252750,4460
939.538059,32.017417,31.481916,4461
939.717571,34.355125,33.927833,4463
939.755560,82.859875,82.503458,4462
939.880987,41.603916,41.068708,4464
940.036131,30.067917,29.485750,4465
940.248338,75.589792,74.779250,4466
940.414534,74.105791,73.084375,4467
940.586652,79.956333,79.029417,4468
940.746260,73.004458,72.553833,4469
940.886933,44.097958,43.328834,4471
940.887472,48.074542,47.593583,4470
941.029859,49.459667,48.917459,4472
941.050359,44.290750,43.624292,4473
941.115568,63.633500,63.188125,4474
941.142639,55.378459,54.846458,4475
941.159918,65.189834,64.765750,4476
941.213916,41.164958,40.570250,4478
941.226122,57.882125,57.238416,4477
941.419057,79.639875,78.931417,4479
941.480863,39.755041,39.294208,4480
941.543214,37.165041,36.628375,4481
941.718372,45.646708,45.182084,4482
941.907639,39.232958,38.651667,4484
941.910089,70.662667,70.018666,4483
942.049989,43.908667,43.239000,4485
942.189177,40.593000,40.215583,4486
942.222094,49.337167,48.551125,4487
942.370101,30.693250,30.007833,4488
942.546937,40.851708,40.278292,4489
942.645649,28.083708,27.400917,4490
942.717056,44.338875,43.631583,4491
942.890885,53.572458,52.941875,4492
942.905177,38.096334,37.580375,4494
942.911180,71.790250,71.035708,4493
942.967140,27.053542,26.604959,4495
943.040560,51.580375,50.831958,4496
943.043611,37.576000,37.047500,4497
943.137134,36.356542,35.824541,4498
943.230875,58.204125,57.697209,4499
943.321914,62.681500,62.167875,4500
943.384828,45.486584,45.206292,4501
943.561966,55.912500,55.286292,4502
943.700388,50.682625,50.224417,4503
943.723364,50.642084,50.081792,4504
943.809683,48.337042,47.842084,4505
943.887497,48.092041,47.490916,4506
944.054297,48.235542,47.688375,4507
944.200138,27.391583,26.919666,4508
944.316798,27.300291,26.846750,4509
944.387563,48.204917,47.699166,4510
944.466161,42.541916,41.884208,4511
944.552153,46.102000,45.745583,4512
944.715361,42.633208,42.261333,4513
944.870417,52.491250,52.015542,4514
944.886669,47.273625,46.651208,4515
945.059592,53.516458,52.995250,4516
945.111600,65.575709,64.954167,4517
945.253268,80.471416,78.786458,4518
945.332358,68.042334,67.352542,4519
945.404363,64.329416,63.689500,4520
945.499506,73.258500,72.461667,4521
945.623775,117.686917,116.809000,4522
945.632032,123.464250,120.757583,4523
945.648356,116.894458,116.261833,4524
945.736949,107.067041,106.323291,4525
945.785591,112.806458,112.130959,4526
945.797231,104.591958,104.151542,4527
945.899414,59.491250,58.790959,4528
946.055872,49.838833,49.241792,4529
946.226081,53.337084,52.566208,4530
946.387591,48.202000,47.580167,4531
946.522562,44.417625,44.047792,4532
946.550412,44.335083,43.621375,4533
946.608545,71.748542,71.119417,4534
946.731889,59.171875,58.426083,4535
946.876508,37.124209,36.447834,4536
947.043790,37.712791,37.182542,4537
947.238157,65.437458,64.824375,4538
947.412344,73.007958,72.506583,4539
947.506155,42.860709,42.230708,4540
947.580571,74.488750,73.818209,4541
947.632631,47.214417,46.727333,4542
947.638467,46.469208,46.003708,4543
947.720744,48.025834,47.277125,4544
947.783403,27.346375,27.036625,4545
947.877531,38.168083,37.677791,4546
948.039585,33.518625,33.058959,4547
948.199812,27.091459,26.628584,4548
948.385776,46.401541,45.888792,4549
948.434059,35.067084,34.755584,4550
948.475707,29.128167,28.599375,4551
948.533077,27.029042,26.715500,4552
948.694469,42.430792,41.759667,4553
948.741937,69.182750,68.593583,4554
948.881169,41.786209,41.264417,4555
949.006836,41.009208,40.672625,4556
949.077797,71.750875,71.152959,4557
949.163986,59.523916,58.922792,4558
949.214212,41.522250,41.020583,4559
949.381774,42.439250,41.961208,4560
949.546633,29.835167,29.360041,4562
949.573923,67.864708,67.386083,4561
949.739495,66.729542,66.094292,4563
949.771742,36.586375,36.241041,4564
949.918517,79.133833,78.457750,4565
950.044508,38.457416,37.785708,4566
950.111595,31.140375,30.592625,4567
950.147320,46.964750,46.238791,4568
950.260737,87.990000,87.311583,4569
950.277817,86.565209,85.808625,4570
950.413843,74.329500,73.417167,4571
950.579884,73.323250,72.714250,4572
950.744039,69.998542,68.647542,4573
950.850495,51.378834,50.740958,4574
950.875912,36.542041,35.973583,4575
950.940911,49.315875,48.612666,4576
951.030419,43.533875,43.132834,4577
951.059590,53.530166,52.840084,4578
951.220402,47.662125,47.285875,4579
951.248456,41.192958,40.580458,4580
951.369432,30.046333,29.523375,4581
951.549526,43.458334,42.865667,4582
951.694429,40.294625,39.741042,4583
951.717725,44.979083,44.377667,4584
951.876118,36.760792,36.344583,4585
952.064613,58.541875,57.902250,4586
952.198460,55.383709,54.975084,4587
952.218292,45.537916,44.842000,4588
952.402055,62.667791,61.974209,4589
952.500067,56.921083,56.501375,4590
952.529277,66.072125,65.597292,4592
952.552194,46.169667,45.609083,4593
952.556575,101.463834,100.964501,4591
952.607906,90.561916,89.919958,4594
952.673018,40.874750,40.495291,4595
952.721617,48.862042,48.081542,4596
952.741382,44.980833,44.212292,4597
952.880753,41.344333,40.817292,4598
952.941855,54.232209,53.624666,4599
953.050220,44.147541,43.755834,4600
953.224735,52.006792,51.338584,4601
953.364070,24.658958,24.132792,4602
953.545903,39.773417,39.083042,4603
953.593269,39.137583,38.717000,4604
953.641507,51.327792,50.590167,4605
953.717838,45.099542,44.374167,4606
953.881752,42.386751,41.871375,4607
953.950215,38.440500,37.735250,4608
954.034229,28.180833,27.514083,4609
954.149745,37.303000,36.621667,4610
954.215368,42.648375,42.132416,4611
954.228940,53.202041,52.382167,4612
954.387547,48.159125,47.671458,4613
954.491763,38.731875,38.235459,4615
954.509896,68.327000,67.740166,4614
954.559809,53.739000,53.199416,4616
954.697535,24.834250,24.521000,4617
954.801357,38.104792,37.392541,4618
954.874031,34.645625,34.132000,4619
955.054883,48.814208,48.132875,4620
955.157918,54.113209,53.606584,4621
955.245524,72.757709,72.275875,4622
955.304407,78.449875,77.566709,4623
955.420126,80.717875,80.042667,4624
955.502390,93.640458,92.931709,4625
955.531615,102.721500,102.348750,4626
955.581507,93.314958,91.658875,4627
955.610505,104.416667,103.293166,4628
955.667611,79.979959,78.422167,4629
955.760170,87.406375,86.749542,4630
955.782541,83.777459,83.018250,4631
955.889605,50.096958,49.479500,4632
955.987537,48.118875,47.636459,4633
956.075795,69.694916,69.229125,4634
956.239569,66.873334,66.342791,4635
956.386076,46.671041,46.007500,4636
956.557405,51.334500,50.826709,4637
956.721487,48.794958,48.290083,4638
956.875731,36.367625,35.885500,4639
956.959251,45.883542,45.420083,4640
957.054123,48.004250,47.487417,4641
957.136720,44.215500,43.605042,4642
957.178617,70.966583,70.247625,4643
957.198705,25.991291,25.422250,4644
957.365146,25.743667,25.079834,4645
957.543281,37.223958,36.686709,4646
957.728569,55.790875,55.151542,4648
957.729723,63.051334,62.580584,4647
957.778650,83.220375,82.395834,4649
957.875711,36.327667,35.868875,4650
958.037915,31.827542,31.245083,4652
958.060323,57.518709,56.796250,4651
958.088077,50.231709,49.466083,4653
958.148319,29.160250,28.598792,4655
958.187787,75.382125,74.646541,4654
958.198926,46.195333,45.699500,4656
958.249837,77.132125,76.536833,4657
958.307191,65.634916,65.111375,4658
958.375432,36.015875,35.317917,4659
958.493668,27.517583,27.003667,4660
958.533582,27.498625,27.043625,4661
958.700076,27.375250,27.056458,4662
958.787388,43.456876,42.694459,4663
958.860391,60.865584,60.135833,4664
958.892919,53.538916,52.819375,4665
958.897303,52.310416,51.057417,4666
958.979493,49.774375,49.106167,4667
959.056534,50.486625,49.889000,4668
959.220747,48.026709,47.592125,4669
959.239674,43.429458,42.895125,4670
959.378155,38.743542,38.089916,4671
959.507046,36.571792,36.184750,4672
959.556610,50.540000,49.977375,4673
959.600787,43.372875,42.857792,4674
959.716192,43.449584,42.750166,4675
959.888451,49.080208,48.662834,4676
959.950475,33.318541,32.770500,4678
959.954992,68.091333,67.479417,4677
960.045569,39.498958,38.829875,4679
960.248588,94.370500,93.837917,4680
960.264902,91.771166,91.056291,4681
960.409962,69.880417,69.203167,4682
960.602502,95.701959,95.079541,4683
960.654545,123.693791,122.933708,4684
960.659449,123.105500,121.744875,4685
960.748430,75.682833,75.064208,4686
960.885491,46.097042,45.302833,4687
960.964686,38.859916,38.168375,4688
961.010489,36.845084,36.351875,4689
961.086839,80.779125,80.007083,4690
961.109051,28.430791,27.561625,4691
961.214784,42.039375,41.577958,4692
961.384089,44.702000,43.969333,4693
961.436738,35.801500,35.288458,4694
961.550277,27.787375,27.372041,4696
961.562658,56.610167,56.079917,4695
961.713630,40.909750,40.471083,4697
961.867509,28.145541,27.554917,4698
961.924935,27.193542,26.789292,4699
961.972327,58.839958,58.111375,4700
962.024546,64.483125,63.854292,4701
962.070926,59.346291,58.620625,4703
962.078892,72.807875,72.156583,4702
962.080227,57.622542,57.043583,4704
962.123776,85.546417,84.894250,4705
962.204162,36.236958,35.627666,4706
962.234627,61.881750,61.198958,4707
962.382537,62.027000,61.529125,4708
962.403879,62.358625,61.814083,4710
962.407373,67.974958,67.464834,4709
962.547172,41.092042,40.641417,4711
962.710936,38.224375,37.681584,4712
962.885160,45.779417,45.353291,4713
962.921500,43.103375,42.628542,4714
963.074198,28.532292,28.067375,4716
963.087410,81.320458,80.880625,4715
963.188362,56.390833,55.857958,4717
963.214270,41.558416,40.938916,4718
963.246385,57.558375,56.849625,4719
963.365114,52.141542,51.518250,4720
963.380112,40.743791,40.192542,4721
963.543814,37.700834,36.996750,4722
963.598382,46.895917,46.556708,4723
963.659200,49.221375,48.650584,4724
963.714811,44.475667,43.824667,4725
963.730497,57.803958,57.204292,4726
963.773184,75.433750,74.964750,4727
963.784687,39.055333,38.666250,4728
963.844272,40.887875,40.415375,4729
963.878837,39.440917,38.733625,4730
963.925161,67.125917,66.391792,4731
963.982844,38.766875,38.202500,4733
963.995371,65.260708,64.571208,4732
964.040789,34.782708,34.183625,4734
964.082147,69.216875,68.592125,4735
964.099026,37.995708,37.579208,4736
964.228774,56.057750,55.503291,4737
964.379212,35.353501,34.658459,4739
964.400481,61.113500,60.684459,4738
964.417059,37.723875,37.349667,4740
964.543381,37.316708,36.783541,4742
964.549447,65.879916,65.280833,4741
964.643087,46.184833,45.791083,4743
964.695345,45.821416,45.287667,4744
964.736648,63.880542,63.310625,4745
964.870918,43.607375,42.798875,4746
964.902147,62.781833,61.916459,4747
964.902153,34.419583,33.789875,4748
965.048592,42.540458,41.802541,4749
965.070326,57.059917,56.300125,4750
965.084342,45.114126,44.331292,4751
965.213931,71.607375,70.329583,4752
965.251789,79.041666,78.388333,4753
965.391544,79.058584,78.481958,4754
965.425396,85.925000,84.294292,4755
965.488513,85.307250,84.417667,4756
965.611949,105.781666,104.258583,4757
965.626613,100.838208,100.107000,4758
965.699733,109.695250,107.547417,4759
965.756188,121.575709,120.826126,4760
965.786047,127.305209,126.724209,4761
965.850606,127.771292,127.059625,4763
965.869030,195.802250,193.004292,4762
965.914929,112.174125,111.517875,4764
965.960076,120.697791,116.923333,4765
965.986082,112.158375,111.304083,4766
966.008419,114.216375,113.574708,4767
966.013476,47.705292,46.994208,4768
966.042436,36.343125,35.780792,4769
966.090491,40.565875,40.060125,4770
966.116099,56.877333,56.192500,4772
966.130133,73.223792,72.499292,4771
966.203443,30.715416,30.391959,4773
966.228041,24.924667,24.440209,4774
966.271196,41.236709,40.833916,4776
966.276217,65.618584,64.856750,4775
966.328622,40.036791,39.610084,4777
966.351315,55.716208,55.336750,4778
966.399202,59.819959,59.119375,4779
966.434511,47.046416,46.422542,4780
966.517655,66.887625,66.457709,4781
966.540675,34.606541,33.998708,4782
966.630752,45.072125,44.591166,4785
966.630917,67.604250,66.908042,4783
966.636730,55.149792,54.666791,4784
966.720530,47.800375,47.378333,4786
966.849413,41.022625,40.481292,4787
966.876684,45.273375,44.838792,4788
966.912922,73.533833,67.540666,4789
966.929206,53.954250,53.026167,4790
966.953570,49.082250,48.252750,4791
966.980764,48.413458,47.642292,4792
967.026225,39.685917,38.942750,4793
967.051360,45.285917,44.675458,4794
967.231267,58.526709,57.936958,4795
967.271830,51.377667,50.776833,4797
967.272281,61.938041,61.535833,4796
967.308983,82.685167,81.995375,4798
967.357858,104.674208,103.887000,4799
967.378087,38.650792,37.940291,4800
967.529640,32.751250,31.997000,4801
967.562753,56.683375,56.150208,4802
967.670970,41.902584,41.338500,4803
967.708113,35.369833,34.859125,4804
967.836694,44.416167,43.649083,4805
967.870691,39.197958,38.794875,4806
967.905486,66.068334,65.335084,4807
968.006485,46.434500,45.921167,4808
968.035453,29.370834,28.967458,4809
968.164720,66.044416,65.593792,4810
968.204926,52.183542,51.455542,4811
968.211212,38.500291,37.779875,4812
968.330645,34.301458,33.407500,4814
968.339191,50.080334,49.539292,4813
968.376695,37.324875,36.677959,4815
968.441848,46.687375,45.970167,4817
968.443992,55.552875,55.042750,4816
968.485275,39.883667,39.186000,4820
968.507865,94.037416,93.368041,4818
968.519659,82.378625,81.655000,4819
968.551563,45.472875,44.685667,4822
968.567103,90.637167,89.938334,4821
968.589931,40.042916,39.451417,4823
968.677486,36.697500,36.177167,4824
968.713455,40.752833,40.193125,4825
968.894394,54.996667,54.369292,4826
968.918673,49.996334,49.516542,4828
968.933194,67.821250,67.264750,4827
969.060018,53.909334,53.400667,4829
969.148930,47.472542,46.879292,4830
969.221619,48.901708,48.389250,4831
969.290824,45.962001,45.291459,4832
969.301530,48.948667,48.321875,4833
969.375790,36.426833,35.957250,4834
969.546714,40.680208,40.303084,4835
969.707555,34.821792,34.248959,4837
969.709293,71.652000,71.037750,4836
969.858702,42.065916,41.601583,4838
969.883752,47.770041,47.126917,4839
969.916550,77.205334,76.696083,4840
970.066041,57.741250,57.068375,4842
970.069191,55.878666,55.253917,4843
970.080453,74.392500,73.819958,4841
970.126145,33.669125,33.094542,4844
970.188259,76.052375,75.189041,4845
970.202478,84.499625,83.815666,4846
970.224544,93.929792,92.790250,4847
970.338141,163.746917,162.498000,4848
970.370691,123.982542,123.242584,4852
970.380515,136.593334,134.485459,4851
970.427135,249.961542,249.218667,4849
970.506157,94.767458,94.035083,4855
970.522724,342.454583,341.048750,4850
970.609846,103.786958,102.651208,4856
970.628893,303.951959,301.380334,4853
970.730848,127.684959,127.254458,4857
970.738057,123.384917,122.749958,4859
970.754653,415.099125,414.752042,4854
970.826808,212.368625,209.755875,4858
970.946425,274.572083,273.855750,4860
970.966550,127.158500,126.802375,4863
970.975538,133.465500,132.897041,4864
971.017955,344.928500,341.149083,4861
971.049484,327.132458,326.697292,4862
971.067041,60.978167,60.267667,4867
971.102669,217.528208,215.646083,4865
971.149412,70.548333,70.037042,4869
971.155390,202.521958,202.004833,4866
971.157355,96.589500,95.840792,4868
971.204164,120.265541,119.557959,4870
971.251400,77.584208,75.273334,4872
971.252338,79.662334,79.060333,4871
971.268918,60.340875,59.655166,4873
971.326503,65.862125,65.167666,4874
971.377085,37.702001,37.074334,4875
971.434153,84.189291,83.595750,4876
971.486450,33.680208,33.048459,4877
971.521650,48.856208,48.209292,4878
971.562818,56.762125,56.196292,4879
971.565759,47.803583,47.481875,4880
971.602024,33.508709,32.970875,4882
971.612615,56.808209,56.219042,4881
971.685419,46.970875,46.456375,4883
971.723112,50.379291,49.536667,4884
971.750451,51.469250,50.785583,4886
971.754550,62.457500,61.853166,4885
971.798675,88.824750,88.098792,4887
971.878367,38.980375,38.475209,4888
971.949477,63.552417,63.027708,4889
971.963329,75.938916,75.429666,4890
971.971602,67.873750,67.139042,4891
972.047338,41.286875,40.662417,4892
972.069239,45.735375,45.064542,4893
972.165831,32.202041,31.698625,4894
972.203151,37.887500,37.042833,4895
972.239378,66.654292,66.011750,4896
972.376697,37.312916,36.626625,4897
972.475548,36.378417,36.080333,4898
972.520900,38.835125,38.368458,4899
972.556562,50.469416,49.712250,4900
972.614778,39.396875,38.932250,4901
972.647886,58.630542,57.844500,4902
972.688440,55.682375,54.960792,4904
972.698198,72.690916,72.053625,4903
972.746170,73.495333,72.869708,4905
972.752085,61.047584,60.613000,4907
972.772160,96.633250,96.073542,4906
972.826512,35.263666,34.791750,4908
972.876047,72.596708,71.973416,4909
972.908831,71.548750,71.007125,4910
972.911776,72.440375,71.827875,4911
972.952088,73.308666,72.592333,4913
972.953955,81.978750,81.353125,4912
973.025939,61.817292,61.191667,4914
973.036704,47.008792,46.438291,4915
973.077126,71.041541,70.336000,4916
973.127790,47.406917,46.987792,4917
973.211831,62.433584,61.927833,4918
973.223837,51.133833,50.560416,4919
973.275249,34.207541,33.758375,4921
973.301590,95.716833,94.994667,4920
973.326277,63.648083,63.004667,4923
973.331676,74.265917,73.337833,4922
973.405333,141.976917,140.490583,4924
973.409802,70.448875,69.702500,4926
973.425472,73.763959,72.955458,4927
973.466126,196.802958,196.167708,4925
973.497662,122.960834,122.295250,4928
973.541414,35.376833,34.716791,4930
973.561634,177.725334,176.892334,4929
973.620971,52.722250,52.268125,4931
973.692907,50.962334,50.341083,4932
973.713750,40.965167,40.412458,4933
973.765740,35.242958,34.878667,4935
973.800495,70.338625,69.766667,4934
973.870269,30.885459,30.398375,4936
974.008092,48.319833,47.620125,4937
974.055146,49.055416,48.319541,4938
974.145841,63.740542,63.320250,4939
974.234925,62.227084,61.716083,4940
974.287538,42.758042,42.229250,4941
974.323425,43.439667,42.585084,4942
974.386724,47.340125,46.648875,4943
974.392436,43.968750,43.230541,4944
974.438345,32.179583,31.669750,4945
974.534163,43.640625,43.030750,4946
974.545649,39.570708,39.130000,4947
974.609760,34.633083,34.165833,4948
974.672083,36.566541,35.871209,4949
974.710351,37.629667,37.044875,4950
974.748157,63.560291,62.804000,4951
974.857097,43.682334,43.211000,4952
974.891416,52.042959,51.346750,4953
974.913130,45.231667,44.725042,4954
975.037779,41.725833,41.269667,4955
975.068337,66.005333,65.320209,4956
975.078351,72.280542,71.629250,4957
975.096936,34.827042,34.255083,4958
975.262191,89.375709,88.521125,4959
975.305485,103.269541,102.687667,4960
975.330091,90.419292,89.881458,4961
975.410545,71.067500,70.292542,4962
975.610751,115.790501,114.750709,4963
975.625062,118.914542,117.973917,4964
975.669609,147.358750,146.485208,4965
975.740193,191.870000,187.474291,4966
975.769026,144.113083,143.532958,4968
975.802525,129.278041,128.717750,4970
975.880861,310.615375,304.191417,4967
975.900648,123.216625,122.415709,4972
975.922330,120.427125,119.770875,4974
975.956628,307.822083,307.097584,4969
975.998415,42.042292,41.630166,4978
976.002531,47.391750,46.666083,4977
976.039844,246.254459,245.667333,4973
976.064137,58.023584,57.154125,4979
976.081055,254.365416,253.689625,4975
976.166670,77.191333,76.719125,4980
976.175251,335.920667,294.251416,4976
976.178586,425.296958,424.418458,4971
976.181368,83.275500,82.435500,4981
976.217138,44.431041,43.848583,4982
976.266968,73.236625,72.585626,4983
976.287383,51.702292,50.992083,4984
976.306692,39.062042,38.755500,4985
976.364935,58.578334,58.037584,4986
976.397837,79.184000,78.607958,4987
976.401387,62.004541,61.401958,4988
976.430376,73.252667,72.755083,4989
976.543048,36.959708,36.405250,4991
976.551336,53.575083,52.982708,4990
976.584141,45.312458,44.719500,4992
976.687859,36.693417,36.167542,4993
976.730945,58.194209,57.418958,4994
976.865763,59.550750,58.915792,4995
976.867958,52.987958,52.253542,4996
976.897479,58.093292,57.446375,4997
976.967096,56.987000,56.369834,4998
977.044180,38.095750,37.441250,4999
977.082728,37.212000,36.694291,5000
977.145234,42.890458,42.263083,5001
977.165619,54.695666,53.920709,5002
977.224921,52.197833,51.697333,5003
977.278730,36.391834,35.943541,5004
977.337392,47.932500,47.194583,5005
977.377273,37.910542,37.554417,5006
977.555869,49.802667,49.182000,5007
977.623163,50.822041,50.147125,5008
977.709195,36.479042,36.011209,5009
977.843995,40.717542,40.309500,5010
977.899100,59.707667,59.125791,5011
977.911612,44.565791,44.020083,5012
978.056258,50.201375,49.635542,5013
978.082032,63.314125,62.858833,5015
978.091895,75.709666,74.806375,5014
978.131835,91.471042,90.730500,5016
978.172393,87.062500,86.580084,5017
978.183468,87.131333,84.457625,5018
978.189091,73.311875,72.753041,5019
978.220569,47.843833,47.119917,5020
978.272357,64.853542,64.181250,5021
978.324289,55.128209,54.510458,5023
978.339218,75.702667,75.269834,5022
978.341435,53.771375,53.242000,5024
978.388156,76.477042,75.870083,5025
978.401589,62.182167,61.577542,5026
978.423366,37.936500,37.374458,5027
978.449497,54.537583,53.881041,5028
978.493289,65.823917,65.095333,5029
978.498916,40.456208,39.816583,5030
978.570776,64.738916,64.141000,5032
978.580482,77.491166,76.910458,5031
978.603138,75.708500,74.962708,5033
978.724110,51.405083,50.741250,5034
978.755046,41.663708,41.178667,5035
978.769378,54.000334,52.744125,5036
978.798252,35.854875,35.218167,5037
978.842482,68.994333,68.300167,5038
978.888393,52.723709,51.842292,5039
978.890161,50.828750,50.263209,5040
979.025552,47.129542,46.738125,5041
979.052120,46.054167,45.377209,5042
979.070081,47.579875,46.982542,5043
979.180450,46.959208,46.320750,5044
979.219470,46.732000,46.090625,5045
979.258670,56.952292,56.466666,5046
979.311623,61.667375,61.019583,5047
979.329658,28.902125,28.308292,5048
979.380385,41.024958,40.514833,5049
979.558729,52.676166,52.212417,5051
979.572281,66.629209,65.794459,5050
979.583533,69.726125,69.065209,5052
979.622481,78.497416,77.946458,5053
979.650169,56.173250,55.534791,5055
979.661261,106.617875,105.968042,5054
979.708850,84.044625,83.503584,5056
979.717437,61.049625,60.323667,5057
979.731933,59.220875,58.494625,5058
979.809911,37.094167,36.533000,5059
979.884721,45.329375,44.902375,5060
979.903201,34.075708,33.420917,5061
979.940586,43.254458,37.547125,5062
979.970178,49.357583,48.604209,5064
979.980411,55.573875,54.973625,5065
979.991166,90.894417,90.032250,5063
980.030750,98.483583,98.007292,5066
980.058584,52.509042,51.903541,5067
980.100481,91.620958,90.602458,5068
980.100729,86.619458,83.406458,5069
980.135423,110.753708,110.201584,5070
980.137967,77.983792,77.413583,5072
980.209411,179.578583,178.561250,5071
980.290188,107.780166,107.070833,5074
980.302168,129.401417,128.486458,5073
980.367399,122.772708,122.248584,5075
980.435173,120.998501,120.251542,5077
980.449146,109.770792,109.070208,5078
980.474228,193.126792,190.873083,5076
980.573194,229.762167,228.916042,5079
980.618368,111.033417,109.342625,5082
980.653327,147.769417,146.681208,5081
980.698162,284.293042,283.656625,5080
980.769161,145.215000,142.739333,5086
980.791615,118.761417,117.495875,5087
980.815425,271.059250,269.723416,5083
980.889169,290.190250,288.380750,5084
980.941179,101.669750,99.955625,5090
980.991154,386.688459,385.296334,5085
981.018036,91.697667,90.405292,5091
981.062696,56.624750,56.060375,5092
981.075339,398.443792,397.635875,5088
981.086475,62.904041,62.468291,5093
981.133379,391.213667,389.645667,5089
981.136369,72.660292,71.912459,5095
981.185067,49.219917,48.585542,5097
981.188925,74.280500,73.780584,5096
981.191789,129.744125,129.068917,5094
981.230980,58.208792,57.435584,5098
981.253969,32.126791,30.627917,5099
981.291144,52.253250,51.474208,5100
981.302402,50.083542,49.388500,5101
981.380684,44.367167,43.938708,5102
981.396727,57.353916,56.763584,5103
981.423984,55.621125,54.979458,5104
981.443065,64.115333,63.281167,5105
981.481065,65.244083,64.234625,5106
981.485478,41.865833,41.362708,5107
981.550116,44.059750,43.344292,5108
981.573876,35.332208,34.668958,5109
981.726309,53.585291,52.845042,5110
981.793492,53.530458,53.060000,5111
981.814742,60.926542,60.291583,5112
981.827175,68.285292,67.606292,5113
981.905277,65.923375,65.231541,5114
981.940479,54.068000,53.441500,5115
981.970437,77.550958,76.667500,5116
981.983486,42.659750,42.132709,5117
982.019351,45.306042,44.489958,5118
982.069152,63.115791,62.580583,5119
982.108155,60.150416,59.663333,5120
982.136856,43.855583,43.306958,5121
982.160102,42.598208,41.924458,5122
982.195302,57.133709,56.635542,5123
982.224566,51.844625,51.117500,5124
982.234487,42.597042,42.025667,5125
982.321264,37.519709,37.015708,5126
982.389877,29.788792,29.316292,5128
982.397361,57.976041,57.393875,5127
982.521660,79.704625,79.182250,5129
982.546351,40.301625,39.673376,5130
982.584878,46.962125,46.242875,5131
982.648942,41.323917,40.709958,5132
982.735502,52.612875,52.089042,5135
982.744414,71.693708,71.200208,5133
982.761888,81.068167,80.288542,5134
982.785505,94.918250,94.143875,5136
982.852478,136.223500,135.461083,5137
982.875513,65.232417,64.308417,5138
982.895357,63.235959,62.406458,5139
982.906375,66.982417,66.410750,5140
983.026408,43.060209,42.575167,5141
983.063114,57.049125,56.578667,5142
983.097463,42.112000,41.421917,5143
983.217184,44.469833,43.894667,5145
983.225787,53.372958,52.821708,5144
983.352522,51.745167,51.311167,5146
983.377569,38.174208,37.542458,5147
983.431475,41.482875,40.836833,5148
983.475924,37.840250,37.127416,5149
983.542353,36.304042,35.859833,5150
983.631501,40.188750,39.405042,5152
983.633449,59.489500,58.948750,5151
983.660783,39.683584,39.198834,5153
983.714495,41.771916,41.238459,5154
983.747378,35.168292,34.628125,5155
983.871113,57.216833,56.609583,5156
983.884140,44.732917,44.056833,5157
983.977144,48.693459,48.000750,5158
984.004981,41.998542,41.214542,5159
984.084134,78.083542,77.508958,5160
984.093570,68.748167,68.000042,5161
984.093862,65.203542,64.616125,5162
984.134613,63.495833,62.840167,5163
984.185938,62.472083,61.978000,5164
984.216899,44.156583,43.560417,5165
984.277430,77.211167,76.808375,5166
984.304189,51.495500,50.774500,5167
984.313348,54.380958,53.741042,5168
984.390424,40.791334,40.212375,5171
984.394236,90.018833,49.216125,5169
984.415702,76.330333,75.740584,5170
984.477818,51.629083,51.118666,5172
984.550957,44.874083,44.348500,5173
984.654370,51.739042,51.214042,5174
984.712252,39.540667,39.058541,5175
984.746973,46.634000,46.098209,5176
984.875604,75.505500,74.889500,5177
984.879547,40.179125,39.628459,5178
984.905519,25.687375,25.130291,5179
984.949100,40.504917,39.773125,5180
985.003265,38.464417,37.870292,5181
985.029885,39.323083,38.911250,5182
985.058805,52.712042,52.173625,5183
985.107857,95.749792,95.114834,5184
985.113205,50.655208,50.187958,5186
985.130756,86.483541,85.812125,5185
985.258891,86.056833,85.053792,5187
985.304108,100.347917,99.420417,5188
985.328924,86.830042,86.193917,5189
985.454362,113.430917,112.739958,5191
985.465790,126.114917,125.253042,5190
985.493571,124.013750,123.598416,5192
985.545534,130.096750,129.384208,5193
985.598355,91.833584,91.053083,5194
985.638519,77.982625,77.139708,5195
985.763903,91.098583,90.534500,5196
985.818241,92.513167,91.789250,5197
985.888332,115.862250,115.161958,5198
985.928249,134.027542,133.105000,5199
985.960337,132.018834,129.718750,5200
985.984792,52.667417,52.166917,5204
985.992211,161.831833,161.069417,5201
986.063368,223.314000,222.634708,5202
986.088430,82.327292,81.643042,5206
986.090513,55.849208,55.293584,5207
986.126783,246.447834,245.688917,5203
986.185541,237.123834,236.284708,5205
986.251636,58.268000,57.688750,5210
986.260631,87.947125,87.466750,5208
986.261699,82.208291,81.514708,5209
986.302665,31.396750,30.989583,5212
986.315460,68.684584,68.039125,5211
986.372404,49.060375,48.357459,5213
986.375957,36.570917,35.963667,5214
986.432940,26.303375,25.829417,5215
986.529421,36.325042,35.688625,5216
986.558329,52.255292,51.622959,5217
986.712912,40.174167,39.446750,5218
986.765103,30.107584,29.478750,5219
986.866400,27.033417,26.734166,5220
986.957025,39.102000,38.588375,5221
987.034346,28.270375,27.524875,5222
987.226040,53.338833,52.723125,5223
987.259553,64.073042,63.656250,5224
987.271487,57.930250,57.159375,5225
987.301364,56.579833,55.966750,5226
987.314854,38.240709,37.714250,5227
987.366791,37.993958,37.575709,5228
987.391919,52.542000,52.069791,5229
987.542570,36.504709,35.900666,5230
987.588756,33.032417,32.666667,5231
987.682082,45.783792,45.257917,5232
987.717220,52.609959,52.055791,5233
987.729986,57.252709,56.663833,5234
987.889326,86.815167,86.191583,5235
987.911872,83.449334,83.008334,5236
987.914555,76.227375,75.648125,5237
987.923946,84.576042,83.894708,5238
987.989183,35.821916,35.296625,5239
988.045653,39.617666,39.275834,5240
988.209473,36.748250,36.257083,5241
988.366207,39.104042,38.644375,5242
988.400727,61.349459,60.769333,5243
988.473130,32.272334,31.745875,5244
988.539744,33.666791,33.366667,5245
988.599213,74.088875,73.332583,5246
988.719890,47.176792,46.590833,5247
988.878539,39.132333,38.488625,5249
988.884789,56.354083,55.937583,5248
988.991584,64.913916,64.503541,5250
989.085499,79.401584,78.828750,5251
989.233573,60.871709,60.286625,5252
989.390174,50.763708,50.134000,5253
989.494689,42.631459,41.896750,5254
989.547574,41.489875,41.035459,5255
989.696861,49.065333,48.333542,5256
989.709405,36.663958,35.987583,5257
989.751320,45.726042,45.161083,5258
989.777789,63.994000,63.135042,5259
989.788928,38.204542,37.561417,5261
989.823147,83.140458,82.340416,5260
989.916142,76.760834,76.247792,5262
990.062382,56.333083,55.718541,5263
990.144592,46.101417,45.560083,5264
990.253336,80.503792,78.697500,5265
990.289344,84.423792,83.790292,5266
990.404208,64.211292,63.547166,5267
990.576155,69.988333,69.183334,5268
990.682114,85.765458,84.939750,5269
990.750818,114.118958,113.521917,5270
990.767149,94.330250,93.268875,5271
990.821989,78.938417,77.377708,5272
990.873089,33.698000,33.342458,5273
990.920871,73.187626,72.557333,5274
991.033370,27.305541,26.830125,5275
991.214669,41.964125,41.442042,5276
991.340818,30.754500,30.152791,5278
991.372064,78.308417,77.692125,5277
991.380176,40.780834,40.210917,5279
991.407107,64.288292,63.588292,5280
991.480827,53.827959,53.179583,5281
991.516885,47.371625,46.795292,5282
991.549554,43.488666,42.715459,5283
991.724623,51.902959,51.228917,5284
991.866399,26.991125,26.521541,5285
992.035382,40.790167,40.253208,5286
992.056046,49.973875,49.238583,5287
992.222333,49.626500,49.191333,5288
992.408341,68.952917,68.395834,5289
992.559368,53.254541,52.649625,5290
992.598850,40.898958,40.333417,5291
992.719263,46.516167,45.910667,5292
992.753349,51.394584,50.799000,5293
992.836175,52.714666,52.223500,5294
992.909687,70.287583,69.667792,5295
993.020356,58.416751,57.666292,5296
993.067884,76.372625,76.000458,5298
993.076236,84.936542,84.116084,5297
993.092991,97.919501,97.447292,5299
993.132272,126.200084,125.378459,5300
993.138511,55.045375,54.507833,5301
993.211685,38.957917,38.467042,5302
993.371428,32.033458,31.578459,5303
993.535107,37.131208,36.481375,5304
993.568701,62.631917,62.209584,5305
993.574508,38.679083,38.244500,5306
993.704904,32.186292,31.572333,5307
993.880819,41.451083,41.007458,5308
994.044031,37.976459,37.497542,5309
994.113054,40.580167,40.112042,5310
994.132544,50.752333,50.127583,5311
994.233712,61.011125,60.663750,5312
994.376403,37.055375,36.622834,5313
994.543791,37.651834,37.175834,5314
994.683272,60.875208,60.295083,5315
994.698067,52.661000,52.013791,5316
994.722347,49.620375,48.953042,5317
994.881358,41.946625,41.397125,5318
994.970180,52.173333,51.566375,5319
994.999822,42.817542,42.021000,5320
995.082424,76.343166,75.578709,5321
995.092573,38.913000,38.444875,5322
995.259463,86.652417,85.446083,5323
995.297410,77.688625,76.692292,5324
995.424553,84.525292,83.837833,5325
995.479171,75.462625,74.904375,5326
995.573426,67.180459,66.237208,5327
995.713761,106.387750,105.352042,5328
995.774907,105.451500,104.805750,5329
995.789927,116.787125,115.905125,5330
995.856574,80.110625,79.445917,5331
995.885633,46.220708,45.416875,5332
995.932885,42.027417,41.326542,5333
995.978098,37.387000,36.698958,5334
996.034301,28.265125,27.705417,5335
996.212625,39.878125,39.343500,5337
996.214417,48.518459,48.025542,5336
996.331178,63.151667,62.591083,5338
996.380640,41.255959,40.654833,5339
996.413070,27.616166,27.107208,5340
996.575691,69.581750,68.961667,5341
996.728345,55.605375,55.029917,5342
996.748501,50.026375,49.492334,5343
996.890895,51.525834,51.012792,5344
997.051816,45.780584,45.412791,5345
997.225471,58.301250,57.718209,5347
997.231059,71.321542,70.611625,5346
997.236187,63.436625,62.645917,5348
997.272493,79.585334,79.056251,5349
997.303380,47.594458,47.038542,5350
997.401383,61.974792,61.495875,5351
997.403416,30.487625,30.045167,5352
997.454741,44.765000,44.275000,5353
997.490682,58.870292,58.280541,5354
997.573261,67.183083,66.618708,5355
997.596399,65.401875,64.910417,5357
997.600771,70.240917,69.719708,5356
997.727042,54.304250,53.625833,5358
997.823163,51.445333,50.912458,5359
997.840539,38.990000,38.536750,5360
997.878562,39.169375,38.715250,5361
998.001048,69.339375,68.771500,5362
998.002996,45.216208,44.567250,5364
998.003916,61.624792,60.972333,5363
998.044123,38.061333,37.384958,5365
998.126750,41.278125,40.735625,5366
998.178683,44.427833,43.918583,5367
998.220600,47.475750,46.889791,5369
998.224222,51.478292,50.989166,5368
998.281323,58.546541,57.942209,5370
998.303941,78.851208,78.373167,5371
998.313720,69.727291,69.061125,5372
998.342951,74.865875,73.955291,5373
998.379287,39.886875,39.450250,5374
998.499686,48.849500,48.358333,5375
998.547300,41.223584,40.825750,5376
998.632895,54.803292,54.372209,5377
998.722082,49.368084,48.758209,5378
998.725706,44.194209,43.704208,5379
998.798360,68.812917,68.258458,5380
998.916640,77.227500,76.618791,5381
998.944100,51.803208,51.103500,5382
998.951869,47.522416,46.548250,5383
998.990445,40.664750,39.996250,5384
999.013443,53.200583,52.411041,5385
999.059877,53.796750,53.032875,5386
999.122729,47.607000,47.090459,5387
999.218465,45.699500,44.979375,5388
999.367604,28.191334,27.510875,5389
999.450609,28.265709,27.583792,5390
999.545060,39.033166,38.502625,5391
999.655322,35.851375,35.212333,5392
999.700619,27.906958,27.394500,5393
999.880412,41.048583,40.534083,5394
1000.040813,34.752958,34.403251,5395
1000.248607,75.364334,74.575083,5396
1000.407689,87.419500,86.576583,5397
1000.424374,84.883458,84.125709,5398
1000.542272,74.197084,72.317583,5399
1000.598080,91.575750,90.058500,5400
1000.747149,74.355167,73.777667,5401
1000.876126,36.755833,36.148583,5402
1001.039381,33.289959,32.721792,5403
1001.082547,74.081584,73.441958,5404
1001.219849,47.109125,46.655000,5405
1001.330394,46.133500,45.504958,5406
1001.367265,27.881000,27.365625,5407
1001.552236,46.173459,45.618416,5408
1001.718827,46.105208,45.357667,5409
1001.885309,45.937500,45.394125,5410
1002.067072,60.976416,60.352833,5411
1002.171067,47.642000,46.998583,5412
1002.212458,39.731417,38.988833,5413
1002.390339,42.983209,42.405417,5416
1002.397260,67.137583,66.048791,5414
1002.405694,66.298750,65.818959,5415
1002.445256,68.994042,68.365209,5417
1002.508679,38.500000,38.082625,5418
1002.541932,35.872958,35.311208,5420
1002.544184,64.856167,64.190875,5419
1002.733444,60.734625,60.343209,5421
1002.758209,34.735750,34.309334,5422
1002.897877,58.518250,58.011625,5423
1002.963390,38.220292,37.658834,5424
1002.996662,43.205166,42.598500,5425
1003.040323,34.237875,33.519500,5426
1003.219689,46.949583,46.545917,5427
1003.414490,75.084916,74.393083,5428
1003.564404,58.338584,57.806875,5429
1003.607449,65.906459,65.355208,5430
1003.716859,44.144917,43.682333,5431
1003.880623,41.238458,40.760709,5432
1004.014551,32.303250,31.927875,5433
1004.048728,42.628541,41.864084,5434
1004.076688,35.644000,35.101209,5435
1004.174266,29.494208,28.928084,5436
1004.215668,42.938876,42.381500,5437
1004.304986,35.406583,34.926500,5438
1004.380297,40.942417,40.403125,5439
1004.552140,44.382334,43.843334,5441
1004.564627,58.545667,57.964375,5440
1004.609783,54.369875,53.865583,5442
1004.739160,66.412500,65.777542,5443
1004.894169,54.767417,54.240959,5444
1004.938927,55.974042,55.345501,5445
1004.978378,37.128875,36.654042,5446
1004.997835,52.658666,52.236042,5447
1005.047663,41.596625,41.145709,5448
1005.253154,80.379250,79.840542,5449
1005.407802,91.529958,91.077583,5450
1005.431681,92.282458,91.800916,5451
1005.580221,73.467917,71.639458,5452
1005.744498,71.746500,71.207208,5453
1005.837081,48.846584,48.352792,5454
1005.890200,50.813292,50.269333,5455
1006.034342,43.615833,43.116791,5456
1006.054184,48.096417,47.429958,5457
1006.072140,43.729000,43.120000,5458
1006.097662,43.015584,42.638458,5459
1006.203976,44.872042,44.470125,5460
1006.235891,63.155167,62.678583,5461
1006.306677,63.467542,62.960626,5462
1006.382349,42.967167,42.508375,5463
1006.560885,54.792500,54.274500,5464
1006.610513,71.617292,70.955500,5465
1006.634113,32.923625,32.562542,5466
1006.705241,32.517333,32.150709,5467
1006.756407,47.540209,46.919541,5468
1006.875934,36.571500,36.276916,5469
1007.042764,36.712375,36.247750,5470
1007.090996,36.729583,36.366750,5471
1007.221842,49.118125,48.445833,5472
1007.303345,40.665917,40.301625,5473
1007.355180,49.502250,48.819166,5474
1007.370766,31.372542,30.732334,5475
1007.553823,47.761583,47.273333,5476
1007.578426,44.296875,43.563042,5477
1007.650248,41.175750,40.611666,5478
1007.685711,60.102292,59.604125,5479
1007.722235,49.522084,48.952167,5480
1007.883712,44.333917,43.712667,5481
1008.046489,41.910459,41.548208,5482
1008.051865,45.828709,45.346875,5483
1008.175417,73.463833,72.985209,5484
1008.214343,41.629292,41.001333,5485
1008.304393,28.268333,27.703666,5486
1008.385453,46.085958,45.447500,5487
1008.403477,58.744292,58.141417,5489
1008.411673,69.008333,68.357042,5488
1008.482921,57.175125,56.463167,5490
1008.563205,57.124959,56.588584,5491
1008.718603,45.902792,45.315083,5492
1008.812868,43.750875,43.178042,5493
1008.885333,45.936625,45.421833,5494
1009.030496,45.163417,44.462542,5495
1009.053478,47.416833,46.659083,5496
1009.091183,41.816833,41.183917,5497
1009.143859,58.874667,58.135875,5498
1009.220456,47.733000,47.043208,5499
1009.261617,46.232083,45.594792,5500
1009.276767,52.483375,51.946125,5501
1009.371308,77.109375,76.607417,5502
1009.372067,32.698459,32.116291,5503
1009.567216,61.128375,60.603958,5504
1009.693253,56.524416,56.082250,5505
1009.723165,50.444917,49.936250,5506
1009.884154,44.742541,44.086875,5507
1009.937170,41.299125,40.890500,5508
1009.984869,65.310000,64.682625,5509
1010.062232,56.128916,55.476750,5510
1010.292851,127.974292,115.736541,5511
1010.304259,131.483625,130.855375,5512
1010.318960,134.056708,133.296625,5513
1010.361015,139.208125,137.562833,5514
1010.407379,67.944917,67.277000,5515
1010.583819,77.704958,76.940209,5516
1010.653149,79.771708,79.060042,5517
1010.741427,68.616041,67.733459,5518
1010.838704,55.557834,55.059083,5519
1010.898999,39.174916,38.521584,5521
1010.905337,65.940875,65.232125,5520
1010.949106,47.010250,46.400083,5522
1010.982567,34.528959,33.904791,5523
1011.047451,41.401208,40.944750,5524
1011.144178,45.117042,44.459333,5525
1011.174465,36.972833,36.416917,5526
1011.223758,51.041375,50.498292,5527
1011.260745,44.090375,43.624583,5528
1011.366698,27.332083,27.023500,5529
1011.424676,41.000750,40.445708,5531
1011.433517,51.531667,51.042542,5530
1011.542136,36.085875,35.560875,5532
1011.619379,55.690250,55.144833,5533
1011.708601,58.390208,57.797250,5534
1011.719711,47.000625,46.384625,5535
1011.894127,54.736501,54.190208,5536
1012.084626,33.009667,32.653250,5538
1012.088492,82.411000,81.852167,5537
1012.223424,50.702459,50.254750,5539
1012.282926,48.724958,48.155917,5540
1012.392398,53.014500,52.502625,5541
1012.558342,52.287375,51.819542,5542
1012.698125,67.209625,66.482208,5543
1012.722904,50.206333,49.712833,5544
1012.778359,40.319709,39.810459,5545
1012.879440,52.283875,51.651250,5546
1012.896179,56.781959,56.329000,5547
1012.912925,60.854500,60.293625,5548
1013.014206,46.319875,45.528583,5549
1013.052570,46.504500,45.775625,5550
1013.197437,38.935167,38.417750,5551
1013.223353,50.629250,50.029000,5552
1013.364042,24.682875,24.339000,5553
1013.434456,24.829875,24.352708,5554
1013.543173,37.121583,36.694000,5555
1013.714321,41.639500,41.022333,5556
1013.871381,31.995542,31.082333,5557
1013.889871,46.889792,46.371208,5558
1014.048684,50.573541,49.997792,5559
1014.049524,43.430333,42.910000,5560
1014.211158,38.432042,37.942917,5561
1014.227475,50.198750,49.458500,5562
1014.273249,41.674500,41.013000,5563
1014.304737,31.202500,30.747791,5564
1014.378232,64.357417,63.779917,5565
1014.386180,46.796459,46.132042,5566
1014.455040,41.992417,41.493959,5567
1014.494551,49.287875,48.735458,5568
1014.577034,70.965125,70.365167,5569
1014.717612,44.891584,44.381751,5570
1014.758739,27.176333,26.720167,5571
1014.864458,25.090041,24.598292,5572
1014.902213,38.571166,37.793000,5573
1015.003960,35.736167,35.053083,5574
1015.045718,39.647417,39.067583,5575
1015.099523,44.709291,44.182542,5576
1015.250037,77.150500,76.266750,5577
1015.413584,73.691626,72.887208,5578
1015.474698,75.120208,74.461917,5579
1015.571883,65.590291,64.891750,5580
1015.741723,68.918500,68.219084,5581
1015.897293,57.903125,57.373166,5582
1015.918946,50.148875,49.530250,5583
1016.031822,25.757959,25.310250,5584
1016.188690,36.099583,35.576917,5585
1016.210956,38.263167,37.529917,5586
1016.277434,63.222542,62.547042,5587
1016.370889,52.829292,51.987542,5588
1016.378581,39.160625,38.472292,5589
1016.471844,31.278041,30.867375,5590
1016.521950,70.669667,70.043459,5591
1016.538608,32.568667,32.061167,5592
1016.708524,35.851667,35.323167,5593
1016.873299,45.382750,44.632583,5594
1016.875934,36.538834,35.950834,5595
1016.928582,41.885375,41.081541,5596
1016.968243,46.289541,45.648459,5597
1017.031544,65.641042,65.074625,5598
1017.044583,38.502041,37.947875,5599
1017.223187,50.441417,49.959583,5600
1017.286810,31.673542,31.065125,5601
1017.330855,73.959084,73.343375,5602
1017.381524,42.134750,41.503875,5603
1017.550395,44.358708,43.922959,5604
1017.715427,42.721292,42.195417,5605
1017.875917,36.505584,35.757458,5606
1017.950306,48.397125,47.634708,5607
1018.053573,47.511042,47.077041,5608
1018.080510,44.118375,43.113000,5609
1018.147951,33.565583,33.024250,5610
1018.186693,50.584917,49.979709,5611
1018.229343,56.621833,56.014875,5612
1018.257272,34.980458,34.445833,5613
1018.367205,52.042667,51.506000,5614
1018.382110,42.749292,42.205625,5615
1018.421724,31.125500,30.624125,5616
1018.547181,41.126458,40.737375,5617
1018.627890,49.426417,48.896166,5618
1018.658080,36.082667,35.493792,5619
1018.720485,47.757208,47.336917,5620
1018.783678,41.929708,41.241375,5621
1018.840266,42.200084,41.545875,5622
1018.870147,30.720375,30.036417,5623
1018.955518,69.200541,68.520958,5624
1019.012348,49.256375,48.493959,5625
1019.059168,39.175500,38.487459,5627
1019.062131,56.059500,55.483458,5626
1019.113754,45.987666,45.364375,5628
1019.203630,34.750042,34.222416,5629
1019.230663,57.889125,57.045625,5630
1019.299191,37.034959,36.386292,5631
1019.375358,35.961333,35.605792,5632
1019.420351,75.630333,74.867042,5633
1019.511503,50.447541,49.994292,5634
1019.570983,64.894083,64.366166,5635
1019.714540,41.763166,41.352500,5636
1019.859966,38.370791,38.063375,5637
1019.901373,61.989083,61.396416,5638
1020.072163,66.028667,65.474208,5639
1020.246092,73.313625,72.306500,5640
1020.431557,91.290500,90.582334,5641
1020.434467,90.333542,89.514250,5642
1020.573423,66.829292,65.923666,5643
1020.751055,78.253292,77.529667,5644
1020.789563,74.984292,74.292459,5645
1020.908703,69.338792,68.956125,5646
1021.044810,38.776208,38.291458,5647
1021.075596,27.918042,27.401792,5648
1021.199903,27.209292,26.748750,5649
1021.372481,37.071125,36.223833,5650
1021.394257,54.861625,54.238625,5651
1021.414890,43.425666,42.967167,5652
1021.451151,43.219458,42.660625,5653
1021.495495,36.629250,36.110375,5654
1021.552717,46.678333,46.087708,5655
1021.567221,44.005208,43.428000,5656
1021.720524,59.962584,58.935334,5658
1021.728020,55.288042,54.580167,5659
1021.730117,74.997125,74.356917,5657
1021.917955,78.584625,78.007416,5660
1022.063024,56.944125,56.265708,5661
1022.244952,72.257791,71.763708,5662
1022.293196,40.985000,40.510458,5663
1022.397151,57.766042,57.164625,5664
1022.513565,39.020333,38.385958,5665
1022.546280,28.556209,28.083125,5667
1022.575341,69.261791,68.723375,5666
1022.661369,68.641125,67.935292,5668
1022.707942,35.224875,34.767542,5669
1022.881765,42.382959,41.867583,5670
1023.051204,45.112084,44.514750,5672
1023.059054,66.652250,66.091083,5671
1023.086084,74.286333,73.878292,5673
1023.202543,33.064792,32.324542,5674
1023.219580,46.853917,46.215750,5675
1023.359637,62.051208,61.646083,5676
1023.386312,46.939958,46.537750,5677
1023.441769,52.412208,51.886042,5678
1023.512192,52.897834,51.879917,5679
1023.566420,60.205541,59.656333,5682
1023.568939,75.133625,74.232375,5680
1023.578055,72.012209,71.434708,5681
1023.637074,82.882917,81.931500,5683
1023.707842,149.676333,149.241167,5684
1023.723070,50.374041,49.642833,5685
1023.743337,42.870333,42.260750,5686
1023.879480,40.096000,39.626709,5687
1023.944132,48.901708,48.297666,5688
1024.034353,28.285542,27.820625,5689
1024.135379,28.809083,28.229542,5690
1024.193574,30.889250,30.417625,5691
1024.233167,60.422250,59.756084,5692
1024.294797,25.186583,24.724291,5693
1024.378568,43.304625,42.876458,5694
1024.400121,60.736958,60.299750,5695
1024.424685,39.714792,39.089750,5696
1024.541663,35.606083,34.945750,5697
1024.714174,41.455750,40.956125,5698
1024.749999,44.695875,44.002000,5699
1024.797586,41.482292,40.976541,5700
1024.831086,43.691375,43.128167,5701
1024.886304,46.921584,46.285750,5702
1024.895864,47.359375,46.729375,5703
1024.960629,36.670083,36.176292,5704
1025.049851,36.685833,36.191750,5706
1025.056113,50.062250,49.497000,5705
1025.253659,80.861375,80.182667,5707
1025.308202,70.093625,69.666625,5708
1025.427472,85.337875,84.588875,5710
1025.439825,100.340333,99.574417,5709
1025.578854,72.725917,71.788792,5711
1025.748127,75.432584,75.028625,5712
1025.833463,124.163958,123.541250,5713
1025.848451,97.789417,97.123541,5715
1025.864456,131.149958,130.388417,5714
1025.883139,43.782084,43.049417,5717
1025.910855,107.623542,107.082792,5716
1025.999397,35.340375,34.882459,5718
1026.050339,47.814375,47.175916,5720
1026.058957,82.700916,82.056042,5719
1026.077334,71.267583,70.373041,5721
1026.158856,27.039833,26.747000,5722
1026.206952,36.912166,36.447833,5723
1026.230741,57.984208,57.296750,5724
1026.250879,41.920667,41.278708,5725
1026.366549,27.184792,26.885834,5726
1026.548719,42.663542,42.182875,5727
1026.576373,50.190584,49.719833,5728
1026.584695,53.029959,52.329375,5729
1026.638399,30.090375,29.619625,5730
1026.715636,42.909417,42.328708,5731
1026.740869,33.901584,33.345083,5732
1026.850237,80.507000,80.070084,5733
1026.885160,45.776500,45.257041,5734
1026.926444,39.359250,38.893459,5735
1026.994508,55.593125,54.877375,5736
1027.068058,62.026708,60.560208,5737
1027.076810,53.343792,52.952083,5739
1027.082307,67.050375,66.381875,5738
1027.136961,101.495625,100.857167,5740
1027.251297,78.578792,78.044167,5741
1027.276953,62.740125,62.138417,5743
1027.280081,68.348875,67.644500,5742
1027.293207,51.971209,51.354917,5744
1027.371346,43.626625,43.109208,5745
1027.401262,61.866291,61.376000,5746
1027.404947,49.033834,48.343166,5747
1027.476475,70.005833,69.498917,5748
1027.527180,50.164333,49.819584,5749
1027.559337,53.241417,52.683458,5750
1027.581099,74.504209,72.727375,5751
1027.582314,45.231667,44.847542,5752
1027.631222,40.404583,39.764958,5753
1027.735400,62.653792,61.879125,5754
1027.800598,52.320625,51.940000,5755
1027.875404,36.038625,35.386458,5757
1027.878263,73.712917,73.278041,5756
1027.956678,48.054125,47.454167,5758
1028.008594,43.659000,43.015292,5759
1028.040870,55.346083,54.779958,5760
1028.052824,46.747750,46.102291,5761
1028.113257,28.174125,27.468000,5762
1028.210298,37.563458,36.796958,5763
1028.358966,45.476667,44.776667,5764
1028.394747,55.359208,54.541375,5765
1028.441287,73.844167,73.236917,5766
1028.442211,59.441083,58.938834,5767
1028.477399,73.343958,72.551209,5768
1028.493053,86.260708,85.639459,5769
1028.522428,67.808125,67.183083,5770
1028.562122,56.066209,55.466542,5771
1028.575317,47.072958,46.535416,5772
1028.612899,81.031125,80.500583,5773
1028.621544,36.173959,35.644583,5774
1028.657839,28.120166,27.440292,5775
1028.721601,48.903167,48.485792,5776
1028.837358,51.704041,51.181083,5777
1028.862649,44.267709,43.701875,5778
1028.876983,37.605750,36.918291,5779
1029.044498,38.462667,37.902667,5780
1029.140610,51.283459,50.827000,5781
1029.213931,41.206375,40.747583,5782
1029.275544,39.680667,38.880625,5784
1029.277245,45.941000,45.384792,5783
1029.357164,43.737167,43.170167,5785
1029.372889,33.489751,33.031834,5786
1029.437145,60.865000,60.250167,5787
1029.547110,58.906167,58.423166,5788
1029.548530,42.436042,41.966750,5790
1029.566177,75.064208,74.415833,5789
1029.614417,58.965084,58.314084,5791
1029.712979,40.263416,39.863833,5792
1029.750359,53.249875,52.648750,5793
1029.771534,54.631209,53.991292,5794
1029.868862,52.534125,51.939125,5795
1029.893881,54.509291,53.861500,5796
1029.931328,34.179250,33.641417,5799
1029.951149,74.895042,74.297708,5797
1029.966279,80.844459,79.928333,5798
1029.993195,95.624667,94.554833,5800
1030.046690,59.498833,58.712500,5803
1030.055312,133.445084,132.848042,5801
1030.074181,68.138875,67.433042,5804
1030.122397,200.526375,199.707667,5802
1030.181198,141.355083,140.360792,5805
1030.277520,104.709500,103.722791,5806
1030.311512,104.303792,103.289958,5807
1030.352060,132.897625,130.841667,5808
1030.429034,167.580292,166.797459,5809
1030.447888,124.504625,123.772833,5810
1030.475703,109.402125,108.533542,5812
1030.538860,199.431167,198.067041,5811
1030.638448,132.341708,131.603500,5817
1030.639426,150.607042,149.888083,5816
1030.658738,287.841458,287.210875,5813
1030.750577,359.929208,359.433375,5814
1030.844269,150.962875,150.297292,5822
1030.869336,195.538292,152.349459,5821
1030.884873,468.526333,467.845001,5815
1030.956687,117.324375,116.682417,5824
1031.014193,463.528625,462.821917,5818
1031.027343,182.929250,141.428584,5825
1031.081573,504.387625,503.808084,5819
1031.101289,140.511875,99.669500,5828
1031.114195,99.974875,58.450583,5829
1031.118929,503.169042,502.411875,5820
1031.157365,345.731167,344.158208,5823
1031.235407,62.740708,61.865417,5832
1031.238484,79.963625,79.322541,5831
1031.260361,390.987916,348.826916,5826
1031.293547,39.203208,38.551334,5834
1031.306339,405.701625,363.526625,5827
1031.334398,45.340750,44.839083,5835
1031.374030,77.938875,77.240625,5836
1031.380218,345.324584,304.586625,5830
1031.404074,65.243792,64.503250,5838
1031.408022,211.109500,210.437208,5833
1031.472929,157.721958,157.132792,5837
1031.502214,118.294458,76.697542,5842
1031.512253,104.885084,63.381208,5843
1031.546751,207.366250,204.784125,5839
1031.552075,46.015958,45.465875,5844
1031.635188,289.652126,248.351834,5840
1031.688302,322.749000,281.007708,5841
1031.702295,38.885583,38.425333,5845
1031.741901,69.174875,68.645792,5846
1031.774556,40.298708,39.424000,5847
1031.819452,59.822583,59.204834,5848
1031.844822,51.082792,50.495375,5849
1031.881593,42.219625,41.810417,5850
1031.929901,68.359959,67.678917,5851
1032.047587,41.521084,40.910334,5852
1032.146054,45.256750,44.585625,5853
1032.150309,36.041834,35.592083,5854
1032.225818,53.125333,52.608500,5855
1032.269562,47.979167,47.561208,5856
1032.380195,38.694542,38.341917,5858
1032.404937,65.572209,65.015416,5857
1032.458473,43.299084,42.837667,5859
1032.548551,42.450334,41.839875,5862
1032.555417,67.453750,66.693375,5860
1032.563356,69.442042,68.887875,5861
1032.633914,111.085333,110.549833,5863
1032.673887,56.272708,55.881583,5866
1032.694077,167.963542,167.048000,5864
1032.703140,55.399750,54.513959,5867
1032.761669,224.495250,223.771917,5865
1032.812161,141.277500,140.768833,5868
1032.878367,205.660584,204.854125,5869
1032.879514,40.170958,39.842834,5870
1032.967052,56.786625,55.630167,5871
1032.990381,37.250791,36.654625,5872
1033.029451,70.752500,70.061542,5873
1033.061124,55.099917,54.638792,5874
1033.077513,59.473750,58.805834,5875
1033.093938,49.299542,48.266459,5876
1033.178289,66.225542,65.682167,5877
1033.222152,49.449166,48.951875,5878
1033.247755,36.982459,36.330875,5879
1033.294693,36.547292,35.915250,5881
1033.309971,56.554166,56.052500,5880
1033.399381,62.979583,62.372917,5882
1033.404304,64.915958,64.277500,5883
1033.415788,71.591042,71.016750,5884
1033.443494,84.157791,83.651458,5885
1033.553955,47.852292,47.326125,5886
1033.567782,45.969583,45.345125,5887
1033.630781,71.863167,71.195250,5888
1033.686849,40.696250,40.264875,5889
1033.722889,59.534709,58.870875,5890
1033.735093,62.336750,61.678459,5891
1033.768469,44.383791,43.886500,5892
1033.801487,33.299000,32.790333,5893
1033.871186,64.097250,63.584792,5894
1033.889228,73.019042,72.331292,5895
1033.896761,66.620750,65.659125,5896
1033.921520,82.124000,81.326291,5897
1034.052146,46.071083,45.662167,5899
1034.060627,69.928834,69.404417,5898
1034.085205,64.380750,63.674041,5900
1034.099827,57.827875,57.152375,5901
1034.142682,36.058166,35.277083,5903
1034.151721,51.352875,50.743292,5902
1034.224078,51.357250,50.630125,5904
1034.247662,59.543459,58.994250,5905
1034.264418,68.567333,67.925958,5906
1034.407543,68.150542,67.440917,5907
1034.546804,40.782875,40.411000,5908
1034.633542,42.098583,41.555500,5910
1034.652247,56.471917,55.717667,5911
1034.668537,78.009166,77.413292,5909
1034.720707,47.987916,47.436667,5912
1034.725271,39.829709,39.305875,5913
1034.783234,36.403209,35.877917,5914
1034.846429,45.927584,45.389167,5915
1034.868665,62.083000,61.320292,5916
1034.876239,36.861416,36.276333,5917
1034.923881,52.273375,51.562000,5918
1034.930779,45.787875,45.241000,5919
1034.964359,46.482334,45.836292,5920
1035.003503,47.717834,46.835251,5922
1035.016325,67.682126,67.120667,5921
1035.072903,59.230208,58.730000,5924
1035.077442,71.373750,70.699417,5923
1035.086069,62.157084,61.409541,5925
1035.118087,84.026250,83.272292,5926
1035.177039,136.016417,135.379709,5927
1035.205461,105.603750,104.963541,5929
1035.233928,104.176917,103.564709,5930
1035.271273,208.726583,207.374125,5928
1035.346131,216.256542,214.945792,5931
1035.446037,105.660916,104.855042,5937
1035.461657,132.574167,131.826917,5936
1035.469312,332.861083,332.070083,5932
1035.550755,379.174250,377.553750,5933
1035.593411,86.867667,86.026209,5940
1035.659782,487.015084,485.874667,5934
1035.735408,113.694583,112.760667,5942
1035.737294,146.445833,144.147209,5941
1035.823487,625.706084,582.276333,5935
1035.884477,149.051000,108.365542,5946
1035.890261,540.916250,537.681084,5938
1035.936178,125.323916,124.004125,5947
1036.051217,166.722209,126.130375,5949
1036.057301,167.015041,124.722792,5950
1036.074203,138.000042,96.683417,5951
1036.082670,446.112334,445.563417,5943
1036.137719,494.977292,494.101417,5944
1036.151269,93.929500,52.246833,5953
1036.166228,114.995417,74.378792,5952
1036.220405,560.577500,518.664417,5945
1036.241742,69.015042,68.384167,5954
1036.259227,435.696917,394.429875,5948
1036.302329,949.245209,908.070625,5939
1036.304443,59.343958,58.818667,5956
1036.322070,84.943250,84.215250,5955
1036.327900,51.479459,50.959416,5957
1036.431057,47.670875,46.829417,5960
1036.431233,91.890458,91.349125,5958
1036.435136,70.315291,69.657292,5959
1036.488570,104.188875,103.345083,5961
1036.502974,64.651417,64.258250,5962
1036.526239,51.881667,51.222209,5963
1036.551675,74.493416,73.823167,5964
1036.589132,83.063167,82.390875,5965
1036.694366,53.104917,52.586916,5966
1036.722927,50.226750,49.671125,5967
1036.814066,61.306583,60.522583,5969
1036.816431,60.805209,60.281375,5970
1036.821752,78.229958,77.589458,5968
1036.875721,69.479083,68.875041,5971
1036.895699,56.328125,55.699583,5972
1036.938604,73.369625,72.761792,5974
1036.939389,80.920000,80.162250,5973
1036.967924,61.235416,60.366250,5976
1036.992066,113.226167,110.807959,5975
1037.014656,55.512333,54.967208,5978
1037.059531,151.851292,147.786333,5977
1037.082919,80.601500,79.950792,5980
1037.116917,155.799000,151.944042,5979
1037.117590,88.457834,87.861084,5982
1037.171780,76.043042,75.140625,5985
1037.179525,172.995084,172.192417,5981
1037.195634,77.823667,75.006166,5986
1037.234046,165.955125,161.784583,5983
1037.240602,67.935292,67.399209,5988
1037.260092,39.615625,39.178708,5989
1037.274719,202.855625,202.203458,5984
1037.319849,185.118500,184.576583,5987
1037.332938,42.835917,42.191625,5990
1037.381414,42.058042,41.594584,5991
1037.479080,67.264750,66.679958,5992
1037.500500,40.687791,40.041458,5993
1037.545756,39.704584,39.097333,5994
1037.564958,39.021792,38.529458,5995
1037.649916,80.165750,79.625583,5996
1037.690616,74.496625,74.125917,5997
1037.697977,67.496625,66.874208,5999
1037.699337,77.622125,77.008458,5998
1037.746406,73.682291,71.871042,6000
1037.761519,45.738875,45.122875,6003
1037.811707,127.936667,127.290334,6001
1037.874340,188.696667,188.079209,6002
1037.898176,58.794167,58.246708,6004
1037.912420,67.448500,66.619292,6005
1037.938520,92.192333,91.258125,6006
1037.985217,61.531167,60.737250,6008
1037.994563,107.521750,106.767500,6007
1038.010658,57.205750,56.630875,6009
1038.054173,48.082708,47.250875,6011
1038.058167,88.639834,87.934875,6010
1038.128758,36.772167,36.264666,6012
1038.174618,41.790000,41.249250,6013
1038.222842,50.134292,49.537542,6015
1038.232232,82.079958,81.489917,6014
1038.259504,54.563541,53.982250,6016
1038.356175,37.770541,37.328083,6017
1038.394915,29.305500,28.785459,6019
1038.414983,75.563542,74.956000,6018
1038.571906,65.795041,65.268875,6020
1038.612476,50.011208,49.368667,6021
1038.629677,46.621166,45.957916,6022
1038.712632,39.893584,39.284000,6023
1038.748389,43.295292,42.597333,6024
1038.824515,48.662250,48.003083,6025
1038.889172,49.783708,49.104125,6026
1038.923991,41.122083,40.514250,6027
1038.990141,80.698334,79.881667,6028
1039.005308,28.651875,28.054541,6029
1039.076995,70.933625,70.259000,6030
1039.106092,46.148375,45.618416,6031
1039.179471,40.602917,40.055750,6032
1039.213934,41.192375,40.628292,6033
1039.289680,70.827167,70.258125,6034
1039.295969,69.236125,68.704125,6035
1039.308891,80.392959,79.771709,6036
1039.339886,92.488083,91.893666,6037
1039.378262,38.868958,38.431458,6038
1039.396990,46.126208,45.372834,6039
1039.484121,47.057500,46.607166,6040
1039.495586,54.704125,53.990125,6041
1039.552177,46.083042,45.524500,6042
1039.572332,47.590084,46.865000,6043
1039.597172,38.785833,38.086416,6044
1039.632064,46.734917,46.280500,6045
1039.696214,68.612834,67.867334,6046
1039.716066,43.340500,42.605792,6047
1039.877168,53.493417,53.028208,6048
1039.877408,38.041792,37.519709,6049
1039.949184,55.927958,55.286875,6050
1040.049291,62.155916,61.523000,6051
1040.063618,57.554584,56.852833,6052
1040.107459,77.379750,76.743917,6053
1040.160811,39.000500,38.586625,6054
1040.249145,110.155792,109.236167,6055
1040.297392,121.519709,120.773917,6057
1040.300087,135.981125,130.281667,6056
1040.376775,200.827083,199.461208,6058
1040.443043,103.691875,103.212375,6062
1040.485839,139.236709,138.084042,6063
1040.502483,293.145708,291.354291,6059
1040.574770,109.279917,108.664501,6066
1040.619448,400.267292,399.304792,6060
1040.638621,132.545292,130.868792,6067
1040.735346,498.768375,498.050583,6061
1040.765998,148.964958,147.294583,6070
1040.829256,172.464542,130.701083,6072
1040.866157,466.621458,466.040167,6064
1040.903516,137.448208,94.618125,6074
1040.999763,561.222959,559.520209,6065
1041.027431,161.254625,119.191333,6076
1041.040335,211.051750,170.359291,6075
1041.113209,597.454958,552.409084,6068
1041.126101,126.320250,85.353042,6078
1041.166300,138.834500,96.860167,6079
1041.173303,651.952584,610.376084,6069
1041.221219,95.100833,54.149958,6082
1041.230292,117.043500,75.414500,6081
1041.250217,617.356833,575.853541,6071
1041.297132,561.761667,520.464875,6073
1041.314269,93.021250,52.083501,6085
1041.351218,447.670125,406.764750,6077
1041.351320,85.220041,43.688166,6086
1041.376334,335.956833,294.340667,6080
1041.398822,59.432625,58.976750,6087
1041.413198,246.865792,204.507333,6083
1041.472207,298.876084,257.946501,6084
1041.539665,45.851750,45.200750,6088
1041.548466,42.372167,41.824125,6089
1041.711207,38.504959,38.065125,6090
1041.913278,73.887041,73.331416,6091
1042.004800,74.338542,73.668584,6092
1042.057162,51.091250,50.563041,6093
1042.171620,26.111167,25.381417,6094
1042.211553,38.851167,38.328791,6095
1042.240468,48.162333,47.613417,6096
1042.307353,57.065458,56.561166,6097
1042.327226,67.652667,66.775917,6099
1042.340216,85.053500,84.469292,6098
1042.370863,107.756834,106.846542,6100
1042.397095,57.732791,56.991083,6102
1042.423309,146.674791,145.905083,6101
1042.433143,69.248084,68.815834,6103
1042.519647,36.494209,35.906792,6104
1042.548222,42.176167,41.534500,6105
1042.593584,36.586959,35.926625,6106
1042.626105,42.276792,41.588750,6107
1042.721899,49.149334,48.446709,6108
1042.784602,36.572083,36.262625,6109
1042.835720,51.817500,51.350834,6110
1042.880411,55.705125,55.228833,6111
1042.883977,44.611583,44.170000,6112
1042.971434,52.502917,51.842584,6113
1043.001482,49.121042,48.360666,6114
1043.061158,58.717750,58.223375,6115
1043.083887,77.798583,77.144958,6116
1043.087601,71.148875,70.572542,6117
1043.217352,37.836166,37.267708,6119
1043.229171,56.447708,55.990375,6118
1043.268474,50.703042,50.206625,6120
1043.343370,49.403375,48.730209,6121
1043.418173,78.754959,78.099584,6122
1043.522615,39.389291,38.930791,6123
1043.544407,38.319166,37.791542,6125
1043.558494,71.310458,70.413292,6124
1043.657318,41.675083,41.335292,6126
1043.705242,74.227417,73.818208,6127
1043.724531,51.804666,51.236208,6128
1043.729397,35.621833,34.927083,6129
1043.781406,37.161541,36.662209,6130
1043.897563,58.157167,56.625917,6131
1043.909533,51.626167,51.137333,6132
1043.927324,68.985292,68.511333,6133
1044.031165,35.511292,35.038500,6134
1044.054761,48.691126,48.196458,6135
1044.086151,46.071958,45.633876,6136
1044.125676,53.553792,53.160041,6137
1044.167515,35.557959,35.034125,6138
1044.203815,60.924208,60.275250,6139
1044.215853,43.126417,42.766500,6140
1044.367352,27.965583,27.499209,6141
1044.399353,28.097417,27.598959,6143
1044.434051,83.141333,82.366667,6142
1044.544545,38.450125,37.953708,6144
1044.606418,41.096708,40.664750,6145
1044.646047,51.473334,50.956209,6146
1044.693871,48.172833,47.430834,6147
1044.714631,41.892959,41.331500,6148
1044.866429,27.045959,26.580750,6149
1044.945435,36.936958,36.513166,6150
1044.963120,45.959667,45.510792,6151
1044.991106,61.233666,60.765541,6152
1045.041896,35.805875,35.153125,6153
1045.098694,41.418709,40.701209,6154
1045.181829,59.595666,59.010583,6155
1045.275895,103.065083,102.083333,6156
1045.286176,89.844125,89.046125,6157
1045.326352,84.360792,83.708917,6158
1045.417562,78.079750,77.250250,6159
1045.580042,91.739667,90.883333,6160
1045.594216,88.068750,87.044125,6161
1045.662553,78.011500,77.111125,6162
1045.766177,104.743916,103.882917,6163
1045.768993,96.177666,95.435667,6164
1045.833121,103.336042,102.386083,6165
1045.921371,118.917167,117.573750,6166
1045.932575,115.586625,114.294250,6167
1045.953657,119.032083,117.369584,6168
1045.953740,114.269167,113.628667,6169
1045.997084,153.750041,153.129083,6170
1046.035881,149.308250,148.620208,6171
1046.049740,69.151250,68.657167,6174
1046.084120,187.687208,185.341334,6172
1046.084184,78.117084,77.631750,6175
1046.122809,218.234625,217.086625,6173
1046.156471,46.363917,45.677626,6176
1046.227490,29.446667,28.938875,6178
1046.246765,74.027333,73.378084,6177
1046.311791,37.509791,37.065875,6179
1046.386441,47.074708,46.553792,6180
1046.397913,45.488042,44.872625,6181
1046.481800,46.410583,45.851750,6182
1046.503261,52.149708,51.683041,6183
1046.542392,36.324459,35.780208,6184
1046.586930,67.496042,66.774458,6185
1046.714381,41.667208,40.971875,6186
1046.874369,34.962667,34.425708,6187
1046.980216,50.773333,50.110667,6188
1047.041941,54.815542,54.398750,6189
1047.055190,49.138250,48.632209,6190
1047.075240,40.533792,39.885708,6191
1047.115096,53.521417,52.941583,6192
1047.151276,68.821375,68.173000,6193
1047.160577,37.025042,36.562167,6194
1047.197585,50.331750,49.576916,6196
1047.232651,59.950334,59.143875,6197
1047.233042,99.437041,98.667917,6195
1047.384841,45.499709,44.953417,6198
1047.418556,35.812292,35.137667,6200
1047.419735,60.488166,59.842125,6199
1047.546224,41.014458,40.535251,6201
1047.570159,31.324417,30.653292,6203
1047.585292,79.205292,78.602709,6202
1047.700154,27.458083,26.996958,6204
1047.752965,51.619458,51.107875,6205
1047.879619,40.254667,39.794416,6206
1047.913174,51.254584,50.743292,6207
1048.005283,53.991584,53.174042,6208
1048.032626,64.460083,63.961333,6210
1048.042243,78.663083,77.945875,6209
1048.077477,71.419542,71.024916,6211
1048.245995,73.276001,72.542751,6212
1048.347440,59.032167,58.510958,6213
1048.371092,44.694417,44.160959,6215
1048.382734,83.814209,83.089416,6214
1048.440804,101.409584,100.806708,6216
1048.502975,143.445458,142.765000,6217
1048.503461,42.382666,41.902291,6218
1048.556308,50.265833,49.730625,6220
1048.571329,105.034417,104.166417,6219
1048.582665,75.401958,73.314209,6221
1048.650449,41.822375,41.221541,6222
1048.710137,37.425208,36.771000,6223
1048.754057,28.111417,27.373500,6224
1048.805595,27.468292,27.018833,6225
1048.886032,46.664334,46.155666,6226
1048.928761,39.310250,38.841250,6227
1049.005686,64.602125,64.105417,6228
1049.044422,38.328209,37.946417,6229
1049.152888,36.364125,35.900667,6230
1049.231639,58.916375,58.214333,6231
1049.395242,55.874000,55.429500,6232
1049.411780,35.418250,34.737208,6233
1049.491185,30.193042,29.816208,6235
1049.493823,63.827750,63.350583,6234
1049.549738,43.641209,43.199916,6236
1049.614507,39.039875,38.211250,6238
1049.616555,47.789000,47.325250,6237
1049.713943,68.875917,68.261083,6239
1049.726134,53.428375,52.819958,6240
1049.739300,45.891125,45.344834,6241
1049.865067,25.723250,25.143708,6242
1049.919498,39.097042,38.668292,6243
1049.942239,33.606708,32.913709,6244
1049.995890,67.490500,66.783208,6245
1050.038618,32.540667,32.033458,6246
1050.245639,72.871167,72.093583,6247
1050.413557,74.121542,73.171292,6248
1050.548622,103.651625,102.833500,6249
1050.555050,105.724209,104.793208,6250
1050.610620,104.253333,103.407208,6251
1050.661490,103.117875,102.376167,6252
1050.701513,90.064042,89.635000,6253
1050.755571,82.794250,81.178417,6254
1050.847592,77.158375,76.303208,6255
1050.889166,49.680166,49.301292,6256
1050.997101,56.880250,56.319958,6257
1051.047690,41.598958,41.042750,6258
1051.058353,50.474375,49.943250,6259
1051.097205,38.842125,38.461791,6260
1051.155697,39.790042,39.244916,6261
1051.209815,37.094166,36.580542,6262
1051.321206,28.168292,27.482875,6263
1051.380974,41.585250,40.906833,6264
1051.403774,38.855250,38.224958,6265
1051.550159,44.122167,43.575000,6266
1051.664449,37.997459,37.534000,6267
1051.714339,41.627542,41.100792,6268
1051.803820,41.316917,40.592125,6270
1051.806504,51.240583,50.782375,6269
1051.892772,53.387834,52.843000,6271
1051.948335,61.313000,60.642167,6272
1051.976121,44.438333,43.786459,6273
1052.049689,43.623125,43.003333,6274
1052.159142,35.885500,35.212625,6275
1052.199859,27.140166,26.852875,6276
1052.380551,41.163500,40.635292,6277
1052.548806,42.771458,42.320542,6279
1052.550955,45.229625,44.565792,6278
1052.734323,61.600875,60.995958,6280
1052.894851,55.430958,54.750209,6281
1053.031142,56.467542,55.986583,6282
1053.039933,53.756500,53.290125,6283
1053.081779,75.711125,74.897083,6284
1053.085151,27.790583,27.447583,6285
1053.142307,26.879417,26.426751,6286
1053.199880,27.156792,26.689542,6287
1053.387694,48.289791,47.652791,6288
1053.487347,42.230709,41.616750,6289
1053.548621,42.561167,42.261916,6290
1053.577771,36.357417,35.748125,6291
1053.708476,35.724208,35.144083,6293
1053.718156,59.352417,58.743417,6292
1053.875789,36.379291,35.898917,6294
1054.057208,58.026791,57.544667,6295
1054.060689,54.596792,54.062750,6296
1054.079547,42.013125,41.408500,6297
1054.212748,40.000625,39.547375,6298
1054.351711,60.433917,60.060000,6299
1054.404676,65.297167,64.826708,6300
1054.452401,47.319125,46.815416,6301
1054.457868,41.668375,41.048000,6302
1054.552927,46.872000,46.187167,6303
1054.566611,31.525083,31.041791,6304
1054.713388,40.663875,40.004417,6305
1054.787900,25.764958,25.252792,6306
1054.855393,53.267083,52.735083,6307
1054.885677,51.922792,51.080750,6308
1054.887592,48.195584,47.301917,6309
1055.079227,73.116167,72.465459,6310
1055.084320,73.252375,72.653875,6311
1055.087543,75.963709,75.401375,6312
1055.246921,74.167334,73.699209,6313
1055.441629,122.494750,121.592334,6314
1055.474651,127.347500,126.627958,6316
1055.475466,136.031875,135.399250,6315
1055.593843,87.733625,85.872500,6317
1055.601277,82.080250,81.227125,6318
1055.687942,86.693542,86.234750,6319
1055.762929,90.233208,89.528833,6321
1055.763019,104.886542,104.181583,6320
1055.899764,66.722250,65.931250,6322
1055.901672,61.037958,60.540083,6323
1055.992662,51.495209,50.872792,6324
1056.042616,36.538541,36.076542,6325
1056.145250,45.928166,45.464417,6326
1056.213789,41.053542,40.598541,6327
1056.255901,38.271334,37.972667,6328
1056.413145,73.809750,73.217958,6329
1056.578618,72.564334,71.731625,6330
1056.719368,46.648583,45.928167,6331
1056.900113,60.725000,60.046000,6332
1057.073983,67.930333,67.298875,6333
1057.207076,34.335000,33.759833,6334
1057.364073,24.708250,24.189083,6335
1057.541771,35.663250,35.080500,6336
1057.591223,45.873334,45.234583,6337
1057.704635,31.920292,31.117041,6338
1057.886574,47.204500,46.856834,6339
1057.955082,39.433042,38.867500,6340
1058.051512,45.436417,45.045584,6341
1058.214762,42.015167,41.390416,6342
1058.357434,49.031500,48.604500,6343
1058.380254,40.869792,40.303375,6344
1058.485641,41.646792,41.115083,6345
1058.545587,39.521417,38.918541,6346
1058.659109,41.748583,41.275500,6347
1058.684367,37.219292,36.605042,6348
1058.725307,52.562708,51.893334,6349
1058.891423,52.040917,51.660584,6350
1058.992126,43.082083,42.690958,6351
1059.047089,41.006000,40.515417,6352
1059.195994,46.759125,46.120084,6353
1059.240529,67.783917,66.804792,6354
1059.244900,44.804084,44.381167,6355
1059.281856,67.126500,66.163417,6356
1059.306287,33.377750,32.768458,6357
1059.374562,35.153709,34.669250,6358
1059.428093,81.770500,80.999625,6359
1059.551773,45.684625,45.175667,6360
1059.718052,45.278333,44.694709,6361
1059.896626,57.258541,56.693000,6362
1060.042092,36.013833,35.327250,6363
1060.248143,75.320875,74.136417,6364
1060.334000,61.775000,61.328459,6365
1060.401450,62.025542,61.368125,6366
1060.577967,71.871625,71.290041,6367
1060.746420,71.586667,71.025791,6368
1060.884661,47.059833,46.574792,6369
1060.888867,49.462000,48.929125,6370
1061.043299,37.269750,36.807459,6372
1061.077542,71.550208,70.943542,6371
1061.203597,57.386583,56.711375,6373
1061.219582,46.856542,46.297125,6374
1061.285147,31.903375,31.365250,6376
1061.295169,56.332792,55.653500,6375
1061.397485,58.097083,57.424792,6377
1061.411473,44.707250,44.066458,6378
1061.551694,45.661292,45.148251,6379
1061.716749,50.421292,49.973292,6380
1061.720716,47.971583,47.473125,6381
1061.887564,57.690500,56.079917,6382
1061.902446,63.012542,62.454875,6383
1061.922116,61.664750,60.965041,6384
1061.946955,80.933417,80.398792,6385
1062.058593,52.559208,52.045000,6386
1062.110698,29.747667,29.250083,6387
1062.208666,35.969209,35.287000,6388
1062.401174,61.791916,61.126917,6389
1062.431359,49.925166,49.129791,6390
1062.440418,55.227666,54.595333,6391
1062.502391,36.027834,35.532875,6392
1062.547124,41.047709,40.386209,6393
1062.708939,36.197292,35.533167,6394
1062.875362,35.952583,35.232167,6395
1062.935345,41.327125,40.793959,6396
1063.058223,52.152625,51.493750,6397
1063.163268,55.426000,54.788708,6398
1063.215840,43.119417,42.374208,6399
1063.252685,42.800625,42.040250,6400
1063.357289,50.439958,49.944417,6401
1063.397195,57.819125,57.127583,6402
1063.460697,42.990791,42.530833,6403
1063.509838,64.283042,63.291083,6404
1063.542147,36.050291,35.459375,6405
1063.714136,41.413167,40.561500,6406
1063.828450,41.996500,41.315167,6407
1063.898585,59.220292,58.350833,6408
1063.904799,54.991417,54.277417,6409
1063.927363,73.539084,73.056084,6410
1064.033544,27.513209,27.069292,6412
1064.033635,71.887083,71.222959,6411
1064.161826,40.738250,40.070042,6413
1064.244146,71.445500,70.822208,6414
1064.279509,34.709500,33.994041,6415
1064.377656,38.270167,37.639292,6416
1064.468488,50.311916,49.891042,6417
1064.512538,62.532167,61.797166,6418
1064.569933,73.758125,73.054333,6419
1064.570125,64.050583,63.584500,6420
1064.586972,59.833667,59.139792,6421
1064.722557,49.862750,49.444500,6422
1064.728976,49.936541,49.446250,6423
1064.761074,57.531834,56.838250,6424
1064.861789,51.815166,51.097375,6425
1064.901349,61.937459,61.330500,6426
1065.048664,42.623000,42.038209,6427
1065.270495,97.656125,96.893417,6428
1065.302996,105.620959,104.682666,6429
1065.312935,104.690250,103.598250,6430
1065.405906,78.543792,77.751916,6431
1065.424617,83.901125,83.195291,6432
1065.582702,74.016250,72.697917,6433
1065.704967,99.626042,97.312250,6434
1065.706524,95.666084,94.803917,6435
1065.768672,95.910209,95.110751,6436
1065.885081,45.665084,45.110333,6437
1065.968256,46.182792,45.668000,6438
1066.048495,42.443916,41.944583,6439
1066.215081,42.359625,41.805750,6440
1066.333183,38.049667,37.586500,6441
1066.387436,48.073667,47.645208,6442
1066.550463,44.377959,43.843333,6443
1066.575382,41.996792,41.360959,6444
1066.687659,37.384375,36.854417,6445
1066.711591,38.862833,38.376042,6446
1066.833997,63.399000,63.051917,6447
1066.881783,42.394042,41.717666,6448
1066.978386,36.379583,35.858959,6449
1067.055268,49.221375,48.756166,6450
1067.231174,34.851250,34.255083,6452
1067.231297,58.602541,58.088625,6451
1067.323364,41.952458,41.468875,6453
1067.341580,44.322833,43.509083,6454
1067.381512,42.142917,41.595167,6455
1067.576176,70.088667,69.387500,6456
1067.736407,63.681042,62.898791,6457
1067.885278,45.907167,45.531209,6458
1068.048768,42.693584,42.042292,6459
1068.068758,42.672583,42.220500,6460
1068.215251,42.532875,41.952167,6461
1068.287998,41.509125,40.887000,6462
1068.381065,41.723209,41.186542,6463
1068.539983,32.814834,32.365959,6465
1068.571924,65.811375,65.353750,6464
1068.721375,48.674500,48.293583,6466
1068.918533,79.122166,78.424208,6467
1069.085504,79.477125,78.967583,6468
1069.170365,47.475167,46.672792,6469
1069.194258,60.332125,59.732167,6470
1069.211620,38.903666,38.416292,6471
1069.303971,76.979875,76.397709,6472
1069.326670,34.666917,34.176625,6473
1069.372550,33.179417,32.688542,6475
1069.390880,76.277250,75.604084,6474
1069.541047,40.726000,40.292583,6476
1069.570109,64.037166,63.431667,6477
1069.650248,36.183000,35.724792,6478
1069.704441,31.735958,31.372250,6479
1069.748499,73.397625,72.624125,6480
1069.827756,41.155333,40.703250,6481
1069.880440,41.079500,40.598833,6482
1069.937560,48.483750,47.817001,6483
1070.080031,73.954125,73.279500,6484
1070.194945,64.243958,63.113167,6485
1070.259051,85.803375,85.095792,6486
1070.315188,96.681083,96.155500,6487
1070.369063,83.509709,82.844125,6488
1070.435346,95.490500,94.220583,6489
1070.483657,115.791959,115.084375,6490
1070.538307,123.431000,122.439917,6491
1070.573570,116.584125,115.940708,6492
1070.636481,129.794292,128.934167,6495
1070.676221,120.793750,119.965417,6496
1070.689176,230.331792,227.436417,6493
1070.768298,92.669209,91.850209,6498
1070.778489,296.392251,294.745792,6494
1070.885686,255.741500,255.043250,6497
1070.905955,107.751000,107.287250,6499
1070.939523,100.133542,99.410791,6500
1071.044759,38.682291,38.209500,6502
1071.060867,59.887042,59.170125,6501
1071.249148,76.422500,75.701791,6503
1071.378337,38.970750,38.242166,6504
1071.448966,37.978500,37.324583,6505
1071.499217,44.751292,44.194792,6506
1071.526493,46.146917,45.646417,6507
1071.546755,40.692166,40.159291,6508
1071.709264,36.558958,36.049708,6509
1071.827434,43.488959,42.809083,6510
1071.855569,55.828209,55.418125,6511
1071.885527,46.160333,45.572625,6512
1071.915357,32.737250,31.986792,6513
1072.045060,38.943917,38.434958,6514
1072.223762,51.042250,50.514625,6515
1072.381040,41.642125,41.040417,6516
1072.543412,37.348208,36.882125,6517
1072.594308,35.518292,34.965875,6518
1072.645280,35.581000,34.919500,6519
1072.702445,29.731625,29.056125,6520
1072.777711,40.142958,39.640417,6521
1072.875583,36.186208,35.678417,6522
1073.046984,40.899833,40.425875,6523
1073.191169,41.742750,41.181875,6524
1073.208503,35.786625,35.219625,6525
1073.288687,35.647209,35.145250,6526
1073.384804,45.426791,45.007667,6527
1073.576914,70.823375,70.299834,6528
1073.721276,48.566292,47.762167,6530
1073.733653,71.126125,70.522667,6529
1073.736293,62.934083,62.148334,6531
1073.879455,40.092500,39.583542,6532
1073.974315,37.210834,36.749709,6533
1074.053828,47.775584,47.086959,6534
1074.191370,51.031458,50.512000,6535
1074.214414,41.676250,41.102250,6536
1074.314049,45.016125,44.640750,6537
1074.382336,42.947334,42.406000,6538
1074.580368,74.238792,73.499125,6539
1074.710301,41.507666,40.789875,6540
1074.716975,44.241750,43.692541,6541
1074.843984,25.879000,25.235292,6542
1074.897405,58.008417,57.392125,6543
1075.042449,36.391250,35.923416,6544
1075.251128,78.342542,77.454708,6545
1075.413562,72.607792,71.799583,6546
1075.572227,66.102166,65.640458,6547
1075.635574,81.210500,79.762083,6548
1075.717095,99.807167,99.173959,6549
1075.776156,103.385625,101.021667,6550
1075.784088,103.650750,102.571292,6551
1075.881975,42.575458,42.003208,6553
1075.885232,54.595333,53.868208,6552
1075.981238,46.649167,46.115125,6554
1076.055419,49.365750,48.862917,6555
1076.117136,54.358792,53.695541,6556
1076.215461,42.760959,42.305667,6557
1076.390768,51.380000,50.946875,6558
1076.409765,45.948000,45.441375,6559
1076.540061,67.375291,66.895792,6560
1076.549518,43.427708,42.874416,6561
1076.707622,35.655667,35.141458,6562
1076.734680,61.942708,61.404000,6563
1076.766637,47.652791,47.018708,6564
1076.866590,27.221834,26.929000,6565
1076.949164,46.216333,45.575541,6566
1077.029923,57.815625,57.464750,6567
1077.054767,48.708334,48.231459,6568
1077.222933,50.200792,49.664417,6569
1077.333224,33.426166,32.880458,6570
1077.376213,36.825250,36.354208,6571
1077.420856,44.496375,43.793750,6572
1077.449582,41.472666,40.808834,6574
1077.456085,54.117583,53.474167,6573
1077.550222,44.166791,43.614667,6575
1077.719897,47.180584,46.714209,6576
1077.884972,45.574375,45.122875,6577
1077.933699,49.403083,48.993875,6578
1078.025000,39.736083,39.199416,6579
1078.067139,61.073834,60.435667,6580
1078.079241,36.386875,35.870916,6581
1078.158805,41.368834,40.901875,6582
1078.207916,51.050125,50.410792,6583
1078.211670,38.952083,38.290875,6584
1078.278908,52.119959,51.412958,6585
1078.380177,40.817875,40.301334,6586
1078.488145,41.061708,40.547500,6587
1078.570464,64.362375,63.682792,6588
1078.727295,54.557708,54.004416,6589
1078.900416,61.007042,60.543583,6590
1078.937072,61.035041,60.395125,6591
1079.055368,49.285250,48.583208,6592
1079.076681,40.146750,39.445875,6593
1079.118741,53.272333,52.673541,6594
1079.121638,45.261417,44.725917,6595
1079.218552,45.812084,45.110625,6596
1079.388375,48.965000,48.447875,6597
1079.554195,48.147750,47.725417,6598
1079.597256,37.426375,36.904291,6600
1079.601358,52.770666,52.210959,6599
1079.720474,47.779667,47.119042,6601
1079.882511,43.127291,42.614833,6602
1080.024434,45.165458,44.753042,6603
1080.045436,55.306708,54.584834,6604
1080.052397,46.392208,45.892583,6605
1080.286680,113.894084,113.298208,6606
1080.288400,104.157667,102.627291,6607
1080.341192,139.293000,137.452583,6608
1080.410324,115.930792,114.980542,6610
1080.420770,184.198875,183.429459,6609
1080.485603,117.098917,116.331251,6612
1080.545171,205.797959,205.098251,6611
1080.570137,156.941458,156.185750,6613
1080.627383,135.714250,134.956500,6614
1080.637230,128.926292,128.024459,6615
1080.741890,228.235875,224.015750,6616
1080.789304,116.048625,115.317125,6618
1080.836422,130.508583,128.480042,6619
1080.854135,304.713208,304.003875,6617
1080.937124,97.705709,96.631500,6622
1080.946302,224.845541,222.951458,6620
1081.023822,261.972667,255.290875,6621
1081.056490,69.726708,69.262959,6623
1081.065348,74.281084,72.523791,6624
1081.079145,72.989000,72.121875,6625
1081.103650,45.946251,45.455667,6626
1081.146361,50.693417,50.263501,6627
1081.239944,67.197959,66.575250,6628
1081.305810,36.088500,35.685416,6629
1081.402165,62.779209,62.236417,6630
1081.409895,42.955792,42.539875,6631
1081.503845,38.891708,38.424166,6632
1081.528739,56.655084,55.884792,6633
1081.546344,40.284417,39.862083,6634
1081.692086,67.973500,67.376167,6635
1081.709995,37.311750,36.815625,6636
1081.824797,38.741792,38.324417,6637
1081.859304,46.519666,46.080125,6638
1081.895369,55.980750,55.514667,6639
1082.059283,53.257750,52.720208,6640
1082.112683,33.117875,32.724416,6641
1082.147729,33.633250,33.093375,6642
1082.205892,79.830333,79.185166,6643
1082.210052,37.346458,36.890875,6644
1082.238364,64.973708,64.133708,6645
1082.378529,39.123584,38.499416,6646
1082.557153,51.091833,50.439083,6647
1082.713533,40.791625,40.403708,6648
1082.868795,29.411375,28.923125,6649
1082.911286,27.204334,26.910625,6650
1083.008485,46.511792,45.727792,6651
1083.049214,43.133709,42.547459,6652
1083.137812,50.754375,50.084709,6653
1083.213422,40.729501,40.227542,6654
1083.292362,48.085916,47.387375,6655
1083.326182,57.019083,56.282625,6656
1083.331430,60.589667,59.935750,6657
1083.376062,36.698375,36.378709,6658
1083.538076,32.007792,31.536167,6659
1083.573395,63.430208,62.640375,6660
1083.682177,50.082375,49.578083,6661
1083.711289,47.469625,46.787125,6662
1083.722998,50.273125,49.617750,6663
1083.849992,64.596875,64.040083,6664
1083.869060,56.392292,55.967917,6665
1083.891684,52.302833,51.756833,6666
1084.052436,46.368000,45.797208,6667
1084.141365,47.309791,46.845167,6668
1084.166408,43.523667,42.940042,6669
1084.229868,57.147417,56.625625,6670
1084.270350,50.928792,50.441708,6671
1084.297271,60.634875,59.984166,6672
1084.319061,45.321500,44.918125,6673
1084.368927,48.467708,47.796583,6674
1084.396869,52.864291,52.070083,6676
1084.400398,60.989250,60.329209,6675
1084.448247,25.070208,24.607625,6677
1084.487175,36.081500,35.449458,6678
1084.541069,34.952458,34.412875,6679
1084.714215,41.495417,41.020292,6680
1084.774148,47.089584,46.630791,6681
1084.888898,49.510709,48.991250,6682
1084.924661,51.350833,50.744166,6683
1084.954617,37.480917,36.732208,6684
1085.021905,45.218541,44.737000,6685
1085.067680,61.602041,61.064208,6686
1085.154925,25.336791,24.865166,6687
1085.244332,71.575875,71.011500,6688
1085.354204,113.612917,112.707875,6689
1085.383520,102.137000,101.252667,6691
1085.388669,113.094042,112.210875,6690
1085.490250,119.661208,119.088083,6694
1085.502294,171.051125,170.167667,6692
1085.551769,148.164333,147.415041,6695
1085.619313,113.143625,112.536959,6698
1085.619443,280.061250,279.440291,6693
1085.714106,130.448500,129.683750,6699
1085.724057,274.960292,274.232292,6696
1085.802390,131.158417,129.983000,6702
1085.867599,413.789250,411.747000,6697
1085.893886,161.367791,118.039250,6705
1085.972230,169.807167,126.244417,6707
1085.979355,392.360792,390.504917,6700
1086.021250,153.615001,112.313834,6708
1086.035304,440.079209,439.418292,6701
1086.070858,42.341542,41.837250,6710
1086.076767,70.679292,70.029459,6709
1086.094980,420.928959,417.649459,6703
1086.135583,450.224542,449.491292,6704
1086.218064,52.207166,51.480625,6712
1086.233216,489.445834,446.964875,6706
1086.235284,62.576208,62.073375,6713
1086.244560,193.869375,193.146625,6711
1086.291818,79.398375,78.537083,6714
1086.329271,52.213583,51.643375,6716
1086.343710,126.396667,125.754416,6715
1086.404634,89.494709,88.949291,6717
1086.408863,69.482875,68.895166,6719
1086.413145,93.278792,92.383667,6718
1086.438808,34.727000,34.019417,6722
1086.485433,136.296125,135.720958,6720
1086.524627,156.760334,156.370375,6721
1086.538093,76.179250,75.562666,6723
1086.556190,82.533792,81.930333,6724
1086.592455,90.282792,89.721625,6725
1086.655546,152.458250,151.813959,6726
1086.690564,184.499875,183.650251,6727
1086.726430,201.294917,200.469792,6728
1086.726493,53.748042,53.065834,6729
1086.836167,38.715542,38.223792,6730
1086.858661,37.105250,36.588416,6731
1086.895780,56.357000,55.686750,6732
1086.949647,58.200041,57.517541,6733
1087.007159,40.230167,39.480875,6734
1087.077964,71.873666,71.178041,6735
1087.196397,33.299000,32.626125,6736
1087.210169,37.436292,36.966416,6737
1087.323153,41.403250,40.765958,6738
1087.383636,44.221334,43.546125,6739
1087.446900,27.374958,26.908000,6740
1087.512756,37.578042,36.913625,6741
1087.551218,45.139209,44.524667,6742
1087.596595,44.079000,43.570042,6743
1087.700984,28.268333,27.547333,6744
1087.773425,83.122083,82.301625,6745
1087.787141,31.747333,31.227000,6746
1087.835509,42.992542,42.490875,6747
1087.874944,35.556500,34.882459,6748
1087.970273,40.623625,40.348875,6749
1088.059521,53.491084,53.096459,6750
1088.102211,65.132959,64.719958,6751
1088.215713,42.955792,42.382083,6752
1088.388401,48.982208,48.325083,6754
1088.391644,59.292625,58.684792,6753
1088.427437,72.773167,72.102333,6755
1088.452553,72.506291,71.757584,6756
1088.475330,75.446875,74.542417,6757
1088.483959,73.803333,72.965375,6758
1088.524851,111.087083,110.498208,6759
1088.535769,95.351958,91.691541,6760
1088.564843,58.822458,58.239417,6761
1088.575235,49.610458,49.125417,6762
1088.641752,67.914291,67.202333,6763
1088.703866,67.401833,66.795750,6764
1088.712218,47.779958,47.217917,6765
1088.739263,66.541417,65.876416,6766
1088.771969,88.927417,88.286917,6767
1088.790479,68.510167,68.021917,6769
1088.823035,57.525126,57.024333,6770
1088.828842,138.413042,137.901750,6768
1088.877761,38.387125,37.744292,6771
1088.914160,49.488250,48.791458,6772
1088.944247,53.503625,52.965500,6773
1088.987187,57.655208,57.067208,6774
1089.034206,28.176167,27.630750,6775
1089.164940,51.559958,51.030875,6776
1089.167787,46.981084,46.508292,6777
1089.225933,53.227125,52.611416,6778
1089.302907,49.441000,48.761708,6779
1089.376257,36.850917,36.320958,6780
1089.415348,70.702916,69.956250,6781
1089.430431,51.568709,50.924708,6783
1089.441940,77.092458,76.468875,6782
1089.486968,52.868667,52.134542,6784
1089.494648,47.688958,47.141209,6785
1089.545744,39.680375,39.155958,6786
1089.580705,40.307458,39.831750,6787
1089.632083,77.635250,76.818584,6788
1089.635077,35.900959,35.379750,6789
1089.719636,46.891542,46.342334,6790
1089.731928,40.238042,39.480000,6791
1089.839767,41.883625,41.442042,6792
1089.843050,44.411209,44.057709,6793
1089.913979,74.556416,73.878292,6794
1090.056962,50.862875,50.239584,6795
1090.099759,43.265541,42.772625,6796
1090.157979,35.123084,34.770750,6797
1090.291168,118.376708,113.311625,6798
1090.311127,117.353541,116.727042,6799
1090.339942,130.604542,129.866042,6800
1090.400148,121.172041,120.346333,6801
1090.449982,110.620125,109.988667,6802
1090.475114,117.849084,117.108250,6803
1090.515714,158.051250,156.854541,6804
1090.614229,123.746292,123.024125,6807
1090.645855,138.968375,138.509584,6808
1090.650738,273.205625,269.994958,6805
1090.755374,119.578667,118.105167,6812
1090.771212,333.538042,331.671083,6806
1090.802544,129.635625,128.893625,6813
1090.877525,329.297208,327.955542,6809
1090.923104,137.981375,136.070667,6815
1090.964841,137.087417,136.567958,6816
1091.000950,442.171334,440.703959,6810
1091.085432,509.268084,508.557292,6811
1091.086215,163.079584,119.788958,6820
1091.113138,148.262042,106.183583,6821
1091.131448,442.569167,437.770667,6814
1091.165416,326.040458,325.447209,6817
1091.208287,122.035667,80.945667,6824
1091.219552,359.269167,358.496542,6818
1091.228851,56.176166,55.650583,6826
1091.231214,145.765666,104.641542,6823
1091.283361,374.497375,332.262583,6819
1091.307582,144.987792,144.414083,6825
1091.320208,319.233250,277.854500,6822
1091.375999,36.598625,36.134000,6827
1091.428513,41.325083,40.706750,6828
1091.491545,26.181750,25.714500,6829
1091.546323,40.262833,39.836709,6830
1091.577273,42.912625,42.196000,6831
1091.626560,39.336791,38.830750,6832
1091.709151,36.448125,36.003334,6833
1091.773713,60.025583,59.399375,6834
1091.792938,62.203750,61.558000,6835
1091.815132,65.750708,65.083084,6836
1091.867856,28.508959,27.982208,6837
1091.910553,55.402667,54.756042,6838
1091.927385,48.703666,48.199083,6839
1092.022866,44.411208,43.933750,6840
1092.053825,47.721917,47.116125,6841
1092.083089,72.969167,72.381458,6842
1092.136518,50.846541,50.302875,6843
1092.154348,55.013000,54.289375,6844
1092.208548,35.789250,35.097709,6845
1092.303191,42.067959,41.421625,6846
1092.340093,52.875083,52.363208,6847
1092.342050,37.109333,36.541458,6848
1092.366996,27.562791,26.946209,6849
1092.457350,79.599625,79.051875,6850
1092.486089,41.453709,40.690709,6851
1092.558029,57.791417,57.166667,6854
1092.561499,81.773417,76.043334,6852
1092.574491,86.043125,85.352458,6853
1092.583706,77.641083,77.036458,6855
1092.618953,71.955917,71.379292,6856
1092.651645,32.295959,31.803333,6857
1092.705765,41.863209,41.178375,6858
1092.715154,42.419709,41.810417,6859
1092.754520,35.434292,34.898791,6860
1092.868373,29.025792,28.602584,6862
1092.878103,68.651333,68.106792,6861
1092.974331,86.689166,86.126833,6863
1093.016755,60.986334,60.503625,6865
1093.025524,66.490083,65.802626,6866
1093.038943,87.174500,86.514459,6864
1093.077081,113.724917,112.940625,6867
1093.117702,57.962625,57.253291,6869
1093.138340,132.296500,131.623334,6868
1093.167318,73.267541,72.650667,6871
1093.185073,98.838250,97.904334,6870
1093.222253,88.984291,88.189208,6872
1093.232865,60.123583,59.389750,6873
1093.258387,63.945000,63.312083,6874
1093.293806,52.230500,51.616542,6875
1093.353407,43.792000,43.433250,6876
1093.385635,46.185125,45.440500,6877
1093.437576,52.017292,51.554709,6878
1093.455537,43.077709,42.527625,6879
1093.544305,42.801792,42.458792,6880
1093.564326,58.238542,57.792292,6881
1093.613499,36.435292,36.149459,6882
1093.707931,35.230417,34.862042,6883
1093.767688,40.592416,39.977875,6884
1093.800915,53.680959,52.993208,6885
1093.846931,40.287916,39.766708,6886
1093.887070,47.679042,47.100667,6887
1093.976213,79.972084,79.340041,6888
1094.059611,53.526083,52.962584,6889
1094.213164,69.895291,69.365334,6890
1094.230882,62.760250,62.065792,6891
1094.269419,96.679917,96.065667,6893
1094.279858,46.670167,46.218375,6894
1094.281264,109.809000,109.002542,6892
1094.320510,35.809083,35.200084,6895
1094.380189,37.551501,36.934626,6897
1094.383672,44.289292,43.786751,6896
1094.439206,40.289375,39.746291,6898
1094.470844,66.142125,65.514458,6899
1094.551894,45.812958,45.334041,6901
1094.556613,58.758000,58.288709,6900
1094.611446,47.026584,46.770500,6902
1094.749605,76.880125,76.463916,6903
1094.774279,40.335750,39.788000,6904
1094.806706,48.114208,47.514250,6905
1094.836598,56.491750,54.713750,6906
1094.870641,55.461000,55.054125,6907
1094.888793,49.410667,48.981625,6908
1095.033877,27.808084,27.339084,6909
1095.118610,35.929250,35.249958,6910
1095.271461,98.714875,97.295917,6911
1095.310268,113.936958,113.406125,6912
1095.373439,129.449542,128.682750,6913
1095.375657,120.076542,118.696084,6914
1095.422530,83.130833,82.424125,6915
1095.618719,126.879083,126.183750,6917
1095.628980,138.259334,136.831625,6916
1095.634920,136.785250,136.122875,6918
1095.741279,235.113958,231.551542,6919
1095.759706,115.565334,114.786875,6921
1095.803957,131.113209,127.233459,6922
1095.863231,325.261125,317.038459,6920
1095.913437,129.299625,127.552834,6924
1095.941524,128.568125,127.948917,6925
1095.948225,248.135417,247.741375,6923
1095.998504,169.951833,169.141875,6926
1096.037480,197.990916,196.914083,6927
1096.055629,49.539000,48.957708,6929
1096.107334,216.874583,216.244292,6928
1096.109969,54.791334,54.225208,6930
1096.143427,85.036000,83.610917,6931
1096.153652,46.548250,46.024708,6933
1096.183279,72.865625,72.412083,6934
1096.226817,129.187041,126.868292,6932
1096.236240,73.266375,72.452042,6935
1096.244560,61.359083,60.855667,6939
1096.297938,134.039208,133.141167,6936
1096.332341,164.718458,163.959542,6937
1096.368298,195.589916,194.961375,6938
1096.385554,46.169667,45.574083,6941
1096.417909,204.817084,204.231125,6940
1096.435710,57.299667,56.618625,6942
1096.561876,55.757333,55.289500,6943
1096.615130,54.697417,54.065958,6944
1096.703497,51.958667,51.443000,6945
1096.730723,57.983333,57.365584,6947
1096.734657,76.117417,75.523000,6946
1096.800772,47.144416,46.718584,6948
1096.889342,49.958417,49.441584,6949
1096.955593,42.509833,42.106750,6950
1096.984679,54.651625,54.122542,6952
1096.991626,65.539250,64.816500,6951
1097.047293,41.193542,40.545167,6953
1097.083126,48.393625,47.571125,6954
1097.153563,50.924125,50.421000,6955
1097.202323,42.359042,41.874000,6956
1097.228198,55.486667,54.746417,6957
1097.262389,50.140708,49.608125,6958
1097.348237,32.845458,32.309667,6959
1097.388947,34.605083,33.959625,6961
1097.409751,70.336000,69.611209,6960
1097.433999,52.329084,51.669333,6962
1097.553671,39.008084,38.361167,6964
1097.557783,51.724458,51.376500,6963
1097.624897,54.782000,54.187292,6967
1097.643141,75.282667,74.683000,6965
1097.650202,80.460916,79.912875,6966
1097.725160,52.437584,52.151458,6968
1097.778581,38.178875,37.761208,6969
1097.810587,60.938500,60.397459,6970
1097.892715,54.210917,53.817459,6971
1097.900249,60.850125,60.342625,6972
1097.943939,90.447001,89.601167,6973
1097.966266,64.385708,63.862750,6974
1097.967307,58.983750,58.463125,6975
1098.036428,30.388750,29.682625,6977
1098.043164,114.411209,113.671542,6976
1098.099068,45.672084,45.207459,6978
1098.102349,44.961583,44.322834,6979
1098.161981,43.145958,42.446250,6980
1098.211359,55.031375,54.434041,6982
1098.222634,73.994958,73.243917,6981
1098.228610,55.919791,55.333250,6983
1098.354451,50.641500,50.166666,6984
1098.360479,49.919041,49.351458,6985
1098.414803,75.435792,74.725000,6986
1098.468148,49.353500,48.783292,6987
1098.492211,47.357334,46.762917,6988
1098.538994,47.121083,46.420500,6989
1098.550139,44.074916,43.407000,6990
1098.656957,35.544542,34.924750,6991
1098.714083,41.365334,40.825750,6992
1098.785268,35.635541,35.121917,6993
1098.814379,46.239375,45.762500,6994
1098.882308,38.014375,37.403334,6996
1098.900133,60.750083,60.091209,6995
1098.952054,56.380625,55.608583,6997
1098.981146,55.156792,54.622750,6998
1098.990878,59.248583,58.220167,6999
1099.059452,53.382875,52.825792,7000
1099.078218,56.817250,56.146417,7001
1099.112182,74.884542,74.156250,7002
1099.145432,72.763250,71.997916,7003
1099.196141,83.926792,42.620084,7004
1099.219375,82.655709,81.918375,7005
1099.232301,59.567375,58.994542,7006
1099.252424,58.189833,57.382500,7007
1099.278784,73.628042,71.258834,7008
1099.302144,36.179209,35.705250,7010
1099.350539,137.988376,137.335042,7009
1099.394208,54.858125,54.425875,7011
1099.402134,46.017709,45.487750,7012
1099.452283,40.670000,40.067709,7013
1099.556191,50.114458,49.733542,7014
1099.596951,49.286416,48.668083,7015
1099.753378,59.599750,58.970042,7017
1099.755514,82.801250,82.240959,7016
1099.770630,73.475500,72.754208,7018
1099.836912,54.417708,53.847208,7019
1099.865123,47.151125,46.598417,7021
1099.871151,72.741375,72.121291,7020
1099.891283,63.431375,62.821792,7022
1099.946107,106.723458,106.241333,7023
1099.958573,64.153542,63.589167,7025
1099.960850,77.384709,76.620250,7024
1100.052830,44.877292,44.264792,7028
1100.053171,62.642125,62.225042,7026
1100.078762,72.678375,72.154834,7027
1100.146838,44.123916,43.606792,7029
1100.208117,78.814750,77.884333,7030
1100.292340,119.550667,116.915458,7031
1100.315733,120.612334,118.779208,7032
1100.348831,95.494000,91.674916,7033
1100.407526,68.108250,65.378541,7034
1100.581442,127.383666,126.869750,7035
1100.604028,139.586125,138.912958,7037
1100.604098,147.400458,146.624625,7036
1100.657254,151.216041,150.048791,7038
1100.777390,260.103959,259.625042,7039
1100.780717,132.478209,131.498208,7042
1100.792752,123.570125,122.532083,7043
1100.864308,326.707500,324.225708,7040
1100.937849,97.468583,96.969250,7047
1100.987066,442.515208,441.112000,7041
1100.996217,89.491209,88.846334,7048
1101.010776,52.700083,52.148250,7050
1101.037837,365.125833,358.544084,7044
1101.095080,390.639958,390.022209,7045
1101.096099,90.047417,48.988042,7052
1101.136478,417.998000,417.469500,7046
1101.182407,53.321625,52.825208,7053
1101.183854,276.974250,276.593917,7049
1101.252982,80.293208,79.552666,7054
1101.268054,65.742541,64.922083,7055
1101.270185,306.603208,265.839291,7051
1101.283082,54.189334,53.494875,7056
1101.388109,37.114875,36.285667,7058
1101.392820,53.431583,52.921458,7057
1101.476504,42.352916,41.772792,7059
1101.533168,27.132292,26.664459,7060
1101.638601,28.064459,27.544417,7061
1101.683888,41.802250,41.414042,7062
1101.713737,40.982083,40.429083,7063
1101.763969,68.014333,67.294791,7064
1101.875823,36.416625,36.042708,7065
1101.907776,30.734667,30.207333,7066
1101.928797,49.899500,49.284667,7067
1102.003575,34.588167,33.884667,7068
1102.051506,45.434083,44.810792,7069
1102.089332,63.517708,62.191501,7071
1102.106425,80.732750,80.059292,7070
1102.106709,50.982751,50.373750,7072
1102.139438,68.228709,67.564000,7073
1102.185846,44.597291,43.969333,7075
1102.193860,105.972709,105.090708,7074
1102.217886,45.192583,44.660875,7076
1102.250662,47.686625,47.068000,7078
1102.253735,72.649500,72.073167,7077
1102.332640,115.646125,114.977333,7079
1102.401878,62.489875,62.136375,7080
1102.449627,38.198417,37.461666,7082
1102.462383,75.738250,74.974083,7081
1102.483856,46.578584,45.948875,7083
1102.541112,35.030042,34.544417,7084
1102.722440,49.714291,49.258125,7085
1102.737364,56.411542,55.736334,7086
1102.857702,72.025916,71.483708,7087
1102.872614,50.524542,50.004792,7088
1102.901554,40.375708,39.701667,7090
1102.939752,100.387000,99.660750,7089
1102.958737,50.500334,49.938583,7092
1102.964381,84.410375,83.897916,7091
1103.002472,38.140667,37.776375,7093
1103.039716,33.698292,33.370459,7095
1103.064676,68.507833,67.766416,7094
1103.161291,59.832209,59.387708,7096
1103.197912,44.172916,43.731917,7097
1103.210043,37.335959,36.706834,7098
1103.302946,35.741417,35.257834,7099
1103.337878,42.275042,41.552291,7100
1103.377398,38.031875,37.622084,7102
1103.391670,62.018542,61.377750,7101
1103.501669,49.458209,48.832292,7103
1103.502142,41.053542,40.611375,7104
1103.548453,42.399583,41.900542,7105
1103.655501,56.951708,56.362542,7106
1103.660319,38.001250,37.410333,7107
1103.716532,43.815625,43.260875,7108
1103.748960,54.238625,53.737542,7109
1103.793365,44.954583,44.358708,7110
1103.888312,48.901709,48.380500,7111
1104.042553,36.501792,35.930417,7112
1104.079677,44.606917,44.054209,7113
1104.114737,34.887708,34.317500,7114
1104.139615,49.227792,48.510292,7115
1104.174134,36.085875,35.609583,7116
1104.252416,79.646584,78.835167,7117
1104.343050,54.264291,53.536292,7118
1104.377601,38.213292,37.457000,7119
1104.480584,37.480917,37.096500,7120
1104.563196,39.942875,39.540666,7122
1104.569104,63.055125,62.570375,7121
1104.709067,36.327375,35.752792,7123
1104.737325,51.401583,50.918000,7124
1104.824230,37.235334,36.593958,7125
1104.872742,65.648625,65.063834,7126
1104.888089,48.749750,48.216001,7128
1104.906875,80.110042,79.341500,7127
1104.918965,39.291875,38.721667,7129
1104.941947,45.588667,45.081458,7130
1105.046288,40.235125,39.839042,7131
1105.101239,68.800375,68.238333,7132
1105.254659,81.832916,81.090625,7133
1105.306181,90.573000,89.824875,7134
1105.337959,87.794000,86.782500,7135
1105.404410,96.208875,95.548250,7136
1105.424413,83.730792,83.034000,7137
1105.579218,72.963333,72.317292,7138
1105.687532,100.048375,99.235792,7139
1105.691245,98.958416,98.027708,7140
1105.771328,102.239667,101.736542,7141
1105.782668,108.978625,108.163125,7142
1105.904984,94.231375,93.600208,7143
1105.908491,93.878167,92.839250,7144
1105.924167,84.779041,83.360958,7145
1106.073549,67.418459,66.899584,7146
1106.212912,40.170084,39.499834,7147
1106.257268,60.337083,59.840083,7148
1106.309210,36.521042,36.026083,7149
1106.372770,33.355875,32.822417,7150
1106.401149,54.554792,53.943750,7151
1106.550156,44.097667,43.535334,7152
1106.626140,45.754042,45.017000,7153
1106.725450,52.731291,52.154375,7155
1106.736924,77.938000,77.179666,7154
1106.742945,68.115542,66.889083,7156
1106.881413,42.028583,41.594583,7157
1106.961610,29.455709,28.829209,7159
1106.969956,69.419292,68.930459,7158
1107.025261,42.411542,41.773666,7160
1107.051511,45.452167,44.766166,7161
1107.208737,36.012958,35.293708,7162
1107.304098,36.220042,35.826292,7163
1107.356610,36.388333,35.856334,7164
1107.381449,42.050458,41.449917,7165
1107.447293,39.403000,38.778542,7166
1107.542723,36.641208,36.180375,7167
1107.703359,46.144001,45.727792,7168
1107.728302,55.594292,54.991417,7169
1107.795478,40.588334,40.165709,7170
1107.880529,41.148916,40.576667,7172
1107.883793,45.686958,45.258500,7171
1108.067320,61.223750,60.602500,7173
1108.089975,29.030459,28.455875,7174
1108.146086,41.415792,41.136958,7175
1108.216460,43.736875,42.891916,7177
1108.222652,72.369791,71.863167,7176
1108.267352,55.505625,55.034875,7178
1108.278173,55.066375,54.530000,7179
1108.391915,52.531792,51.912876,7180
1108.537040,30.952833,30.295709,7181
1108.697676,24.958791,24.293209,7182
1108.807793,24.753167,24.284750,7183
1108.870069,30.675166,30.223959,7184
1109.048186,42.150209,41.771334,7185
1109.071711,56.732959,56.301875,7186
1109.220679,47.961959,47.242125,7187
1109.245369,36.487500,35.917292,7188
1109.314131,38.032166,37.450875,7189
1109.378205,38.814417,38.057834,7190
1109.478589,47.638792,47.110291,7191
1109.537106,31.038875,30.321959,7192
1109.684526,46.197959,45.814708,7193
1109.720627,47.888167,47.314750,7194
1109.729451,49.647500,48.972292,7195
1109.888455,49.068833,48.565708,7196
1109.932157,32.149833,31.240709,7197
1110.023772,44.609250,44.040792,7198
1110.043208,57.710625,56.956666,7199
1110.074239,68.190500,67.597250,7200
1110.251780,78.970500,78.348375,7201
1110.410186,70.768833,70.273292,7202
1110.604905,122.802458,122.144458,7203
1110.626194,125.213667,124.763917,7205
1110.632291,137.153625,132.257125,7204
1110.697878,191.642500,190.665125,7206
1110.746654,120.465333,119.555334,7207
1110.763628,90.851541,90.278709,7208
1110.881516,42.116375,41.424542,7209
1111.013921,37.534875,36.876583,7210
1111.049122,42.968333,42.149625,7211
1111.100169,43.453375,42.761833,7212
1111.185993,42.552125,41.780958,7213
1111.228845,43.339333,42.908542,7215
1111.233998,61.295208,60.849834,7214
1111.376546,37.162125,36.654041,7216
1111.415532,33.103875,32.451416,7217
1111.500443,37.830042,37.286667,7218
1111.548148,42.119875,41.582917,7219
1111.714342,41.602458,41.010958,7220
1111.879393,40.007917,39.340292,7221
1111.912848,43.282750,42.652750,7222
1112.055088,49.026833,48.461875,7223
1112.085364,56.752208,56.296042,7224
1112.105364,53.572458,52.867792,7225
1112.147343,45.283584,44.335667,7226
1112.208827,36.079458,35.314125,7227
1112.239118,53.078375,52.253542,7228
1112.318734,43.201666,42.532875,7229
1112.371187,31.819083,31.110333,7230
1112.538263,32.217792,31.906000,7231
1112.618333,25.098500,24.592750,7232
1112.667322,30.166500,29.540291,7233
1112.707571,34.859708,34.250417,7234
1112.875230,35.850500,35.143208,7235
1112.916053,29.362083,28.889584,7236
1112.947715,45.951791,45.384208,7237
1112.964733,34.650583,33.910625,7238
1113.011886,37.855125,37.339166,7239
1113.058329,52.265500,51.857750,7240
1113.210429,42.783709,42.205625,7241
1113.217236,44.518541,43.962333,7242
1113.287747,38.191417,37.835292,7243
1113.388143,48.764625,48.192667,7244
1113.466182,41.350167,40.860459,7245
1113.551409,45.305167,44.802625,7246
1113.552403,46.303250,45.900167,7247
1113.632418,42.778750,42.073500,7248
1113.717128,44.371250,43.893500,7249
1113.915662,76.275791,75.629167,7250
1114.052271,46.217209,45.691042,7251
1114.073220,39.871125,39.155667,7252
1114.112706,54.971000,54.280625,7253
1114.226082,53.338833,52.640291,7254
1114.308450,40.094250,39.662292,7255
1114.392195,52.817333,52.170709,7256
1114.456616,72.040500,71.404375,7257
1114.495701,34.885667,34.418125,7258
1114.512187,41.452250,40.878833,7259
1114.556973,50.860834,50.270500,7260
1114.627355,52.285625,51.739041,7261
1114.652349,40.952042,40.320876,7262
1114.714082,41.363584,40.830708,7263
1114.864166,24.772125,24.291167,7264
1115.041475,35.448875,34.969666,7265
1115.145611,35.514500,34.962375,7266
1115.255574,82.768583,81.526959,7267
1115.321398,71.008291,70.528500,7268
1115.407731,68.282667,67.411751,7269
1115.484684,103.238917,102.302084,7270
1115.493406,96.094541,94.879167,7271
1115.577634,71.526875,70.872958,7272
1115.685948,98.297791,97.576208,7273
1115.752108,116.757083,115.920583,7274
1115.772637,120.508791,118.414334,7275
1115.794587,121.864750,120.921208,7276
1115.890931,51.491709,50.730459,7277
1115.975516,37.058875,36.541167,7278
1116.040914,34.852709,34.459250,7279
1116.112799,58.049833,57.542042,7280
1116.204520,31.820833,31.454792,7281
1116.250714,32.663750,32.119792,7282
1116.293372,64.754667,63.826000,7283
1116.364981,25.585584,25.089167,7284
1116.403788,41.740417,40.973333,7285
1116.482519,33.490625,33.197208,7286
1116.550683,44.566084,43.936084,7287
1116.565932,46.287209,45.759583,7288
1116.644400,40.359084,39.896500,7289
1116.735631,62.892375,62.322167,7290
1116.879607,40.240958,39.665500,7291
1117.033909,42.612208,42.072333,7292
1117.048342,42.301291,41.720292,7293
1117.207830,35.095083,34.687334,7294
1117.377894,38.516916,38.038875,7296
1117.393560,73.812375,73.194625,7295
1117.584439,78.318333,77.690666,7297
1117.751257,78.508792,77.758625,7298
1117.773524,37.401583,36.708000,7300
1117.806310,74.076042,73.433792,7299
1117.880803,41.399166,40.733875,7301
1118.040724,34.661375,34.061708,7302
1118.210903,38.202791,37.762667,7303
1118.238550,57.989458,57.371708,7304
1118.366817,27.451375,27.158250,7305
1118.586154,80.093416,79.513292,7306
1118.592026,31.087583,30.593500,7307
1118.711167,38.467917,38.006791,7308
1118.887472,48.110125,47.604375,7309
1119.013164,56.096542,55.191209,7310
1119.028589,45.808875,45.018750,7311
1119.051071,44.993375,44.392250,7312
1119.094226,43.766334,43.005958,7313
1119.211891,39.166750,38.593334,7314
1119.271639,42.719542,42.011958,7315
1119.375227,35.846708,35.198334,7316
1119.431323,27.111000,26.636458,7317
1119.456981,48.676833,47.927250,7318
1119.580512,74.453167,73.841834,7319
1119.721647,48.938458,48.498333,7320
1119.834353,38.639709,38.117333,7321
1119.879220,40.672625,40.135958,7322
1119.888732,49.355250,48.751500,7323
1119.964902,45.973375,45.477834,7324
1120.030727,32.686500,32.083333,7325
1120.081519,75.434916,74.739875,7326
1120.161866,38.043250,37.573083,7327
1120.223205,79.283750,78.666000,7328
1120.255584,82.243875,81.407958,7329
1120.432450,92.643250,91.723333,7331
1120.433369,93.602541,93.065875,7330
1120.587563,81.446167,80.805959,7332
1120.753350,80.600625,79.786875,7333
1120.810120,76.084167,75.343333,7334
1120.885506,46.095000,45.432917,7335
1121.051923,45.862542,45.346875,7336
1121.089221,28.842333,28.349125,7337
1121.145857,57.670958,56.878208,7338
1121.158151,38.469083,37.844333,7339
1121.207743,35.029750,34.576791,7340
1121.380472,41.067834,40.534667,7342
1121.386814,58.416167,57.868709,7341
1121.444934,40.410416,39.815125,7343
1121.531968,33.712583,33.240375,7344
1121.583548,77.486791,76.785916,7345
1121.676397,32.282250,31.818500,7346
1121.714972,34.351041,33.735917,7348
1121.737311,64.551958,63.827750,7347
1121.792935,41.976958,41.488416,7349
1121.867620,43.796958,43.262333,7350
1121.892787,53.356625,52.743833,7351
1121.910173,64.020250,63.298667,7352
1122.066833,60.765542,60.131750,7353
1122.136280,52.424750,51.882250,7354
1122.150310,41.563083,40.989959,7355
1122.221313,48.618500,47.977125,7356
1122.280376,41.127625,40.660958,7357
1122.308610,39.111916,38.459166,7358
1122.387658,48.279292,47.727458,7359
1122.388187,43.834000,43.348667,7360
1122.558976,30.587083,30.160667,7362
1122.578192,72.137625,71.508208,7361
1122.646592,26.172417,25.750375,7363
1122.699828,49.824834,49.182875,7365
1122.709132,63.646041,62.891791,7364
1122.743334,41.226792,40.393792,7367
1122.755403,82.706458,81.765834,7366
1122.791106,40.424709,40.085500,7368
1122.902052,62.695208,62.151250,7369
1123.046185,40.134500,39.659375,7370
1123.203042,47.588625,46.996250,7371
1123.216637,43.918292,43.458042,7372
1123.268127,42.418834,41.810125,7373
1123.330611,53.862958,53.182500,7374
1123.375660,36.304333,36.009750,7375
1123.509329,57.436459,56.855458,7376
1123.535929,29.880375,29.469125,7377
1123.610201,49.584209,49.037333,7378
1123.725751,53.010125,52.290291,7379
1123.899686,60.273500,59.782917,7380
1123.952817,66.070959,65.662042,7381
1124.057390,51.347625,50.874833,7382
1124.242541,69.850083,69.354250,7383
1124.380043,40.636750,40.093375,7384
1124.412176,48.040125,47.646375,7385
1124.565663,59.593916,59.068042,7386
1124.714905,42.190167,41.484917,7387
1124.865289,25.904084,25.189208,7388
1124.979489,39.445875,38.725750,7390
1124.980312,45.533542,45.006791,7389
1125.046823,40.769167,40.243583,7391
1125.063341,41.258875,40.699458,7392
1125.120658,36.281583,35.746667,7393
1125.246868,74.043083,72.421125,7394
1125.419906,79.924834,79.218125,7395
1125.480334,77.652458,76.631625,7396
1125.556160,85.683208,85.000417,7397
1125.587660,81.300917,80.494750,7398
1125.784888,117.807667,117.187292,7399
1125.796494,123.704000,122.219125,7400
1125.820816,138.127792,137.659083,7401
1125.861979,175.225750,174.416959,7402
1125.893780,53.937333,53.230042,7403
1125.912590,70.758333,70.070875,7404
1126.004046,46.164709,45.439042,7405
1126.044213,38.152625,37.614208,7406
1126.110965,39.274083,38.816167,7407
1126.235646,62.951875,62.421917,7408
1126.381230,41.850666,41.361250,7409
1126.556477,50.416042,49.784876,7410
1126.610502,71.893208,71.187375,7411
1126.709259,36.519291,36.060208,7412
1126.778884,68.021917,67.334167,7413
1126.916410,77.023625,76.524000,7414
1127.080616,74.550875,73.874791,7415
1127.212262,39.527250,39.036375,7417
1127.225456,53.188625,52.629792,7416
1127.395490,56.104709,55.600416,7418
1127.558036,51.977916,51.274125,7419
1127.708657,35.962500,35.442167,7420
1127.900382,61.035917,60.576833,7421
1128.060331,54.214417,53.667834,7422
1128.228069,55.349584,54.817875,7423
1128.380701,41.312250,40.628000,7424
1128.461895,45.714375,45.349500,7425
1128.555864,49.828042,49.538125,7426
1128.729447,56.772625,56.249667,7427
1128.761885,43.519583,42.971542,7428
1128.828092,56.633208,56.075541,7429
1128.867663,28.249958,27.572125,7430
1129.043547,37.456125,36.791708,7431
1129.131797,56.172083,55.743041,7432
1129.217046,32.316958,31.926708,7434
1129.257108,84.368667,83.566292,7433
1129.315164,52.949166,52.304584,7435
1129.382274,47.357625,47.006458,7436
1129.394819,55.401500,54.823709,7437
1129.437415,42.910584,42.118709,7438
1129.454687,43.267583,42.502250,7439
1129.548856,42.805584,42.335125,7440
1129.575451,48.331208,47.726000,7441
1129.682634,42.538125,42.019250,7442
1129.713682,40.892542,40.225500,7443
1129.907368,67.954833,67.232958,7444
1130.054708,48.639500,48.178958,7445
1130.279268,117.356458,115.885875,7447
1130.306804,154.210000,152.808541,7446
1130.325714,152.992000,152.221125,7448
1130.408838,123.253667,122.625417,7450
1130.416934,168.904166,168.075250,7449
1130.445483,105.882875,105.392000,7452
1130.512179,220.811208,220.078542,7451
1130.550308,101.378666,99.528916,7454
1130.622450,257.377750,253.162291,7453
1130.634464,127.950375,127.189708,7455
1130.695408,104.436500,103.012583,7456
1130.753159,79.988126,79.258959,7457
1130.811583,67.944333,67.237917,7458
1130.909372,69.777750,68.626833,7459
1130.976894,64.389791,63.996042,7460
1131.020353,64.496833,63.987291,7461
1131.038215,32.169375,31.742958,7462
1131.074194,49.881125,49.522958,7463
1131.122784,64.366458,63.963375,7464
1131.200151,27.429500,26.959916,7465
1131.366246,26.835958,26.371917,7466
1131.404625,35.525000,35.023041,7467
1131.547806,41.759667,41.251875,7468
1131.719069,46.358667,45.864291,7469
1131.752182,45.346875,44.750708,7471
1131.772364,68.207708,67.452875,7470
1131.875552,39.575084,38.962292,7472
1131.880397,40.996375,40.428792,7473
1131.958951,49.885208,49.496416,7474
1131.990985,54.502291,54.022791,7475
1132.005309,34.638334,33.889042,7476
1132.046642,40.609917,40.101834,7477
1132.125036,30.951084,30.414417,7478
1132.213684,40.959625,40.455042,7479
1132.292419,70.385291,69.736333,7480
1132.399800,60.407958,59.896666,7481
1132.530555,56.784583,56.260750,7482
1132.546562,40.460000,39.844583,7483
1132.709799,37.076083,36.671542,7484
1132.750176,41.340250,40.718416,7485
1132.793368,37.000250,36.284500,7486
1132.842867,34.477042,33.946209,7487
1132.909113,69.687916,69.015917,7488
1133.053447,47.392333,46.757958,7489
1133.210705,37.986083,37.446500,7490
1133.313962,47.028625,46.317541,7491
1133.406392,67.009250,66.493000,7492
1133.551871,45.832209,45.185876,7493
1133.708949,36.224417,35.915250,7494
1133.886418,46.993917,46.422250,7495
1133.922890,73.099250,72.464584,7496
1133.935741,71.142750,70.544250,7497
1133.942317,46.476792,45.883542,7498
1133.989469,46.062917,45.380708,7499
1134.048612,50.230542,49.767083,7500
1134.050141,44.047208,43.393000,7501
1134.140942,60.098500,59.378375,7502
1134.143924,42.161875,41.706292,7503
1134.208390,35.697667,35.209708,7504
1134.376534,37.147833,36.425958,7506
1134.383539,60.333000,59.723708,7505
1134.422387,68.912667,68.403709,7507
1134.423820,40.935709,40.192250,7508
1134.546376,40.319417,39.969125,7509
1134.642052,38.703292,38.297584,7510
1134.681919,66.703875,66.082916,7511
1134.745952,73.262875,72.569875,7512
1134.871552,51.251375,50.797250,7513
1134.890084,50.724917,50.099875,7514
1134.941330,37.740209,37.120125,7515
1135.044234,38.122583,37.481792,7516
1135.091616,66.064250,65.307083,7517
1135.140284,39.075167,38.556292,7518
1135.264792,91.968625,90.657000,7519
1135.290266,88.777500,88.044834,7520
1135.431054,91.630875,89.963709,7521
1135.441766,85.021125,84.168875,7522
1135.578653,72.365125,71.443458,7523
1135.746362,93.686541,93.002583,7524
1135.757916,85.079459,84.145833,7525
1135.828120,69.594291,69.041291,7526
1135.908026,68.645209,67.973791,7527
1136.047139,41.065791,40.555375,7528
1136.210735,37.999208,37.496667,7529
1136.380185,40.775000,40.297542,7530
1136.558359,52.304583,51.776375,7531
1136.621494,36.700709,36.316875,7532
1136.657360,57.843625,57.376084,7533
1136.718141,45.404625,44.845209,7534
1136.810325,40.185542,39.712750,7535
1136.880473,41.082125,40.602041,7536
1136.951728,54.304834,53.611542,7537
1136.971109,49.221084,48.584667,7538
1136.995215,64.115334,63.545708,7539
1137.042377,36.317167,35.861876,7540
1137.210378,37.624708,37.156000,7541
1137.391521,52.109458,51.423459,7542
1137.546636,40.568209,39.885417,7543
1137.620024,43.561000,43.043000,7544
1137.653147,28.387042,27.923875,7545
1137.729769,57.069542,56.557667,7546
1137.787412,46.067000,45.319166,7547
1137.790698,43.022000,42.214375,7548
1137.881988,42.579250,41.962958,7549
1137.945028,40.305416,39.904375,7550
1137.973679,46.607750,45.993500,7551
1138.034439,28.389375,27.923875,7553
1138.050574,64.930834,64.371417,7552
1138.106871,41.319834,40.867750,7554
1138.200185,27.491625,27.019708,7555
1138.381487,42.123375,41.517000,7556
1138.439712,44.719208,44.016875,7557
1138.549671,43.616708,43.008292,7558
1138.636028,36.398834,35.929541,7559
1138.705229,32.541541,31.746167,7561
1138.714886,62.516708,61.992292,7560
1138.846118,38.310125,37.711333,7562
1138.898698,59.280083,58.597000,7563
1139.060263,54.189334,53.610666,7564
1139.227669,54.946791,54.292875,7565
1139.227898,46.013917,45.606458,7566
1139.302323,54.642583,54.135667,7567
1139.357729,45.277750,44.787458,7568
1139.402931,63.530250,62.808958,7569
1139.462345,32.175791,31.512250,7570
1139.543832,37.732042,37.354333,7571
1139.560974,51.155416,50.500333,7572
1139.656399,53.474167,52.928167,7573
1139.673145,47.790458,47.271292,7574
1139.704632,31.887042,31.314208,7575
1139.743088,28.163625,27.471791,7576
1139.773617,35.326667,34.736041,7577
1139.878305,61.649292,61.264584,7578
1139.892981,67.475042,66.812375,7579
1139.901610,62.223292,61.523875,7580
1139.922387,65.660000,65.135291,7581
1140.041861,35.801792,35.137375,7582
1140.248063,75.311250,74.645667,7583
1140.424856,85.402625,84.788375,7584
1140.491112,80.612583,79.945833,7585
1140.580367,74.188334,73.189376,7586
1140.753632,80.843292,79.944375,7587
1140.770998,80.189958,79.443875,7588
1140.844404,41.306125,40.826041,7589
1140.878677,48.098458,47.497042,7590
1140.899523,60.139334,59.514291,7591
1141.050640,44.530500,44.106125,7592
1141.224647,51.900334,51.302417,7593
1141.278835,57.533000,56.847292,7594
1141.384772,45.363500,44.889250,7595
1141.409413,47.058959,46.337958,7596
1141.434281,57.897000,57.098417,7597
1141.550162,44.069958,43.525125,7598
1141.743311,35.705834,35.315584,7600
1141.745235,72.489667,71.827000,7599
1141.877503,39.535417,38.784375,7601
1141.904744,65.368042,64.825250,7602
1141.980144,59.691042,59.204834,7603
1141.987762,37.631708,37.145791,7604
1142.047136,41.018833,40.555958,7605
1142.212972,40.242417,39.815416,7607
1142.231108,62.262083,61.599417,7606
1142.290640,45.047916,44.629666,7608
1142.298070,49.954625,49.172959,7609
1142.406393,67.012750,66.288542,7610
1142.430890,30.409750,29.841292,7611
1142.577227,71.186209,70.628833,7612
1142.666095,78.886500,78.527459,7613
1142.710533,36.273417,35.796834,7615
1142.736132,63.457333,62.953042,7614
1142.903516,71.723458,71.271959,7616
1142.903808,64.421292,63.870916,7617
1142.914882,73.921750,73.391208,7618
1142.940916,85.975458,85.226750,7619
1143.035260,53.518500,52.921459,7620
1143.052421,46.343791,45.612583,7621
1143.231333,58.616834,58.032334,7622
1143.369649,30.231833,29.598917,7624
1143.402576,70.350291,69.822083,7623
1143.434976,51.616542,50.994708,7625
1143.528447,40.687500,40.295500,7626
1143.577253,71.176584,70.543666,7627
1143.622894,33.934541,33.408375,7628
1143.685639,36.581125,36.119708,7629
1143.720635,27.948958,27.551709,7631
1143.747899,75.172708,74.508292,7630
1143.865463,54.196916,53.574209,7632
1143.892098,52.714375,52.148542,7634
1143.900999,78.294125,77.404834,7633
1143.920542,50.573542,50.063125,7635
1143.964641,79.243792,78.667750,7636
1144.051278,45.192584,44.547126,7637
1144.160767,47.091333,46.715667,7638
1144.208636,35.867708,35.470750,7640
1144.210162,56.436625,55.901417,7639
1144.284572,27.190625,26.744666,7641
1144.381384,41.968208,41.416666,7642
1144.414154,58.239125,57.525708,7643
1144.446180,51.531375,50.985375,7644
1144.457630,33.348584,32.965917,7645
1144.552527,46.454333,46.036959,7646
1144.571089,56.732666,56.094208,7647
1144.591839,71.069542,70.473084,7648
1144.610254,85.386583,83.672458,7649
1144.668284,132.723792,132.127917,7650
1144.675195,68.823125,68.368417,7652
1144.691267,70.355542,69.734292,7653
1144.742707,198.274708,197.553708,7651
1144.754195,49.813459,49.345626,7656
1144.774968,65.883417,65.245542,7657
1144.808190,139.010376,138.245625,7654
1144.824964,69.818583,69.226208,7658
1144.856287,183.594834,182.651292,7655
1144.882892,43.493334,42.941209,7659
1144.965682,46.093250,45.676167,7660
1144.973211,50.268167,49.569042,7661
1145.009247,40.872125,40.428791,7662
1145.050940,44.876125,44.195667,7663
1145.248651,75.834500,75.127500,7664
1145.324558,77.190458,76.618791,7665
1145.344266,82.692750,81.948416,7666
1145.426857,90.029334,89.166292,7667
1145.435900,96.468750,95.477958,7668
1145.552690,91.557084,91.100042,7669
1145.649093,136.186750,135.286083,7671
1145.651545,145.198667,143.852917,7670
1145.665492,127.375208,126.767959,7672
1145.749833,153.636291,152.991708,7673
1145.755380,82.600292,82.039125,7674
1145.860594,81.965042,81.117459,7675
1145.938396,98.934208,98.123667,7676
1145.950731,82.555958,81.974666,7677
1145.982146,94.625125,93.736708,7678
1145.982366,82.878542,82.193708,7679
1146.064057,53.082750,52.063083,7682
1146.067157,61.074417,60.418167,7681
1146.072017,71.323584,71.045041,7680
1146.134450,40.847917,40.426751,7683
1146.175275,47.106792,46.556708,7684
1146.203771,31.045291,30.568125,7685
1146.260245,78.934042,78.111834,7686
1146.275362,64.965250,64.179792,7688
1146.279498,80.496792,79.869125,7687
1146.361592,34.074250,33.614583,7689
1146.380432,41.011541,40.376875,7690
1146.475363,42.872375,42.415042,7691
1146.484793,41.683833,41.160875,7692
1146.553634,47.567334,47.063333,7693
1146.617915,55.540625,55.013875,7694
1146.627986,40.852000,40.510750,7695
1146.681584,63.727709,63.093333,7696
1146.703244,30.520584,29.948917,7697
1146.779872,49.567000,49.046083,7698
1146.799732,43.921208,43.317458,7700
1146.826173,76.229708,75.603501,7699
1146.880399,41.015042,40.491792,7701
1147.020407,43.943958,41.470625,7702
1147.040853,59.224084,58.537792,7703
1147.063424,57.147417,56.189000,7705
1147.074958,68.886125,68.261667,7704
1147.235459,62.732833,62.295625,7706
1147.248335,68.722792,68.332250,7708
1147.261359,87.526542,87.205417,7707
1147.290092,101.350959,100.506875,7709
1147.293379,44.777542,44.042250,7710
1147.353265,55.789125,55.241667,7711
1147.365695,55.054708,54.408666,7712
1147.402032,62.665458,62.030791,7713
1147.476090,47.301917,46.619708,7714
1147.540629,44.595834,44.111958,7715
1147.558428,52.392084,51.704334,7716
1147.637246,47.168334,46.785375,7717
1147.692393,44.639292,44.064416,7718
1147.756077,83.325375,82.521250,7719
1147.777805,37.518250,36.989167,7720
1147.892273,52.914166,52.340166,7721
1147.953505,49.918750,49.390542,7722
1147.972430,39.115708,38.504375,7723
1148.003871,44.171750,43.428875,7724
1148.036764,54.923750,54.292584,7725
1148.043119,37.121000,36.629542,7726
1148.203816,31.122584,30.618000,7727
1148.249114,37.272083,36.682042,7728
1148.311862,36.569750,36.108042,7729
1148.375881,36.470000,35.988750,7730
1148.510367,47.815542,47.209750,7731
1148.548173,42.132125,41.501834,7732
1148.573123,36.433250,35.831250,7733
1148.705580,32.858291,32.384041,7734
1148.833161,29.848583,29.209250,7735
1148.881964,42.581875,41.960625,7736
1148.901170,49.727125,49.078459,7737
1148.940475,39.610667,38.933417,7739
1148.945201,55.517584,54.982667,7738
1148.983271,46.800542,46.449083,7740
1149.050333,44.238542,43.635083,7741
1149.068132,33.210334,32.587042,7742
1149.123207,43.935500,43.276625,7744
1149.156119,84.935667,84.381208,7743
1149.162384,45.421250,44.856291,7745
1149.246670,73.971333,73.410166,7746
1149.378471,39.092958,38.733917,7747
1149.421344,43.046500,42.572541,7748
1149.433553,48.785625,48.259750,7749
1149.541463,35.408333,35.045209,7750
1149.583986,60.251333,59.520709,7751
1149.591490,60.223625,59.483083,7752
1149.627132,60.860333,60.197084,7753
1149.651166,53.998292,53.553792,7754
1149.653324,44.939708,44.234166,7755
1149.726634,41.048000,40.343042,7757
1149.731725,59.022541,58.361041,7756
1149.877236,37.844917,37.356083,7758
1149.960286,44.639583,44.004042,7759
1149.970581,53.825625,53.440042,7760
1150.031561,77.407166,76.654666,7761
1150.049475,62.713292,62.067542,7762
1150.076717,88.037250,87.307208,7763
1150.086196,80.146500,79.561416,7764
1150.119368,53.400667,52.750834,7765
1150.249743,76.963834,75.957292,7766
1150.302509,83.897625,83.087959,7767
1150.378889,115.264334,112.816375,7768
1150.396640,96.810292,96.064792,7769
1150.449549,110.066541,109.235291,7770
1150.479121,137.157416,135.801167,7771
1150.517542,86.345000,84.834750,7772
1150.584422,77.220208,76.348417,7773
1150.645300,83.126750,82.506083,7774
1150.730740,110.810584,110.287042,7775
1150.788118,115.392667,114.405959,7777
1150.819946,152.110875,151.563708,7776
1150.859406,146.609167,139.967625,7778
1150.922343,129.464709,127.934625,7781
1150.953276,118.502417,117.392917,7784
1150.974136,194.073250,193.450250,7779
1151.041598,258.242542,257.661542,7780
1151.055134,90.660501,86.979959,7787
1151.086626,80.562125,79.854833,7788
1151.107195,296.414709,295.171042,7782
1151.158190,105.968917,64.698958,7790
1151.158209,340.130876,339.511959,7783
1151.192210,86.577458,44.165333,7792
1151.227813,55.097000,54.517458,7793
1151.251286,411.729792,365.069834,7785
1151.287675,266.182291,265.422208,7789
1151.293317,405.086501,362.202459,7786
1151.365187,25.808709,25.145167,7794
1151.377167,293.416375,251.645334,7791
1151.407034,29.573542,28.930708,7795
1151.440700,41.398583,40.925791,7796
1151.494329,35.526458,35.071167,7797
1151.560938,50.108625,49.407750,7800
1151.568189,74.184833,73.655458,7798
1151.578648,72.581542,72.047209,7799
1151.621225,92.819416,92.131375,7801
1151.644350,40.060708,39.458417,7803
1151.698071,148.418666,147.722750,7802
1151.703307,53.505084,52.801292,7804
1151.720477,47.760417,47.276833,7805
1151.876755,61.531459,60.749208,7807
1151.886478,74.065542,73.561834,7806
1151.897784,77.611916,77.086334,7808
1151.928875,89.483917,88.764667,7809
1151.951786,47.633833,47.071500,7810
1151.995578,56.678417,56.159542,7811
1152.041971,62.543834,62.057625,7812
1152.056256,50.173083,49.679000,7813
1152.163318,55.342584,54.906250,7814
1152.204951,64.231417,63.756291,7816
1152.213775,73.786125,73.162833,7815
1152.229299,60.863250,60.167042,7817
1152.276702,103.979750,103.123708,7818
1152.291394,65.562583,64.708875,7819
1152.322726,73.895500,73.262000,7820
1152.337852,63.453542,62.891209,7821
1152.385533,76.118292,75.482459,7822
1152.412199,72.710750,72.028250,7824
1152.418753,93.640750,93.037001,7823
1152.441351,55.126459,54.689833,7826
1152.479108,125.516125,124.615751,7825
1152.502717,41.107500,40.386792,7828
1152.525225,77.417084,76.755875,7827
1152.570179,64.122625,63.492041,7829
1152.690700,46.396000,45.867208,7830
1152.740207,67.495166,66.888792,7831
1152.817439,29.637417,29.157333,7832
1152.875590,87.162250,86.545375,7833
1152.877230,37.835875,37.454375,7834
1152.927648,69.405583,68.751958,7835
1152.946737,63.739959,63.226916,7836
1152.975679,80.903959,80.247708,7837
1152.994792,98.013125,97.349875,7838
1153.017438,58.930958,58.229500,7839
1153.049458,43.394167,42.737042,7840
1153.108789,48.962959,48.506792,7841
1153.141669,49.009042,48.284251,7842
1153.169655,59.490375,58.860667,7843
1153.216869,90.778041,90.141917,7844
1153.222182,49.485625,49.106167,7846
1153.237648,90.300000,89.605250,7845
1153.274154,44.057417,43.466791,7847
1153.334701,46.599000,45.980959,7848
1153.344295,49.876166,49.327542,7849
1153.386681,47.335750,46.651792,7850
1153.398164,50.393875,49.728584,7851
1153.422285,41.308458,40.736500,7852
1153.530846,24.761625,24.310708,7853
1153.577379,36.984208,36.511708,7854
1153.594615,48.392458,47.679625,7855
1153.625868,41.919500,41.341708,7856
1153.700731,28.035000,27.692000,7858
1153.722393,60.854500,60.369458,7857
1153.765076,45.138625,44.525250,7859
1153.795200,25.613000,25.296250,7861
1153.812426,56.126875,55.588459,7860
1153.859224,48.531584,47.762458,7862
1153.870415,31.066584,30.657958,7863
1153.932564,42.067375,41.447000,7864
1153.988359,78.630708,77.875875,7865
1154.053475,47.382709,46.775750,7866
1154.205063,38.892875,38.412209,7867
1154.225629,52.923208,52.482500,7868
1154.265611,44.293083,43.561584,7869
1154.306537,69.969666,69.358334,7870
1154.336147,42.680167,42.137959,7871
1154.379562,40.215000,39.780708,7872
1154.424627,70.622417,70.093917,7873
1154.455372,46.796167,46.172875,7874
1154.481550,42.115500,41.544708,7875
1154.517148,44.183417,43.545250,7876
1154.554423,48.367375,47.896333,7877
1154.611980,42.189000,41.773666,7878
1154.650659,55.806917,55.295042,7879
1154.660378,44.690042,44.203250,7880
1154.706257,33.543125,33.010541,7881
1154.740766,57.275458,56.491458,7882
1154.752697,38.587208,38.028959,7883
1154.798385,41.706875,41.253333,7884
1154.877898,41.950417,41.573583,7885
1154.896937,57.554292,56.971250,7886
1154.915915,42.406875,41.799333,7887
1154.945044,59.576125,58.789791,7888
1155.063822,57.752333,57.222375,7889
1155.089277,46.352833,45.722250,7890
1155.133323,65.543917,64.870458,7891
1155.230134,92.845084,92.241333,7892
1155.235402,91.042000,90.534500,7893
1155.286157,114.809042,114.063250,7894
1155.316391,141.612625,141.053792,7895
1155.392596,102.021208,101.195500,7898
1155.429090,221.183084,220.123167,7896
1155.467331,127.492167,126.139125,7899
1155.519299,303.928917,302.940167,7897
1155.639625,266.219917,264.387375,7900
1155.648717,141.752916,140.856041,7903
1155.653440,160.227958,159.631792,7902
1155.717809,343.160125,342.035459,7901
1155.816285,143.490667,102.064084,7908
1155.821028,281.135458,279.669833,7904
1155.893665,117.101250,115.853792,7909
1155.922195,119.047542,117.406333,7910
1155.933688,372.562750,371.838251,7905
1156.003398,425.914709,425.238917,7906
1156.052230,407.019083,406.055417,7907
1156.075685,79.188083,78.355958,7912
1156.088519,248.958501,248.295542,7911
1156.099222,93.158917,92.357709,7913
1156.127813,69.644166,68.873000,7914
1156.159976,48.938750,48.466250,7915
1156.215873,43.163459,42.440709,7917
1156.233063,82.343916,81.637791,7916
1156.244830,42.517708,41.756750,7918
1156.315646,69.344917,68.681375,7919
1156.331352,63.982625,63.325500,7920
1156.348129,67.099375,66.462959,7921
1156.369532,86.068500,85.400000,7922
1156.410083,70.701458,70.261334,7923
1156.446867,50.577916,49.807625,7924
1156.515408,57.514042,56.865083,7925
1156.558256,52.186458,51.496083,7926
1156.571775,47.658625,47.231042,7928
1156.589371,73.475209,72.817208,7927
1156.631416,104.942250,104.284542,7929
1156.671173,57.012375,56.318500,7930
1156.713862,46.321333,45.752875,7931
1156.725291,52.550458,52.098084,7932
1156.838354,28.917000,28.530542,7933
1156.902363,62.971125,62.475292,7934
1157.007309,76.463916,76.017959,7935
1157.051463,45.341917,44.597583,7936
1157.141693,46.153625,45.745292,7937
1157.200393,27.651167,27.194417,7938
1157.248529,55.107792,54.399042,7939
1157.373690,53.813083,53.265041,7940
1157.377151,41.420750,40.847333,7941
1157.418891,79.493458,78.769833,7942
1157.534438,28.397250,28.032667,7944
1157.541550,75.148792,74.568958,7943
1157.671171,45.875667,44.945250,7945
1157.685819,46.278458,45.515750,7946
1157.709888,37.171458,36.610875,7947
1157.756091,52.875667,52.311291,7948
1157.811831,41.492208,40.867166,7949
1157.894162,54.775000,54.140042,7950
1157.894316,52.147375,51.574541,7951
1157.948338,69.587583,68.978000,7952
1158.000815,47.293459,46.781876,7953
1158.045116,39.054167,38.377500,7954
1158.169129,45.014375,44.394584,7955
1158.214220,41.527500,41.005708,7956
1158.307868,46.870250,46.069333,7957
1158.364838,51.236791,50.609709,7958
1158.369981,30.640750,30.176125,7959
1158.466148,73.320041,72.597000,7960
1158.492704,49.916709,49.347083,7961
1158.518455,57.040958,56.427291,7962
1158.530800,64.671250,64.028416,7963
1158.566366,52.994084,52.329375,7965
1158.579302,73.227292,72.434542,7964
1158.615508,44.107875,43.523667,7966
1158.645125,57.330000,56.494375,7967
1158.678777,53.455208,52.936625,7968
1158.744327,71.596292,69.864084,7970
1158.746672,76.697542,76.086792,7969
1158.756172,56.427583,55.533333,7971
1158.876501,37.142583,36.630417,7972
1158.932705,31.397041,31.044125,7973
1158.966628,53.234416,52.464125,7974
1159.047511,41.429500,40.910917,7975
1159.068631,54.210625,53.689416,7976
1159.104875,74.686208,74.275250,7977
1159.153946,42.559709,42.110250,7978
1159.234600,61.860166,60.960083,7979
1159.252178,57.233458,56.441875,7981
1159.252349,61.631792,61.022792,7980
1159.379908,40.520667,40.063917,7982
1159.444318,44.672834,43.924125,7983
1159.543895,40.713458,40.187875,7984
1159.574321,68.222583,67.271750,7985
1159.613128,59.033917,57.847125,7987
1159.634402,100.711625,100.155125,7986
1159.643488,61.032417,60.428958,7990
1159.689589,132.656125,132.012416,7988
1159.719129,58.717166,57.537958,7991
1159.741179,75.559167,75.051667,7992
1159.759964,190.010917,189.220500,7989
1159.815840,143.116459,142.510375,7993
1159.822371,31.448958,30.935041,7996
1159.868030,167.850375,167.300875,7994
1159.882510,43.181834,42.779625,7997
1159.919698,213.724291,213.118792,7995
1159.957163,52.499417,52.040041,7998
1159.982699,75.210042,74.290417,7999
1160.024524,55.255666,54.639375,8000
1160.074628,68.600291,67.883084,8001
1160.124267,45.768042,45.111209,8002
1160.301282,123.026459,122.364959,8005
1160.304103,131.310375,129.638250,8004
1160.313501,146.319541,145.868917,8003
1160.418120,103.450375,103.088417,8006
1160.448853,121.270041,120.763125,8007
1160.469903,134.035125,133.191334,8008
1160.517662,177.066459,176.333209,8009
1160.598524,92.373750,90.573292,8012
1160.615412,223.114209,222.307750,8010
1160.739095,315.036458,313.692750,8011
1160.748044,139.259750,138.376292,8013
1160.758767,136.200750,134.141292,8014
1160.825418,151.557875,150.690459,8016
1160.935065,261.240001,259.675209,8015
1160.951729,111.715334,111.125875,8017
1160.968738,126.830084,125.475000,8018
1161.034509,52.695125,51.901792,8019
1161.062664,63.746084,62.993292,8020
1161.080790,47.756041,46.453166,8022
1161.089437,83.394500,82.889625,8021
1161.118225,82.867166,82.149084,8023
1161.153134,109.342333,108.704750,8024
1161.214278,41.541792,40.833333,8025
1161.306873,43.934333,43.344292,8026
1161.331438,46.016542,45.144458,8027
1161.383802,44.436292,43.934625,8028
1161.457138,35.813750,35.228958,8029
1161.492805,30.914334,30.392251,8030
1161.532573,58.324875,57.554001,8031
1161.555802,49.727708,49.209125,8032
1161.562911,52.743250,52.237500,8033
1161.705151,41.839875,41.357166,8034
1161.726996,54.276250,53.719459,8035
1161.880873,53.470375,51.611292,8036
1161.890182,50.796083,50.219458,8038
1161.915834,76.744792,76.290375,8037
1161.920340,43.711500,43.043292,8039
1162.058475,52.390042,51.928625,8040
1162.119074,52.358833,51.809625,8041
1162.183404,47.813209,47.273625,8042
1162.209116,39.903209,39.314625,8043
1162.254171,81.442375,79.845209,8044
1162.286535,51.407708,50.981583,8045
1162.291379,49.418542,48.754709,8046
1162.370088,49.740833,49.251708,8047
1162.401893,62.486083,61.784042,8048
1162.540236,45.505541,45.057833,8049
1162.584112,86.006375,85.293542,8050
1162.591175,85.108625,84.549500,8051
1162.616337,77.981458,77.498750,8052
1162.709378,36.656375,36.176292,8054
1162.734902,60.068458,58.736416,8055
1162.735134,90.909875,90.532167,8053
1162.784676,89.305708,88.595792,8056
1162.803445,44.638416,43.864625,8057
1162.887407,48.014459,47.503459,8058
1163.021176,46.312875,45.919417,8059
1163.050437,44.380292,43.772458,8060
1163.115690,63.504000,62.987458,8061
1163.122404,43.905458,43.435292,8062
1163.158547,72.116041,71.437333,8063
1163.199729,49.541041,48.786209,8064
1163.215291,42.587417,42.182000,8065
1163.303769,35.067375,34.597792,8066
1163.374146,34.739250,34.277541,8067
1163.538480,32.438583,31.963167,8068
1163.617678,51.027667,50.575001,8069
1163.715212,42.483875,41.856500,8071
1163.720295,55.620542,55.170208,8070
1163.860158,66.542583,66.111500,8072
1163.883270,43.905167,43.255625,8073
1163.973434,43.161708,42.691250,8074
1163.987981,42.694458,42.112000,8075
1164.059252,53.251916,52.910375,8076
1164.148429,67.330375,66.780292,8077
1164.216176,34.914833,34.467708,8079
1164.237087,64.391541,63.864208,8078
1164.361575,50.531833,50.012667,8080
1164.386469,47.073250,46.013625,8081
1164.412375,25.751541,25.064375,8082
1164.506119,34.050041,33.430833,8083
1164.524898,43.550500,42.935958,8084
1164.564562,33.513375,32.857125,8086
1164.573071,67.014500,66.270750,8085
1164.605129,40.944750,40.441042,8087
1164.700095,27.352500,26.832458,8088
1164.845147,54.530000,54.033875,8091
1164.846088,66.705042,66.239834,8089
1164.856236,66.693084,66.040041,8090
1164.915946,100.624417,99.957958,8092
1164.962657,123.248417,122.672375,8093
1164.994403,53.742500,53.088292,8094
1165.081267,75.207417,74.519083,8095
1165.131672,47.285584,46.817458,8096
1165.171048,45.454208,44.828292,8097
1165.247161,72.960709,72.261583,8098
1165.330319,75.526500,74.729958,8099
1165.451065,122.606458,122.175667,8100
1165.460839,121.403042,120.538250,8101
1165.481981,121.217834,119.662666,8102
1165.545544,108.152041,107.010167,8103
1165.591523,85.452209,84.856042,8104
1165.741351,68.555958,67.701959,8105
1165.874797,35.415625,34.923875,8106
1165.912723,41.293583,40.536125,8107
1166.051197,45.134250,44.445333,8108
1166.099066,38.404917,37.926875,8109
1166.143591,38.992625,38.267833,8111
1166.170628,71.967584,71.197000,8110
1166.249741,34.751208,34.232042,8113
1166.250276,77.522375,76.955958,8112
1166.406411,67.044833,66.581084,8114
1166.413334,40.251458,39.664334,8115
1166.481718,55.326833,54.840917,8116
1166.527452,73.559792,72.995708,8117
1166.559151,53.095584,52.334625,8118
1166.563524,48.555500,47.855208,8119
1166.701278,49.526750,48.905208,8120
1166.712118,39.369459,38.692500,8121
1166.904973,65.590000,65.069958,8122
1166.932780,48.851833,48.329459,8123
1166.969370,50.565375,49.928667,8124
1167.036909,30.846667,30.344709,8125
1167.071128,56.462000,55.782708,8126
1167.074946,51.066459,50.362958,8127
1167.141737,38.783209,38.262875,8128
1167.213319,40.620709,40.077334,8129
1167.231414,42.876167,42.191042,8130
1167.386790,47.750208,47.346833,8131
1167.397430,58.065583,57.577625,8132
1167.422917,51.982583,51.403042,8133
1167.542777,36.726083,36.330583,8134
1167.654716,73.326167,72.803208,8135
1167.715741,43.016750,42.661500,8136
1167.875632,55.333542,54.835959,8137
1167.891888,52.520417,52.098375,8138
1167.940282,86.578042,85.776250,8139
1168.075137,69.104000,68.561500,8140
1168.220160,47.379208,46.675125,8141
1168.381029,41.639208,41.337625,8142
1168.514430,53.454625,52.736250,8143
1168.554288,48.199083,47.417417,8144
1168.632603,47.244750,46.749500,8145
1168.715688,42.947334,42.400750,8146
1168.732142,46.079834,45.460042,8147
1168.893182,53.810167,53.262708,8148
1169.053960,47.902166,47.211792,8149
1169.104876,31.886167,31.361750,8150
1169.215254,45.830750,45.278334,8151
1169.226130,53.435959,52.944209,8152
1169.256949,73.871583,73.202500,8153
1169.297733,46.997125,46.347000,8154
1169.342538,50.706833,50.128167,8155
1169.404872,65.472458,64.848000,8156
1169.462658,35.184334,34.643000,8157
1169.529652,69.608583,69.055583,8158
1169.554152,48.409083,47.918792,8159
1169.560195,54.187292,53.703417,8160
1169.590617,80.826667,80.066583,8161
1169.622137,110.590667,108.127833,8162
1169.707211,34.484625,34.102250,8163
1169.894102,54.732125,54.241250,8164
1169.910977,56.831542,56.302750,8165
1169.941673,70.306833,69.638334,8166
1169.952514,45.789334,45.039750,8167
1170.052449,46.385500,45.880625,8168
1170.255317,82.538167,81.602500,8169
1170.408817,69.425125,68.859583,8170
1170.582417,76.249542,75.469042,8171
1170.642979,85.508792,84.632626,8172
1170.710804,83.599833,83.155333,8173
1170.755426,82.681667,81.168209,8174
1170.882427,43.049125,42.586250,8175
1170.963038,40.915292,40.417417,8176
1171.067142,61.047875,60.568958,8177
1171.218353,45.656917,45.138334,8178
1171.385113,45.712334,45.029250,8179
1171.419617,41.308167,40.728625,8180
1171.510198,38.076792,37.678375,8181
1171.551184,45.088458,44.494042,8182
1171.592379,41.968500,41.415208,8183
1171.726698,53.967667,53.538333,8184
1171.743265,48.434458,47.929583,8185
1171.907513,68.107084,67.484084,8186
1172.050981,44.943500,44.462834,8187
1172.099481,38.397625,37.865333,8188
1172.104495,43.185334,42.777000,8189
1172.142881,24.768042,24.488625,8190
1172.211707,38.975416,38.457125,8191
1172.232344,43.389791,42.842625,8192
1172.377607,38.201625,37.545083,8193
1172.397327,54.677875,54.249417,8194
1172.536325,58.579792,58.000250,8195
1172.542543,36.476709,35.844667,8196
1172.720502,47.811750,47.338666,8197
1172.883274,43.907208,43.498584,8198
1172.919561,43.641500,42.999250,8199
1172.934337,58.279083,57.902542,8200
1172.986127,52.161375,51.695000,8201
1173.001351,48.887417,48.361250,8202
1173.048125,42.050750,41.585541,8203
1173.085160,50.211875,49.597333,8204
1173.204060,48.491625,48.071916,8205
1173.212108,39.384917,38.751125,8206
1173.374258,34.868459,34.506500,8207
1173.544502,38.413666,37.732625,8208
1173.613786,34.687333,34.098167,8209
1173.686645,48.870792,48.226792,8210
1173.726162,53.422833,52.819375,8211
1173.822814,56.777875,56.399875,8212
1173.868634,59.584875,58.824208,8213
1173.880092,64.580833,63.826584,8214
1173.889114,49.752792,49.113750,8215
1173.936734,44.865625,44.191292,8216
1173.984077,52.052583,51.644542,8217
1174.049527,43.459792,42.754833,8218
1174.061725,43.954750,43.246584,8219
1174.200388,39.195916,38.673834,8220
1174.217928,45.176833,44.563459,8221
1174.392462,53.101125,52.598292,8222
1174.452633,35.273292,34.823833,8223
1174.542381,36.273125,35.709334,8224
1174.634037,72.548583,71.842750,8225
1174.715793,43.071875,42.430500,8226
1174.733311,44.404792,43.989459,8227
1174.849348,35.146417,34.683250,8228
1174.875497,36.126708,35.598208,8229
1174.962081,47.734167,47.436667,8230
1175.084960,78.880375,78.225584,8231
1175.187253,62.001042,61.390583,8232
1175.225802,91.468125,90.752375,8233
1175.286751,123.960667,122.178584,8234
1175.289479,116.758833,115.949458,8235
1175.411329,71.903417,71.041833,8236
1175.588118,82.033875,81.494584,8237
1175.632377,82.728041,82.136250,8238
1175.699412,80.553375,79.500459,8239
1175.754453,81.609500,80.789042,8240
1175.845978,69.828791,68.928708,8241
1175.892980,53.574500,53.015959,8243
1175.903933,75.231917,74.613291,8242
1175.927096,79.881667,79.362791,8244
1176.048634,42.570500,42.196291,8245
1176.212349,39.648292,39.236750,8246
1176.236928,56.842916,56.113167,8247
1176.380209,40.796875,40.147916,8248
1176.546973,40.893708,40.272166,8249
1176.626446,52.623084,51.933000,8250
1176.707142,38.023125,37.538375,8251
1176.735338,62.594291,62.006584,8252
1176.777165,50.400875,49.651000,8253
1176.841443,37.368042,36.863167,8254
1176.882754,43.362083,42.750167,8255
1177.042414,36.333209,36.032500,8256
1177.209850,37.101458,36.358583,8257
1177.367638,28.249666,27.716500,8258
1177.413613,45.574667,45.010583,8259
1177.527311,50.274875,49.553292,8260
1177.547545,41.417834,40.650167,8261
1177.615173,45.988542,45.447792,8262
1177.704077,31.367292,30.969750,8263
1177.783570,47.022791,46.549125,8264
1177.880420,41.052667,40.519208,8265
1177.968236,41.135208,40.600875,8266
1178.068123,62.043917,61.392625,8267
1178.193543,37.756541,37.401875,8268
1178.239061,66.344250,65.696458,8269
1178.374590,35.196291,34.492500,8271
1178.376319,52.971042,52.471125,8270
1178.425605,43.484875,42.969792,8272
1178.451462,46.665791,46.187458,8273
1178.544900,38.844459,38.212125,8274
1178.686872,46.880750,46.200583,8275
1178.716774,44.034083,43.469125,8276
1178.841175,46.449959,45.818792,8277
1178.881239,41.850959,41.117708,8278
1178.980816,43.225584,42.711667,8279
1179.048183,42.114917,41.554917,8280
1179.209923,37.164459,36.633042,8281
1179.381709,43.221792,42.692416,8282
1179.388383,49.043167,48.611208,8283
1179.434570,27.611209,27.092917,8284
1179.502772,75.685167,74.957750,8285
1179.553462,47.420333,46.928583,8286
1179.706405,32.145458,31.378667,8288
1179.718282,45.570000,45.132500,8287
1179.820387,30.118083,29.602416,8289
1179.878713,39.319291,38.705042,8291
1179.879686,53.154209,52.721667,8290
1180.051768,45.654292,45.139792,8292
1180.247782,74.950750,74.048334,8293
1180.375494,77.744917,76.330334,8294
1180.426777,119.366334,118.821792,8295
1180.451650,110.255250,109.771959,8296
1180.594085,87.973667,87.537042,8297
1180.637681,110.021625,109.237333,8298
1180.666960,104.278125,103.756333,8299
1180.741286,96.171250,93.614500,8300
1180.815517,142.520291,141.316584,8301
1180.833234,132.933208,132.079792,8302
1180.867974,165.004584,163.776958,8303
1180.943901,104.438834,103.705292,8306
1180.955939,79.791250,78.565375,8307
1180.980542,218.080916,217.357875,8304
1181.026753,216.717959,216.103125,8305
1181.050328,44.312917,43.717334,8308
1181.202994,30.278209,29.912750,8310
1181.229142,57.779166,57.331458,8309
1181.378885,39.478542,38.731875,8311
1181.542855,36.745625,36.134291,8312
1181.714247,41.542958,40.966333,8313
1181.884387,45.005625,44.477125,8314
1181.914626,41.900542,41.115958,8315
1182.023662,47.198083,46.741041,8316
1182.053681,41.907834,41.339375,8318
1182.080881,74.823875,74.072833,8317
1182.200255,27.511459,27.046250,8319
1182.249747,44.153667,43.499750,8320
1182.385326,45.925834,45.295250,8321
1182.534384,44.804959,44.225417,8322
1182.556618,50.531250,49.910000,8323
1182.709148,36.446083,35.961042,8324
1182.853565,49.593541,49.029750,8325
1182.909348,69.926209,69.117125,8326
1183.041902,35.863333,35.573416,8327
1183.228990,56.314125,55.678292,8328
1183.264152,41.669250,41.121792,8329
1183.301148,26.976542,26.391167,8330
1183.384292,44.898875,44.473625,8331
1183.584627,78.540000,77.856625,8332
1183.727054,54.321166,53.932666,8333
1183.878198,38.859917,38.266083,8335
1183.889556,67.759417,67.265917,8334
1183.934745,72.758875,71.950375,8336
1183.971432,28.409209,27.913083,8337
1184.041634,35.596459,35.097708,8338
1184.218373,45.623958,45.163416,8339
1184.289707,41.746250,41.022625,8340
1184.381792,42.406584,41.876334,8342
1184.393257,61.941250,61.528542,8341
1184.544913,38.815000,38.305458,8343
1184.637427,47.530000,46.924500,8344
1184.720586,47.890500,47.305125,8345
1184.752056,54.032125,53.602500,8346
1184.810798,71.295000,70.758916,8347
1184.836273,35.490000,34.854750,8348
1184.881401,41.217750,40.749917,8350
1184.881879,42.508084,42.034125,8349
1185.034307,28.270958,27.649708,8351
1185.141092,43.190875,42.704375,8352
1185.146139,46.883084,46.344667,8353
1185.246406,73.614041,72.960708,8354
1185.342668,72.108167,71.455708,8355
1185.407586,67.720334,66.954125,8356
1185.577852,70.405709,69.250417,8357
1185.763453,110.472833,109.365375,8358
1185.798094,135.959542,133.973000,8359
1185.803301,130.213417,128.141708,8360
1185.852377,158.795292,158.172000,8361
1185.886226,46.862375,46.347292,8362
1186.031964,25.848958,25.316667,8363
1186.216847,44.128000,43.386583,8364
1186.228788,43.803375,43.242208,8365
1186.272508,41.974916,41.211333,8366
1186.280617,49.228667,48.717959,8367
1186.382729,43.341084,42.838833,8368
1186.512058,37.554708,36.916250,8369
1186.568522,62.437375,61.806208,8370
1186.571625,35.308583,34.673625,8371
1186.715721,43.018791,42.590042,8372
1186.734345,40.696833,40.166000,8373
1186.918769,79.403625,78.799292,8374
1186.943963,27.568333,27.030208,8375
1186.995375,39.161500,38.702417,8377
1187.000489,50.351875,49.848750,8376
1187.067176,61.137125,60.605417,8378
1187.214612,41.870500,41.152417,8379
1187.379477,40.094251,39.567500,8380
1187.436405,68.581625,67.873750,8381
1187.575109,69.072500,68.459125,8382
1187.701577,58.933875,58.492583,8383
1187.735189,30.483250,29.887667,8385
1187.738241,65.497542,65.047500,8384
1187.783604,74.162375,73.377792,8386
1187.804524,53.044833,52.389458,8387
1187.897931,58.526416,57.994125,8388
1187.901365,40.572583,39.782458,8389
1188.049099,43.030167,42.513917,8390
1188.200884,28.167709,27.483458,8391
1188.274511,39.750666,39.129125,8392
1188.347553,42.152833,41.470625,8393
1188.399128,59.736833,59.024000,8395
1188.404909,82.815250,82.058959,8394
1188.422977,50.731916,50.012667,8396
1188.539837,33.744083,33.222000,8398
1188.551893,49.924875,49.357583,8397
1188.653141,61.696250,61.172125,8399
1188.743351,70.633209,69.904916,8400
1188.823905,37.507750,36.918000,8401
1188.888452,49.065917,48.488708,8402
1188.890171,33.709375,33.373375,8403
1189.045518,39.486125,39.129125,8404
1189.112922,54.934250,54.304542,8405
1189.132102,34.408208,33.959042,8406
1189.214309,41.616750,41.083875,8407
1189.349711,36.281292,35.820167,8408
1189.405409,65.978500,65.184000,8409
1189.546927,40.826333,40.541666,8410
1189.639170,52.054333,51.469542,8411
1189.710261,37.565792,37.166500,8412
1189.750216,28.523834,28.091292,8414
1189.752776,67.804042,67.249875,8413
1189.792945,37.786875,37.138792,8415
1189.866448,27.056167,26.588333,8416
1190.032180,26.100375,25.562541,8417
1190.112697,38.914750,38.203375,8418
1190.137854,58.851042,58.216375,8419
1190.249173,76.406458,75.709375,8420
1190.418571,78.271083,77.341541,8421
1190.590844,84.731500,84.004084,8422
1190.651116,82.373959,81.339125,8423
1190.746418,73.653125,72.934750,8424
1190.806635,58.662042,58.096208,8426
1190.815638,68.943583,67.734334,8425
1190.864350,24.939251,24.437875,8427
1191.002409,30.585917,29.826417,8428
1191.033743,27.679166,27.164667,8429
1191.227690,54.994625,54.489167,8430
1191.320548,79.102625,78.435584,8431
1191.384166,44.754791,44.226291,8432
1191.426543,37.715125,37.312041,8434
1191.431367,63.033250,62.342292,8433
1191.551902,45.842125,45.390917,8435
1191.723528,50.782375,49.924292,8436
1191.865889,43.792000,43.261459,8437
1191.880820,41.433000,40.884084,8438
1191.920652,59.243333,58.615083,8439
1191.935380,47.117875,46.562542,8440
1192.038359,32.290125,31.839209,8441
1192.077374,65.065584,64.362083,8442
1192.211347,41.387500,41.005708,8443
1192.221853,49.116375,48.601583,8444
1192.336637,65.925125,65.261292,8445
1192.367091,46.552333,45.843875,8446
1192.395735,56.373041,55.931750,8447
1192.427474,41.838125,41.429791,8448
1192.459981,58.058875,57.362375,8449
1192.486141,49.969500,49.445667,8450
1192.556275,50.213042,49.670833,8451
1192.586455,44.712792,44.177875,8452
1192.622811,36.651125,36.112708,8453
1192.662088,49.121042,48.477042,8454
1192.709867,62.009500,61.381834,8455
1192.724701,51.990458,51.593791,8456
1192.811122,49.028584,48.305833,8457
1192.877391,37.996583,37.426666,8458
1192.916156,54.418000,53.678041,8459
1192.969336,41.397125,40.874750,8460
1193.050608,44.552667,44.093875,8461
1193.215767,43.025500,42.342708,8462
1193.352011,43.220333,42.541916,8463
1193.386414,47.018417,46.471541,8464
1193.476161,76.899666,76.369708,8465
1193.477485,36.375208,35.992541,8466
1193.552427,46.356625,45.897542,8467
1193.720680,47.980042,47.448625,8468
1193.731573,40.165417,39.470375,8469
1193.868833,29.408750,28.791583,8471
1193.874309,60.505666,60.027333,8470
1194.035666,29.610292,29.150042,8472
1194.245786,73.057834,72.558208,8473
1194.378670,39.254542,38.784959,8474
1194.524265,35.218750,34.764625,8475
1194.585594,79.530500,78.750291,8476
1194.689117,42.366625,41.807208,8477
1194.716100,43.371125,42.603750,8478
1194.855436,47.677583,47.061583,8479
1194.905852,66.421250,65.662334,8480
1194.948128,37.205292,36.675333,8481
1195.043765,37.681292,36.997917,8482
1195.265808,93.028250,92.127584,8483
1195.292151,100.674584,99.613500,8484
1195.342809,95.593167,94.874208,8485
1195.403866,62.636584,60.982542,8486
1195.511149,118.103125,117.447750,8487
1195.552759,136.923500,136.100417,8488
1195.556799,122.397042,121.988708,8489
1195.637772,131.590084,130.732584,8490
1195.690051,96.913833,96.194000,8491
1195.762465,102.358667,100.795042,8492
1195.767935,94.653417,93.865042,8493
1195.915735,76.194709,75.437542,8494
1196.038085,69.566000,68.797458,8495
1196.054722,48.684125,48.122667,8496
1196.209359,36.622542,36.040958,8497
1196.373977,62.168166,61.644625,8498
1196.377588,38.216209,37.510083,8499
1196.417644,54.561500,53.650625,8501
1196.418870,65.615667,65.182542,8500
1196.465860,47.436959,46.843126,8502
1196.496674,43.573542,43.059917,8503
1196.544218,38.130459,37.600500,8504
1196.639181,42.913500,42.403083,8505
1196.696895,45.058708,44.436000,8506
1196.721534,48.808375,48.187125,8507
1196.846613,42.886083,42.269791,8508
1196.877094,37.685375,37.104666,8509
1196.935156,76.399167,75.787542,8510
1196.981073,29.140417,28.510125,8511
1197.033294,27.238459,26.944167,8512
1197.206640,33.923167,33.553042,8513
1197.397341,57.952709,57.424500,8514
1197.584816,78.694875,78.061375,8515
1197.723278,50.552542,50.114750,8516
1197.731064,38.700667,38.207750,8517
1197.883338,36.432375,35.651292,8519
1197.891928,52.542292,52.045875,8518
1198.084524,78.435292,77.942375,8520
1198.171375,72.690625,72.220458,8521
1198.207681,34.980459,34.523125,8523
1198.226757,63.047541,62.393916,8522
1198.379506,40.103584,39.634000,8524
1198.434142,66.649917,66.029250,8525
1198.548376,42.262209,41.559584,8526
1198.700254,27.535959,27.057625,8527
1198.815289,41.468292,40.883791,8528
1198.875505,36.120000,35.448875,8529
1198.952468,37.414125,36.732792,8530
1198.970924,39.260958,38.776500,8531
1199.046419,40.370458,39.949583,8532
1199.070298,45.165458,44.431625,8533
1199.225631,52.932541,52.253541,8534
1199.269496,38.795167,38.131626,8535
1199.322890,46.920416,46.405625,8536
1199.359136,58.217833,57.576167,8537
1199.384489,45.092250,44.548292,8538
1199.548320,42.229542,41.572416,8539
1199.682380,43.761958,43.297333,8540
1199.726599,53.854792,53.240542,8541
1199.913091,73.709708,72.987834,8542
1200.037445,50.084125,49.705542,8543
1200.073343,67.238500,66.629792,8544
1200.079758,68.622458,68.021625,8545
1200.109552,64.903709,64.202250,8546
1200.239305,66.423875,65.621792,8547
1200.413058,73.656916,73.062208,8548
1200.586948,80.880333,80.284459,8549
1200.712966,91.982042,91.553000,8550
1200.756016,117.241833,116.693792,8551
1200.777906,105.119875,104.508250,8552
1200.900522,61.129834,60.344084,8553
1201.048784,42.688334,42.239166,8554
1201.117927,40.894000,40.336333,8555
1201.216167,43.425666,42.655083,8556
1201.302473,47.438708,46.891541,8557
1201.358185,46.615917,45.857001,8558
1201.379958,40.572000,40.084916,8559
1201.421556,76.627250,75.742042,8560
1201.549334,43.264958,42.601125,8561
1201.558718,38.584000,38.023708,8562
1201.701879,43.731917,43.087042,8563
1201.732986,60.270584,59.636500,8564
1201.873678,34.316333,33.853458,8565
1201.906082,52.770667,52.136583,8566
1202.059474,53.419626,52.803042,8567
1202.189247,52.148833,51.454375,8568
1202.215114,42.367500,41.813625,8569
1202.280117,60.525792,60.167042,8570
1202.342180,67.865000,67.164417,8571
1202.375261,35.893667,35.478917,8572
1202.396891,34.178084,33.759541,8573
1202.441435,29.801625,29.334083,8574
1202.477873,41.973458,41.347541,8575
1202.547593,41.464208,40.909458,8576
1202.568316,36.787917,36.175416,8577
1202.655829,31.469375,30.964208,8578
1202.716108,43.378709,42.902708,8580
1202.725185,54.010833,53.489042,8579
1202.888569,49.179959,48.620250,8581
1202.893451,50.588417,50.147417,8582
1203.054154,48.077458,47.546917,8583
1203.085403,45.741209,45.138917,8584
1203.092275,45.998166,45.343375,8585
1203.214133,41.411708,40.955542,8586
1203.381080,41.688500,40.959334,8587
1203.415797,36.308125,35.707875,8588
1203.453157,41.243709,40.592125,8589
1203.483334,37.583000,36.917125,8590
1203.542466,36.397666,35.920208,8591
1203.718625,45.907458,45.216792,8592
1203.883177,43.765167,43.099292,8593
1204.056384,47.157833,46.676000,8595
1204.056416,50.386292,49.929541,8594
1204.123820,34.034875,33.401959,8597
1204.139672,55.976376,55.493959,8596
1204.246915,74.195625,73.607042,8598
1204.366053,41.447000,40.836542,8599
1204.382963,43.566250,42.868291,8600
1204.543262,37.147542,36.427125,8601
1204.711062,38.327625,37.693833,8602
1204.759046,41.483750,40.948541,8603
1204.810661,54.340417,53.846333,8605
1204.812958,65.250792,64.625750,8604
1204.827706,44.826833,44.172041,8606
1204.870554,63.264250,62.836375,8607
1204.898285,61.196333,60.450833,8608
1204.904822,65.489958,64.872500,8609
1204.956848,42.823375,42.357292,8610
1205.056888,50.832834,50.235791,8611
1205.284996,127.813292,127.329125,8612
1205.304624,127.981875,126.906208,8614
1205.304633,131.739416,130.731708,8613
1205.396161,160.548500,159.123417,8615
1205.424830,119.379750,118.590500,8616
1205.482914,143.529167,142.204709,8617
1205.517432,175.087500,174.295041,8618
1205.553857,127.958833,127.241626,8621
1205.612727,106.472625,105.586250,8623
1205.626246,273.807625,265.645917,8619
1205.733765,377.661667,377.081833,8620
1205.757493,129.272500,128.528750,8626
1205.790112,117.329334,116.340292,8627
1205.829729,365.369375,363.945750,8622
1205.901724,120.610584,119.225458,8629
1205.973623,455.788084,455.027708,8624
1205.973677,139.606250,138.777042,8630
1206.058388,140.241791,98.260458,8634
1206.072164,535.064834,529.906709,8625
1206.110144,103.472833,62.948375,8635
1206.110365,405.637166,399.221083,8628
1206.114245,70.283500,69.496875,8636
1206.151182,311.802750,310.415292,8631
1206.202414,63.164208,62.424250,8637
1206.205340,63.405417,62.550833,8638
1206.221572,356.789125,355.809417,8632
1206.261795,373.448542,370.648251,8633
1206.297038,124.316500,123.537459,8639
1206.338235,42.096541,41.598959,8640
1206.365897,49.824541,49.197458,8641
1206.399383,55.717958,54.870375,8643
1206.409615,70.259875,69.675958,8642
1206.418220,53.544750,52.846208,8644
1206.459622,86.892750,86.075500,8645
1206.485983,102.365958,101.789042,8646
1206.533169,27.096417,26.634417,8647
1206.720837,48.117709,47.563541,8648
1206.881449,42.053083,41.621125,8650
1206.892883,64.563042,63.997208,8649
1207.054699,48.642125,48.112750,8651
1207.079939,60.947542,60.426625,8652
1207.109988,59.724292,59.077667,8653
1207.222207,42.420875,41.970833,8655
1207.225014,52.279500,51.655625,8654
1207.270401,44.970917,44.537209,8656
1207.311561,55.407916,54.659208,8657
1207.317917,41.813916,41.427750,8658
1207.376587,37.235042,36.673000,8659
1207.482430,55.971708,55.503875,8660
1207.509189,64.210125,63.256084,8662
1207.516438,74.881042,74.171417,8661
1207.556936,95.023250,92.571500,8663
1207.582921,42.030042,41.457209,8667
1207.605106,133.739667,133.117834,8664
1207.636290,150.955000,150.496792,8665
1207.662489,65.271501,64.584625,8668
1207.696465,190.388333,189.856042,8666
1207.704739,96.499083,95.758834,8669
1207.737621,64.902833,64.087625,8670
1207.791766,45.640875,45.132792,8671
1207.858869,40.840625,40.238333,8672
1207.878160,38.771542,38.063667,8673
1207.917685,39.396000,38.951792,8674
1207.964420,68.999583,68.470208,8675
1208.043983,37.904708,37.221917,8676
1208.107571,39.433625,38.834542,8677
1208.170258,35.176458,34.633959,8678
1208.214385,41.685875,41.172834,8679
1208.384247,44.887208,44.224250,8680
1208.406293,37.788625,37.295417,8681
1208.466649,78.721709,78.257375,8682
1208.494242,34.769292,34.169333,8683
1208.570950,64.904000,64.238125,8684
1208.661647,36.283334,35.957541,8685
1208.713290,40.551292,40.006166,8686
1208.735266,55.470333,54.765667,8687
1208.850198,45.615208,45.259667,8688
1208.879409,40.012000,39.431583,8689
1208.916799,44.912292,44.233000,8690
1208.942110,42.659750,41.991541,8691
1208.991766,50.166959,49.387333,8692
1209.080155,74.068751,73.406375,8693
1209.166954,42.924000,42.382958,8694
1209.225759,53.038708,52.418042,8695
1209.230933,55.688792,55.066667,8696
1209.260653,57.622833,57.129042,8697
1209.380386,41.016792,40.458250,8698
1209.411504,39.280792,38.863709,8699
1209.448300,54.659208,53.884250,8700
1209.553501,79.918125,77.946166,8701
1209.562932,57.956500,57.525417,8702
1209.573709,67.630209,67.204375,8703
1209.670349,36.164042,35.869459,8704
1209.710788,38.074166,37.504833,8705
1209.747453,56.673167,55.915125,8706
1209.805312,39.209625,38.763667,8707
1209.823460,52.432042,51.784542,8708
1209.881623,55.837541,55.195875,8709
1209.882102,42.718084,42.025959,8710
1209.935152,45.482792,45.026042,8711
1209.964995,66.424458,65.774917,8712
1209.974509,71.128166,70.604916,8713
1210.049549,43.470875,42.998083,8714
1210.054084,43.143042,42.420292,8715
1210.137783,37.696750,37.052750,8717
1210.155911,59.919708,59.440791,8716
1210.258501,85.715875,84.993125,8718
1210.281575,87.481625,86.635792,8719
1210.386195,97.723208,95.155083,8720
1210.459144,130.711583,129.353000,8721
1210.471102,131.014917,130.125334,8722
1210.492632,149.704334,147.561751,8723
1210.572310,201.651917,200.650917,8724
1210.640365,134.175125,133.475125,8726
1210.686385,150.104500,149.078125,8727
1210.690637,269.557458,267.810375,8725
1210.748242,108.140375,107.363667,8729
1210.776439,162.062250,161.061542,8728
1210.850685,196.878791,195.412875,8730
1210.959518,119.974167,119.063584,8732
1210.979296,116.590541,116.128250,8733
1210.981534,308.814625,307.083000,8731
1211.031479,154.305083,153.524000,8734
1211.044167,38.095750,37.351709,8735
1211.116570,36.932000,36.569459,8736
1211.176832,47.633833,47.059250,8737
1211.199378,26.642000,26.093375,8738
1211.304093,54.773833,54.150833,8739
1211.334232,35.830375,35.091292,8740
1211.362970,53.207583,52.703584,8741
1211.374343,34.975209,34.342875,8742
1211.523500,39.068750,38.572042,8743
1211.554898,48.834917,48.180125,8744
1211.564967,42.358459,41.677125,8745
1211.619656,35.915833,35.255208,8746
1211.649622,48.275208,47.803000,8747
1211.734608,63.376541,62.574458,8749
1211.742857,76.791459,75.825458,8748
1211.753921,81.202333,80.302250,8750
1211.792257,89.490625,88.794125,8751
1211.846166,136.628625,135.958667,8752
1211.874638,57.634792,57.012375,8753
1211.891620,52.221167,51.503083,8754
1211.899490,48.044500,47.384458,8755
1211.965427,26.130708,25.768167,8756
1212.042574,59.538500,58.933583,8757
1212.070661,64.571792,63.967458,8758
1212.075370,67.680375,67.139333,8759
1212.107623,62.225333,61.722500,8760
1212.136380,47.414792,46.315500,8761
1212.183235,50.687292,50.050875,8762
1212.211057,38.287666,37.586500,8763
1212.315345,52.293209,51.767042,8764
1212.371983,67.005750,66.142125,8765
1212.375684,36.276625,35.648375,8766
1212.467089,50.980709,50.512875,8767
1212.481342,46.703416,45.953542,8769
1212.500991,75.192542,74.524916,8768
1212.504323,54.917917,54.576667,8770
1212.557467,51.423459,50.532125,8773
1212.576707,58.717167,57.934041,8774
1212.577059,113.830209,113.343417,8771
1212.621383,153.080375,152.359375,8772
1212.682208,158.668417,157.922917,8775
1212.714741,42.035875,41.398000,8777
1212.744569,214.710708,214.094709,8776
1212.753188,61.338375,60.481458,8778
1212.779112,24.935166,24.408709,8779
1212.839765,25.985459,25.360708,8780
1212.873039,33.588334,32.921000,8781
1212.942735,26.428208,25.892709,8782
1212.972800,33.387958,32.775458,8783
1213.043183,47.115542,46.531917,8784
1213.053124,47.064791,46.468334,8785
1213.095620,36.481375,34.534500,8786
1213.143489,35.596750,34.940791,8789
1213.161598,84.155167,83.442917,8787
1213.166994,73.010584,72.568125,8788
1213.202435,90.922125,90.266458,8790
1213.238338,56.014875,55.183334,8792
1213.242185,69.474417,68.792501,8791
1213.354576,39.390750,39.030834,8793
1213.403580,64.194667,63.556792,8794
1213.409143,36.024917,35.328125,8795
1213.469971,27.504167,27.053541,8796
1213.547798,48.248959,47.773250,8797
1213.549597,43.535917,43.018792,8798
1213.616366,28.573416,28.151666,8800
1213.622766,57.035417,56.458792,8799
1213.713665,40.924334,40.363459,8801
1213.878097,58.566958,57.978958,8802
1213.897756,76.242541,75.805917,8803
1213.922642,45.772125,45.126376,8805
1213.926492,87.115584,86.549167,8804
1213.961796,47.530001,46.974375,8806
1214.008301,58.906167,58.334208,8807
1214.052692,46.653250,46.042792,8808
1214.109445,65.122750,64.718209,8809
1214.208449,60.065833,59.454500,8810
1214.214963,42.263958,41.691416,8811
1214.253563,41.416958,41.004250,8812
1214.354158,42.558250,41.896750,8813
1214.381487,42.097709,41.476166,8814
1214.419768,47.976250,47.227541,8815
1214.455584,41.311667,40.689833,8816
1214.567178,61.101833,60.431292,8817
1214.618865,59.026625,58.514750,8818
1214.640290,47.586876,47.128959,8819
1214.723969,51.245541,50.501208,8820
1214.779368,42.987875,42.152834,8822
1214.783993,75.348875,74.546500,8821
1214.850745,106.255916,102.801125,8823
1214.853315,87.070958,86.660583,8824
1214.862236,58.912875,58.356084,8825
1214.928394,104.965000,104.216584,8826
1214.950184,74.264166,73.840083,8829
1214.956667,76.637750,76.124417,8830
1214.971484,147.246167,146.659334,8827
1215.033730,194.318833,193.011000,8828
1215.040544,76.132583,75.632667,8831
1215.048506,69.879250,69.233208,8832
1215.061181,57.560125,56.937708,8833
1215.088690,82.594458,81.987792,8834
1215.127466,107.031167,106.519875,8835
1215.161614,73.041500,72.443000,8836
1215.281027,110.567917,109.708958,8837
1215.308249,137.799667,137.250750,8838
1215.324072,150.870709,148.161709,8839
1215.400937,105.083417,103.393792,8844
1215.443454,249.870833,249.229751,8840
1215.512218,172.517917,131.313875,8847
1215.557522,322.260750,321.489876,8841
1215.568534,167.554333,125.029917,8848
1215.667831,155.573834,112.621834,8850
1215.696026,447.369126,445.601917,8842
1215.738642,181.087375,138.219958,8851
1215.824612,571.978167,570.224959,8843
1215.834694,166.822542,125.227375,8853
1215.857183,161.135042,119.288459,8854
1216.001882,177.244959,134.305209,8856
1216.006739,172.020042,130.314333,8857
1216.011442,695.155708,652.890875,8845
1216.076383,754.866584,713.885084,8846
1216.100314,93.621209,51.188667,8859
1216.113729,43.804250,43.260584,8860
1216.123206,679.727125,632.844626,8849
1216.164225,595.656250,554.612917,8852
1216.224066,51.356375,50.418667,8861
1216.236084,497.423792,456.143917,8855
1216.265081,407.881250,367.024875,8858
1216.381948,39.479709,38.887334,8863
1216.383750,44.361916,43.925875,8862
1216.550180,44.086875,43.705667,8864
1216.670610,39.706333,38.994375,8865
1216.710371,37.650083,37.105541,8867
1216.725789,70.060083,69.412583,8866
1216.760886,34.083875,33.576958,8869
1216.793650,78.904584,78.130209,8868
1216.818175,33.457958,32.872000,8870
1216.866139,50.664834,50.149459,8871
1216.886869,49.993125,49.200958,8872
1216.911620,40.362000,39.447042,8874
1216.921432,82.100959,81.611250,8873
1216.966928,91.310625,88.563125,8875
1216.967109,42.227500,41.424250,8877
1217.004823,127.536500,126.872084,8876
1217.076408,70.319666,69.759667,8878
1217.098390,30.478875,30.060041,8879
1217.159269,65.336542,64.713541,8880
1217.233404,44.856584,44.210542,8882
1217.233408,60.691459,59.757250,8881
1217.280428,74.270583,73.551042,8883
1217.368823,29.430333,28.940041,8884
1217.422447,81.867917,81.313458,8885
1217.429066,68.418292,67.745125,8886
1217.440489,64.138375,63.339500,8887
1217.471759,81.708375,81.239959,8888
1217.540636,34.568625,34.073667,8889
1217.590635,71.395333,70.622125,8890
1217.651878,45.538209,44.951083,8891
1217.666846,44.163584,43.762833,8892
1217.705628,42.252583,41.797875,8893
1217.740802,68.075584,67.398333,8894
1217.831873,52.080000,51.778709,8895
1217.878456,39.551459,39.154500,8897
1217.901055,85.187666,84.739375,8896
1217.903930,64.566834,64.225292,8898
1217.936133,89.765375,89.123125,8899
1217.975936,86.376209,84.525875,8900
1218.012223,74.766125,74.125625,8901
1218.031117,50.065750,49.534916,8903
1218.050670,79.737292,79.038750,8902
1218.097387,91.332500,90.581750,8904
1218.116441,41.601000,41.001917,8906
1218.140857,83.217459,82.690125,8905
1218.218935,46.200583,45.555125,8907
1218.345783,53.076917,52.465292,8908
1218.386514,47.154625,46.550000,8909
1218.443926,40.882625,40.410416,8911
1218.457698,62.069583,61.654250,8910
1218.559148,53.079250,52.614625,8912
1218.705427,32.714792,32.226542,8914
1218.727457,73.245083,72.728833,8913
1218.774808,72.373875,71.683500,8915
1218.788351,41.710958,41.013583,8916
1218.858536,78.156459,77.427001,8917
1218.865699,51.949333,51.524666,8918
1218.912401,73.030417,72.457583,8920
1218.921238,91.084292,90.414041,8919
1218.932760,54.273042,53.679500,8922
1218.964029,119.736459,119.128333,8921
1219.007402,69.331208,68.676125,8924
1219.010971,96.610208,95.931500,8923
1219.038239,80.345417,79.728833,8925
1219.076716,108.048792,107.297166,8926
1219.103295,85.353042,43.964375,8931
1219.119249,125.771917,125.008042,8927
1219.166437,55.314292,54.605833,8933
1219.186634,51.090667,50.493042,8934
1219.188919,194.650167,194.064208,8928
1219.236259,232.955334,232.381917,8929
1219.264518,91.756583,91.098583,8936
1219.293770,287.723917,287.141750,8930
1219.318325,125.601583,82.792791,8938
1219.345844,45.360875,44.603125,8939
1219.376934,74.440333,73.706209,8940
1219.397241,369.519500,328.774834,8932
1219.444306,306.240083,264.489750,8935
1219.446903,58.969459,58.375916,8943
1219.488424,115.538209,115.089625,8942
1219.508163,334.403417,290.580791,8937
1219.529486,190.120292,189.461417,8941
1219.534455,65.868542,65.247875,8944
1219.546992,40.923459,40.351209,8945
1219.600795,50.904583,50.536500,8946
1219.647180,40.601458,39.991291,8947
1219.674349,59.038583,58.603125,8948
1219.717957,45.256459,44.599625,8949
1219.897836,58.443000,58.011625,8950
1220.060573,54.457375,53.939375,8951
1220.196782,70.984959,69.908708,8952
1220.245388,104.636875,104.001042,8953
1220.289147,125.228251,124.568209,8954
1220.301513,127.730751,127.167834,8956
1220.395065,221.439459,220.546667,8955
1220.463031,123.548542,119.622417,8957
1220.503570,111.883333,110.345083,8959
1220.523163,155.294709,154.618625,8958
1220.583494,105.321417,104.425416,8961
1220.597628,150.783500,149.494042,8960
1220.674193,166.530292,166.005875,8962
1220.719387,85.908667,85.242791,8963
1220.770264,97.512333,96.773542,8964
1220.812440,87.228458,86.072583,8965
1220.912719,73.237209,72.587084,8966
1221.048438,42.354667,41.603625,8967
1221.134105,54.324959,53.744250,8968
1221.230787,61.253791,60.507417,8969
1221.234070,61.352667,60.686792,8970
1221.242343,42.705250,42.166833,8971
1221.319630,27.177500,26.551291,8972
1221.349500,35.841167,35.193666,8973
1221.391414,41.430083,40.918500,8975
1221.403887,64.479042,63.701750,8974
1221.432494,54.838583,54.268375,8976
1221.548177,42.090709,41.524000,8977
1221.550945,43.352750,42.891042,8978
1221.593976,29.721708,29.127292,8979
1221.664713,45.051125,44.379708,8980
1221.668399,47.424709,46.886000,8981
1221.709179,36.478750,35.944708,8982
1221.888792,49.368083,48.481417,8985
1221.895791,58.500750,58.006375,8984
1221.900677,66.447500,65.789208,8983
1221.929267,69.156792,68.388541,8986
1221.979172,39.497208,39.029375,8987
1222.021085,49.044042,48.300875,8988
1222.040685,34.640667,34.043625,8989
1222.081239,28.985542,28.467542,8991
1222.108511,68.616333,67.757084,8990
1222.140133,35.946166,35.405709,8992
1222.201118,34.356000,33.873583,8993
1222.248989,76.240792,75.598542,8994
1222.259838,37.173792,36.521333,8995
1222.385448,46.081583,45.411333,8996
1222.543498,37.423458,36.953583,8997
1222.625934,45.091667,44.529333,8998
1222.675297,66.001250,65.146667,8999
1222.676244,39.915167,39.412333,9000
1222.710782,53.170542,52.523625,9001
1222.735340,62.566291,61.722792,9002
1222.781330,48.167292,47.624500,9003
1222.823061,37.576584,37.022125,9005
1222.834204,50.356833,49.766792,9004
1222.869089,29.692833,29.190875,9006
1222.951594,45.481625,44.843167,9007
1222.966271,37.813709,37.172041,9008
1223.015366,30.119250,29.502084,9009
1223.032862,26.765666,26.159875,9010
1223.096475,26.455333,26.035625,9011
1223.201229,28.506625,28.015167,9012
1223.377389,48.603333,48.024666,9013
1223.385477,46.093542,45.547834,9014
1223.547298,41.217458,40.833333,9015
1223.736210,63.478625,63.011375,9016
1223.865242,25.880459,25.331250,9017
1223.934627,54.257584,53.697583,9018
1223.951129,37.105250,36.598042,9019
1223.982325,43.719959,42.994292,9020
1224.057436,51.306500,50.640625,9021
1224.219280,46.565750,45.866042,9022
1224.323633,66.213291,65.734375,9023
1224.325237,65.390500,65.096792,9024
1224.347119,77.855750,76.915416,9025
1224.371380,31.987667,31.523042,9026
1224.448739,49.034417,48.472667,9027
1224.484786,47.815542,47.300750,9028
1224.518416,49.893083,49.404542,9029
1224.549041,42.962500,42.447417,9031
1224.550567,61.379792,60.813958,9030
1224.620843,53.184834,52.693666,9032
1224.737930,65.212292,64.614375,9033
1224.871651,45.138917,44.606625,9034
1224.884322,44.957792,44.150167,9035
1225.020746,39.196792,38.738291,9036
1225.053412,47.344208,46.718583,9038
1225.061296,58.978792,58.518542,9037
1225.271410,98.690959,97.694625,9039
1225.290436,104.299125,103.334875,9040
1225.378309,172.802292,171.887917,9041
1225.379485,139.646500,138.691875,9042
1225.409917,120.054083,119.076709,9043
1225.462923,141.283041,132.680334,9044
1225.511586,117.528541,116.605417,9046
1225.548501,209.123834,207.409708,9045
1225.607457,100.377958,99.258833,9047
1225.653356,101.061042,100.237667,9048
1225.678076,117.396708,116.450833,9049
1225.738985,66.196375,65.228917,9050
1225.854334,83.044209,82.645500,9051
1225.930919,91.532291,89.463208,9052
1225.966450,94.560375,93.819542,9053
1226.001751,95.333292,94.723125,9054
1226.028964,71.021125,70.248791,9055
1226.041525,35.521500,35.065334,9056
1226.213834,46.312875,45.807708,9057
1226.215186,42.460542,41.752375,9058
1226.337657,41.961500,41.604500,9059
1226.373250,33.894292,33.375708,9061
1226.394150,69.723208,68.942125,9060
1226.547192,41.129375,40.735625,9062
1226.591709,65.212583,64.633917,9063
1226.711248,63.649542,62.965875,9064
1226.730625,57.931709,57.285084,9065
1226.768900,75.541667,74.873167,9067
1226.770908,82.761292,82.170667,9066
1226.865601,59.141250,58.620042,9068
1226.895988,56.559417,56.013416,9069
1226.915098,54.975958,54.366959,9070
1227.013681,61.811458,61.317666,9071
1227.037457,42.294291,41.755292,9072
1227.053404,47.306292,46.622041,9073
1227.176796,69.147167,68.618958,9074
1227.192532,43.585208,43.085875,9075
1227.223456,50.782084,50.191750,9076
1227.273352,54.446583,53.753584,9077
1227.283710,40.581625,40.092500,9078
1227.310373,27.034875,26.639084,9079
1227.390769,51.409459,50.910416,9080
1227.542287,36.254166,35.661208,9082
1227.574016,68.168625,67.579750,9081
1227.637898,46.872583,46.585292,9083
1227.751508,78.791417,78.123209,9084
1227.802359,41.171666,40.713750,9085
1227.882779,31.670917,31.236625,9087
1227.918121,78.709750,78.067500,9086
1227.994764,45.409292,44.897125,9088
1228.046663,40.609041,40.087834,9089
1228.090069,75.327000,74.727625,9090
1228.210143,37.441250,36.902834,9091
1228.382210,42.852542,42.088958,9092
1228.531239,38.031000,37.570458,9093
1228.572393,66.309250,65.690917,9094
1228.621884,27.664292,27.216292,9095
1228.684446,27.330042,26.917625,9096
1228.717490,31.392375,30.956625,9098
1228.737269,64.537375,64.139250,9097
1228.870498,31.085250,30.565208,9099
1229.031492,25.458417,24.903958,9100
1229.104619,46.395417,45.890250,9101
1229.226795,54.077333,53.576541,9102
1229.388448,34.872250,34.335292,9104
1229.399324,59.936042,59.524208,9103
1229.439910,45.541709,45.222334,9105
1229.494581,27.207542,26.763917,9106
1229.534884,28.799166,28.059500,9107
1229.709874,37.200042,36.659875,9108
1229.751111,39.307042,38.688709,9109
1229.761409,44.723000,44.074333,9110
1229.854603,75.656875,75.153459,9111
1229.901971,62.578833,61.890500,9112
1230.036399,42.286125,41.855917,9113
1230.063912,57.870458,57.385417,9114
1230.230399,86.186625,85.080041,9115
1230.257264,83.853583,83.218625,9116
1230.415148,74.616791,73.312750,9117
1230.479376,74.924208,74.321042,9118
1230.570283,91.798292,90.512917,9119
1230.589115,82.983250,82.397584,9120
1230.653741,68.873291,67.869959,9121
1230.741514,68.755750,67.836708,9122
1230.810230,69.173125,68.174458,9123
1230.870115,30.559958,29.990042,9124
1230.935467,74.880750,74.160917,9125
1231.038560,32.521709,31.813833,9127
1231.051137,50.553416,49.895125,9126
1231.202743,30.023291,29.546417,9128
1231.246443,67.013916,66.511667,9129
1231.259625,37.261583,36.591625,9130
1231.374936,35.552125,35.035875,9131
1231.505700,41.182750,40.709958,9132
1231.570625,64.564500,64.133709,9133
1231.725441,52.718750,52.296125,9134
1231.793607,73.732458,72.952250,9135
1231.885296,45.905708,45.110333,9136
1231.916614,38.050833,37.465750,9138
1231.928219,53.888334,53.223917,9137
1232.033400,27.342292,26.867750,9139
1232.086376,47.810000,47.229000,9140
1232.218109,45.386834,44.616834,9141
1232.225147,37.412958,36.773625,9142
1232.260497,42.132416,41.615584,9143
1232.322319,40.850250,40.394375,9144
1232.380295,40.910042,40.420917,9145
1232.436097,59.101583,58.539833,9146
1232.462804,45.461500,45.068333,9147
1232.548066,41.957416,41.268791,9148
1232.717369,44.647166,44.096500,9149
1232.788494,54.565875,53.823583,9150
1232.825748,45.504959,44.954875,9151
1232.875184,35.821917,35.296042,9152
1232.929564,35.212625,34.779791,9153
1233.032104,41.754708,41.131708,9154
1233.057132,51.070833,50.415459,9155
1233.216634,43.915375,43.414875,9156
1233.403715,64.350709,63.830666,9157
1233.540837,34.806625,34.526334,9158
1233.708131,35.413292,34.912208,9159
1233.828798,36.022291,35.501083,9160
1233.912393,73.030417,72.534291,9161
1234.041137,35.056000,34.562500,9162
1234.204539,31.814126,31.501750,9163
1234.380667,41.292125,40.661542,9164
1234.416171,34.850083,34.205792,9165
1234.453168,35.549791,35.005833,9166
1234.552084,46.051250,45.548416,9167
1234.726779,54.026000,53.455500,9168
1234.818275,73.227875,72.549459,9169
1234.897237,57.854125,57.218584,9170
1235.026342,57.863750,57.052917,9171
1235.064347,58.281709,57.628959,9172
1235.246298,73.507583,72.758292,9173
1235.411368,70.319375,69.637459,9174
1235.532657,76.699000,76.079500,9175
1235.576745,70.486792,70.084000,9176
1235.658856,76.406458,75.667084,9177
1235.742892,70.186083,69.636291,9178
1235.838263,47.240959,46.774000,9179
1235.861485,47.039125,46.493416,9180
1235.887990,48.596042,48.063750,9181
1235.921166,73.999916,73.184416,9182
1235.958250,36.565958,36.033958,9183
1236.029334,44.379709,43.737750,9184
1236.038532,32.449958,31.781459,9185
1236.214408,41.669833,40.910916,9186
1236.323353,25.090917,24.631250,9187
1236.380991,41.626667,41.113916,9188
1236.425817,30.521458,29.907500,9190
1236.474086,93.059750,52.082334,9189
1236.543749,37.693541,37.235625,9191
1236.630954,42.307125,42.013709,9192
1236.725941,53.227709,52.669750,9193
1236.869355,65.592625,65.018042,9194
1236.879921,40.550125,40.142084,9195
1237.021670,57.287708,56.511292,9196
1237.056667,50.582292,50.094917,9197
1237.069310,55.770750,55.214833,9198
1237.099451,51.261000,50.844209,9199
1237.115253,40.378042,39.874333,9200
1237.205349,50.702167,50.012666,9201
1237.211782,39.047750,38.446333,9202
1237.314154,71.984208,71.397666,9203
1237.400708,61.343625,60.843125,9204
1237.561272,55.157666,54.638791,9205
1237.719961,47.243875,46.739583,9206
1237.756614,40.449209,39.906416,9207
1237.875202,35.816667,35.266291,9208
1237.986885,24.914458,24.414542,9209
1238.042128,36.070125,35.491458,9210
1238.083149,57.835458,57.278375,9211
1238.114153,52.555125,52.022542,9212
1238.215898,43.152958,42.494375,9213
1238.296783,52.984167,52.633000,9214
1238.384909,45.524792,45.126375,9215
1238.568656,62.586417,61.904209,9216
1238.746254,73.542583,73.084084,9217
1238.878840,39.446750,38.854083,9218
1239.043600,37.518542,36.993834,9219
1239.094259,61.307167,60.480292,9220
1239.205463,58.081333,57.498000,9221
1239.218894,46.171708,45.692208,9222
1239.254351,79.033792,78.397375,9223
1239.274944,68.538750,67.944916,9224
1239.375753,36.365583,36.075083,9225
1239.552129,46.053291,45.376042,9226
1239.669182,36.828166,36.348375,9227
1239.735840,63.121042,62.654958,9228
1239.757805,41.240500,40.841500,9229
1239.877132,37.715417,37.126250,9230
1239.908494,52.954125,52.385084,9231
1239.967183,26.138292,25.473000,9232
1240.036048,29.995583,29.363250,9233
1240.255121,82.299292,81.352250,9234
1240.298776,64.638291,63.994000,9235
1240.409471,70.051917,69.400625,9236
1240.582300,115.710876,114.843750,9237
1240.583939,115.630958,114.933292,9238
1240.617893,111.765791,111.012417,9239
1240.733927,60.242875,59.386250,9240
1240.834043,93.125375,92.464458,9241
1240.853387,92.246000,91.716917,9242
1240.896886,56.439833,55.797000,9244
1240.904083,65.851625,65.167667,9243
1241.085579,79.528458,78.985375,9245
1241.230120,57.397084,56.859250,9246
1241.367560,31.692208,31.022250,9247
1241.393141,53.727042,53.105500,9248
1241.445322,36.863458,36.272250,9249
1241.508267,80.570292,79.882541,9250
1241.542867,36.820000,36.474083,9251
1241.640854,36.491000,36.034542,9252
1241.710272,37.543333,36.813000,9253
1241.887441,48.056750,47.381542,9254
1241.947769,46.882500,46.170542,9255
1242.046532,40.495292,39.988667,9256
1242.161155,36.307833,35.940041,9257
1242.214332,41.622583,41.160583,9258
1242.323383,52.987375,52.574375,9259
1242.375089,35.700875,35.166542,9260
1242.538178,32.139334,31.843584,9261
1242.721121,48.397125,47.642583,9262
1242.873292,33.867750,33.447750,9263
1242.914443,64.940167,64.387167,9264
1243.047306,55.394208,54.946791,9265
1243.073974,67.906125,67.520834,9266
1243.075391,41.731958,41.102833,9267
1243.200749,34.102542,33.576084,9268
1243.232568,59.821125,59.171000,9269
1243.256149,41.628416,41.100209,9270
1243.374964,35.583041,34.909875,9271
1243.427358,48.947792,48.455750,9272
1243.493633,60.209334,59.691333,9273
1243.548983,42.917000,42.449459,9274
1243.580146,41.199083,40.686333,9275
1243.646247,64.787625,64.344000,9276
1243.709438,36.737750,36.049125,9277
1243.874286,34.876916,34.318375,9278
1243.918494,74.573625,73.730125,9279
1243.924820,66.009125,65.561416,9280
1243.939429,72.190125,71.620791,9281
1244.055492,49.431667,48.833167,9282
1244.124307,41.202584,40.699166,9283
1244.154440,35.218750,34.676833,9284
1244.210407,37.687709,37.103208,9285
1244.247167,61.725416,61.221125,9286
1244.385513,46.149250,45.557458,9287
1244.395829,33.381250,32.918084,9288
1244.551576,50.157042,49.385875,9289
1244.558868,52.788459,52.371958,9290
1244.591183,73.598875,72.918125,9291
1244.607147,43.892041,43.307542,9292
1244.696691,42.074375,41.613250,9293
1244.715321,56.405709,55.813625,9294
1244.748885,76.200251,75.449792,9295
1244.888837,49.442167,49.023916,9296
1244.977125,35.387917,34.915416,9297
1245.072781,66.713208,66.033917,9298
1245.117713,51.964208,51.336541,9299
1245.148389,49.858666,49.137959,9300
1245.245226,94.433500,93.840833,9301
1245.261238,87.807709,87.239542,9302
1245.421139,81.297709,80.128708,9303
1245.594149,97.837250,97.095542,9304
1245.601455,95.300625,94.403167,9305
1245.672788,85.454833,84.599375,9306
1245.746891,74.159750,73.329375,9307
1245.885800,46.404458,45.935167,9308
1246.036114,30.039625,29.347208,9309
1246.090952,35.759208,35.091584,9310
1246.214239,41.493666,40.800667,9311
1246.236320,44.191000,43.388625,9312
1246.340170,58.925125,58.394584,9313
1246.349897,63.772625,63.188125,9314
1246.380989,41.601875,40.657167,9316
1246.389931,96.335459,95.604250,9315
1246.536566,30.442708,29.972250,9317
1246.713781,41.065500,40.597375,9318
1246.800197,40.315917,39.824458,9319
1246.876107,36.699834,36.203708,9320
1246.953928,36.420125,36.124083,9321
1247.049962,43.899042,43.434125,9322
1247.192746,47.911500,47.422375,9323
1247.219850,47.115542,46.473875,9324
1247.376647,37.251959,36.732500,9325
1247.412074,31.743250,31.110625,9326
1247.545183,39.129417,38.486292,9327
1247.709110,36.390958,35.896875,9328
1247.761536,42.169750,41.757042,9329
1247.880825,41.456917,40.978875,9330
1248.067491,61.435792,60.878125,9331
1248.142500,42.390542,41.699875,9332
1248.215121,42.380625,41.885958,9333
1248.275432,72.786875,72.029125,9334
1248.345607,30.044000,29.568000,9335
1248.389661,51.917833,51.188084,9336
1248.393213,53.840209,53.180750,9337
1248.504784,46.053000,45.602375,9338
1248.561871,55.810416,55.308750,9339
1248.661982,44.729416,44.265667,9340
1248.729334,56.641959,56.093334,9341
1248.885202,45.814417,45.332875,9342
1249.071172,65.069958,64.385125,9343
1249.209587,36.854708,36.272250,9345
1249.221578,50.706833,50.140709,9344
1249.363180,72.043708,71.150917,9346
1249.411180,70.304791,69.546458,9348
1249.413813,68.711709,67.789166,9349
1249.423529,84.168000,83.750625,9347
1249.492120,125.850958,124.984125,9350
1249.532337,164.343667,163.775792,9351
1249.560043,54.005291,53.430125,9354
1249.581736,188.827334,188.061708,9352
1249.630877,234.580208,233.839667,9353
1249.661951,53.797334,53.032000,9355
1249.712574,39.820667,39.099667,9356
1249.817022,53.652375,53.041625,9357
1249.893411,54.032125,53.410000,9358
1250.041398,56.731500,56.155459,9359
1250.050366,44.293959,43.705958,9360
1250.082816,64.616417,64.106292,9361
1250.245913,73.201625,72.626458,9362
1250.334158,66.066583,65.386709,9363
1250.414421,74.891250,74.239958,9364
1250.534241,77.502833,76.976959,9365
1250.592792,86.630250,85.792875,9366
1250.762606,89.854625,89.164250,9367
1250.797423,87.983000,87.138042,9368
1250.831654,48.617625,47.961958,9369
1250.885603,46.223625,45.697167,9370
1250.905735,41.341708,40.723958,9371
1250.996418,63.419709,62.617626,9372
1251.018213,28.830666,28.208542,9373
1251.067798,61.715209,60.961833,9374
1251.251617,78.897584,78.386875,9375
1251.400679,61.313291,60.700500,9376
1251.419141,44.872333,44.300084,9377
1251.546161,40.089875,39.540958,9378
1251.566430,44.741958,44.271792,9379
1251.699914,27.198791,26.746416,9380
1251.783077,34.923292,34.389833,9381
1251.877464,38.084375,37.632875,9382
1251.903408,63.557958,63.046959,9383
1252.049396,43.316583,42.650416,9384
1252.215664,42.931000,42.251709,9385
1252.296910,40.199542,39.774583,9386
1252.332251,44.510083,43.969625,9387
1252.379249,39.859459,39.048625,9389
1252.397451,61.623625,61.063917,9388
1252.417294,74.022375,73.278334,9390
1252.490197,37.798250,37.164750,9391
1252.547261,44.924542,44.393417,9392
1252.552244,46.180458,45.626583,9393
1252.703501,30.800583,30.215792,9394
1252.735906,28.459083,27.962084,9395
1252.808378,29.964083,29.462417,9397
1252.813843,83.276083,82.527958,9396
1252.844473,27.435625,26.975083,9398
1252.889141,49.733541,49.064750,9399
1252.917469,62.596333,61.946792,9400
1253.046386,40.329333,39.860625,9401
1253.159626,29.672708,29.366459,9402
1253.213231,40.515709,39.816875,9403
1253.394133,54.750208,54.058084,9404
1253.405781,34.665167,34.125292,9405
1253.555118,49.022167,48.429500,9406
1253.658469,25.693208,25.109291,9407
1253.706307,64.423334,63.787208,9408
1253.722376,49.649542,49.088375,9409
1253.757112,83.696958,82.983833,9410
1253.890390,53.893292,53.372083,9412
1253.900962,70.236541,69.646208,9411
1253.909349,69.948666,69.503292,9413
1254.045608,39.515875,39.145458,9414
1254.120644,25.139916,24.682583,9415
1254.204962,32.267375,31.908042,9416
1254.243383,69.087375,68.433167,9417
1254.375203,35.805875,35.245583,9418
1254.542168,36.107750,35.388500,9419
1254.622973,36.699834,36.233458,9420
1254.708564,35.851666,35.178500,9421
1254.814752,35.768833,35.245291,9422
1254.875431,36.049125,35.340666,9423
1255.042336,36.242208,35.645750,9424
1255.080117,41.357459,40.740584,9425
1255.252214,79.444458,78.773625,9426
1255.303152,82.235708,79.675167,9427
1255.348554,85.284792,84.501667,9428
1255.403543,64.099583,63.369833,9429
1255.602245,96.084333,95.038417,9431
1255.602984,106.807458,105.595875,9430
1255.670357,95.831458,94.891125,9432
1255.750510,77.693583,76.987750,9433
1255.775132,79.944958,79.235041,9434
1255.882110,42.060084,41.419001,9435
1256.045932,39.881625,39.375292,9436
1256.065503,47.141500,46.530750,9437
1256.213643,40.942416,40.585709,9438
1256.391472,52.084083,51.481209,9439
1256.437872,46.783333,45.844459,9440
1256.509127,38.404042,37.823333,9441
1256.548426,42.344458,41.780666,9442
1256.673597,79.927167,79.316125,9443
1256.710450,38.837459,38.418916,9444
1256.744481,71.760500,71.005666,9445
1256.794466,58.364833,57.890583,9446
1256.909727,70.338625,69.794375,9447
1256.923312,41.335292,40.625084,9448
1256.983148,47.170083,46.651791,9449
1257.054157,48.099333,47.745542,9450
1257.096354,45.021083,44.480917,9451
1257.168042,39.543000,39.102292,9452
1257.221758,49.028875,48.509709,9453
1257.248954,42.812291,42.101792,9454
1257.286516,55.239042,54.522126,9455
1257.369787,69.154458,68.500542,9456
1257.377764,48.219791,47.601750,9457
1257.408663,69.237875,68.468167,9458
1257.428244,35.327542,34.732250,9459
1257.549362,43.285083,42.815500,9460
1257.721501,48.774250,48.383708,9461
1257.796108,30.158042,29.630125,9462
1257.846887,74.160042,73.500292,9463
1257.874352,48.027583,47.398167,9464
1257.876458,37.051292,36.494208,9465
1258.033569,42.039666,41.466250,9466
1258.054046,48.017958,47.441333,9467
1258.104208,35.906208,35.322291,9468
1258.205435,37.050417,36.526875,9469
1258.215361,42.658292,42.108792,9470
1258.267336,47.540500,47.073250,9471
1258.378321,38.959375,38.673250,9472
1258.494335,27.635417,27.155916,9473
1258.533372,27.286000,26.837417,9474
1258.720934,48.203167,47.629167,9475
1258.752944,39.687666,39.121833,9476
1258.795620,46.444125,45.898708,9477
1258.884869,45.473750,45.185291,9478
1259.019605,49.993125,49.371875,9479
1259.054927,48.849792,48.145708,9480
1259.186707,46.298000,45.844166,9481
1259.239594,66.861667,66.253542,9482
1259.380301,40.905958,40.417708,9483
1259.417604,38.676166,38.100709,9484
1259.494211,42.405125,41.873417,9485
1259.542193,36.144500,35.608125,9486
1259.578398,48.778334,47.919083,9487
1259.656220,40.628875,40.192542,9488
1259.731347,58.616250,58.081917,9489
1259.879138,39.751250,39.225667,9490
1260.086032,79.950209,79.258376,9491
