timestamp,response_ms,inference_ms,request_id
1260.478264,136.646709,133.715750,1
1260.479047,124.196625,122.956459,3
1260.488231,142.619750,140.606667,2
1260.559173,104.602167,101.379250,4
1260.673331,124.424417,123.145458,5
1260.684851,120.792292,119.810541,6
1260.724347,121.171458,120.129042,7
1260.774484,98.640209,97.362125,8
1260.888964,136.587792,134.502375,9
1260.895322,109.176083,108.702417,11
1260.901332,139.201709,138.250875,10
1260.973240,75.950584,74.895333,12
1261.041731,83.737791,82.936583,13
1261.087571,79.188667,78.288292,14
1261.149621,29.952417,29.192041,15
1261.278369,47.763625,47.105042,16
1261.282681,46.079250,45.640291,17
1261.377122,35.429041,34.981333,18
1261.506311,53.510917,52.963167,19
1261.600355,36.402916,35.877042,20
1261.728472,53.425750,52.732750,21
1261.834168,48.037792,47.485083,22
1261.867536,60.922458,60.183666,23
1261.929200,31.914167,31.441083,24
1262.040345,31.945375,31.464416,25
1262.079962,46.904959,46.154208,26
1262.196756,77.270667,76.596042,27
1262.269745,39.163833,38.639708,28
1262.314858,54.444250,53.658792,29
1262.323121,41.342583,40.894000,30
1262.373474,31.792542,31.337542,31
1262.484822,31.948583,31.550750,32
1262.531931,62.121792,61.426458,33
1262.597789,54.197500,53.686208,34
1262.604466,40.554500,39.829417,35
1262.721383,46.276417,45.767750,36
1262.813162,56.311208,55.592250,37
1262.818341,54.925791,54.322916,38
1262.842331,56.145833,55.522542,39
1262.864339,37.690625,37.240292,41
1262.886686,88.407083,87.728667,40
1262.942245,44.984042,44.460500,42
1263.034474,48.551125,47.950000,44
1263.034978,57.551375,57.041250,43
1263.058380,49.990500,49.347084,45
1263.115509,73.616083,72.898292,46
1263.153981,40.737083,40.233667,47
1263.190499,71.005375,70.466375,48
1263.262767,50.905458,50.379875,49
1263.273280,42.702625,42.230708,50
1263.321775,49.875292,49.455000,51
1263.380140,47.779084,47.355875,52
1263.396972,57.415167,56.590334,53
1263.423609,81.807833,80.410458,54
1263.449708,48.120041,47.547208,55
1263.499550,46.712167,46.097917,56
1263.529778,59.056083,58.286375,57
1263.549175,75.871251,75.132750,58
1263.569490,66.720500,63.291958,59
1263.625841,61.930167,61.145583,61
1263.640374,119.272709,118.788834,60
1263.646683,65.736417,65.174084,62
1263.736350,61.309791,60.925375,63
1263.747262,57.275750,56.612500,65
1263.748402,68.782292,68.018125,64
1263.837374,55.348417,54.943000,66
1263.845271,58.996000,58.013958,67
1263.872927,67.897958,67.406500,68
1263.943584,46.299750,45.849708,69
1263.980083,66.459750,65.891875,70
1264.035752,41.925041,41.405292,71
1264.060545,52.166917,51.605458,72
1264.166192,46.709250,46.231208,73
1264.212159,68.045833,67.536000,74
1264.267574,37.006375,36.461542,75
1264.371110,53.604250,53.055625,76
1264.381205,39.483208,38.989125,77
1264.436796,76.894417,76.053542,78
1264.449614,33.290834,32.634000,79
1264.493333,40.518042,39.821250,80
1264.609101,67.503917,66.709417,83
1264.609447,71.026084,70.711666,82
1264.613918,77.982333,77.331042,81
1264.664252,100.363667,99.653167,84
1264.703842,134.190000,133.700292,85
1264.749386,74.299167,73.525958,86
1264.810473,56.645750,55.946917,89
1264.814502,65.310292,64.694000,87
1264.832379,79.898875,79.258375,88
1264.882815,96.669708,95.927125,90
1264.901206,68.789583,27.728750,92
1264.931338,141.133125,140.372458,91
1264.940639,43.372583,42.589750,93
1265.014158,55.836375,55.392167,94
1265.054839,51.049833,50.472333,95
1265.064835,56.499625,55.993000,96
1265.151906,44.752750,44.287541,97
1265.165052,45.541709,44.934750,98
1265.223796,41.858833,41.361250,99
1265.262229,43.375209,42.754834,100
1265.280502,49.908542,49.224875,101
1265.327473,41.833750,41.285417,103
1265.328146,47.357625,46.730541,102
1265.464405,122.706500,120.243083,104
1265.483749,131.950875,131.288208,105
1265.500073,130.342333,129.821708,106
1265.581505,190.327666,189.477750,107
1265.640266,145.688375,104.698125,112
1265.657578,126.942667,125.813334,113
1265.699106,291.365375,290.463542,108
1265.814964,401.738458,401.063833,109
1265.832577,192.291458,149.591750,116
1265.845529,170.309125,126.821042,117
1265.954036,499.696750,488.806209,110
1265.979420,164.432041,122.053167,119
1265.991601,158.997417,116.703417,120
1266.055185,586.252334,585.367417,111
1266.122484,168.429625,123.305875,122
1266.150635,586.670000,586.140042,114
1266.157743,178.287083,133.254333,123
1266.277117,695.579792,653.469834,115
1266.277165,154.649250,113.270208,126
1266.285288,134.605917,93.051000,127
1266.341238,639.529333,594.094084,118
1266.384202,107.062959,65.857167,129
1266.396248,119.071459,78.189709,130
1266.397117,551.560042,510.313125,121
1266.442236,450.599917,408.778125,124
1266.498294,114.054208,73.314209,133
1266.501308,446.085792,404.700917,125
1266.505156,108.868958,67.486125,134
1266.530202,372.432667,331.237084,128
1266.574221,288.890876,247.383501,131
1266.614407,116.068459,74.337083,137
1266.623286,121.935916,80.849125,138
1266.644248,302.990625,262.262875,132
1266.655156,80.911541,40.148208,141
1266.694240,297.101875,256.566917,135
1266.723304,99.976625,58.533417,143
1266.737140,122.693959,81.401541,142
1266.782299,340.036958,298.483208,136
1266.797250,102.982541,60.958917,146
1266.825192,101.849417,61.012875,147
1266.839154,333.974667,293.503583,139
1266.879123,92.947750,51.705791,149
1266.902208,371.963375,331.070250,140
1266.937153,58.030875,57.423334,150
1266.975301,331.031458,289.450292,144
1267.010586,113.316000,112.814042,151
1267.014163,67.278167,66.663333,154
1267.039148,383.957583,340.338542,145
1267.098265,361.102292,314.545584,148
1267.109144,88.501876,47.373958,158
1267.117564,205.130626,202.629292,152
1267.129273,118.646209,77.339208,157
1267.177548,253.543792,252.609000,153
1267.206368,108.072708,66.852917,160
1267.212164,92.730458,51.428709,161
1267.256940,276.207750,273.938292,155
1267.300212,93.822167,52.081750,165
1267.310310,132.721167,91.559708,164
1267.332212,326.541542,284.824750,156
1267.392304,337.430625,296.633750,159
1267.415219,114.982291,74.369750,168
1267.416238,105.889292,65.124791,169
1267.443244,320.084042,279.363875,162
1267.511300,346.218250,304.391208,163
1267.512210,119.872667,79.063250,171
1267.522370,107.105542,65.604292,172
1267.550145,337.959125,297.123458,166
1267.593319,336.338334,293.860875,167
1267.617139,105.797709,63.446542,175
1267.631052,67.090042,66.394416,176
1267.655315,80.039167,79.490542,177
1267.679192,346.950625,305.662292,170
1267.687670,45.224375,44.464583,179
1267.740237,317.688875,276.871000,173
1267.745181,70.127750,69.381084,181
1267.765847,70.450917,69.904042,182
1267.800256,356.989209,314.612083,174
1267.817299,42.957250,42.430792,183
1267.822467,220.699208,220.028084,178
1267.855135,68.977416,68.181750,184
1267.920148,274.200792,233.460500,180
1267.934531,43.560416,42.882000,186
1267.960640,63.370417,62.615583,187
1267.961366,85.762250,85.087333,185
1268.028135,114.311167,113.617291,188
1268.032299,66.983292,66.321208,191
1268.055334,92.348084,91.747542,190
1268.084929,141.269041,140.489125,189
1268.128476,137.374416,136.636792,192
1268.170110,50.629833,50.178333,195
1268.195931,201.516292,200.729375,193
1268.225973,81.913708,81.102000,196
1268.253273,66.177708,65.599625,198
1268.253923,245.527917,245.002625,194
1268.283089,52.500875,51.835000,199
1268.318681,164.224375,163.423458,197
1268.386164,44.455250,43.888541,200
1268.515691,53.476792,52.850875,203
1268.516950,60.221000,59.462083,202
1268.539589,86.772000,86.287541,201
1268.593482,64.135167,63.468416,204
1268.642037,79.863875,79.177875,205
1268.645897,82.012875,81.346125,206
1268.652870,54.999000,54.422083,207
1268.682945,73.620167,73.104209,208
1268.729815,54.770334,53.990708,210
1268.741448,115.306625,114.657375,209
1268.760629,54.533209,53.835542,211
1268.801140,52.840666,52.238375,212
1268.835885,49.732083,49.092750,214
1268.843986,71.831667,71.255041,213
1268.858750,62.579417,61.711708,215
1268.902903,104.673333,103.834500,216
1268.968326,71.053209,70.401625,219
1268.974833,82.282084,81.688541,218
1268.983320,155.755542,155.145083,217
1269.028918,92.008875,90.442334,220
1269.059298,50.920625,50.206917,222
1269.088667,140.121625,139.747708,221
1269.092710,75.456791,74.766125,223
1269.167118,57.810959,57.060209,226
1269.169566,90.433876,89.595626,224
1269.171668,70.764167,70.392292,225
1269.198300,78.822334,78.353626,227
1269.240970,97.637458,97.186542,228
1269.269075,65.572500,64.958542,229
1269.290190,59.608791,58.993667,230
1269.370275,40.077042,39.479708,231
1269.399968,58.240583,57.585209,232
1269.403531,45.142709,44.454375,233
1269.468372,57.930834,57.499750,235
1269.480427,42.879375,42.455875,236
1269.482131,77.129792,76.637458,234
1269.551137,98.332209,97.541500,237
1269.578044,50.900500,50.257375,240
1269.582136,74.837583,74.225375,239
1269.607674,144.541833,144.103750,238
1269.630727,52.691041,52.221458,242
1269.648239,84.330750,83.566291,241
1269.702174,39.528417,38.962875,243
1269.732094,57.008291,56.415333,244
1269.787601,81.930333,81.183083,245
1269.788964,82.793667,82.346250,246
1269.817115,81.739000,81.129416,249
1269.858134,145.506084,141.899042,247
1269.910269,122.641750,80.273667,253
1269.925297,108.144750,66.701833,255
1269.929653,199.314500,198.926000,248
1269.978707,218.913626,218.283042,250
1269.997133,86.828875,45.726042,257
1270.025084,260.017917,254.542167,251
1270.044131,75.064500,74.135834,258
1270.063069,292.210626,291.577709,252
1270.078990,70.602584,69.992417,259
1270.174163,374.483083,333.197667,254
1270.201480,83.010667,82.328167,260
1270.209617,90.170791,89.302500,261
1270.234351,366.508041,324.896833,256
1270.241984,116.244625,115.747334,262
1270.289738,59.136875,58.602250,266
1270.290628,159.086667,158.305875,263
1270.334953,196.163334,195.360958,264
1270.361969,121.287250,79.487041,267
1270.447780,280.404542,279.596333,265
1270.453721,111.969083,111.110416,269
1270.504269,121.597000,120.715875,270
1270.534169,278.963709,278.404583,268
1270.613733,101.378667,100.935333,274
1270.669775,256.438584,253.105709,271
1270.698311,155.530083,154.475125,275
1270.793812,162.211875,120.836041,279
1270.804712,379.032501,378.461126,272
1270.862713,164.381584,121.129166,281
1270.925456,472.651959,471.852209,273
1270.933326,139.486083,97.728167,282
1271.023877,161.146125,119.599667,284
1271.035099,470.970208,469.774084,276
1271.099196,173.709666,131.287625,285
1271.151359,582.179209,580.463917,277
1271.174220,150.303708,109.536584,287
1271.247877,650.897625,650.340834,278
1271.257159,157.935458,116.489333,289
1271.280212,128.832667,87.042375,290
1271.344270,96.354709,54.864833,292
1271.352242,95.062042,54.026000,293
1271.357158,686.186958,644.333959,280
1271.439324,95.012167,54.275958,295
1271.439324,634.564584,588.919917,283
1271.472296,120.025792,79.256333,296
1271.477140,543.798792,502.772667,286
1271.531272,496.140750,450.335667,288
1271.546263,106.920041,65.192166,298
1271.562211,122.851167,81.013042,299
1271.578408,404.160167,362.301917,291
1271.633307,353.055791,308.643125,294
1271.664135,117.857250,74.183666,303
1271.668345,137.033167,95.773708,302
1271.679315,322.130375,281.278666,297
1271.728189,94.850583,53.394250,306
1271.743115,270.782459,225.346917,300
1271.763238,99.081792,58.142291,307
1271.780237,303.076959,262.094583,301
1271.818228,90.022917,48.852125,310
1271.863291,301.038500,259.474833,304
1271.875268,132.128209,91.511875,311
1271.886187,105.916417,64.995000,313
1271.915239,336.813167,295.583166,305
1271.974217,110.888167,68.276250,315
1271.978151,102.848667,61.889334,316
1271.988153,319.771084,278.108542,308
1272.032334,352.971501,311.640875,309
1272.063294,89.032708,47.444250,319
1272.087296,109.120666,66.569125,320
1272.106340,343.077000,302.073333,312
1272.157298,93.961000,52.739750,323
1272.159195,126.817542,85.380750,322
1272.176144,357.900375,317.054792,314
1272.248219,88.996250,48.283666,327
1272.254245,368.035209,327.137417,317
1272.270317,112.981750,71.276917,326
1272.315200,399.934209,358.357417,318
1272.369435,121.194208,80.178875,329
1272.371221,383.043208,341.868625,321
1272.393337,139.067833,98.153125,330
1272.410138,322.788667,281.559542,324
1272.448289,77.037334,35.443625,334
1272.493228,386.861708,344.535334,325
1272.499232,129.767166,88.151584,333
1272.507299,97.141917,55.632500,336
1272.543224,367.054334,326.430417,328
1272.589238,318.880333,276.955584,331
1272.613160,113.910708,72.958083,339
1272.628211,134.956792,93.666125,338
1272.649295,334.057208,292.632959,332
1272.701221,307.848917,265.722625,335
1272.716299,127.022875,86.334209,342
1272.729326,116.139042,74.725875,343
1272.767197,318.867209,277.684750,337
1272.793147,91.907375,51.197416,346
1272.806143,89.804750,48.959459,347
1272.840302,73.057541,31.743833,349
1272.845269,337.952709,296.775501,340
1272.894301,101.129875,60.287792,350
1272.908308,365.034833,323.168126,341
1272.917298,111.129959,70.091875,351
1272.981295,353.045876,312.091208,344
1273.002349,108.009125,66.740625,354
1273.013316,104.974042,64.019958,355
1273.038302,388.968125,347.629916,345
1273.091136,109.803459,68.184084,357
1273.103377,374.016417,332.570875,348
1273.105420,103.032125,61.634125,358
1273.141332,300.987458,259.429916,352
1273.195241,349.948375,309.149459,353
1273.219204,128.041375,86.715416,361
1273.231145,127.729000,86.651833,362
1273.253319,335.979292,294.247042,356
1273.305128,109.851292,69.282208,365
1273.324133,104.901708,63.560292,366
1273.330303,316.949500,275.951667,359
1273.401279,362.941542,321.461584,360
1273.430148,125.000750,84.403958,369
1273.430232,106.080917,64.848292,370
1273.439323,333.858584,292.370459,363
1273.500281,98.959292,57.416917,372
1273.508205,366.839667,325.450709,364
1273.533138,102.973500,62.404416,373
1273.549300,318.131042,276.698917,367
1273.605329,351.970208,311.074458,368
1273.621178,120.859083,79.643375,376
1273.627487,119.250833,77.555334,377
1273.648343,318.007084,276.857875,371
1273.698191,92.819125,51.516208,380
1273.716295,95.095000,53.713334,381
1273.718152,287.910583,246.693125,374
1273.772203,332.844167,291.270000,375
1273.791239,93.011041,52.333167,384
1273.818142,101.812667,61.199833,385
1273.840288,307.124417,266.073500,378
1273.887196,95.931792,55.002792,388
1273.894274,122.036542,81.151875,387
1273.919152,369.817291,328.196167,379
1273.983310,355.771792,314.643875,382
1273.985106,97.876333,56.782833,391
1274.007275,112.980875,71.976041,392
1274.026130,377.750333,336.152542,383
1274.083267,365.088792,323.822333,386
1274.101198,117.856376,76.983375,394
1274.106187,121.058584,79.930958,395
1274.135298,317.132375,275.848125,389
1274.188219,104.916875,63.562916,398
1274.200293,359.962750,318.856125,390
1274.201225,100.007250,58.751000,399
1274.277244,358.068959,307.195001,393
1274.297315,109.076625,67.432458,402
1274.302321,101.996125,60.478541,403
1274.345296,337.995000,296.863584,396
1274.373317,96.032417,54.523583,405
1274.396299,98.950834,57.556916,406
1274.407141,380.996292,340.221001,397
1274.443338,97.997083,56.846125,408
1274.474300,368.091209,325.814416,400
1274.501306,127.947459,86.267709,409
1274.505311,98.144083,56.767375,411
1274.525135,389.798208,348.369583,401
1274.578211,376.960208,334.437250,404
1274.586394,112.049875,70.328125,413
1274.607137,105.793041,64.897000,414
1274.621194,318.836875,277.599584,407
1274.677283,99.033083,57.582875,417
1274.697244,110.806792,69.618500,418
1274.700326,303.979084,262.206583,410
1274.737298,293.918042,252.553875,412
1274.787222,109.906417,69.001625,421
1274.802321,296.970334,255.486292,415
1274.807163,109.891834,68.401667,422
1274.856203,331.040792,285.254375,416
1274.895248,108.007083,67.290125,425
1274.901148,293.990375,252.866251,419
1274.913221,110.859583,70.063875,426
1274.959203,337.974000,296.713376,420
1274.975304,119.061833,78.038041,428
1275.001293,300.918333,259.273000,423
1275.008225,112.958417,71.813583,429
1275.068267,109.034334,67.496042,432
1275.077357,340.025875,298.968541,424
1275.083279,107.932417,66.765416,433
1275.167295,360.105375,318.663916,427
1275.177439,109.131458,67.272333,436
1275.179347,101.952958,61.075583,437
1275.212190,311.025750,270.126792,430
1275.281226,113.898750,72.271209,439
1275.287340,109.850708,68.650167,440
1275.290345,377.088833,335.640666,431
1275.359061,357.733834,315.995750,434
1275.374812,87.436416,45.447792,444
1275.400497,119.251125,77.466959,443
1275.468159,459.914583,418.193708,435
1275.539046,179.960667,137.008084,446
1275.547434,172.585000,131.346542,447
1275.570576,487.253667,446.075875,438
1275.682147,502.760417,461.356292,441
1275.717521,178.427375,136.432042,450
1275.719868,172.406208,130.355750,451
1275.804117,591.901917,548.721542,442
1275.848257,166.087542,125.402958,453
1275.871361,153.799917,111.808667,454
1275.929288,638.907501,593.420042,445
1276.037651,189.357875,147.929541,457
1276.042478,171.068333,128.448250,458
1276.053072,652.547583,610.311042,448
1276.150143,681.963042,640.178291,449
1276.209246,166.739417,124.295792,461
1276.215330,177.639292,136.049084,460
1276.243315,672.700584,631.727542,452
1276.309130,589.242792,546.064750,455
1276.320297,104.920375,63.480958,465
1276.322274,112.999833,72.066458,464
1276.343272,539.122501,497.287875,456
1276.389279,80.126666,38.786417,467
1276.416152,95.818916,54.537875,468
1276.422406,493.080000,451.538500,459
1276.479274,426.163501,382.258625,462
1276.485321,96.000041,54.700917,471
1276.512340,96.167458,55.031958,472
1276.527116,376.950875,336.128625,463
1276.568144,88.835250,46.371208,474
1276.601278,357.920792,316.364416,466
1276.611146,125.791166,84.660041,475
1276.624255,97.120333,56.414750,477
1276.660137,337.829917,296.860959,469
1276.711240,100.067333,59.269292,480
1276.716369,115.050542,73.813834,479
1276.731326,388.021375,346.941292,470
1276.806275,383.837125,341.992875,473
1276.828258,111.853291,70.768833,484
1276.828304,117.028333,75.733292,483
1276.853140,340.763500,300.123833,476
1276.920280,113.959708,72.518833,486
1276.926160,357.999542,316.974292,478
1276.938342,110.056333,68.362292,487
1276.965303,341.005001,299.723958,481
1277.027240,367.087000,326.508875,482
1277.030172,103.990834,61.635584,491
1277.035210,114.901500,73.899875,490
1277.065306,333.945500,292.266042,485
1277.123215,294.902709,254.209375,488
1277.142253,114.991334,74.048917,494
1277.161328,308.161875,267.263500,489
1277.170329,140.130083,98.990208,495
1277.230112,87.835417,47.354125,499
1277.231247,292.871833,250.772667,492
1277.241241,117.996958,77.198333,498
1277.269143,303.802917,262.307791,493
1277.322260,287.025958,245.552417,496
1277.350138,118.861750,77.615708,503
1277.352323,122.185583,80.997292,502
1277.385314,319.969708,278.655125,497
1277.418413,96.111459,55.173417,506
1277.443234,93.075792,51.729125,507
1277.454107,292.744375,251.408791,500
1277.491104,105.753959,64.403500,509
1277.529304,110.845583,69.937000,510
1277.531770,361.410875,319.430125,501
1277.575215,121.090667,79.965375,512
1277.583172,92.047958,51.577750,513
1277.611234,369.950001,328.515833,504
1277.670270,95.033458,53.535417,516
1277.676150,406.986125,364.865667,505
1277.697332,114.134125,73.129292,517
1277.736311,383.946209,339.828417,508
1277.779122,108.827542,67.292167,519
1277.796311,120.136917,79.176709,520
1277.798270,355.012292,313.770625,511
1277.856126,326.786250,285.075292,514
1277.890166,111.026708,69.217458,523
1277.903219,106.861417,62.292709,524
1277.936127,404.321459,354.437708,515
1277.954338,98.188416,57.253292,526
1277.967329,77.134750,35.995750,527
1277.997145,385.889583,342.775125,518
1278.017129,80.981834,40.201583,529
1278.043302,88.931500,47.120208,530
1278.082307,384.942250,343.583916,521
1278.113343,116.171417,75.494417,532
1278.135331,118.178375,77.080792,533
1278.157144,420.659750,380.019500,522
1278.183250,100.900333,60.045708,535
1278.210145,96.756333,55.933208,536
1278.223316,425.003834,383.456500,525
1278.273243,116.083334,74.399209,538
1278.276191,372.934042,331.671958,528
1278.308316,125.025834,83.666334,539
1278.323323,355.955542,314.643000,531
1278.377276,104.013000,63.318792,542
1278.385208,108.973958,67.879292,543
1278.396143,352.815750,311.657208,534
1278.463264,327.894876,280.763583,537
1278.492285,114.974125,74.165292,546
1278.494256,109.009541,67.873458,547
1278.533206,323.036001,281.864917,540
1278.557235,93.937959,53.040458,549
1278.594150,101.850584,60.872875,550
1278.609185,385.834167,344.796959,541
1278.641148,107.900917,66.824625,552
1278.644150,86.898000,45.952666,553
1278.670229,361.876666,320.663000,544
1278.724242,400.893209,358.913042,545
1278.730337,121.127708,79.868541,555
1278.746307,105.135042,64.214500,556
1278.775262,379.105125,338.283166,548
1278.818291,94.023417,53.251917,559
1278.840154,345.870000,303.826834,551
1278.843167,112.800042,71.379584,560
1278.875205,281.027834,239.916250,554
1278.905381,87.044709,46.051833,563
1278.940310,296.139667,254.946709,557
1278.965346,125.116250,84.354375,564
1278.994300,119.056000,77.397542,566
1279.015305,345.055375,303.943500,558
1279.043572,103.226667,61.428208,568
1279.073146,107.767916,65.741667,569
1279.081284,334.942126,293.364459,561
1279.122255,106.907500,65.545083,571
1279.162301,387.017750,344.483417,562
1279.168213,124.596792,83.701916,572
1279.183263,101.941584,60.933250,574
1279.224254,381.060167,338.417626,565
1279.264387,358.957376,317.748959,567
1279.286149,123.818625,82.473417,576
1279.295229,126.984958,86.042542,577
1279.318154,323.817083,282.804959,570
1279.380298,307.131125,265.910459,573
1279.383138,118.726125,77.232166,580
1279.394336,108.160500,66.712916,581
1279.427205,304.912708,262.715250,575
1279.494287,113.950375,72.244375,584
1279.497148,113.988875,71.388917,585
1279.500160,316.867250,275.389625,578
1279.548302,324.006959,282.923666,579
1279.617285,120.118250,78.714417,589
1279.618222,123.898250,82.501708,588
1279.620381,325.111792,284.111042,582
1279.670146,351.969917,311.225542,583
1279.738233,343.870333,302.412542,586
1279.739291,121.047501,79.713375,593
1279.748372,131.046125,90.107792,592
1279.762272,335.032251,293.892959,587
1279.819210,319.027042,278.035042,590
1279.839330,101.071833,60.290125,596
1279.851321,111.995917,70.518875,597
1279.890298,341.960209,300.412292,591
1279.905234,85.976625,44.992208,600
1279.932144,92.777416,50.451625,601
1279.941146,320.732126,279.557250,594
1279.993201,87.926417,47.299000,604
1280.005241,114.916667,73.579333,603
1280.009279,339.113250,297.873042,595
1280.056255,307.840166,266.819875,598
1280.093263,100.034958,59.362625,607
1280.119213,113.949500,73.113542,608
1280.127301,365.003625,324.177291,599
1280.164211,107.920459,67.066709,610
1280.198301,105.012542,63.574584,611
1280.205317,353.954417,309.507917,602
1280.259134,326.969417,286.043333,605
1280.272303,144.965917,103.654834,613
1280.285257,121.023875,80.363500,614
1280.303330,362.158417,320.636458,606
1280.338300,328.995042,287.719834,609
1280.399706,140.553000,99.620209,617
1280.407325,134.995001,93.803208,618
1280.418211,298.969709,256.622334,612
1280.531299,332.958792,291.289833,615
1280.582205,182.478917,141.890292,622
1280.582294,174.952750,133.344458,623
1280.627318,421.961751,379.953584,616
1280.750321,168.014875,125.276083,627
1280.756332,174.097584,132.607708,626
1280.763025,477.722292,434.775834,619
1280.866736,563.375750,518.378583,620
1280.912296,161.933333,120.996750,629
1280.935322,178.950625,136.631250,630
1280.973294,634.955417,592.391625,621
1281.080178,167.845126,126.992834,633
1281.103599,168.236542,125.470917,634
1281.111233,693.004959,651.240042,624
1281.215305,683.958626,642.991417,625
1281.237195,156.992208,116.148667,636
1281.251153,147.520041,106.648791,637
1281.273295,645.935792,603.793167,628
1281.320281,104.936417,64.178625,639
1281.346287,583.222209,541.431042,631
1281.354313,117.088708,75.674666,640
1281.397158,530.408083,488.135959,632
1281.441277,94.952958,53.477375,644
1281.445183,124.871542,83.837250,643
1281.468302,494.977000,453.500834,635
1281.512376,401.120125,360.376333,638
1281.554120,302.947750,260.650542,641
1281.557266,112.043750,71.186208,648
1281.571212,129.894625,88.592292,647
1281.622284,348.949125,307.920667,642
1281.650283,92.993250,51.643666,652
1281.656367,102.227709,61.222584,651
1281.677304,322.948500,281.388334,645
1281.731128,108.808000,67.986042,654
1281.736475,339.279792,298.137000,646
1281.742277,91.959584,50.955917,655
1281.807181,338.850167,298.036959,649
1281.844213,113.061667,71.980417,658
1281.844236,107.716292,66.825500,659
1281.873374,360.965209,319.594626,650
1281.925273,118.069291,76.731083,661
1281.931307,360.055209,318.798375,653
1281.942269,98.016625,57.017916,662
1281.991215,334.818751,293.255667,656
1282.027308,101.994375,60.453167,665
1282.058290,126.941500,85.876583,666
1282.073211,395.871875,355.002375,657
1282.078336,87.081458,46.134083,668
1282.151266,123.917791,82.459125,669
1282.153288,94.965208,53.214292,670
1282.155262,412.962958,372.117958,660
1282.180250,335.997959,293.097583,663
1282.232136,358.721416,317.401292,664
1282.247247,95.946958,54.940083,673
1282.283140,129.825792,88.689708,674
1282.325302,383.011708,341.779084,667
1282.331146,83.875458,42.463459,678
1282.352254,120.095792,79.419083,677
1282.384334,311.084667,269.629209,671
1282.443200,112.033542,70.533459,681
1282.446327,120.979250,79.842000,680
1282.450383,372.007417,330.824084,672
1282.476318,321.032542,280.035584,675
1282.541324,361.055333,320.295500,676
1282.558210,111.838125,70.804708,685
1282.563122,119.903292,79.086000,684
1282.603313,320.147333,279.321584,679
1282.658302,116.937917,75.796292,688
1282.661314,309.031042,268.219292,682
1282.663383,105.129791,63.375667,689
1282.685319,300.944000,259.816959,683
1282.734175,283.765125,242.736667,686
1282.746286,84.928959,43.561292,693
1282.770146,111.811583,70.968625,692
1282.815227,81.036084,39.995375,696
1282.820279,343.925458,302.953875,687
1282.840307,93.982000,52.782916,697
1282.899299,336.150500,295.044167,690
1282.914338,99.090250,57.828167,699
1282.927142,106.842750,66.234000,700
1282.944145,340.793834,299.939791,691
1283.019285,355.864541,313.946209,694
1283.024301,124.963125,83.603625,702
1283.031340,116.959500,75.474292,703
1283.076248,390.890792,349.434459,695
1283.106318,336.146417,295.301709,698
1283.144139,119.812000,78.347500,707
1283.155146,135.824208,95.036667,706
1283.164344,323.995000,282.822750,701
1283.200145,272.988625,230.876334,704
1283.247219,140.865084,99.480792,710
1283.253185,109.022667,68.137416,711
1283.265223,321.050042,278.832751,705
1283.332273,85.033375,44.071417,715
1283.344290,312.903500,271.677875,708
1283.371418,118.218625,77.276500,716
1283.396308,320.031250,278.761875,709
1283.455191,300.020000,258.996209,712
1283.457319,112.986708,71.447250,719
1283.461258,128.950208,87.301667,718
1283.514313,349.923000,308.844667,713
1283.566302,366.130334,325.424750,714
1283.579204,123.973208,81.678917,722
1283.586366,129.005917,88.145750,723
1283.610139,344.883000,302.935792,717
1283.664289,292.848792,251.293583,720
1283.695292,128.946125,87.789333,726
1283.701398,122.150291,80.560667,727
1283.723226,326.874334,285.268083,721
1283.756319,91.998375,50.817375,730
1283.785254,323.974000,282.720958,724
1283.821200,125.869042,84.998084,731
1283.841316,326.969708,285.949125,725
1283.845303,122.040917,80.470833,733
1283.915292,130.012750,88.632542,735
1283.918130,331.729417,290.777083,728
1283.931284,110.046708,68.684292,736
1283.946317,336.153708,294.877917,729
1283.978847,277.405042,275.088042,732
1284.018293,102.965917,61.400791,739
1284.033291,115.136583,73.745875,740
1284.042768,63.883166,61.418292,743
1284.079161,322.806750,281.296458,734
1284.118149,99.824959,58.741958,744
1284.147134,305.783916,264.894875,737
1284.172372,93.178458,52.416583,747
1284.179201,136.388292,95.023542,746
1284.209309,363.966750,322.585667,738
1284.213796,282.486166,281.743291,741
1284.270174,123.015375,82.255250,749
1284.278326,105.898916,64.435875,750
1284.309317,362.959333,321.949833,742
1284.358318,88.108125,46.979625,754
1284.363617,85.253000,84.585666,755
1284.383154,349.828208,308.771750,745
1284.432927,69.283959,68.711125,758
1284.453299,94.948875,53.924500,757
1284.463204,345.034375,303.884583,748
1284.522277,343.038209,298.918084,751
1284.535213,102.244917,61.636166,760
1284.557344,104.013875,62.329458,761
1284.582313,372.962626,331.583000,752
1284.602098,388.262875,386.993542,753
1284.643255,120.940167,79.449708,763
1284.646342,111.082125,70.067666,764
1284.681334,79.196833,38.196084,767
1284.699325,389.965917,348.518334,756
1284.751223,104.844833,63.858375,769
1284.758159,114.869125,74.121834,768
1284.769141,385.965708,341.380375,759
1284.834278,371.038208,329.808209,762
1284.839282,81.087708,39.718291,773
1284.864148,112.907083,72.368916,772
1284.871303,313.924042,272.882750,765
1284.924264,341.919083,300.229417,766
1284.954138,114.818958,73.972500,776
1284.959302,124.997250,83.534208,775
1284.982389,300.948375,260.029875,770
1285.027291,102.985750,61.647833,779
1285.033360,333.994500,292.926667,771
1285.049415,95.178708,54.575500,780
1285.091206,322.043750,280.558833,774
1285.139290,111.960334,70.688042,783
1285.144171,110.764500,68.779375,784
1285.159151,294.979709,253.919750,777
1285.199164,54.962250,54.159291,788
1285.212177,340.837000,299.758375,778
1285.254147,114.822167,74.085083,787
1285.273302,313.955250,273.009042,781
1285.273413,74.216917,73.484834,790
1285.341146,358.718500,317.717167,782
1285.374594,325.135125,282.541292,785
1285.389322,135.150458,94.077958,792
1285.431723,158.389000,115.378667,793
1285.504630,413.392583,370.937584,786
1285.546147,171.517208,129.017875,796
1285.563888,174.526625,131.976833,797
1285.632084,472.917375,431.501292,789
1285.658302,153.649125,112.352041,799
1285.699251,153.082708,112.357292,800
1285.775436,563.239834,515.538042,791
1285.837176,205.071125,162.787625,802
1285.845082,186.735791,145.027458,803
1285.880319,606.895042,563.712916,794
1285.987335,150.133667,107.844333,806
1286.010751,165.624667,124.194875,807
1286.011115,669.948417,628.394376,795
1286.149333,161.952000,120.897875,809
1286.150143,718.385792,676.887167,798
1286.173270,162.493333,120.974292,810
1286.241241,677.316500,636.135500,801
1286.269153,118.988041,78.200500,813
1286.280156,130.792083,89.076459,812
1286.301232,601.957125,560.691542,804
1286.333292,92.011208,50.752625,815
1286.370120,594.662542,554.077708,805
1286.375169,105.928958,64.666875,816
1286.388368,87.107125,45.832208,818
1286.423301,542.949750,501.132917,808
1286.472281,97.088834,56.430208,821
1286.483151,113.009750,72.279375,820
1286.486264,475.139583,433.586125,811
1286.509714,336.423208,329.829792,814
1286.555923,83.602750,82.769459,824
1286.599306,319.122709,278.140333,817
1286.607314,124.136834,82.847625,825
1286.610324,54.366959,52.504666,828
1286.666197,332.873042,291.698167,819
1286.695313,84.963958,43.824667,831
1286.747221,147.881125,106.993834,829
1286.753393,87.154959,46.250167,832
1286.755313,366.897709,325.348626,822
1286.799310,375.969126,335.086792,823
1286.823126,69.688791,68.557125,835
1286.856746,33.580458,32.577125,838
1286.860155,373.869125,332.395292,826
1286.878297,131.049042,89.617208,834
1286.910333,400.579375,397.591250,827
1286.946137,85.964959,44.611583,840
1286.972099,115.332875,74.535709,839
1287.012239,101.871000,60.471541,842
1287.031214,423.856417,382.398625,830
1287.038141,91.984959,51.016875,843
1287.074138,378.786042,336.148458,833
1287.102135,93.774917,52.760458,844
1287.122120,366.779584,324.946708,836
1287.165202,45.738292,44.955166,845
1287.181241,381.895208,341.019000,837
1287.222142,343.810250,302.367042,841
1287.261492,36.813875,36.180375,846
1287.275506,44.874958,44.089792,847
1287.342159,41.209584,40.705876,848
1287.366981,25.227125,24.675583,849
1287.430979,67.503917,66.740042,850
1287.492316,37.913166,37.266542,852
1287.505138,52.293209,51.576875,851
1287.560590,36.999667,36.497708,853
1287.617756,53.802292,53.296250,854
1287.628679,63.967458,63.530542,855
1287.664878,77.504583,76.766958,856
1287.759095,84.053375,83.351334,857
1287.794345,40.211209,39.655292,858
1287.834308,48.130542,47.199541,860
1287.858555,86.921917,86.306791,859
1287.863906,63.709042,63.007000,862
1287.895486,109.284292,108.484541,861
1287.928377,106.125250,105.457625,863
1287.977884,80.570291,78.525708,865
1287.992147,47.049041,46.440333,866
1287.994560,162.374334,161.659458,864
1288.035636,27.260333,26.815250,867
1288.167850,48.337625,47.651917,868
1288.234632,49.700000,48.917750,869
1288.268452,37.853083,37.432500,870
1288.304516,56.895417,56.359917,871
1288.353051,54.609042,53.958916,872
1288.360360,58.747500,58.112833,873
1288.377528,35.767667,35.051334,874
1288.421795,39.064959,38.783791,875
1288.511634,58.832375,58.251667,876
1288.534380,54.114667,53.440042,878
1288.547246,72.611291,72.108166,877
1288.582578,92.665709,91.873833,879
1288.603717,39.764667,39.138167,881
1288.663857,139.788833,139.290667,880
1288.727248,52.203959,51.752167,882
1288.828317,42.153416,41.853292,883
1288.866035,46.943458,46.330084,884
1288.883573,56.793334,56.141750,885
1288.937314,40.021917,39.390458,886
1288.975379,48.477333,47.653375,887
1289.042650,54.849959,50.749417,888
1289.065178,65.038167,64.361792,889
1289.073369,68.542250,67.783625,890
1289.096216,87.830750,87.139792,891
1289.170502,124.215000,123.626125,892
1289.178833,71.762250,71.274875,893
1289.191375,71.885333,71.384250,894
1289.250412,69.089708,68.369000,896
1289.250523,100.482375,99.929958,895
1289.269324,65.175834,64.715000,897
1289.308454,77.855167,77.204750,898
1289.384016,42.307708,41.797584,899
1289.467423,77.365459,76.724083,900
1289.501209,51.323417,50.749708,901
1289.529565,76.778042,76.068125,902
1289.542896,56.792458,56.318791,903
1289.582320,35.356416,34.827041,904
1289.606935,42.995167,42.300417,905
1289.743730,68.691583,68.235125,906
1289.749890,39.806084,39.296542,907
1289.836297,50.151209,49.496125,908
1289.861973,57.313375,56.797125,909
1289.927108,52.041792,51.220458,910
1289.966669,69.374958,68.686625,911
1289.979236,64.554000,63.915542,912
1289.993146,64.807166,64.132250,913
1290.058732,50.344875,49.804709,914
1290.090268,50.215667,49.475709,915
1290.111485,44.694125,43.920917,916
1290.173054,53.489625,52.828125,917
1290.248385,45.505834,44.893333,919
1290.253946,60.127084,59.643792,918
1290.295427,64.795792,64.154416,921
1290.303708,87.493292,87.151167,920
1290.426216,84.510125,83.754416,922
1290.506271,118.376708,117.794542,923
1290.517062,118.647958,117.829250,924
1290.547760,94.692209,93.853083,925
1290.667798,208.549250,207.432166,926
1290.694597,121.755958,120.967000,928
1290.702622,138.364917,137.382291,927
1290.754290,78.612625,77.867417,929
1290.837660,82.214125,81.605125,930
1290.865406,79.231542,78.257375,931
1290.967406,70.045792,69.408500,932
1291.104627,95.077500,94.386541,934
1291.114564,106.090542,105.440708,933
1291.122578,84.620959,83.877792,935
1291.187935,68.409250,67.785375,936
1291.197652,41.411125,40.980042,937
1291.238850,48.923292,48.300000,938
1291.274801,44.229209,43.475250,939
1291.382338,40.680208,40.395542,940
1291.432658,41.424834,40.762167,941
1291.493635,40.799500,40.515125,942
1291.604636,40.683125,39.965916,943
1291.700728,25.643916,25.114250,944
1291.821125,34.965000,34.255667,945
1291.922353,25.110167,24.649334,946
1292.037465,51.929792,51.222792,947
1292.050423,63.010209,62.406750,948
1292.062660,54.325542,53.901167,949
1292.162718,43.224709,42.675500,950
1292.178927,38.797500,38.189667,951
1292.283776,53.170250,52.492125,952
1292.373412,31.703875,31.189375,954
1292.387240,47.963417,47.465542,953
1292.483705,30.906458,30.539541,955
1292.623606,59.669167,58.932125,956
1292.753515,78.407875,77.735000,957
1292.837233,51.124791,50.826125,958
1292.965064,67.795584,67.090917,959
1293.000614,50.632167,50.061083,960
1293.044757,36.369958,36.003625,961
1293.067148,58.177000,57.491292,962
1293.129403,34.218333,33.814959,964
1293.147123,76.451667,75.759542,963
1293.176654,57.211875,56.847583,965
1293.222295,56.438667,55.574167,966
1293.239827,55.540042,55.152416,967
1293.265263,57.662500,57.038333,968
1293.299129,68.539625,67.797917,969
1293.383921,56.979125,56.496125,971
1293.390182,75.734167,75.195750,970
1293.400309,58.602833,58.061500,972
1293.482725,61.969833,61.315917,973
1293.510996,73.369334,72.720083,974
1293.512585,59.763666,59.263166,975
1293.548119,83.271125,82.616625,976
1293.587925,101.164875,100.476250,977
1293.633526,69.580583,68.959625,978
1293.725777,50.688750,50.032500,979
1293.830631,44.473917,43.946584,980
1293.929336,32.043667,31.581375,981
1294.081348,72.956625,72.528750,982
1294.101666,31.488042,30.936792,983
1294.190192,70.728292,70.162750,984
1294.203369,54.786667,54.263709,985
1294.239552,44.077250,43.572375,987
1294.246081,73.953542,73.487750,986
1294.299903,69.302917,68.719583,988
1294.375788,54.883208,54.208583,989
1294.386373,44.712500,44.203542,990
1294.467801,52.688416,52.080875,991
1294.500542,47.709083,47.159583,992
1294.553650,41.587875,41.104291,993
1294.598337,34.366792,33.903042,994
1294.629225,26.756625,26.376291,995
1294.717901,42.861000,42.168000,996
1294.827663,41.481709,41.006875,997
1294.895785,48.267042,47.793667,998
1294.946461,49.183750,48.524292,999
1294.984595,40.992291,40.445125,1000
1295.073936,65.566083,64.969042,1001
1295.169455,49.943250,49.485917,1002
1295.272121,41.519625,40.954084,1003
1295.305969,37.595541,36.950958,1004
1295.361664,75.885834,74.961833,1005
1295.416482,74.770792,74.201750,1006
1295.540343,112.554750,111.815083,1008
1295.543420,123.481458,123.009250,1007
1295.573418,120.590166,119.128917,1009
1295.648121,93.877875,93.119833,1010
1295.662623,98.669666,98.046375,1011
1295.744465,69.356875,68.547501,1012
1295.851814,65.601667,64.921791,1013
1295.967907,70.597041,69.874583,1014
1296.059844,64.469125,63.737917,1015
1296.067748,59.198417,58.674583,1016
1296.161990,42.509541,42.107917,1017
1296.184184,53.513834,52.733625,1018
1296.213329,78.355667,77.737917,1019
1296.280081,49.406291,48.740709,1020
1296.386332,44.613333,44.185459,1021
1296.422121,55.770459,55.117708,1022
1296.526953,74.138458,73.464416,1023
1296.617185,53.248708,52.517791,1024
1296.664222,40.908292,40.434916,1025
1296.702051,27.008334,26.532042,1026
1296.800113,46.530750,45.797208,1027
1296.837531,51.371833,50.815042,1028
1296.947790,50.948041,50.027250,1030
1296.952071,64.389792,63.841166,1029
1296.968770,71.502958,70.967458,1031
1297.021341,94.028959,93.155125,1032
1297.031554,53.375583,52.590125,1034
1297.057160,48.814500,48.136667,1035
1297.076411,146.348708,145.473708,1033
1297.116754,88.767000,88.048042,1036
1297.155982,36.461542,36.003333,1037
1297.272151,41.524291,41.117125,1038
1297.383751,42.069416,41.563959,1039
1297.481058,58.493750,57.978667,1040
1297.492469,57.236375,56.507791,1041
1297.498740,62.171667,61.682542,1042
1297.538502,93.124208,92.659292,1043
1297.576397,123.571292,122.851458,1044
1297.586609,76.535666,75.791042,1045
1297.605988,42.067084,41.555792,1046
1297.731404,56.381792,55.964708,1047
1297.837187,51.020376,50.648792,1048
1297.922925,25.656458,25.189500,1049
1297.957215,58.170000,57.524541,1050
1298.016916,38.797792,38.284458,1051
1298.055161,46.754458,45.946833,1052
1298.144054,58.168250,57.765459,1053
1298.163991,58.615959,58.060333,1054
1298.188465,68.976833,68.268083,1055
1298.223910,56.224875,55.562792,1056
1298.241815,51.424625,50.796667,1057
1298.285149,54.554500,53.992166,1058
1298.377616,35.913208,35.443916,1059
1298.414797,54.491792,54.024833,1060
1298.507737,54.917042,54.207126,1061
1298.542925,43.333501,42.721000,1062
1298.587657,60.094125,59.538500,1063
1298.605324,41.409666,40.924625,1064
1298.660070,45.182083,44.661750,1065
1298.704220,53.108125,52.569417,1066
1298.732672,63.444500,62.940792,1067
1298.757151,82.088125,81.398042,1068
1298.772610,66.824625,66.235750,1069
1298.813429,27.265583,26.466709,1071
1298.816039,66.649625,65.864167,1070
1298.844249,25.134959,24.660125,1072
1298.940579,43.334958,42.924292,1073
1298.949188,47.336916,46.633125,1074
1298.994151,56.007583,55.158542,1075
1299.057619,49.234500,48.560750,1076
1299.105893,46.009541,45.522167,1077
1299.111810,46.042792,45.380125,1078
1299.170894,44.342375,43.745625,1080
1299.181316,61.825458,61.372792,1079
1299.199953,44.166208,43.383375,1081
1299.253099,49.287000,48.814500,1082
1299.276854,46.276125,45.727792,1083
1299.391525,49.791292,49.312083,1084
1299.444504,61.790166,61.202458,1085
1299.467386,65.738458,64.185917,1086
1299.508811,103.645500,102.944625,1087
1299.515073,62.276084,61.643459,1089
1299.537853,90.303208,89.573459,1088
1299.578231,113.459208,112.712250,1090
1299.581535,57.441417,56.784000,1091
1299.629972,41.289500,40.795709,1093
1299.633605,69.656709,69.118292,1092
1299.721305,46.239375,45.821125,1095
1299.723063,52.306625,51.629958,1094
1299.802372,48.865250,48.426292,1096
1299.843162,56.981167,56.268041,1097
1299.949290,52.045001,51.689167,1098
1300.065472,57.099292,56.303334,1099
1300.092304,42.005541,41.415500,1100
1300.161462,41.980750,41.358333,1101
1300.190565,48.682666,48.060834,1103
1300.193450,66.696000,66.009417,1102
1300.261779,31.246833,30.894209,1105
1300.310626,80.126667,79.555000,1104
1300.428859,87.134542,86.519416,1106
1300.482097,95.825333,95.210500,1107
1300.541345,87.871875,87.271334,1108
1300.664347,114.398084,113.804833,1109
1300.681425,117.114958,115.966667,1110
1300.737324,145.242709,144.498084,1111
1300.750495,143.533542,142.055958,1112
1300.827680,194.509000,193.091208,1113
1300.877473,91.129208,90.384000,1115
1300.920167,243.851125,243.434041,1114
1300.978304,80.819666,80.074458,1116
1301.076030,66.752583,65.803208,1117
1301.157845,38.331125,37.732334,1118
1301.265669,35.017500,34.649125,1119
1301.421048,79.294250,78.617875,1120
1301.493979,41.134917,40.638791,1121
1301.531756,56.755709,56.039083,1122
1301.615242,51.291334,50.554292,1123
1301.655547,45.103334,44.379417,1124
1301.660330,39.558459,38.828125,1125
1301.716327,41.216000,40.559458,1126
1301.832489,46.935292,46.358083,1127
1301.835178,48.993291,48.568334,1128
1301.904205,41.096125,40.623625,1130
1301.946301,49.040834,48.624625,1131
1301.955281,122.751708,81.482625,1129
1301.979803,78.672416,77.961625,1132
1302.066443,58.032916,57.425958,1133
1302.189147,69.640375,68.924042,1134
1302.215181,68.182042,67.578875,1135
1302.230704,71.123209,70.372750,1136
1302.241400,78.155000,77.473958,1137
1302.293027,62.422208,62.067250,1138
1302.367677,25.949000,25.277875,1139
1302.473299,35.240042,34.745667,1140
1302.496786,43.957375,43.366750,1141
1302.607115,45.435542,44.866500,1142
1302.625513,61.605833,61.024250,1143
1302.722455,47.378625,46.720334,1144
1302.792572,48.500083,47.792500,1145
1302.831315,45.181500,44.475083,1146
1302.934232,36.949792,36.441125,1147
1302.993888,73.956459,73.178291,1148
1303.047090,33.760125,33.107375,1151
1303.078386,69.114209,68.604375,1150
1303.078573,70.219042,69.533333,1149
1303.144390,24.898708,24.444583,1152
1303.217605,41.256833,40.757209,1153
1303.255894,25.276416,24.835125,1154
1303.339155,43.838958,43.359167,1155
1303.385678,61.537583,60.823583,1156
1303.395862,54.179125,53.594917,1157
1303.429264,76.472959,76.035167,1158
1303.492115,39.272041,38.665083,1160
1303.497514,55.199666,54.823125,1159
1303.636342,72.415000,71.720833,1161
1303.708794,33.738542,33.100958,1163
1303.738463,77.370125,76.879250,1162
1303.824137,77.693875,77.155167,1164
1303.843254,57.096375,56.671708,1165
1303.867453,58.927458,58.249041,1166
1303.948403,51.104083,50.387167,1167
1304.051642,43.257959,42.786916,1168
1304.079931,62.072208,61.326417,1169
1304.095733,31.018459,30.480917,1170
1304.154818,35.338333,34.692875,1171
1304.267902,37.310583,36.677958,1172
1304.313740,51.426959,50.819417,1173
1304.353186,34.976375,34.552875,1174
1304.386407,44.721833,44.106125,1175
1304.503757,50.912459,50.314833,1176
1304.605779,41.820042,41.041875,1177
1304.709961,34.928542,34.320125,1178
1304.785826,43.276333,42.806750,1179
1304.831681,45.522458,44.916083,1180
1304.858475,62.040125,61.418291,1181
1304.868147,45.052875,44.411792,1182
1304.942167,44.898291,44.373291,1183
1304.995739,51.937375,51.291917,1184
1304.997029,38.234292,37.762666,1185
1305.037985,29.587250,29.119125,1186
1305.077515,54.189917,53.534250,1187
1305.100367,38.303416,37.900333,1188
1305.182282,62.786208,62.361542,1189
1305.195550,47.999292,47.351208,1190
1305.276423,45.801875,45.356209,1191
1305.330699,45.779125,45.258500,1192
1305.416903,91.147583,89.474875,1193
1305.445726,104.015333,103.386792,1194
1305.488152,112.025083,111.129958,1195
1305.535680,82.240376,81.694084,1196
1305.575332,76.295916,74.157417,1197
1305.639862,75.917041,75.325250,1198
1305.698472,77.231583,76.451084,1199
1305.767611,92.491583,91.466667,1200
1305.836149,111.241666,110.443666,1201
1305.880753,120.417208,119.961625,1202
1305.894276,107.941458,107.481792,1204
1306.004168,106.730750,105.922833,1205
1306.011182,225.012084,224.410084,1203
1306.108058,143.295250,142.086000,1206
1306.111790,103.419458,102.550000,1208
1306.129653,154.130083,153.433875,1207
1306.200525,80.989126,80.429417,1210
1306.208466,158.326292,157.580500,1209
1306.249907,60.680959,60.019167,1211
1306.261765,31.134250,30.505709,1212
1306.311545,41.081541,40.579875,1213
1306.396124,54.391166,53.649750,1214
1306.479344,56.405125,55.996208,1215
1306.485425,32.589958,32.055625,1216
1306.616152,52.227875,51.788333,1217
1306.661503,60.394542,59.914458,1218
1306.708936,75.300167,74.675125,1220
1306.715702,92.935792,88.694959,1219
1306.740911,65.817209,64.823208,1221
1306.754685,58.244666,57.612625,1222
1306.776125,52.565917,51.869125,1223
1306.823878,99.529500,99.020250,1224
1306.835465,49.316166,48.662833,1225
1306.894623,36.212167,35.613084,1226
1306.933527,36.258250,35.525000,1227
1306.995110,37.026791,36.492458,1228
1307.037532,29.185041,28.513917,1229
1307.157935,38.472875,37.968875,1230
1307.266453,35.831250,35.195125,1231
1307.377786,36.056416,35.326084,1232
1307.513040,60.220708,59.606458,1233
1307.521765,54.942416,54.157250,1234
1307.538981,71.243084,70.531708,1235
1307.600898,36.971376,36.464458,1236
1307.736488,61.391750,60.779250,1237
1307.842407,56.251708,55.496291,1238
1307.931264,33.987916,33.427625,1239
1307.981799,63.303042,62.613833,1240
1308.067072,58.677208,58.002875,1241
1308.159648,40.149667,39.784792,1242
1308.268818,38.230791,37.711041,1243
1308.381894,40.179125,39.713916,1244
1308.439342,40.917625,40.460875,1245
1308.514815,61.982667,61.403416,1246
1308.642848,78.901083,78.244542,1247
1308.753896,78.802500,78.156750,1248
1308.838877,52.719042,52.107708,1249
1308.943897,46.653834,46.368000,1250
1309.067516,44.730875,44.120709,1252
1309.067782,59.415709,58.943791,1251
1309.191900,72.386125,71.874834,1253
1309.260840,51.268584,50.642375,1254
1309.283184,52.587500,51.692084,1255
1309.304198,42.856917,42.322000,1256
1309.374707,32.997125,32.677750,1257
1309.436162,81.002250,80.246833,1258
1309.497916,45.138042,44.349667,1260
1309.497952,49.116667,48.637458,1259
1309.580556,51.273250,50.668917,1261
1309.597400,61.124000,60.325125,1262
1309.631953,72.022709,71.351292,1263
1309.642105,78.161417,77.217583,1264
1309.696202,81.137875,80.623959,1266
1309.700149,61.740292,61.212958,1267
1309.716424,127.578500,126.802667,1265
1309.770492,32.252208,31.608208,1269
1309.779483,104.450792,103.577834,1268
1309.822600,36.467667,35.866833,1270
1309.910267,41.791750,41.277833,1271
1309.939461,42.151958,41.583208,1272
1309.950434,36.517542,35.940917,1273
1310.070599,62.221541,61.565583,1274
1310.158672,45.033041,44.602541,1275
1310.175166,55.692000,55.139000,1276
1310.225631,35.530250,35.079334,1277
1310.299411,68.800375,68.376584,1278
1310.425892,84.137958,83.367958,1279
1310.509564,56.720125,56.084000,1280
1310.592373,67.109291,65.454958,1281
1310.642183,78.096375,77.054541,1282
1310.756764,81.685042,80.984167,1283
1310.867064,80.907166,80.132500,1284
1310.924467,88.063500,87.580500,1285
1310.972796,75.406916,73.710875,1286
1311.079250,70.865667,70.225166,1287
1311.101948,50.158792,49.665875,1288
1311.119635,53.890084,53.321917,1289
1311.168378,48.883042,48.265000,1290
1311.195238,46.275541,45.718750,1291
1311.283360,52.775917,52.475791,1292
1311.334947,64.952417,64.232291,1293
1311.384239,46.388417,45.792833,1294
1311.389826,48.125583,47.717250,1295
1311.438093,45.817333,45.132792,1296
1311.464795,61.511916,60.645667,1297
1311.490699,37.877875,37.181375,1298
1311.592614,28.662959,28.117833,1299
1311.659622,51.717458,51.009583,1301
1311.672480,69.546750,69.036041,1300
1311.714515,96.523875,95.677166,1302
1311.720877,94.973084,94.195500,1303
1311.734240,66.989125,66.446334,1304
1311.797294,122.217083,121.606625,1305
1311.853419,67.307625,66.693666,1306
1311.872249,33.969542,33.411000,1307
1311.927078,52.608209,52.124916,1308
1311.964261,66.071542,65.408292,1310
1311.976144,78.901084,78.323875,1309
1311.988895,88.274375,87.798958,1311
1312.053848,115.295833,114.473041,1312
1312.073360,64.974875,64.369958,1313
1312.079338,69.068708,68.331666,1314
1312.105627,83.652625,83.125000,1315
1312.125358,45.658375,45.087000,1316
1312.171645,52.134833,51.611000,1317
1312.189156,57.806875,57.062833,1318
1312.271460,40.910041,40.465250,1319
1312.344162,42.528791,41.791167,1321
1312.355945,68.673500,68.262250,1320
1312.393034,51.302709,50.798708,1322
1312.413136,65.259250,64.518417,1323
1312.426835,53.029958,52.395583,1324
1312.489377,36.534458,36.052626,1325
1312.605252,41.300584,40.788416,1326
1312.703562,75.738542,75.171250,1327
1312.715336,40.269833,39.806083,1328
1312.783764,43.937542,43.271375,1329
1312.813920,27.774250,27.262958,1330
1312.934637,37.396333,37.039041,1331
1312.974491,62.286292,61.582209,1332
1313.000147,56.449458,55.898500,1333
1313.090172,81.771084,81.118625,1334
1313.189831,70.340084,69.835209,1335
1313.292301,61.724250,61.213833,1336
1313.313521,47.335166,46.836709,1337
1313.351580,73.908625,73.292041,1338
1313.400129,58.423459,57.929958,1339
1313.421687,53.910791,53.415250,1340
1313.432786,64.475541,63.900958,1341
1313.499083,46.271167,45.675000,1343
1313.502576,50.515500,49.905042,1342
1313.595875,46.578875,46.020333,1344
1313.610144,46.198834,45.720208,1345
1313.739340,64.253583,63.599958,1346
1313.846385,50.700708,49.947333,1348
1313.848695,62.523708,62.087667,1347
1313.875921,59.552208,58.723000,1349
1313.933081,35.820167,35.338042,1350
1313.991228,42.546875,42.112000,1352
1313.992264,64.925875,64.195833,1351
1314.044880,36.524250,35.959875,1353
1314.158200,38.739167,38.259375,1354
1314.269712,39.097042,38.595083,1356
1314.274809,48.438833,47.917625,1355
1314.309811,44.929500,44.085417,1357
1314.347978,52.488333,51.812542,1358
1314.400150,58.451750,57.866375,1359
1314.482984,45.847375,45.171000,1360
1314.493601,40.745834,39.986334,1361
1314.631626,67.715376,67.170250,1362
1314.635561,57.943959,57.535042,1364
1314.637294,72.790375,72.204709,1363
1314.717652,42.565250,42.065917,1365
1314.822860,36.704792,36.236666,1366
1314.934207,36.915958,36.272250,1367
1315.034346,25.962125,25.405042,1368
1315.112073,38.265208,37.568417,1369
1315.159116,41.978708,41.434167,1370
1315.169846,50.356541,49.772042,1371
1315.238488,41.188292,40.818167,1372
1315.266311,35.695625,35.155459,1373
1315.354730,47.989083,47.301334,1374
1315.430435,88.689125,87.729250,1375
1315.515570,109.225083,108.296125,1376
1315.548320,115.972208,112.398417,1377
1315.572717,119.857791,119.135041,1378
1315.643637,78.996750,74.526958,1379
1315.759034,83.936708,83.343167,1380
1315.809850,109.144584,108.294667,1381
1315.872824,136.875084,134.853834,1382
1315.896169,152.338375,150.268708,1383
1315.951156,129.751417,129.079708,1387
1316.014273,249.751542,248.901625,1384
1316.037294,139.641250,138.262542,1388
1316.082349,99.204875,98.742584,1390
1316.105977,319.533084,318.663917,1385
1316.171172,82.074125,81.521417,1392
1316.189979,400.035126,399.335417,1386
1316.210165,98.042000,97.277250,1393
1316.231249,298.710417,298.106667,1389
1316.273569,263.914875,263.222458,1391
1316.322919,65.504250,64.853250,1397
1316.324250,93.704917,92.785875,1396
1316.356354,242.749500,239.976333,1394
1316.394949,53.283125,52.753458,1398
1316.431983,47.260792,46.535125,1399
1316.447192,327.613125,286.609167,1395
1316.494102,41.283667,40.753125,1400
1316.594376,30.445917,29.933458,1401
1316.702253,27.143667,26.681958,1402
1316.764593,46.609500,46.026166,1403
1316.789714,51.580083,50.984500,1404
1316.819970,55.229708,54.672333,1405
1316.828337,42.194833,41.644750,1406
1316.973322,76.059667,75.359083,1407
1317.054146,45.743250,45.084375,1408
1317.155268,35.754833,35.122791,1409
1317.191740,36.917125,36.400292,1410
1317.236923,52.404917,51.608375,1411
1317.273268,42.656250,41.987458,1412
1317.378135,36.417792,35.944126,1413
1317.489335,39.830583,39.157709,1414
1317.504377,51.495792,50.600084,1415
1317.609691,45.753166,44.950500,1416
1317.716516,41.472375,40.853166,1417
1317.806198,29.661916,29.041541,1418
1317.865763,79.558792,78.782958,1419
1317.890075,33.208292,32.603083,1420
1317.932361,35.091000,34.577667,1421
1318.023901,47.628291,46.970000,1422
1318.036995,52.164292,51.460500,1423
1318.080755,72.411792,71.842167,1424
1318.169885,50.416333,49.748709,1425
1318.192962,50.808042,50.442875,1426
1318.242429,49.995750,49.233333,1427
1318.265468,34.857084,34.263250,1428
1318.396822,55.120041,54.498209,1429
1318.445994,42.731792,42.049292,1430
1318.499884,47.060125,46.456958,1431
1318.503279,45.975708,45.285625,1432
1318.602151,38.236333,37.795042,1433
1318.640418,73.945083,73.284458,1434
1318.721033,45.931667,45.331709,1435
1318.843658,57.495083,56.915542,1436
1318.922435,57.830792,57.248917,1437
1318.933569,66.280667,65.597292,1438
1318.944482,47.208875,46.495167,1439
1318.999531,83.643000,82.898083,1440
1319.057243,48.893250,48.358917,1441
1319.149124,29.661625,29.132250,1442
1319.271571,40.975667,40.486250,1443
1319.391591,49.874708,49.372458,1444
1319.494089,41.271709,40.623334,1445
1319.605084,41.177791,40.457667,1446
1319.732447,57.364417,56.835333,1447
1319.764794,45.027500,44.439500,1448
1319.818915,32.802584,32.118041,1450
1319.828470,72.966541,72.200916,1449
1319.926629,69.112167,68.695667,1451
1319.941868,44.597291,43.921209,1452
1320.014612,42.967750,42.321125,1453
1320.035938,27.536542,26.979750,1454
1320.149946,46.783042,46.217208,1455
1320.161703,42.186958,41.432125,1456
1320.313181,82.584542,82.079375,1457
1320.314844,43.418083,40.806792,1458
1320.354880,69.182750,68.476042,1459
1320.409311,110.004708,109.466292,1460
1320.424713,95.057667,93.971792,1461
1320.493963,152.276833,150.696875,1462
1320.530776,77.952583,77.136791,1463
1320.652341,88.313458,87.672375,1464
1320.693271,96.625666,95.961541,1465
1320.749183,74.048625,73.327625,1466
1320.881437,95.213417,94.425917,1467
1320.883916,89.209458,88.491667,1468
1320.996471,99.180667,96.814958,1469
1321.032741,114.178167,113.683500,1470
1321.083423,129.469667,128.891583,1471
1321.106241,134.730458,133.966584,1472
1321.134199,68.209750,67.454041,1475
1321.172932,55.204333,54.618959,1476
1321.180359,172.162375,170.611291,1473
1321.202293,52.489792,51.923083,1478
1321.218728,209.683250,209.242542,1474
1321.246958,127.478458,126.529667,1477
1321.310670,80.062791,79.308250,1479
1321.400935,59.203667,58.616833,1480
1321.507431,54.613708,54.061875,1481
1321.540465,47.842375,47.308916,1482
1321.623571,59.642042,59.077375,1483
1321.636888,59.747625,59.164000,1484
1321.647688,44.560250,44.050708,1485
1321.719399,40.783167,40.234834,1487
1321.737362,53.918959,53.375000,1488
1321.762211,87.174792,86.565792,1486
1321.829955,43.843334,43.424500,1490
1321.848647,62.594292,62.152125,1489
1321.880130,79.721833,79.114583,1491
1321.938963,41.673625,40.981792,1492
1321.961658,52.602958,52.189666,1493
1321.982744,54.624500,53.997708,1494
1322.044411,60.126500,59.703292,1495
1322.074836,66.482500,66.046750,1496
1322.093081,41.214250,40.575208,1497
1322.122853,50.271667,49.501958,1498
1322.154701,35.212625,34.517583,1499
1322.213374,39.983708,39.352834,1501
1322.221142,53.246959,52.553959,1500
1322.279927,49.308876,48.631625,1502
1322.378785,37.069958,36.484291,1503
1322.434429,63.174417,62.485209,1504
1322.442453,66.685209,65.817500,1505
1322.445630,56.536958,56.136791,1506
1322.487172,34.360958,33.915291,1508
1322.512221,114.556458,113.687000,1507
1322.525689,49.362541,48.888583,1509
1322.596274,35.048708,34.592250,1510
1322.608859,44.914625,44.199750,1511
1322.711178,45.627750,45.182083,1512
1322.734679,59.637375,59.170416,1513
1322.766648,71.169875,70.417667,1514
1322.839295,53.166167,52.636791,1515
1322.885726,38.785542,38.425042,1516
1322.940427,43.187375,42.700584,1517
1323.015336,51.433084,50.850625,1518
1323.053568,54.727459,54.383875,1519
1323.074187,68.266042,67.600459,1520
1323.089488,81.145458,80.322958,1521
1323.123523,64.953583,64.473500,1523
1323.149678,103.866875,103.138000,1522
1323.151268,73.293500,72.374750,1525
1323.201457,132.868750,125.286875,1524
1323.248398,73.310125,72.531959,1529
1323.251080,65.361333,64.648500,1530
1323.264288,184.492583,183.912459,1526
1323.341132,40.962250,40.224333,1533
1323.342135,257.019000,215.625375,1527
1323.353387,233.887208,233.228625,1528
1323.387730,46.070500,45.525959,1534
1323.403323,173.698875,173.076459,1531
1323.456635,64.162292,63.662083,1535
1323.462987,58.510666,57.827875,1536
1323.475182,244.613541,243.573166,1532
1323.503056,65.149292,64.375792,1537
1323.539665,88.120375,87.341333,1538
1323.572557,119.761834,119.029750,1539
1323.599819,35.905041,35.234792,1540
1323.630588,46.052125,45.320042,1541
1323.675710,44.805834,44.229500,1542
1323.694590,39.679501,39.174917,1543
1323.742452,67.380542,66.667125,1544
1323.789341,47.936000,47.382125,1545
1323.851538,65.345875,64.661916,1546
1323.852232,44.796500,44.293375,1547
1323.899432,38.824333,38.424459,1548
1323.961695,64.431500,63.573125,1549
1323.975363,56.196292,55.497750,1550
1323.991525,60.635167,59.904250,1551
1324.066338,63.490000,62.640083,1553
1324.069555,70.713417,70.108208,1552
1324.072873,64.501500,63.742584,1554
1324.163622,44.136458,43.857916,1555
1324.272595,42.018375,41.720000,1556
1324.322904,36.302875,33.403708,1558
1324.340155,70.976208,70.352334,1557
1324.393592,68.515708,67.769625,1560
1324.397401,94.711458,93.737292,1559
1324.403302,61.616625,60.953084,1561
1324.476335,42.379458,41.870500,1562
1324.504240,51.413541,50.957083,1563
1324.538868,60.438875,59.966375,1564
1324.609032,45.126375,44.802625,1565
1324.668071,61.201000,60.416709,1566
1324.710273,35.187250,34.836375,1567
1324.741932,53.844875,53.148083,1568
1324.843582,57.419250,57.060209,1569
1324.863670,45.022250,44.397500,1570
1324.935687,38.427667,37.815167,1571
1324.974987,57.011500,56.532875,1572
1325.047719,42.795083,42.357875,1573
1325.073892,65.482375,64.890583,1574
1325.103506,76.507958,75.901292,1575
1325.104783,73.908625,73.159917,1576
1325.150119,87.637084,87.134834,1577
1325.191382,71.887084,71.082958,1578
1325.275328,44.730292,44.061791,1579
1325.294600,44.957209,44.389625,1580
1325.321645,51.789208,51.089208,1581
1325.377685,82.215875,81.591125,1582
1325.435193,117.551875,116.404166,1583
1325.484446,142.524666,142.033500,1584
1325.510373,167.400334,166.229000,1585
1325.554827,101.130166,100.383500,1588
1325.636309,248.406666,247.529333,1586
1325.679994,143.824333,142.818375,1590
1325.706903,143.000667,142.530792,1593
1325.743145,310.605459,309.505292,1587
1325.854460,398.790001,398.118875,1589
1325.867177,174.024959,133.487959,1596
1325.885617,158.244333,116.573917,1597
1325.955491,414.494209,412.665750,1591
1326.024295,169.805708,128.428125,1599
1326.055230,157.889958,116.154500,1600
1326.076406,531.211626,530.247084,1592
1326.126753,118.383708,116.210792,1601
1326.168426,109.930333,108.663333,1602
1326.186060,553.946459,551.587167,1594
1326.242635,81.864417,81.083917,1605
1326.243092,568.079751,565.381250,1595
1326.297748,513.901792,512.677375,1598
1326.303336,72.735250,72.097959,1607
1326.313279,52.152042,51.396917,1608
1326.343227,241.926708,241.415708,1603
1326.402685,283.245084,281.990917,1604
1326.413964,72.295125,70.491750,1610
1326.415296,76.517875,75.964583,1609
1326.510381,349.449334,306.233959,1606
1326.510833,58.036708,57.130792,1613
1326.523439,180.480709,179.824458,1611
1326.565376,87.113833,86.654750,1615
1326.577168,56.784000,56.147583,1617
1326.593846,188.942251,188.155334,1612
1326.645160,37.886042,37.148125,1620
1326.650098,172.097042,171.156125,1614
1326.696723,193.565459,191.259250,1616
1326.745175,70.122208,69.480250,1621
1326.750394,74.797042,74.246667,1622
1326.808252,266.485917,224.987000,1618
1326.827965,41.821792,41.029916,1625
1326.835284,271.355875,270.748334,1619
1326.865254,51.368042,50.752333,1626
1326.880401,176.870167,176.156458,1623
1326.928975,224.004666,223.439417,1624
1326.944652,51.550333,51.047500,1627
1326.949329,52.075625,51.203250,1628
1327.061039,52.662458,52.042375,1629
1327.156344,36.885625,36.415167,1630
1327.208301,58.475376,57.876876,1631
1327.274813,44.211417,43.608833,1632
1327.380219,38.486000,37.877583,1633
1327.441525,38.295542,37.655917,1634
1327.514055,61.231916,60.420792,1636
1327.515265,82.994625,82.525625,1635
1327.516127,58.966541,58.275583,1637
1327.588671,24.736834,24.435250,1638
1327.710083,34.997083,34.617917,1639
1327.761895,68.731834,67.580625,1642
1327.765390,75.273625,74.800833,1641
1327.776233,97.716208,97.111000,1640
1327.810713,113.833416,113.246292,1643
1327.853241,67.133500,66.579333,1645
1327.859186,55.086792,54.393792,1646
1327.869927,138.019000,137.359834,1644
1327.912454,75.682834,75.080250,1647
1327.943112,45.858167,45.081459,1649
1327.950263,106.806584,106.009751,1648
1328.036159,48.284833,47.602625,1651
1328.036717,73.559208,72.992792,1650
1328.064207,55.852417,54.907709,1652
1328.098186,77.630000,75.781709,1653
1328.108986,58.132667,57.540583,1655
1328.156972,122.174500,121.677792,1654
1328.157553,61.933958,61.445125,1656
1328.169971,50.499750,50.019958,1658
1328.221356,116.079250,115.197250,1657
1328.289114,58.485291,57.859959,1662
1328.294320,173.538167,172.874042,1659
1328.314634,89.537291,88.878417,1661
1328.347582,211.020250,210.433125,1660
1328.385031,148.731333,148.191750,1663
1328.426514,84.859250,84.425250,1665
1328.444427,193.863250,193.053584,1664
1328.458321,66.217083,65.378250,1666
1328.495712,42.865375,42.078459,1667
1328.605214,41.280167,40.773542,1668
1328.702419,81.210500,80.472292,1669
1328.704142,29.148000,28.566125,1670
1328.761504,33.042042,32.675125,1672
1328.779995,62.214542,61.638500,1671
1328.827395,64.355959,63.776125,1673
1328.847610,61.479542,60.834667,1675
1328.861518,92.745041,92.200208,1674
1328.921403,129.025166,126.775542,1676
1328.929161,61.435792,60.865000,1677
1328.937253,59.477250,58.683917,1678
1328.960852,79.214333,78.376083,1679
1328.999829,102.589083,101.782625,1680
1329.017786,51.302125,50.790542,1681
1329.053351,47.657166,47.040291,1682
1329.060903,52.511083,51.813417,1683
1329.177649,69.993583,69.309334,1684
1329.183076,67.730542,67.058250,1686
1329.184466,73.939833,73.318583,1685
1329.230467,111.024667,110.486833,1687
1329.230551,44.086000,43.501208,1689
1329.288627,129.500292,128.571917,1688
1329.316496,85.886209,85.361209,1690
1329.317854,73.051126,72.412667,1691
1329.354584,95.624376,94.976001,1692
1329.408612,75.166583,74.461625,1694
1329.413084,153.234958,152.481875,1693
1329.434169,92.506750,91.895708,1695
1329.457892,42.378000,40.684875,1698
1329.481808,82.860750,82.199250,1696
1329.501980,49.172375,48.526334,1699
1329.532273,125.955667,124.948541,1697
1329.588893,86.985209,86.419667,1700
1329.601987,38.075333,37.459333,1702
1329.637624,78.544375,77.979125,1701
1329.667792,46.086834,45.436708,1704
1329.683092,109.920416,109.251916,1703
1329.736963,61.938917,61.469625,1705
1329.761956,52.296709,51.796500,1706
1329.815956,43.438209,42.851959,1707
1329.832392,46.197083,45.379833,1708
1329.881147,36.024916,35.323750,1709
1329.909385,35.404250,34.883916,1710
1329.961325,64.061667,63.517417,1711
1330.050037,41.689667,41.130542,1712
1330.068255,47.871834,47.120792,1713
1330.107836,49.569916,48.999125,1714
1330.136260,53.292166,51.747792,1715
1330.163186,47.656000,46.778083,1716
1330.202393,82.913833,81.998583,1717
1330.227288,59.798667,59.356792,1719
1330.228218,62.885958,62.180417,1718
1330.281138,90.568916,89.693917,1720
1330.294499,91.518583,90.820917,1721
1330.308640,78.050583,77.314709,1723
1330.329045,110.936000,110.195459,1722
1330.444399,182.291375,174.859417,1724
1330.484366,142.650375,141.956791,1727
1330.495205,138.492958,137.513250,1728
1330.524454,259.617750,258.800791,1725
1330.621315,329.889583,325.406958,1726
1330.710141,144.724417,143.863709,1733
1330.729178,323.044167,322.076417,1729
1330.729252,148.939001,147.739376,1734
1330.851049,422.301542,421.149750,1730
1330.886314,176.132542,133.509542,1737
1330.929133,199.920292,155.111834,1738
1330.967644,514.842417,512.602417,1731
1331.025324,174.251875,133.563209,1740
1331.060310,173.971875,133.138833,1741
1331.117141,662.465417,620.043375,1732
1331.180268,567.094792,566.398583,1735
1331.182402,157.041500,116.081000,1744
1331.236256,175.909417,134.852958,1745
1331.273148,92.859666,52.070083,1747
1331.291302,662.347000,621.141208,1736
1331.339270,102.977000,61.800667,1749
1331.354268,625.004917,583.324000,1739
1331.373284,100.111084,58.720959,1750
1331.424330,495.163083,453.273042,1742
1331.432181,92.870750,51.816334,1752
1331.458227,490.567000,433.031083,1743
1331.509336,155.043584,113.868417,1753
1331.515215,398.054126,357.030917,1746
1331.531317,106.946584,65.637542,1755
1331.577200,394.769375,353.616959,1748
1331.593293,78.043875,36.365000,1759
1331.616155,106.781208,65.780750,1758
1331.643356,352.022709,310.896834,1751
1331.676198,98.956667,57.789084,1761
1331.700320,106.985083,65.499291,1762
1331.706240,332.917084,291.524041,1754
1331.746248,102.856833,61.197500,1764
1331.760144,83.909292,42.533750,1765
1331.775159,342.961500,300.472083,1756
1331.819281,112.998958,71.958542,1767
1331.832152,373.905291,333.114250,1757
1331.848310,102.039584,60.491083,1768
1331.880353,348.994333,306.682833,1760
1331.933221,101.044125,60.495750,1772
1331.934094,114.790084,73.621334,1771
1331.944300,328.117709,286.878083,1763
1331.992174,291.824458,250.838875,1766
1332.019299,85.186208,44.527291,1776
1332.063288,130.029376,89.117292,1775
1332.067217,307.052667,265.902584,1769
1332.078256,86.060042,44.875250,1778
1332.143190,368.016542,326.825042,1770
1332.154211,86.958958,45.363500,1781
1332.181308,117.980042,76.839291,1780
1332.233222,384.878084,338.685958,1773
1332.241250,98.038209,57.418667,1783
1332.257151,102.921000,61.656000,1784
1332.281308,400.915083,359.939126,1774
1332.338291,105.042583,63.612500,1786
1332.346312,401.970042,358.040667,1777
1332.355290,114.002875,72.020666,1787
1332.389154,369.818459,328.842501,1779
1332.431216,84.863042,44.286375,1791
1332.453149,114.824791,73.376333,1790
1332.461170,382.896500,341.503167,1782
1332.518220,336.870333,294.447125,1785
1332.534136,102.884834,61.561791,1794
1332.560141,106.971084,65.904708,1795
1332.575292,318.119375,276.742958,1788
1332.605230,86.972375,45.939833,1797
1332.649271,115.111208,73.780292,1798
1332.668206,92.866958,52.009708,1800
1332.671296,389.946667,348.663000,1789
1332.717240,361.902625,320.674667,1792
1332.760211,91.965125,49.582458,1803
1332.771237,382.054167,340.800250,1793
1332.772235,122.930792,81.538334,1802
1332.807252,346.061042,304.884126,1796
1332.856268,296.103209,255.140375,1799
1332.879205,118.950417,77.697959,1806
1332.895209,123.947542,83.248958,1807
1332.923316,318.059583,276.517501,1801
1332.980289,308.961334,267.286250,1804
1332.983225,126.920208,84.623292,1810
1332.984141,104.901417,63.930125,1811
1333.018213,300.944292,260.313959,1805
1333.080221,307.965875,266.664416,1808
1333.085258,102.008375,60.837875,1815
1333.092333,111.997375,70.856917,1814
1333.144198,336.926042,296.327208,1809
1333.175249,89.969250,49.219625,1819
1333.219206,323.974000,282.651833,1812
1333.224283,144.042792,103.044958,1818
1333.231330,87.099833,46.435959,1821
1333.274338,350.976500,309.215666,1813
1333.325314,101.002708,60.024125,1824
1333.329365,110.116709,69.061417,1823
1333.333335,349.167000,306.869500,1816
1333.373234,354.986917,313.595917,1817
1333.423280,97.928250,56.526750,1827
1333.440295,347.925959,305.716542,1820
1333.440295,110.890500,69.353958,1828
1333.480334,305.058250,263.491083,1822
1333.532286,300.913084,257.898667,1825
1333.553295,129.975417,88.949292,1831
1333.558328,117.975084,76.685876,1832
1333.588307,313.936000,272.245459,1826
1333.633314,299.943875,259.082834,1829
1333.657245,103.905084,62.249833,1836
1333.669207,136.880625,95.600167,1835
1333.686268,313.017834,267.864042,1830
1333.731259,97.905792,56.427875,1839
1333.752331,95.048917,53.424875,1840
1333.754305,313.947667,272.409375,1833
1333.809196,328.822958,287.964833,1834
1333.844329,91.958125,50.849166,1844
1333.873209,314.838709,273.540750,1837
1333.882141,150.856708,109.499250,1843
1333.927193,117.967791,76.518750,1846
1333.933316,344.977208,303.109917,1838
1333.964251,119.878208,79.039334,1847
1333.988150,318.908625,277.251625,1841
1334.039207,111.976083,71.402333,1850
1334.052166,118.814208,77.593542,1851
1334.054375,368.075458,327.072083,1842
1334.142304,90.110416,48.381667,1855
1334.143103,103.861625,63.099459,1854
1334.145484,391.134334,349.304375,1845
1334.181315,308.056584,267.076541,1848
1334.234235,91.898625,50.480501,1857
1334.247289,365.127876,323.158500,1849
1334.275147,132.025250,90.608875,1858
1334.297232,332.945959,291.512667,1852
1334.334304,100.029125,58.574833,1861
1334.342363,95.033750,53.915167,1862
1334.365137,376.964875,335.903167,1853
1334.408267,111.010667,69.458959,1864
1334.419247,364.832417,323.902542,1856
1334.446352,112.015167,70.188125,1865
1334.463311,317.780750,272.653792,1859
1334.512232,103.931333,62.456041,1868
1334.527216,345.863875,304.715542,1860
1334.536258,116.978750,75.658041,1869
1334.564148,288.984500,247.967125,1863
1334.634228,106.989750,65.924250,1873
1334.640306,128.046625,86.742542,1872
1334.649345,306.928709,265.568333,1866
1334.727132,361.974375,320.914709,1867
1334.729352,89.006458,46.939083,1877
1334.758309,311.915334,269.791084,1870
1334.765306,131.054292,90.081542,1876
1334.824217,360.870417,319.874625,1871
1334.842327,112.933042,71.270500,1880
1334.852255,125.107792,84.364000,1879
1334.907244,83.006000,41.909000,1883
1334.918286,381.985334,340.553792,1874
1334.947354,104.987751,63.025958,1884
1334.985140,420.977959,379.535625,1875
1335.021113,113.836917,72.308833,1886
1335.043306,124.988500,83.659042,1887
1335.061270,411.874458,367.546667,1878
1335.093279,108.114417,66.537334,1889
1335.123266,102.130292,61.130417,1890
1335.126313,367.962292,327.037667,1881
1335.161336,100.043417,59.370500,1892
1335.199294,433.943417,392.510417,1882
1335.220342,127.023167,86.038166,1893
1335.237209,113.904291,72.851625,1894
1335.244182,391.911333,351.192042,1885
1335.303288,103.951750,62.295625,1897
1335.315327,367.927875,326.795584,1888
1335.326302,105.917292,64.705375,1898
1335.369307,325.948875,284.321333,1891
1335.445337,142.004917,101.086416,1901
1335.463240,147.884042,105.100041,1902
1335.479307,352.951375,311.210959,1895
1335.606242,444.868084,402.497375,1896
1335.608721,163.355792,120.579959,1905
1335.617131,153.869333,111.347542,1906
1335.715517,478.269167,433.381667,1899
1335.788585,182.317334,140.508959,1908
1335.796279,187.535834,146.297666,1909
1335.815303,571.099375,530.407792,1900
1335.939433,613.097334,571.676292,1903
1335.955342,159.041750,116.548541,1913
1335.965311,176.681167,135.497542,1912
1336.044904,675.562125,629.976667,1904
1336.097537,158.065542,117.111458,1915
1336.133606,178.223208,135.957208,1916
1336.138311,658.961042,618.161833,1907
1336.233113,135.541583,93.797375,1919
1336.243160,626.001834,584.572333,1910
1336.269326,135.679542,94.479000,1920
1336.310213,594.676250,553.338042,1911
1336.332137,99.008000,57.487792,1922
1336.370366,127.184750,86.220750,1923
1336.376209,560.873250,519.380458,1914
1336.425193,93.030000,51.677209,1926
1336.433241,122.989708,81.822708,1925
1336.439151,473.804625,432.849667,1917
1336.498145,453.219959,410.298292,1918
1336.524244,99.009750,57.904875,1929
1336.549362,116.094709,74.911375,1930
1336.559294,420.944709,378.799750,1921
1336.609232,339.879167,298.449375,1924
1336.616300,118.130250,76.792041,1932
1336.631151,106.869292,65.945542,1933
1336.648250,277.862375,235.697000,1927
1336.703279,94.021958,52.426208,1936
1336.722312,105.964541,64.822916,1937
1336.725328,349.077750,307.562209,1928
1336.757345,318.167500,277.126500,1931
1336.814272,110.955250,69.450500,1940
1336.816280,93.928333,53.210209,1941
1336.831229,281.820291,240.148709,1934
1336.905138,345.806708,304.487166,1935
1336.926133,111.820917,70.379458,1944
1336.927265,110.947084,70.043167,1945
1336.965220,334.042917,293.112167,1938
1336.999301,351.025209,309.720251,1939
1337.020247,115.085250,73.695417,1947
1337.054237,128.084251,86.937959,1948
1337.060288,334.919375,291.571875,1942
1337.111118,111.787958,70.427583,1951
1337.116210,95.920709,55.169042,1952
1337.130335,372.935792,330.618167,1943
1337.190143,358.881542,317.719209,1946
1337.222335,106.085291,65.003166,1956
1337.246146,318.848834,277.235001,1949
1337.249345,138.205958,97.048583,1955
1337.298300,108.137459,67.387250,1958
1337.317236,351.987417,310.495792,1950
1337.325276,102.898834,62.076000,1959
1337.365219,310.954000,270.075459,1953
1337.391389,93.048084,52.030708,1962
1337.433220,372.892625,325.286500,1954
1337.436152,118.900541,78.261167,1963
1337.449213,83.958292,42.426125,1965
1337.499298,368.919250,328.122083,1957
1337.545309,109.132042,68.451541,1968
1337.556308,310.136458,268.749542,1960
1337.561313,128.069959,87.336958,1967
1337.606225,356.841917,315.122209,1961
1337.633136,76.793208,35.466084,1972
1337.684164,358.849751,318.060458,1964
1337.686266,140.913208,99.730458,1971
1337.688242,81.996542,41.381666,1974
1337.726319,334.879126,294.075251,1966
1337.783307,334.054292,292.005876,1969
1337.796284,112.090125,70.844958,1976
1337.805208,118.905208,75.924042,1977
1337.852299,68.949125,28.249666,1980
1337.864146,364.812000,323.899626,1970
1337.900326,104.001625,63.178209,1981
1337.933183,371.836500,330.942792,1973
1337.959227,106.892041,65.669042,1983
1337.971261,107.095917,65.878750,1984
1338.007225,374.065125,333.267083,1975
1338.030291,97.083875,56.158083,1986
1338.045303,86.055959,45.425625,1987
1338.086195,397.937458,356.875750,1978
1338.110314,79.981709,38.693959,1990
1338.115170,107.909958,65.876125,1989
1338.166239,80.025750,39.318417,1992
1338.168182,441.827750,401.161834,1979
1338.198301,393.053208,351.577625,1982
1338.222303,111.947500,71.299666,1993
1338.259211,358.786166,317.816625,1985
1338.259211,92.947167,51.129459,1995
1338.305131,106.801917,65.916667,1997
1338.317304,346.020500,304.740041,1988
1338.318181,95.844875,54.391750,1998
1338.362318,316.992667,275.426959,1991
1338.386147,80.995250,40.426750,2001
1338.420204,102.858875,61.313584,2002
1338.458271,343.074958,299.556833,1994
1338.482159,119.809375,79.032625,2004
1338.488685,102.507708,61.297542,2005
1338.515241,347.038709,305.518792,1996
1338.562259,303.025334,261.452333,1999
1338.564143,105.838541,63.968917,2007
1338.573344,91.162750,49.988750,2008
1338.599141,339.893751,297.718459,2000
1338.666227,102.067000,60.939375,2012
1338.667269,104.977833,63.815209,2011
1338.693232,375.027042,334.152584,2003
1338.753118,332.877125,292.126334,2006
1338.785333,118.018833,76.656708,2016
1338.791223,124.973042,84.163333,2015
1338.818106,329.378875,288.766042,2009
1338.858138,104.999125,63.699708,2018
1338.877297,362.031250,320.616917,2010
1338.910286,124.918792,83.739833,2019
1338.928312,354.928875,314.168167,2013
1338.952132,134.006250,87.737708,2021
1338.989309,111.970542,70.539291,2023
1338.999325,400.158209,358.597166,2014
1339.032305,121.985791,81.155375,2024
1339.047274,95.126501,53.199417,2026
1339.065313,372.041251,330.677959,2017
1339.126306,93.963042,52.984167,2029
1339.129307,338.062958,296.950209,2020
1339.133165,133.804125,91.952001,2028
1339.177148,318.989417,278.594167,2022
1339.221256,292.842084,251.828208,2025
1339.240151,113.812417,72.130916,2032
1339.256297,126.945875,85.695458,2033
1339.289293,299.948834,258.347250,2027
1339.323139,82.964875,42.347667,2037
1339.351311,304.010000,262.570583,2030
1339.358195,136.901333,95.024416,2036
1339.397333,108.005625,66.349500,2039
1339.417231,351.874834,310.514167,2031
1339.458216,325.033917,278.410416,2034
1339.459258,136.095167,95.355458,2040
1339.490325,313.156083,271.632667,2035
1339.492121,133.891334,91.554458,2042
1339.557252,97.968209,56.798583,2046
1339.558197,301.879375,260.894084,2038
1339.568354,110.112625,68.608166,2045
1339.602138,250.789875,209.227667,2041
1339.658286,100.065875,57.837208,2050
1339.673253,115.963750,74.360125,2049
1339.681306,283.928750,242.578584,2043
1339.724292,307.022625,265.520791,2044
1339.754310,95.981958,54.874459,2053
1339.781336,290.974542,250.085208,2047
1339.812151,138.875042,98.123959,2054
1339.842316,117.978292,76.501542,2056
1339.870300,378.154875,336.676958,2048
1339.889315,107.942625,66.679959,2058
1339.918142,349.760250,307.824709,2051
1339.921350,109.178125,68.423542,2059
1339.973208,102.867333,62.054417,2061
1339.984155,94.803916,53.522000,2062
1339.990160,388.000376,340.909333,2052
1340.019207,337.860250,296.539542,2055
1340.063232,308.887542,267.781792,2057
1340.093442,120.189417,79.102333,2065
1340.103348,119.161875,77.661500,2066
1340.130242,287.887250,246.593958,2060
1340.165234,101.965208,60.759708,2069
1340.183142,264.984708,223.969083,2063
1340.188304,94.807125,53.890375,2070
1340.238277,108.013500,66.684917,2072
1340.247353,325.960834,284.523750,2064
1340.263327,98.069416,56.728583,2073
1340.322276,332.095166,290.577875,2067
1340.323166,84.856625,43.614959,2076
1340.340151,92.764000,51.728541,2077
1340.417367,398.118875,355.559459,2068
1340.472483,150.166917,108.418625,2079
1340.485235,160.023500,119.279417,2080
1340.529233,425.841501,384.873709,2071
1340.620342,147.816667,106.958541,2083
1340.644312,159.057500,116.839625,2084
1340.647440,464.277334,422.580083,2074
1340.773357,585.013917,544.287334,2075
1340.785602,165.214583,123.718583,2086
1340.806180,161.837375,117.495292,2087
1340.898062,621.590375,578.575958,2078
1340.946376,172.980500,131.742041,2089
1340.960250,174.126167,131.870084,2090
1340.994307,654.129001,612.855250,2081
1341.123380,176.967000,136.049375,2093
1341.125283,707.876167,665.973583,2082
1341.145078,184.807000,142.528458,2094
1341.227192,661.320917,620.218375,2085
1341.260299,136.892875,95.382875,2096
1341.264355,139.029042,97.443792,2097
1341.292256,644.779042,603.556626,2088
1341.314995,468.131709,466.801417,2091
1341.333315,106.082667,65.142000,2099
1341.375285,114.953417,74.167916,2100
1341.400281,85.213333,44.475958,2103
1341.435327,537.229000,494.389876,2092
1341.481359,487.019459,445.389875,2095
1341.495164,119.845542,77.605500,2105
1341.510313,110.006750,68.755166,2106
1341.522302,377.181000,335.521083,2098
1341.581230,316.840125,275.125959,2101
1341.597317,102.125917,60.885125,2109
1341.610309,318.026625,277.006917,2102
1341.636292,154.895125,113.226167,2108
1341.656295,322.942667,281.468542,2104
1341.712199,130.946083,89.973333,2112
1341.720335,122.977167,81.605125,2113
1341.726317,290.945958,250.045250,2107
1341.766414,256.057375,214.520833,2110
1341.799149,86.913750,45.521584,2117
1341.842248,121.880209,78.673875,2118
1341.845231,322.891042,281.321250,2111
1341.857253,96.588917,55.264417,2119
1341.885150,72.756833,32.173167,2121
1341.903324,292.977125,251.332376,2114
1341.964156,93.189541,52.564167,2122
1341.971321,334.989667,294.121333,2115
1341.985298,112.747250,71.797250,2123
1342.010247,353.921750,312.654125,2116
1342.019458,84.781375,84.108791,2125
1342.036299,250.158126,208.532334,2120
1342.057579,160.341708,159.694208,2124
1342.078535,70.144958,69.242542,2127
1342.100815,73.707375,73.077958,2128
1342.155370,35.890167,35.368958,2131
1342.168273,229.190208,187.652792,2126
1342.208294,163.193333,162.556334,2129
1342.243555,97.290958,96.517167,2132
1342.254640,89.237166,88.606292,2133
1342.255947,199.949167,194.977417,2130
1342.285059,75.091625,74.447333,2134
1342.320964,64.089375,63.440708,2138
1342.337799,116.378500,115.809167,2135
1342.365867,69.885958,69.197625,2139
1342.404171,62.435334,61.428792,2140
1342.426041,195.479084,187.640250,2136
1342.456258,63.138833,62.624625,2144
1342.488238,62.801667,62.205792,2145
1342.488256,253.035416,252.335125,2137
1342.538564,184.428708,183.767500,2141
1342.554320,97.020875,55.517875,2147
1342.590266,230.354542,229.769750,2142
1342.596145,81.929750,81.467459,2148
1342.611508,81.245500,80.599459,2149
1342.649530,288.445209,287.731208,2143
1342.718546,265.714458,262.511667,2146
1342.726295,101.885000,60.480875,2154
1342.754137,79.140833,78.495083,2155
1342.763707,57.576750,56.854292,2156
1342.774995,229.345375,228.755625,2150
1342.844299,80.024000,38.572625,2158
1342.894321,330.421292,289.308833,2151
1342.911881,88.166166,87.588959,2160
1342.920311,134.160541,92.597167,2159
1342.941316,355.578417,314.641542,2152
1342.943288,60.384042,59.800125,2161
1342.999200,404.243875,362.658625,2153
1343.026258,100.279083,58.777833,2163
1343.045360,36.980125,36.481083,2164
1343.060299,310.028833,269.062209,2157
1343.085805,40.858709,40.184084,2165
1343.092410,195.120041,194.291708,2162
1343.137330,51.872042,51.259250,2167
1343.140317,60.499834,59.753458,2166
1343.166674,50.633625,49.930417,2168
1343.206493,87.049667,86.532542,2169
1343.279490,45.432042,44.520875,2172
1343.295965,65.383792,64.836625,2171
1343.297765,72.010167,71.404959,2170
1343.354914,109.755041,108.853791,2173
1343.402484,60.792084,60.154500,2174
1343.406382,64.669500,64.220041,2175
1343.424850,81.596666,80.947125,2176
1343.489581,63.450917,62.845416,2179
1343.498757,64.158792,63.292542,2180
1343.500808,149.931542,149.064417,2177
1343.568838,50.064000,49.489417,2184
1343.576566,63.635541,62.827042,2183
1343.628010,175.218458,174.546166,2181
1343.629388,274.443459,230.651750,2178
1343.668813,47.083458,46.417875,2187
1343.670151,203.016042,202.553167,2182
1343.722303,47.234250,46.421958,2188
1343.773625,59.576125,59.013500,2189
1343.780243,253.927042,212.676041,2185
1343.807757,243.827208,243.219375,2186
1343.823566,71.288292,70.568458,2190
1343.840530,64.781500,64.166666,2191
1343.853565,73.012625,69.742459,2192
1343.876278,90.170791,89.657167,2193
1343.924556,102.865000,101.958500,2194
1343.937136,48.464792,47.708208,2195
1343.947100,49.865375,49.207084,2196
1343.997881,48.121792,44.209667,2198
1344.031761,83.048000,82.488000,2197
1344.040877,61.138583,60.330958,2199
1344.057397,48.920084,48.302333,2200
1344.133656,44.157458,43.754083,2201
1344.187535,64.741833,64.285959,2203
1344.191142,71.656958,70.923709,2202
1344.207087,71.048834,70.509250,2204
1344.252132,53.884833,53.472416,2205
1344.266169,67.730250,67.328625,2206
1344.296473,65.906458,65.237084,2207
1344.318243,64.100750,63.496708,2208
1344.378655,103.607000,102.750375,2209
1344.404196,53.854500,53.248125,2211
1344.411247,69.559875,68.794541,2210
1344.468225,99.895542,99.119416,2212
1344.480421,43.158500,42.536084,2213
1344.503323,50.493625,49.684834,2214
1344.618210,60.493417,59.885875,2216
1344.619436,55.524583,54.740291,2217
1344.626430,74.394542,73.665667,2215
1344.676479,63.500209,62.799042,2218
1344.706292,86.828001,45.794876,2219
1344.717106,37.376209,36.705667,2221
1344.732171,57.110958,56.506916,2220
1344.786894,50.293542,49.892792,2223
1344.798162,73.868375,73.314500,2222
1344.812863,69.545291,68.863958,2224
1344.839073,52.962584,52.432042,2225
1344.887484,63.850500,63.306250,2226
1344.920144,74.048333,73.285625,2227
1344.939674,42.453834,41.875167,2230
1344.947108,82.973042,82.053708,2228
1344.967421,96.461750,95.758542,2229
1345.050121,41.747417,41.091458,2231
1345.059057,39.165584,38.802750,2232
1345.141054,39.759708,39.287792,2233
1345.183414,63.932750,63.352625,2234
1345.283444,52.852625,52.399375,2235
1345.333121,50.057875,49.287292,2236
1345.425599,83.906375,82.996083,2237
1345.516537,137.994500,137.256875,2238
1345.525144,136.822875,136.012625,2239
1345.533380,110.732417,110.048167,2240
1345.661819,220.094000,219.495791,2241
1345.665219,118.978125,117.743208,2245
1345.701128,135.981417,133.778166,2246
1345.807825,354.939667,353.997875,2242
1345.847690,182.451500,138.402833,2250
1345.878192,177.045167,135.861250,2251
1345.924257,116.392209,115.320916,2252
1345.941133,443.789500,443.151333,2243
1346.036770,189.062125,146.668958,2253
1346.040761,116.476209,115.310125,2255
1346.072816,571.370626,568.113000,2244
1346.184653,601.499208,600.805625,2247
1346.207328,170.514458,128.109625,2257
1346.221330,180.530875,139.302916,2258
1346.269452,676.140208,675.310708,2248
1346.309187,101.811208,61.036209,2261
1346.313157,128.483833,87.845333,2260
1346.370103,708.246875,664.687334,2249
1346.391301,121.809041,80.222625,2263
1346.406149,96.939500,55.736041,2264
1346.436327,558.111167,517.183917,2254
1346.486190,116.062625,75.348583,2266
1346.499291,558.134500,516.835375,2256
1346.510226,118.878958,77.090708,2267
1346.546151,473.299750,431.734041,2259
1346.615132,393.767500,353.247417,2262
1346.615218,115.900750,75.025417,2271
1346.621371,135.135584,94.333167,2270
1346.668287,355.103875,313.718125,2265
1346.698280,83.049750,41.815083,2275
1346.729146,322.976500,281.071875,2268
1346.737213,122.062209,80.859042,2274
1346.772301,97.230875,55.750333,2277
1346.779255,342.890334,301.529667,2269
1346.806316,296.041375,254.557042,2272
1346.851229,305.027917,263.619709,2273
1346.858843,72.690917,72.044584,2278
1346.890078,268.669333,224.040250,2276
1346.933609,38.755792,38.165750,2279
1346.955380,58.129458,57.480792,2280
1346.983831,48.134041,47.758667,2282
1346.991997,57.148000,56.510708,2281
1347.045035,102.339416,101.483084,2283
1347.075918,67.550583,67.115709,2285
1347.081716,81.333292,80.546667,2284
1347.124076,91.044041,90.251000,2286
1347.160884,41.398000,40.562666,2287
1347.181689,39.975541,39.331542,2288
1347.238555,40.984417,40.618083,2289
1347.285557,54.922292,54.116417,2290
1347.340793,37.446500,36.976041,2291
1347.373603,31.891709,31.277750,2293
1347.376422,56.384125,55.809250,2292
1347.503240,50.442000,49.892792,2294
1347.513705,44.642209,43.957375,2295
1347.542411,50.275750,49.705834,2296
1347.621137,57.215958,56.672000,2297
1347.684651,43.781209,43.142167,2298
1347.707324,56.332791,55.787667,2299
1347.710901,35.903292,35.271542,2300
1347.763542,54.810000,54.201292,2301
1347.799149,76.197042,75.409834,2302
1347.810183,55.962375,55.348416,2303
1347.823085,50.912750,50.478750,2304
1347.875735,89.590375,89.080541,2305
1347.884165,42.445375,42.018667,2307
1347.950804,53.564875,52.946542,2308
1347.951305,163.039917,162.514041,2306
1347.971139,53.817167,53.323375,2309
1347.999099,51.025917,50.187958,2310
1348.049910,41.504750,40.987917,2311
1348.135197,57.085875,56.545417,2312
1348.159758,49.430209,48.669251,2313
1348.168130,48.673917,47.997251,2314
1348.231022,41.608292,41.021458,2315
1348.252913,37.944375,37.324291,2316
1348.273175,42.549791,41.797875,2317
1348.397374,55.615875,55.016791,2319
1348.401980,63.401333,62.888000,2318
1348.417903,65.007834,64.497416,2320
1348.494196,41.377291,40.914417,2321
1348.610807,46.856833,46.230333,2322
1348.675718,52.773584,52.227583,2323
1348.723330,36.795208,36.316292,2326
1348.735880,60.779250,60.132917,2324
1348.753535,69.489583,68.749334,2325
1348.865166,78.988000,78.304625,2327
1348.953767,56.483875,55.963833,2328
1348.982853,43.451042,42.943834,2329
1349.016768,53.883375,53.287500,2330
1349.049246,60.904667,60.527833,2331
1349.081347,60.958917,59.373125,2333
1349.096251,87.882084,87.330250,2332
1349.126501,73.328500,72.575708,2334
1349.130236,62.034583,61.269541,2335
1349.162371,52.384208,51.805250,2336
1349.174733,55.240208,54.663000,2337
1349.219958,85.790542,85.017333,2338
1349.237735,38.963166,38.281541,2339
1349.266259,35.656834,35.300709,2340
1349.367529,25.838167,25.287209,2341
1349.433763,73.801292,73.026917,2342
1349.491704,38.873041,38.116750,2344
1349.503092,55.365625,54.420625,2343
1349.560627,83.975501,83.218042,2345
1349.587181,47.598834,46.995083,2347
1349.596467,93.673417,93.071417,2346
1349.637464,73.588083,73.151167,2349
1349.645977,88.667250,87.941875,2348
1349.758051,82.932792,82.268375,2350
1349.830694,44.542459,43.923250,2351
1349.854825,34.288917,33.936875,2352
1349.931059,47.570834,47.165416,2353
1349.943775,46.460167,45.924666,2354
1350.077381,68.985292,68.625375,2355
1350.168574,49.057750,48.521667,2356
1350.213906,58.292500,57.601541,2357
1350.246469,58.413250,57.740375,2359
1350.258387,78.547000,77.998959,2358
1350.291421,60.808709,60.121834,2360
1350.426197,120.722291,119.651292,2361
1350.468156,129.362334,128.396333,2362
1350.490124,148.398250,146.701334,2363
1350.564677,202.705708,200.869667,2364
1350.585599,111.111875,108.039458,2366
1350.640583,145.376875,144.593167,2367
1350.666850,213.635334,212.256625,2365
1350.723451,120.156166,119.097708,2370
1350.773191,245.250834,244.511459,2368
1350.796130,121.084250,120.126709,2371
1350.879045,314.953333,314.293875,2369
1350.912564,126.150500,124.362875,2372
1350.937820,114.697042,111.906084,2373
1350.975063,77.772625,77.289917,2374
1351.090517,82.090459,81.354000,2375
1351.131658,80.332291,79.510375,2376
1351.179745,60.170541,59.705041,2377
1351.303447,72.868250,72.419084,2378
1351.382514,40.785792,40.311250,2379
1351.445041,37.172917,36.712084,2380
1351.501370,48.546166,48.044208,2381
1351.617611,53.682709,52.926417,2382
1351.725376,67.581792,66.842417,2383
1351.727790,62.885667,62.489875,2384
1351.738530,63.494084,62.908416,2385
1351.843058,56.952292,56.475708,2386
1351.882809,55.920375,55.276375,2387
1351.938966,48.313708,47.705875,2388
1351.946275,48.988041,48.358916,2389
1352.048488,40.112334,39.747167,2390
1352.105662,61.350625,60.605125,2391
1352.159322,51.605458,51.166791,2392
1352.169444,49.956667,49.541333,2393
1352.214987,46.044542,45.376917,2394
1352.290753,60.133209,59.526542,2395
1352.409956,68.229291,67.559042,2396
1352.523336,70.510708,70.050166,2397
1352.599407,35.476000,34.964708,2398
1352.716895,41.874875,41.337625,2399
1352.736608,37.516791,37.040208,2400
1352.785138,66.636500,65.909958,2401
1352.819155,33.000333,32.484375,2402
1352.862952,67.745417,66.994083,2403
1352.923372,26.091333,25.407375,2404
1353.044802,36.420417,35.936834,2405
1353.144248,40.605833,39.933250,2406
1353.169354,49.888708,49.143500,2407
1353.255488,24.867791,24.407541,2408
1353.350193,28.052792,27.664875,2409
1353.391150,49.394333,48.781833,2410
1353.502370,49.543375,49.072916,2411
1353.606780,30.073458,29.654916,2413
1353.646027,82.116125,81.611542,2412
1353.753531,78.495375,77.838833,2414
1353.835512,49.312666,48.791458,2415
1353.880968,42.548333,42.147875,2417
1353.882658,44.813416,44.151625,2416
1353.942848,45.600625,45.100708,2418
1354.061262,52.887041,52.411625,2419
1354.067411,41.442917,40.992000,2420
1354.159357,39.867917,39.404458,2421
1354.178051,48.671000,47.989083,2422
1354.250674,32.826208,32.349625,2423
1354.273231,42.631167,41.982500,2424
1354.304524,49.557667,48.857959,2425
1354.324538,46.602209,46.170250,2426
1354.357499,62.971125,62.540917,2427
1354.383230,41.544417,41.052375,2428
1354.435942,74.260084,73.605000,2429
1354.494125,41.300000,40.782000,2430
1354.587440,55.174292,54.566459,2433
1354.588375,67.314625,65.848125,2432
1354.596318,77.691833,77.169750,2431
1354.637099,73.202208,72.634917,2434
1354.726930,51.904417,51.481208,2435
1354.749191,42.068542,41.299708,2436
1354.833278,47.112334,46.566042,2437
1354.853591,41.069584,40.532041,2438
1354.922395,50.555750,49.861875,2439
1354.945370,48.116833,47.647250,2440
1355.057093,48.738083,48.169042,2441
1355.077461,48.574167,47.854333,2443
1355.079380,67.223625,66.558625,2442
1355.118807,59.201625,58.491417,2444
1355.153573,34.109250,33.439292,2445
1355.266814,36.222958,35.755417,2446
1355.420450,78.703916,77.949084,2447
1355.533524,80.664500,79.933584,2448
1355.553440,82.205667,81.482333,2449
1355.650537,84.987875,83.693750,2450
1355.761410,86.271792,85.180375,2451
1355.777516,91.397833,90.577375,2452
1355.850859,89.258458,88.802000,2453
1355.876766,90.381667,89.511917,2454
1355.986759,113.439666,112.974167,2455
1356.007014,109.734334,107.625584,2456
1356.062085,134.593083,133.312083,2457
1356.111608,103.192541,102.408833,2458
1356.118518,86.154542,84.757458,2459
1356.154262,63.641083,62.700750,2461
1356.165482,123.156833,122.497375,2460
1356.186365,66.868666,66.267542,2463
1356.213850,117.907125,116.972333,2462
1356.258300,81.599875,81.112209,2464
1356.270208,39.592000,39.004000,2466
1356.301256,98.768834,98.016917,2465
1356.365629,44.938834,44.141125,2467
1356.383682,41.965583,41.328875,2468
1356.423470,70.428459,69.725250,2469
1356.486070,33.238625,32.834959,2471
1356.498162,67.018875,66.529458,2470
1356.634046,70.113750,69.402667,2472
1356.728081,53.064959,52.546375,2473
1356.778713,28.597625,28.001167,2474
1356.826979,40.845875,40.407208,2475
1356.856480,38.272792,37.712209,2476
1356.933185,35.943541,35.405708,2478
1356.953389,59.411917,58.736708,2477
1357.049423,41.046833,40.585708,2479
1357.158211,38.704750,38.164291,2480
1357.180890,48.278125,47.656583,2481
1357.289466,58.893625,58.394583,2482
1357.421074,79.370083,78.831958,2483
1357.427325,32.804917,32.413500,2484
1357.508653,55.807792,55.227667,2485
1357.591176,27.233500,26.629750,2486
1357.630294,35.749292,35.304208,2487
1357.657200,50.622250,49.965417,2488
1357.730932,55.825000,55.152709,2489
1357.834328,48.179250,47.526792,2490
1357.855578,49.100334,48.245167,2491
1357.867529,41.636291,41.146583,2492
1357.924738,61.629167,60.865875,2493
1357.970932,73.658375,73.159334,2494
1358.049810,41.436500,40.994042,2495
1358.121887,64.435583,64.070125,2496
1358.157989,38.504666,37.686250,2498
1358.181550,62.933500,62.230584,2497
1358.244191,36.470000,35.880542,2499
1358.276371,50.343709,49.509833,2500
1358.290629,60.085958,59.504375,2501
1358.404084,62.402959,61.467292,2504
1358.407172,71.109208,70.669667,2502
1358.412562,72.933000,72.326334,2503
1358.487809,34.953917,34.252459,2505
1358.601295,37.332750,36.638583,2506
1358.629503,28.331917,27.671292,2507
1358.672204,56.242667,55.477626,2508
1358.721396,46.331542,45.798667,2509
1358.773382,74.347875,73.735958,2510
1358.827276,41.105167,40.594166,2511
1358.932692,35.447416,34.871958,2512
1358.971418,44.470125,43.708292,2513
1359.041788,58.191875,57.434125,2514
1359.076777,53.411459,52.791958,2517
1359.081301,72.913167,72.209959,2515
1359.091686,80.022834,79.261875,2516
1359.142522,92.169292,91.548334,2518
1359.154268,34.824416,34.188000,2520
1359.192947,124.765375,124.190791,2519
1359.267182,36.564500,36.102792,2521
1359.382426,40.710834,40.217916,2522
1359.424066,54.543416,53.960083,2523
1359.518549,65.735250,65.322542,2524
1359.523552,55.229708,54.472250,2525
1359.535649,59.111500,58.554416,2526
1359.600146,36.217709,35.515959,2527
1359.639170,66.665375,65.920458,2528
1359.693104,37.681583,37.159208,2529
1359.750701,75.613417,74.860917,2530
1359.808171,54.741166,53.911666,2531
1359.838366,59.376625,58.805250,2532
1359.845737,61.548667,60.911959,2533
1359.860740,74.421375,73.766000,2534
1359.890952,52.032167,51.312333,2535
1359.924882,27.595750,27.215709,2536
1360.045102,36.729000,36.228792,2537
1360.169542,50.084125,49.580417,2538
1360.284430,53.879583,53.326583,2539
1360.323229,49.383833,48.623167,2540
1360.437067,92.815625,90.636292,2542
1360.443678,101.940416,101.334333,2541
1360.567297,137.335042,133.837958,2543
1360.586178,133.077000,131.746125,2544
1360.590170,123.910208,123.120667,2545
1360.654607,90.652625,89.869791,2546
1360.757158,79.958667,79.091251,2547
1360.842479,96.972459,96.133625,2548
1360.891134,99.309875,98.516542,2550
1360.892766,106.555458,105.905916,2549
1360.987956,193.449083,192.859917,2551
1360.993046,95.691167,94.735667,2552
1361.069868,91.111708,90.447584,2553
1361.088865,79.552084,78.851500,2554
1361.162757,43.196708,42.819000,2555
1361.278431,47.834209,47.273041,2556
1361.386173,44.463125,44.081333,2557
1361.420031,54.804167,54.253500,2558
1361.493241,40.399625,39.814834,2559
1361.605624,41.717375,41.198792,2560
1361.722906,35.183458,34.757625,2562
1361.732994,57.978375,57.477292,2561
1361.861049,74.832042,74.134084,2563
1361.876216,25.174916,24.729833,2564
1361.929932,33.862500,33.321750,2565
1361.948941,51.689458,51.280250,2566
1362.047327,36.272833,35.633500,2568
1362.060548,52.157583,51.722417,2567
1362.161676,42.188125,41.724959,2569
1362.226232,27.328292,26.826041,2570
1362.277374,46.778958,46.141084,2571
1362.311211,57.344875,56.729750,2572
1362.388242,46.527250,46.089458,2573
1362.416545,49.053083,48.646792,2574
1362.497599,44.774334,44.363375,2575
1362.605509,41.541792,41.023208,2576
1362.727688,52.575250,51.829167,2577
1362.752848,56.322000,55.442625,2578
1362.777446,52.584292,51.836458,2579
1362.783357,48.086500,47.582791,2580
1362.854485,68.321167,67.665209,2581
1362.919598,52.605875,51.970917,2582
1362.940237,56.533458,56.009333,2583
1362.941991,44.747500,44.030875,2584
1363.045151,36.746500,36.281875,2585
1363.078754,49.120750,48.530708,2586
1363.119133,54.657750,53.979625,2587
1363.173928,54.438709,53.863542,2588
1363.279837,49.261625,48.683834,2589
1363.380835,39.117750,38.651666,2590
1363.491398,42.848459,42.125125,2591
1363.498389,45.565041,44.983750,2592
1363.566738,71.044751,70.358458,2593
1363.612908,37.294250,36.849750,2595
1363.620012,56.089250,55.487250,2594
1363.672301,59.115291,58.376791,2596
1363.709220,39.949291,39.109875,2597
1363.727860,52.771833,52.035958,2598
1363.834216,48.052959,47.521833,2599
1363.886211,40.171833,39.625542,2600
1363.937153,65.403333,64.802500,2601
1363.951272,53.982250,53.426042,2602
1363.975171,72.618292,72.040209,2603
1363.994648,42.891042,42.275334,2604
1364.039112,67.947834,67.292458,2605
1364.053353,44.998625,44.506292,2606
1364.146591,27.129666,26.672917,2607
1364.268830,40.891958,40.322334,2608
1364.284775,54.191667,53.713625,2609
1364.310112,40.695083,40.314167,2610
1364.382652,40.905958,40.444250,2611
1364.452801,44.811667,44.391375,2612
1364.521067,68.262250,67.802000,2613
1364.598215,34.286291,33.703542,2614
1364.715162,40.133625,39.547959,2615
1364.754446,29.496833,28.875292,2616
1364.797348,58.126833,57.513459,2617
1364.857930,71.791708,71.178625,2618
1364.927504,30.222209,29.760500,2619
1364.995857,29.547291,29.091416,2621
1365.020031,61.237459,60.863834,2620
1365.061684,53.375583,52.830166,2622
1365.159611,44.807000,44.232709,2623
1365.171607,52.142417,51.751292,2624
1365.251235,69.909584,69.485209,2625
1365.262920,32.338833,31.956750,2626
1365.365106,55.008042,54.540500,2627
1365.452755,111.047417,110.263417,2628
1365.482523,123.249000,122.339583,2629
1365.530639,119.158958,118.585250,2631
1365.586988,134.073625,133.256666,2632
1365.635022,129.304584,128.762667,2633
1365.652742,241.750542,236.577250,2630
1365.722251,128.901208,127.690208,2637
1365.759431,213.954417,213.263750,2634
1365.780624,139.067250,138.511917,2638
1365.860445,296.514750,295.893792,2635
1365.869859,83.594875,82.292292,2640
1365.938245,353.441959,352.559376,2636
1365.997217,99.938417,99.270208,2641
1366.030434,355.260792,353.788459,2639
1366.081547,72.854833,70.669958,2642
1366.185345,65.815167,65.196250,2643
1366.187588,53.852750,53.221584,2644
1366.269783,39.181625,38.610542,2645
1366.283629,48.528083,47.813208,2646
1366.324841,43.797542,43.107167,2647
1366.382733,41.039542,40.469917,2648
1366.443830,34.449042,34.076291,2649
1366.477400,34.234667,33.573167,2651
1366.503684,75.008792,74.378500,2650
1366.514382,61.603208,61.004709,2652
1366.546187,27.028459,26.559750,2653
1366.598952,35.011083,34.446708,2654
1366.716553,41.467417,40.964000,2656
1366.722087,49.612792,49.008167,2655
1366.827699,41.543542,40.924333,2657
1366.933710,36.423333,35.886083,2658
1366.963618,45.975125,45.206583,2659
1367.049596,41.225042,40.557708,2660
1367.107185,42.256375,41.682667,2661
1367.165105,45.611709,45.110041,2662
1367.271450,40.856959,40.456791,2663
1367.367190,27.056458,26.631792,2664
1367.400745,59.054333,58.448542,2665
1367.504168,51.347042,50.834584,2666
1367.539672,35.594125,35.232750,2667
1367.591083,27.150084,26.625958,2668
1367.702366,45.283292,44.698500,2669
1367.732252,57.162292,56.532875,2670
1367.735380,54.141500,53.303833,2671
1367.819986,47.648416,47.127792,2673
1367.838607,70.335417,67.899125,2672
1367.869813,83.668084,82.957292,2674
1367.877595,74.142834,73.357667,2675
1367.909084,42.333666,41.463916,2676
1367.937332,40.078208,39.467750,2677
1368.055525,56.987875,55.325375,2678
1368.075577,67.170833,66.389458,2679
1368.082779,67.675125,67.069625,2680
1368.094202,59.845917,59.492125,2681
1368.152774,33.684583,33.310666,2682
1368.182928,45.861375,45.004167,2684
1368.212096,92.628958,92.012958,2683
1368.222446,38.776208,38.006209,2685
1368.276935,46.342625,45.899875,2686
1368.282920,38.140667,37.466917,2687
1368.371088,29.390959,28.845542,2688
1368.428962,25.480001,24.973667,2689
1368.494498,41.682375,41.000458,2690
1368.511490,49.991666,49.231583,2691
1368.594140,30.209958,29.492750,2692
1368.679586,25.061167,24.656041,2693
1368.723804,48.714166,48.182167,2694
1368.756598,62.853875,62.157666,2695
1368.860727,74.570417,74.100833,2696
1368.938511,41.245750,40.800958,2697
1369.048336,39.914000,39.429542,2699
1369.057640,60.560792,60.079250,2698
1369.109513,51.550917,51.125667,2700
1369.179146,59.664209,59.047042,2701
1369.271507,40.917625,40.463500,2702
1369.414469,72.731750,72.160958,2703
1369.487232,56.064167,55.450500,2704
1369.497574,44.747792,44.038750,2705
1369.539398,58.878166,58.011625,2706
1369.609886,45.928458,45.201334,2707
1369.721611,46.525791,46.016542,2708
1369.796239,60.554375,60.140500,2709
1369.811959,43.327667,42.751334,2710
1369.827838,41.674500,41.108084,2711
1369.866513,26.458833,25.982834,2712
1369.928663,60.581500,60.162083,2714
1369.935747,71.189708,70.460542,2713
1369.955585,69.972292,69.377000,2715
1369.967379,70.146416,69.323916,2716
1370.066107,57.750000,57.297917,2717
1370.089563,34.646792,34.064625,2719
1370.098459,56.659459,56.159541,2718
1370.131086,28.681917,28.158667,2720
1370.163150,43.646458,42.867417,2721
1370.210145,68.092500,67.465417,2722
1370.239051,40.231333,39.652959,2723
1370.268635,38.027500,37.554417,2724
1370.313898,66.491542,65.832667,2725
1370.419520,77.778458,76.891500,2726
1370.525411,72.574542,71.859375,2727
1370.639276,75.242416,74.614166,2728
1370.750148,75.042334,73.771542,2729
1370.856817,70.564667,70.017500,2730
1370.970013,72.644542,72.155416,2731
1371.041459,33.100375,32.592875,2732
1371.158841,39.345250,38.921750,2733
1371.267765,37.172042,36.449875,2734
1371.334421,37.425500,36.914792,2735
1371.382301,40.595625,40.022208,2736
1371.498222,45.387708,44.794167,2737
1371.531758,36.281584,35.709916,2738
1371.606329,42.419417,41.859417,2739
1371.715882,40.842666,40.175916,2740
1371.765052,28.049000,27.345208,2741
1371.823334,37.183416,36.482833,2742
1371.899984,50.344000,49.861875,2743
1371.929406,32.132917,31.648167,2744
1371.965570,55.489292,54.828084,2745
1372.050329,41.952167,41.439125,2746
1372.125391,44.185167,43.567709,2747
1372.147931,28.436333,27.675375,2748
1372.237870,51.774625,51.305042,2749
1372.249055,49.912916,49.212917,2750
1372.262628,32.034041,31.623375,2751
1372.400529,58.809625,58.087458,2752
1372.479999,39.887167,39.480875,2754
1372.492121,64.384542,63.690375,2753
1372.514191,66.119375,65.482959,2755
1372.554487,101.698334,100.711042,2756
1372.592447,28.536958,28.168584,2757
1372.644498,47.376584,46.677751,2759
1372.647703,65.357251,64.656375,2758
1372.678480,47.630333,46.968833,2760
1372.735075,59.971916,59.173917,2761
1372.839165,53.006333,52.546959,2762
1372.967628,70.340083,69.669833,2763
1373.062151,53.764083,53.229750,2764
1373.132105,49.712250,48.997959,2765
1373.169187,49.753375,49.163625,2766
1373.272982,54.668541,54.008500,2767
1373.279537,48.917459,48.320125,2768
1373.359081,46.362166,45.773000,2769
1373.388613,46.897666,46.340875,2770
1373.475280,66.155541,65.507458,2771
1373.491690,42.142333,41.590792,2772
1373.505719,52.934584,52.297584,2773
1373.578501,59.564458,58.905875,2774
1373.612589,48.693166,48.046542,2775
1373.669222,48.439125,47.770042,2776
1373.702386,27.345500,26.885250,2777
1373.789417,32.718291,32.330958,2778
1373.827293,49.511000,48.921833,2779
1373.833247,47.097750,46.342333,2780
1373.886893,35.695917,35.142041,2781
1373.930754,33.483041,33.022500,2782
1374.050323,41.930292,41.453708,2783
1374.155385,35.897166,35.282041,2784
1374.257659,27.064625,26.588333,2785
1374.391525,49.835334,49.339208,2786
1374.427391,37.607500,36.865792,2787
1374.489617,36.774500,36.280417,2788
1374.604895,40.958167,40.343333,2789
1374.671163,30.195667,29.683792,2791
1374.673935,82.516000,81.799084,2790
1374.712771,37.741958,37.235042,2792
1374.822219,36.048542,35.465792,2793
1374.875650,76.725542,75.921417,2794
1374.922921,25.646834,25.135542,2795
1374.989124,25.689125,25.162083,2796
1375.033104,24.729250,24.430000,2797
1375.155439,35.975625,35.466958,2798
1375.230772,41.384292,40.886125,2799
1375.266333,35.741125,35.187250,2800
1375.427944,86.222792,85.292083,2801
1375.474833,90.318667,89.660083,2802
1375.549137,96.218792,95.770791,2803
1375.608273,131.119333,130.284583,2804
1375.653154,130.338250,129.686375,2805
1375.654288,105.384125,104.539167,2806
1375.745527,180.425583,179.179875,2807
1375.770069,94.131333,93.129750,2809
1375.830130,246.748542,243.441625,2808
1375.868161,81.933250,81.121542,2810
1375.969226,71.865792,71.053208,2811
1376.068344,85.094334,84.258709,2812
1376.093497,85.040959,84.586250,2813
1376.165764,46.272916,45.549292,2814
1376.282314,51.751292,51.160958,2815
1376.391809,50.089667,49.599958,2816
1376.419712,31.208041,30.585042,2817
1376.485128,32.307625,31.743542,2818
1376.556727,42.537542,41.855041,2819
1376.629802,65.882542,65.261583,2820
1376.676025,35.789541,35.465500,2822
1376.684782,74.229458,73.811791,2821
1376.750654,75.589500,74.895916,2823
1376.783651,37.333916,36.763709,2824
1376.822818,36.668917,36.190584,2825
1376.930856,33.572875,32.949875,2827
1376.941046,56.504000,55.993000,2826
1377.080724,72.329541,71.721125,2828
1377.193055,73.569708,72.858041,2829
1377.270360,39.743666,39.286042,2830
1377.351766,48.110709,47.544875,2831
1377.378573,36.861416,36.156458,2832
1377.419107,39.453167,38.962000,2833
1377.477768,24.947417,24.461209,2834
1377.578331,31.672667,31.026917,2835
1377.601766,42.163917,41.632500,2836
1377.629910,65.968000,65.245250,2837
1377.710320,35.236250,34.890625,2838
1377.804808,59.383334,58.894500,2839
1377.822957,36.826125,36.340791,2840
1377.922376,25.089167,24.635333,2841
1377.985344,24.930792,24.465583,2842
1378.033358,24.985625,24.514000,2843
1378.084078,37.181375,36.544375,2844
1378.169759,45.099250,44.504834,2846
1378.171517,52.034208,51.478583,2845
1378.262772,33.009084,32.621750,2847
1378.299904,69.305833,68.770333,2848
1378.377837,36.065458,35.374500,2849
1378.488151,35.312083,34.723500,2850
1378.522635,67.356333,66.730125,2851
1378.525403,50.411375,49.953167,2852
1378.620574,36.709750,36.221791,2854
1378.629701,65.762958,65.415875,2853
1378.649813,57.464458,56.786917,2855
1378.749082,73.980375,73.330250,2856
1378.833484,47.327875,46.899417,2857
1378.927097,50.497417,49.955792,2858
1378.938139,40.873291,40.255834,2859
1379.052451,44.080458,43.604167,2860
1379.086330,30.967125,30.539542,2861
1379.144370,75.787833,75.159875,2862
1379.152287,32.819500,32.468917,2863
1379.244247,27.603042,27.116541,2864
1379.305346,74.738708,73.982708,2865
1379.346750,45.239833,44.723292,2866
1379.393978,52.291167,51.520000,2867
1379.494564,41.740125,41.098166,2868
1379.604295,30.647750,29.959708,2870
1379.630826,66.890542,66.299917,2869
1379.650322,29.518125,28.987292,2871
1379.715493,28.933334,28.347375,2873
1379.748951,73.932542,73.418917,2872
1379.833441,47.289084,46.563125,2874
1379.883436,46.091791,45.521584,2875
1379.948762,51.472458,50.764875,2876
1380.054488,46.095583,45.338709,2878
1380.062999,58.363083,57.728125,2877
1380.166889,47.402833,46.952791,2879
1380.278797,48.211917,47.622459,2880
1380.322128,53.654417,53.072542,2881
1380.330126,40.909458,40.334292,2882
1380.429455,87.733917,86.999791,2883
1380.487873,85.180667,84.445083,2884
1380.530389,77.501958,76.547333,2885
1380.665938,129.541417,128.681584,2886
1380.686829,146.589333,145.806209,2887
1380.699507,135.362500,134.897291,2888
1380.780049,204.018791,199.708250,2889
1380.790590,95.166167,94.181791,2891
1380.896135,220.681708,217.957833,2890
1380.907901,154.249375,153.540334,2892
1380.932472,112.282042,111.173125,2894
1380.978295,192.119084,191.496083,2893
1381.090098,192.838917,190.823500,2895
1381.103344,127.924709,127.282167,2896
1381.165056,156.680125,155.784708,2897
1381.184677,103.918208,103.073542,2898
1381.195302,75.757208,75.145000,2899
1381.222523,49.208541,48.658166,2900
1381.309921,79.325750,78.657250,2901
1381.369743,46.560208,46.014500,2902
1381.393308,51.603708,51.043125,2903
1381.489077,38.797208,38.238083,2904
1381.498335,45.520417,44.996584,2905
1381.555776,40.882042,40.401666,2906
1381.640536,76.587292,75.833333,2907
1381.696188,58.698792,58.099417,2908
1381.715999,40.966334,40.608459,2910
1381.718369,57.299959,56.879084,2909
1381.764178,36.217708,35.896000,2911
1381.823848,37.660875,37.198584,2912
1381.901444,58.916667,58.170292,2914
1381.911164,59.520125,58.760917,2915
1381.912885,88.722667,88.178416,2913
1381.950376,53.091500,52.270750,2916
1382.060715,52.339583,51.869709,2917
1382.149976,65.519125,65.100000,2918
1382.177372,57.868125,57.261167,2919
1382.275636,45.002125,44.382917,2920
1382.282818,48.629875,48.068417,2921
1382.327519,35.704667,35.205625,2922
1382.378115,36.380458,35.621250,2923
1382.393010,39.829417,39.267375,2924
1382.489910,37.082208,36.571500,2926
1382.495578,42.757458,42.273292,2925
1382.545719,38.133667,37.771417,2927
1382.553229,44.168541,43.646458,2928
1382.599262,35.338334,34.852708,2929
1382.688164,45.869250,45.367292,2930
1382.726649,51.569583,51.003458,2932
1382.744615,77.506625,76.978708,2931
1382.748759,71.359167,70.125709,2933
1382.791491,84.504292,81.016542,2934
1382.834471,119.117541,118.624042,2935
1382.854291,68.153167,67.546500,2937
1382.866244,45.609084,45.004458,2938
1382.867810,102.440334,101.882375,2936
1382.946406,43.136916,42.307125,2940
1382.961492,64.249792,63.687458,2939
1382.974166,42.370709,41.710667,2941
1383.088620,80.269000,79.603417,2942
1383.089174,38.845042,38.369334,2943
1383.123654,46.852750,46.479709,2944
1383.157454,37.952834,37.259542,2945
1383.283749,53.170250,52.607042,2946
1383.381785,40.046125,39.581209,2947
1383.476585,57.518708,57.073625,2948
1383.482350,51.342375,50.663958,2949
1383.519265,66.434375,65.909084,2950
1383.539092,48.095542,47.554792,2952
1383.543848,78.101917,77.498167,2951
1383.628363,64.429750,63.720125,2953
1383.709376,38.465583,37.900625,2954
1383.725679,50.626625,50.061375,2955
1383.843282,57.098417,56.386167,2956
1383.856449,67.272042,66.662750,2957
1383.869773,75.354417,74.268834,2958
1383.959706,62.443500,61.825167,2959
1383.968610,53.763208,53.257167,2960
1383.983823,55.885958,55.311667,2961
1384.035977,27.600417,27.126459,2962
1384.156890,37.423167,36.745042,2963
1384.260894,46.496041,45.971333,2964
1384.278110,47.497916,46.853042,2965
1384.304962,31.502917,31.033333,2967
1384.319932,46.964750,46.479417,2966
1384.383078,41.364750,40.758667,2968
1384.445450,36.633333,36.036000,2970
1384.464191,65.705792,65.002000,2969
1384.495606,42.785458,42.098584,2971
1384.612715,48.777459,48.069875,2972
1384.671078,41.270542,40.586875,2973
1384.728423,53.342916,52.691333,2974
1384.742532,55.544125,54.820791,2975
1384.764133,56.654792,56.046667,2976
1384.841598,35.516833,34.870500,2978
1384.863206,77.067083,76.494250,2977
1384.863918,38.397916,37.941167,2979
1384.950334,53.061750,52.630666,2980
1384.993186,49.031791,48.216875,2981
1385.049944,54.179708,53.667541,2982
1385.064628,58.995417,58.329250,2983
1385.088138,79.711625,78.926458,2984
1385.124728,111.259750,107.174667,2985
1385.160195,61.698583,60.904959,2987
1385.170947,78.722000,78.311042,2986
1385.192443,72.985500,72.190417,2988
1385.255163,104.735458,103.889626,2989
1385.262279,45.613750,45.040625,2990
1385.302996,72.445042,71.873958,2991
1385.475954,128.004625,125.710083,2993
1385.489704,147.989625,147.436625,2992
1385.497340,134.507333,132.317500,2994
1385.579679,205.904417,203.650416,2995
1385.643839,125.735750,124.227834,2999
1385.675960,132.730500,132.042750,3000
1385.737252,338.677792,337.075375,2996
1385.806227,162.350708,120.984792,3004
1385.827554,413.843208,412.899375,2997
1385.829754,153.757625,111.877500,3005
1385.959274,153.023792,111.943708,3007
1385.963241,509.137126,508.599292,2998
1385.991250,163.662917,120.414875,3008
1386.107560,542.179750,541.639292,3001
1386.116965,157.662750,115.505250,3010
1386.131259,167.975792,125.481708,3011
1386.219184,649.993167,649.266625,3002
1386.257248,149.667584,107.382917,3013
1386.273264,156.261000,114.294250,3014
1386.306230,717.825792,672.853125,3003
1386.341311,122.086708,80.615500,3016
1386.367224,109.952791,68.651041,3017
1386.373207,635.934542,591.942167,3006
1386.404557,527.644542,526.993542,3009
1386.433242,91.893375,51.151334,3020
1386.436317,130.059417,89.329916,3019
1386.487189,495.918208,455.013708,3012
1386.507441,102.849250,61.549542,3023
1386.534301,101.031584,57.667458,3024
1386.544373,413.083709,370.946917,3015
1386.581176,93.965667,53.054458,3026
1386.620322,112.849917,71.767500,3027
1386.628290,355.000625,313.039417,3018
1386.653366,108.952667,67.631667,3029
1386.689311,322.065625,281.257959,3021
1386.701302,120.094333,78.845958,3030
1386.730179,109.825334,68.829542,3031
1386.745194,371.952000,331.259834,3022
1386.764250,74.903791,34.346667,3034
1386.809677,56.738209,56.166833,3035
1386.817240,380.887209,338.929792,3025
1386.846325,60.168208,59.338708,3036
1386.887725,59.061334,58.122459,3037
1386.898105,363.766084,322.235667,3028
1386.923962,75.685750,74.060584,3038
1386.949159,295.750583,294.777000,3033
1386.956233,327.902750,285.409542,3032
1386.975760,82.926666,82.103291,3040
1387.005807,122.544042,121.731750,3039
1387.045541,64.401750,63.278542,3045
1387.071222,110.385625,69.547916,3044
1387.076185,179.943167,179.135542,3041
1387.160334,263.063500,221.779541,3042
1387.165386,62.248958,61.772958,3049
1387.171400,51.905000,51.225708,3050
1387.229214,329.806750,288.688167,3043
1387.253297,258.655250,217.832125,3046
1387.288147,279.767833,238.599666,3047
1387.297289,66.681417,65.933583,3051
1387.337968,67.265334,66.529459,3052
1387.349280,325.666833,282.935334,3048
1387.375837,61.596792,60.761167,3054
1387.376877,96.974792,96.268667,3053
1387.402233,60.521417,59.852334,3058
1387.430585,113.625459,112.884625,3055
1387.492343,92.238708,51.377375,3061
1387.514900,193.724708,193.148084,3056
1387.523645,70.849625,70.193958,3062
1387.536335,72.494334,71.817375,3063
1387.581533,247.438917,246.876291,3057
1387.650273,108.201042,66.879167,3067
1387.655313,125.335292,84.076709,3066
1387.674167,329.944125,287.523250,3059
1387.714307,356.474708,314.637750,3060
1387.768211,93.103791,51.823041,3071
1387.774151,123.844583,83.205500,3070
1387.779127,313.968667,272.965292,3064
1387.868189,361.626708,315.325208,3065
1387.880244,102.526667,60.857416,3075
1387.891252,116.005458,74.931208,3074
1387.901151,343.822500,303.330125,3068
1387.941293,359.733500,318.215625,3069
1387.983196,114.968292,73.376625,3077
1387.989263,283.296417,242.348167,3072
1388.011319,114.039917,72.650084,3078
1388.034232,310.862125,269.294667,3073
1388.065135,278.985876,238.210000,3076
1388.090302,106.487500,106.039500,3081
1388.096429,112.734125,112.242959,3080
1388.120219,220.133667,179.078375,3079
1388.161313,152.960792,111.987458,3082
1388.168069,116.385792,111.997375,3083
1388.180549,61.073542,60.504208,3085
1388.211859,152.406917,147.438083,3084
1388.212059,43.757875,42.890750,3086
1388.281337,63.679292,62.986000,3088
1388.285874,55.320125,54.873000,3089
1388.286418,114.392250,113.834875,3087
1388.384370,42.660334,42.237125,3090
1388.422143,38.567083,37.977625,3091
1388.481357,44.089500,43.642375,3092
1388.496901,44.069375,43.365000,3093
1388.562671,39.542416,39.030250,3094
1388.598295,34.364458,33.713750,3096
1388.604694,52.364375,51.856583,3095
1388.659297,54.509583,53.843709,3097
1388.691252,50.583459,49.992834,3098
1388.718389,43.321542,42.736167,3099
1388.740702,42.599666,41.960042,3100
1388.827363,41.180708,40.515417,3101
1388.861117,64.332333,63.512167,3102
1388.924708,27.440875,26.975375,3103
1389.034453,50.401750,49.715750,3104
1389.048138,39.753292,38.975708,3106
1389.084709,80.802166,80.077084,3105
1389.154744,35.272125,34.889750,3107
1389.195224,46.871416,46.143709,3108
1389.247169,73.753166,73.134542,3109
1389.267706,37.083375,36.469709,3111
1389.287552,59.010875,58.398958,3110
1389.374097,46.119792,45.540542,3112
1389.386931,45.204250,44.661167,3113
1389.494649,41.808375,41.325958,3114
1389.517293,54.791916,54.159584,3115
1389.544766,35.553583,35.028583,3116
1389.617213,53.301500,52.641750,3118
1389.623165,62.511750,61.790750,3117
1389.636044,44.292500,43.695458,3119
1389.673951,40.373083,39.761750,3120
1389.724663,49.576333,48.911334,3121
1389.769915,43.664250,43.110084,3122
1389.822734,36.603000,36.148584,3123
1389.891091,47.795708,47.122833,3126
1389.915921,74.435375,73.263458,3125
1389.917647,82.891375,82.372792,3124
1389.966272,48.433000,47.849084,3128
1389.976306,79.048667,78.369958,3127
1389.984889,66.171583,65.592917,3129
1390.027339,79.514458,78.652000,3130
1390.050926,42.556500,41.997375,3131
1390.101777,47.672917,47.001209,3132
1390.183881,64.379292,63.963375,3134
1390.201871,69.967334,69.226500,3135
1390.202832,83.633667,82.995208,3133
1390.250647,33.533500,33.111750,3136
1390.286776,34.090291,33.611083,3138
1390.305619,75.008500,74.443542,3137
1390.462434,120.703917,120.152959,3139
1390.489538,134.155583,133.472792,3140
1390.498380,131.339542,130.874917,3141
1390.563790,115.961417,114.870292,3142
1390.610826,109.272042,108.343958,3145
1390.660274,129.612583,128.391667,3146
1390.707958,254.395458,253.446958,3143
1390.753329,141.743875,141.190291,3148
1390.801383,126.128334,125.397709,3149
1390.840386,380.031167,378.882292,3144
1390.926049,139.316042,138.401083,3152
1390.935287,129.507000,129.060458,3153
1390.962624,398.700459,394.693834,3147
1391.045579,301.543667,297.061042,3150
1391.107034,98.415333,96.714333,3157
1391.148271,398.007459,397.189042,3151
1391.223658,104.123542,103.457375,3158
1391.234234,416.599750,415.741667,3154
1391.252235,125.106625,122.730416,3159
1391.320381,423.126083,422.619459,3156
1391.322205,91.597042,50.696625,3163
1391.326414,505.777125,463.875416,3155
1391.373986,218.708000,213.703291,3160
1391.380032,70.634667,70.094791,3164
1391.402839,206.279791,205.624708,3161
1391.437740,95.985167,95.243750,3165
1391.465541,59.841250,59.370791,3166
1391.484295,267.682917,263.004292,3162
1391.499318,46.548834,46.089167,3167
1391.554489,93.441834,92.141876,3168
1391.585648,52.601500,52.204541,3170
1391.601774,68.581042,68.065375,3171
1391.619560,158.272333,157.090792,3169
1391.667717,116.759416,116.062625,3172
1391.675561,67.059709,66.521583,3175
1391.687707,79.836750,79.243208,3174
1391.722128,47.018125,46.314042,3178
1391.734338,170.388750,169.522792,3173
1391.787344,56.191041,55.673625,3179
1391.812292,42.645750,41.965000,3180
1391.817886,188.750917,187.938917,3176
1391.857346,192.250625,191.805542,3177
1391.858928,62.461291,61.845583,3183
1391.926641,143.302250,142.864458,3181
1391.938742,41.477333,40.832750,3185
1391.976473,190.361500,189.690084,3182
1392.018166,209.480542,208.698875,3184
1392.057718,49.308875,48.548208,3186
1392.098606,37.005209,36.208375,3187
1392.141021,34.174291,33.556541,3188
1392.203982,84.467834,83.799334,3189
1392.217173,44.670208,44.152792,3190
1392.236862,44.560542,43.742708,3191
1392.285446,54.857541,54.182916,3192
1392.293061,37.590875,37.229791,3193
1392.327270,27.165542,26.714625,3194
1392.376868,35.178791,34.764333,3195
1392.454274,35.246750,34.882750,3196
1392.508625,40.060125,39.483500,3198
1392.520794,67.993333,67.340875,3197
1392.549859,64.139834,63.395500,3199
1392.582945,59.278917,58.664666,3200
1392.607276,80.653416,79.209375,3201
1392.620122,68.860458,68.151125,3203
1392.654283,124.245917,123.661125,3202
1392.687415,127.666000,125.484625,3204
1392.743766,68.718708,66.406083,3209
1392.744465,180.530584,179.893000,3205
1392.757744,87.686666,86.900625,3208
1392.781389,186.391334,185.760750,3206
1392.843107,56.988750,56.262500,3212
1392.848774,248.181208,247.528459,3207
1392.875925,108.713500,107.992208,3211
1392.897331,44.684792,44.283459,3215
1392.939738,204.463876,203.769709,3210
1392.956817,53.617083,52.665958,3217
1392.958821,61.563833,61.010250,3216
1393.014665,50.063417,49.319375,3220
1393.028368,234.042667,233.237376,3213
1393.046412,60.417584,59.508750,3221
1393.085288,245.976792,245.304792,3214
1393.112206,92.553709,50.832833,3224
1393.123476,194.808250,194.005583,3218
1393.162454,210.236250,209.031958,3219
1393.181137,61.655125,60.994792,3226
1393.228358,80.264333,79.750708,3227
1393.253310,265.164375,223.848042,3222
1393.287747,72.289584,71.462125,3230
1393.297475,289.097083,287.842333,3223
1393.306871,76.277250,75.848208,3231
1393.393274,104.973167,63.648375,3234
1393.400213,368.977584,325.498833,3225
1393.417184,261.392833,260.609125,3228
1393.423180,94.291167,52.082917,3235
1393.500283,323.595125,322.841167,3229
1393.514297,94.708250,53.287792,3237
1393.530236,99.865500,58.725917,3238
1393.590282,89.971001,89.086959,3241
1393.597320,82.986750,42.112583,3242
1393.615307,377.689959,333.939959,3232
1393.641207,387.852792,346.390626,3233
1393.677920,87.598000,86.833250,3244
1393.714308,372.573834,330.941625,3236
1393.719325,121.959542,80.494167,3245
1393.766296,324.747792,283.630667,3239
1393.781145,103.188166,60.508000,3248
1393.819317,366.520001,325.626292,3240
1393.846326,131.974209,90.640958,3249
1393.879327,112.987875,71.706833,3251
1393.884209,353.957917,313.117001,3243
1393.923387,104.033708,62.768709,3253
1393.957229,341.884959,300.336167,3246
1393.974372,127.941334,87.087583,3254
1393.978164,93.937667,53.215167,3256
1394.028195,386.946875,345.788333,3247
1394.067208,109.954542,68.535542,3258
1394.084142,109.738709,68.027750,3259
1394.089298,369.943291,325.538500,3250
1394.119153,90.922125,50.023458,3261
1394.150325,369.146167,328.122375,3252
1394.185318,305.948708,265.088542,3255
1394.218330,151.085375,109.958625,3262
1394.220214,296.800000,256.260375,3257
1394.237242,153.072209,112.116667,3263
1394.270307,292.118750,250.828666,3260
1394.274288,85.423333,43.885917,3267
1394.336200,105.580125,64.456584,3268
1394.347290,103.446292,61.779958,3269
1394.363257,273.921083,232.179208,3264
1394.381471,82.023084,81.175208,3270
1394.426304,307.123834,266.039376,3265
1394.429157,120.248333,78.884458,3271
1394.470306,319.921000,276.666542,3266
1394.474396,67.412041,66.716417,3274
1394.481196,53.863833,53.171125,3275
1394.495186,153.504458,152.584833,3272
1394.577231,124.402834,123.719167,3276
1394.577231,226.410625,183.963500,3273
1394.600315,36.370834,35.802083,3278
1394.600387,85.159958,84.676666,3277
1394.666104,40.942125,40.397000,3279
1394.726943,51.639000,50.928500,3282
1394.730540,62.983958,62.339959,3280
1394.736217,61.126917,60.232666,3281
1394.787702,42.077584,41.474125,3285
1394.805531,123.592000,122.886166,3283
1394.810853,31.332583,30.668750,3286
1394.865451,168.205041,167.640083,3284
1394.894181,51.032334,50.336708,3288
1394.916595,130.413792,129.831916,3287
1394.935719,38.440500,37.809917,3289
1394.973108,43.562459,42.870042,3290
1395.016303,71.173375,70.745500,3291
1395.032646,70.748709,70.063001,3292
1395.059842,96.712292,95.974667,3293
1395.078078,61.109417,60.502750,3298
1395.122244,38.084083,37.447958,3300
1395.145335,107.278208,65.750125,3299
1395.149978,160.575333,158.140500,3294
1395.212608,93.126542,92.497125,3302
1395.214964,223.099916,222.478375,3295
1395.238203,99.974875,59.110625,3303
1395.261423,265.141042,264.473416,3296
1395.284863,54.245625,53.599000,3305
1395.321142,312.756792,311.959667,3297
1395.340077,40.487417,39.893875,3308
1395.340208,66.534125,66.031875,3306
1395.460613,118.906958,117.400500,3310
1395.505683,416.801000,375.232667,3301
1395.506615,126.492917,124.986458,3311
1395.621110,475.734583,433.970542,3304
1395.644875,164.537042,122.031875,3314
1395.686507,409.213292,408.720959,3307
1395.695798,173.975958,132.612958,3315
1395.792547,171.413083,129.351542,3317
1395.801439,463.140709,462.451500,3309
1395.831330,144.799958,100.108750,3319
1395.940637,490.796834,490.034125,3312
1395.960048,158.568375,116.134084,3322
1395.977138,184.553250,142.738750,3321
1396.064381,611.433958,610.444625,3313
1396.107372,166.698875,125.202584,3324
1396.140321,180.235417,138.884958,3325
1396.168723,604.801167,603.090542,3316
1396.260200,152.795417,111.824417,3328
1396.285308,144.942292,102.728209,3329
1396.292311,647.395583,604.527000,3318
1396.348102,87.884709,46.814250,3331
1396.366337,670.488000,628.744375,3320
1396.374340,88.990125,47.971875,3332
1396.413316,581.947917,540.971084,3323
1396.460287,112.163334,70.794500,3334
1396.472145,494.970292,450.309417,3326
1396.479372,112.952876,71.832833,3335
1396.510314,445.896209,403.663751,3327
1396.561219,89.049625,46.817750,3339
1396.561229,100.907625,59.769500,3338
1396.570347,401.595834,360.538208,3330
1396.596306,303.954292,262.180625,3333
1396.660265,99.021125,58.121292,3342
1396.664151,289.771417,248.696000,3336
1396.672330,111.070750,70.222250,3343
1396.714217,300.855625,259.545417,3337
1396.765135,104.835792,63.759500,3346
1396.769223,289.810792,248.061042,3340
1396.776292,112.122208,70.184041,3347
1396.834320,323.972834,282.728833,3341
1396.863165,98.010500,55.815667,3350
1396.884370,115.105083,74.165584,3351
1396.898142,327.758667,286.783000,3344
1396.945230,110.882041,69.685875,3353
1396.958324,361.978458,319.809000,3345
1396.969322,106.130792,64.619917,3354
1396.983592,311.221458,310.365125,3348
1397.045212,99.963500,58.643375,3357
1397.056211,97.856500,57.057875,3358
1397.074147,359.898000,318.605583,3349
1397.133210,87.975126,47.408375,3361
1397.144149,87.899876,45.439333,3362
1397.150299,373.974417,331.986376,3352
1397.192306,307.899667,267.158501,3355
1397.256142,111.978416,70.709625,3365
1397.256210,122.966667,82.216167,3364
1397.278195,380.030000,339.224959,3356
1397.327271,357.906792,316.407001,3359
1397.362240,106.017916,64.761083,3369
1397.364592,380.957208,379.969917,3360
1397.372201,116.036958,74.720042,3368
1397.420274,92.966417,51.783084,3371
1397.454330,92.058167,51.243208,3372
1397.459297,94.664792,53.594041,3373
1397.518235,97.924750,56.376542,3375
1397.536134,385.792458,344.472625,3366
1397.556339,101.973667,60.330083,3376
1397.592296,399.948500,357.381500,3367
1397.644213,125.940209,83.619958,3378
1397.647259,369.028917,327.595333,3370
1397.652355,116.198250,75.065667,3379
1397.693289,619.119375,578.170542,3363
1397.753289,381.055208,339.603541,3374
1397.764258,116.978458,73.476958,3383
1397.764269,120.022292,79.102625,3382
1397.790310,330.974292,290.178583,3377
1397.862206,108.895501,67.394834,3386
1397.863217,306.842375,265.575917,3380
1397.875169,110.893417,68.717542,3387
1397.889169,296.845501,255.855834,3381
1397.945205,292.825750,251.704834,3384
1397.971296,109.066709,67.707208,3390
1397.978158,114.910833,73.334625,3391
1398.007282,313.953792,272.188000,3385
1398.042130,96.910917,55.709792,3394
1398.080217,108.888208,67.083041,3395
1398.094166,329.888709,287.636417,3388
1398.127196,336.852833,295.713834,3389
1398.138210,130.886000,89.553917,3397
1398.165296,123.139625,81.796458,3398
1398.208302,333.108416,291.291000,3392
1398.237251,110.036208,69.362708,3401
1398.260288,122.038875,81.257167,3402
1398.268322,379.130208,337.900791,3393
1398.310278,101.942750,60.299750,3404
1398.324303,87.026917,45.857292,3405
1398.332145,353.965208,312.956000,3396
1398.379262,299.004417,257.685458,3399
1398.416133,105.829209,64.319208,3408
1398.445292,120.954750,79.967417,3409
1398.445656,351.468250,310.159208,3400
1398.500222,334.890792,293.556666,3403
1398.503332,124.027459,82.651042,3411
1398.520341,104.180709,63.325209,3412
1398.567261,306.934542,265.454584,3406
1398.606294,106.047084,65.249042,3415
1398.630324,126.947917,85.861417,3416
1398.631283,362.922875,321.866709,3407
1398.673124,105.828042,64.704208,3418
1398.686140,353.972209,313.161917,3410
1398.701361,95.025875,54.175333,3419
1398.737292,291.956583,250.571126,3413
1398.774304,101.156709,59.720500,3422
1398.791144,104.982792,64.327375,3423
1398.825324,379.614667,338.044292,3414
1398.846109,108.784667,66.213291,3425
1398.880292,105.951125,64.586375,3426
1398.884314,363.938167,322.672583,3417
1398.929289,103.931041,62.746250,3428
1398.952207,106.074500,64.748542,3429
1398.957339,326.967084,285.462917,3420
1399.021264,91.933042,51.085417,3432
1399.030309,398.990667,357.561750,3421
1399.057289,105.039667,63.570208,3433
1399.100306,398.898500,357.788667,3424
1399.132243,110.953792,69.128791,3435
1399.141207,110.872417,69.528083,3436
1399.161141,369.978292,327.590959,3427
1399.178143,77.803250,36.423625,3438
1399.233272,352.941167,311.513708,3430
1399.258137,116.912250,76.034876,3440
1399.263338,131.069459,89.419750,3439
1399.287275,402.919125,361.482042,3431
1399.325183,91.848166,51.071416,3443
1399.353156,94.999917,54.430834,3444
1399.360319,402.933708,361.496917,3434
1399.412130,124.820500,83.856209,3446
1399.420248,362.925792,320.672625,3437
1399.434245,109.039875,67.790334,3447
1399.456303,295.137792,254.361917,3441
1399.492142,79.991333,38.547250,3450
1399.541200,84.858666,43.653459,3453
1399.543131,364.970083,323.855583,3442
1399.562277,142.005791,101.130166,3451
1399.587359,323.978667,283.181792,3445
1399.630226,277.047459,233.234167,3448
1399.668319,127.076833,85.599791,3455
1399.672313,311.944792,270.421375,3449
1399.682225,139.074542,97.691125,3456
1399.732273,298.003709,256.679208,3452
1399.762156,93.810209,52.922333,3460
1399.768225,137.952500,96.738250,3459
1399.800306,308.138250,266.206500,3454
1399.855277,122.965792,81.622333,3463
1399.865336,103.158126,61.680792,3464
1399.876389,314.086209,273.245875,3457
1399.920277,332.877125,290.546959,3458
1399.959269,286.914250,245.650709,3461
1399.975303,109.917791,65.906750,3468
1399.978144,122.839792,81.816875,3467
1400.020259,338.014542,295.989750,3462
1400.076293,100.951084,60.112209,3472
1400.081331,122.020792,80.330250,3471
1400.090293,322.021001,280.721584,3465
1400.153265,352.923084,311.287376,3466
1400.182238,100.876125,59.275416,3476
1400.197252,120.926458,79.624416,3475
1400.207151,330.726959,289.221916,3469
1400.255256,334.952334,293.314292,3470
1400.262337,109.044541,67.508292,3478
1400.294146,315.979417,274.764583,3473
1400.296140,113.884750,71.861417,3479
1400.358295,338.011042,297.077375,3474
1400.369695,107.322833,65.828875,3483
1400.396296,140.999542,97.391875,3482
1400.475951,385.625917,340.046584,3477
1400.534343,164.627458,123.324250,3487
1400.552484,194.156958,150.450708,3486
1400.606391,409.111792,363.611500,3480
1400.720372,185.988250,144.361000,3490
1400.722405,169.895833,128.911709,3491
1400.722421,515.249875,473.591709,3481
1400.825386,531.220084,489.004542,3484
1400.875163,154.767375,113.690500,3493
1400.902824,180.388250,138.189625,3494
1400.940089,643.928834,602.187250,3485
1401.037340,162.160541,119.595875,3497
1401.066588,163.731166,120.760792,3498
1401.078054,681.729125,639.203542,3488
1401.187121,149.765875,109.304709,3500
1401.216310,740.321458,699.370876,3489
1401.227431,160.802833,118.878375,3501
1401.269137,81.996834,40.498500,3503
1401.292291,685.857958,644.383250,3492
1401.328148,111.803709,70.861875,3504
1401.336305,108.829875,67.396292,3505
1401.357308,634.868209,591.937792,3495
1401.383223,90.888000,50.118541,3507
1401.411319,585.884834,544.469917,3496
1401.423235,95.064959,53.846625,3508
1401.474356,534.230375,493.228167,3499
1401.478329,120.975166,79.476834,3510
1401.495317,112.056875,70.717209,3511
1401.515296,437.217959,396.267667,3502
1401.575316,100.918708,59.860208,3514
1401.590255,111.884500,71.054375,3515
1401.593259,324.094750,283.330834,3506
1401.660346,323.998792,283.015541,3509
1401.686271,110.926959,69.969958,3518
1401.701217,110.933958,69.874584,3519
1401.714310,302.947167,260.966417,3512
1401.759177,98.791583,58.022708,3521
1401.773345,350.083417,309.344875,3513
1401.789175,102.879000,60.685625,3522
1401.828227,332.871875,291.323666,3516
1401.875257,116.041625,75.072667,3525
1401.894370,379.031041,337.627500,3517
1401.896225,122.849417,81.604834,3526
1401.933145,339.847667,298.449959,3520
1401.980216,278.957584,236.122834,3523
1402.016214,140.916708,100.024750,3529
1402.035281,320.929583,279.768417,3524
1402.041341,146.927959,105.511001,3530
1402.069238,88.981958,47.596792,3533
1402.101218,84.963084,43.437333,3534
1402.121221,332.018458,291.130876,3527
1402.152136,116.819792,75.560333,3535
1402.182339,113.074209,72.077833,3537
1402.218198,389.952501,349.057917,3528
1402.224301,103.040875,61.683709,3539
1402.246299,94.138041,52.835417,3540
1402.269245,372.982167,332.060167,3531
1402.325139,106.907792,66.089625,3542
1402.326183,393.018792,351.934042,3532
1402.342226,117.880584,77.112584,3543
1402.371297,329.927209,289.100000,3536
1402.415285,314.031084,272.246334,3538
1402.446346,121.182541,80.020500,3546
1402.451315,125.112750,82.819333,3547
1402.471289,288.907791,247.132667,3541
1402.517245,101.919708,60.690584,3550
1402.532318,285.969833,244.247500,3544
1402.557297,110.884084,69.817125,3551
1402.574291,305.021500,263.737541,3545
1402.639280,121.996000,80.544625,3554
1402.647318,114.957500,73.607625,3555
1402.653357,311.089041,269.612875,3548
1402.709287,337.951250,296.522626,3549
1402.728273,88.951334,47.624209,3558
1402.744280,96.922000,55.522542,3559
1402.770145,318.802459,278.127209,3552
1402.828215,118.884792,77.239750,3561
1402.835321,107.004333,66.082042,3562
1402.837296,365.967292,324.554126,3553
1402.874328,317.007250,275.726792,3556
1402.929279,354.946959,313.237167,3557
1402.942206,113.954167,73.047917,3565
1402.951410,116.043667,74.536000,3566
1402.989298,335.892667,294.108208,3560
1403.033278,103.968667,62.434458,3569
1403.040242,97.992125,56.298375,3570
1403.062338,318.016417,276.751125,3563
1403.124291,354.120083,313.317083,3564
1403.144310,110.997833,69.880125,3573
1403.166261,125.981917,84.799458,3574
1403.205296,80.963750,39.524625,3576
1403.234140,396.812208,355.487125,3567
1403.254158,109.811333,69.038375,3577
1403.256158,89.861042,49.166250,3578
1403.283240,408.877584,367.784083,3568
1403.342217,390.762166,348.992291,3571
1403.365282,131.121084,90.040417,3580
1403.373361,119.173542,78.124666,3581
1403.382154,392.821042,351.912459,3572
1403.458313,116.054167,74.922458,3584
1403.463228,400.854125,359.166792,3575
1403.473247,107.928916,66.749375,3585
1403.536150,330.826417,289.695584,3579
1403.565307,102.035500,60.317542,3589
1403.571166,112.820166,72.225125,3588
1403.614249,78.081500,37.320208,3591
1403.618302,362.120792,320.575500,3582
1403.652241,368.970875,324.040792,3583
1403.692154,126.807333,85.431792,3592
1403.693167,78.896417,38.017000,3594
1403.712302,338.896250,297.540542,3586
1403.746138,93.849292,52.034500,3596
1403.765148,382.977583,341.714334,3587
1403.809123,335.857667,295.379291,3590
1403.830386,118.044500,76.937292,3599
1403.842326,271.139750,230.389541,3593
1403.849341,157.158750,115.559791,3597
1403.910282,291.949583,250.338375,3595
1403.926143,95.737833,54.982375,3603
1403.929259,120.115333,79.259250,3602
1403.991225,298.024125,256.811333,3598
1404.018177,107.863875,66.928750,3606
1404.024332,98.162750,57.108917,3607
1404.057307,311.142708,269.570875,3600
1404.077207,85.943083,44.657667,3609
1404.130287,365.110667,323.892042,3601
1404.133268,115.064250,73.896959,3610
1404.156375,99.023750,57.343125,3612
1404.197315,354.947833,314.006876,3604
1404.256128,99.716459,57.695458,3616
1404.263253,132.927959,91.259292,3614
1404.270212,136.910667,95.581208,3615
1404.299286,370.002208,328.871375,3608
1404.374227,118.078916,76.628708,3618
1404.377154,113.880375,72.994833,3619
1404.382252,357.883750,316.894958,3611
1404.439357,362.112042,320.852875,3613
1404.469254,95.003417,54.005000,3622
1404.482389,105.214084,64.377250,3623
1404.507294,657.917750,616.386458,3605
1404.564133,124.744667,83.784458,3625
1404.569259,371.833584,330.374042,3617
1404.579391,110.111166,69.128500,3626
1404.653297,89.140917,47.969834,3629
1404.658303,388.057250,346.560958,3620
1404.707197,137.904667,96.703834,3630
1404.713289,413.959000,372.748542,3621
1404.736231,82.898667,41.495416,3632
1404.785292,403.018292,360.055500,3624
1404.815216,107.997751,66.886167,3634
1404.827388,344.960584,303.779001,3627
1404.840306,126.971542,85.682042,3635
1404.892131,106.780625,65.668166,3637
1404.901321,86.061500,44.756542,3638
1404.910319,402.990875,360.588376,3628
1404.965258,385.811417,344.417500,3631
1405.004228,345.887792,304.996125,3633
1405.018150,116.798792,75.319709,3642
1405.024348,132.190625,91.457042,3641
1405.060220,323.962625,281.589584,3636
1405.113288,109.036958,67.869375,3645
1405.117368,99.190292,58.276750,3646
1405.137316,309.888834,268.836167,3639
1405.199301,358.951542,317.444459,3640
1405.223154,109.840500,68.837416,3649
1405.227553,110.142667,68.752834,3650
1405.251233,340.874334,299.107666,3643
1405.297111,97.772792,56.359625,3652
1405.297203,331.909083,291.125625,3644
1405.326208,301.814917,259.895416,3647
1405.337292,114.119250,72.835583,3653
1405.398296,101.159041,60.495459,3656
1405.418466,358.209250,316.944250,3648
1405.440499,143.209792,102.141083,3657
1405.547219,148.878042,107.743709,3660
1405.552145,414.802208,373.769084,3651
1405.569529,151.048042,108.795751,3661
1405.651479,423.885292,382.418458,3654
1405.725224,177.962166,135.652417,3663
1405.734328,182.156042,140.188708,3664
1405.751503,500.228459,454.766375,3655
1405.857928,531.680626,490.420876,3658
1405.876312,151.054166,107.781625,3667
1405.924842,190.485459,148.653167,3668
1405.960313,622.980167,581.368959,3659
1406.011299,153.346083,111.854750,3670
1406.066315,625.782792,584.689001,3662
1406.080516,155.650250,114.648916,3672
1406.158323,146.981917,105.604625,3674
1406.191309,621.753126,580.940792,3665
1406.216309,149.957792,108.324126,3675
1406.283160,631.647626,590.705792,3666
1406.293143,134.784708,91.656542,3677
1406.318135,566.612083,524.466542,3669
1406.322325,130.979333,88.863542,3678
1406.402301,119.116375,78.066042,3680
1406.405220,112.045791,70.688917,3681
1406.409341,533.007417,492.011917,3671
1406.480136,519.797250,478.449417,3673
1406.481340,76.078041,34.193833,3685
1406.506321,103.978292,62.448167,3684
1406.535190,454.656125,413.134167,3676
1406.573311,93.151042,52.308375,3687
1406.579275,362.927541,322.020708,3679
1406.616390,135.004916,93.611875,3688
1406.648317,113.103375,71.891459,3690
1406.650128,331.977625,291.051834,3682
1406.697278,117.962541,76.318667,3692
1406.714295,391.930291,350.212041,3683
1406.720372,103.938916,61.292292,3693
1406.768143,358.774208,317.838792,3686
1406.802148,87.824041,46.097625,3697
1406.815297,117.980917,77.030916,3696
1406.841313,73.143875,31.875959,3699
1406.848217,341.856667,299.372208,3689
1406.901195,99.021417,58.099709,3700
1406.909244,93.909667,52.823458,3701
1406.909266,335.920958,294.483875,3691
1406.971387,323.031042,282.116626,3694
1407.012306,111.071041,69.922709,3704
1407.038258,388.106250,346.552792,3695
1407.050323,141.053208,99.964083,3705
1407.078315,106.885333,65.410917,3707
1407.109139,388.737125,347.873750,3698
1407.133130,94.833958,53.595208,3709
1407.145229,132.878959,91.933042,3708
1407.160287,318.935751,277.458709,3702
1407.194317,85.156750,43.928500,3712
1407.232237,383.987917,342.721167,3703
1407.242157,109.007500,67.039000,3713
1407.262316,101.985042,60.707500,3715
1407.290287,381.008541,339.708541,3706
1407.329744,37.829167,37.122750,3718
1407.333290,102.675416,61.325250,3716
1407.376314,139.894125,98.702917,3717
1407.387056,50.971959,50.338167,3719
1407.388196,337.847125,297.080292,3710
1407.441397,99.675917,99.073333,3720
1407.453288,52.563584,51.877583,3721
1407.460222,381.863125,339.383333,3711
1407.519311,374.046167,332.153208,3714
1407.521508,68.634416,67.678625,3724
1407.542684,80.143584,79.615375,3725
1407.549705,137.408541,136.726916,3722
1407.594615,64.178625,63.452959,3727
1407.604184,167.409959,167.021751,3723
1407.631193,67.265334,66.634458,3728
1407.673934,81.976709,81.319875,3729
1407.678289,197.926167,156.241167,3726
1407.711148,36.044750,35.447708,3730
1407.759174,77.608709,76.849500,3731
1407.784105,66.987958,61.166875,3732
1407.794805,59.671500,58.956917,3733
1407.854563,60.062916,59.454792,3736
1407.857994,119.539000,118.746542,3734
1407.866660,80.539667,79.727375,3735
1407.892615,67.225083,66.578459,3737
1407.952305,76.599250,75.662417,3739
1407.957458,60.221584,59.440791,3740
1407.973712,142.178458,141.528917,3738
1408.026592,62.416667,61.751083,3742
1408.027069,82.021625,81.345250,3741
1408.073124,64.739500,64.114167,3743
1408.099488,43.408459,42.809375,3744
1408.178750,59.237792,58.630250,3745
1408.271608,41.003958,40.469625,3746
1408.299566,43.900792,43.268750,3747
1408.370727,28.997208,28.492333,3749
1408.414444,76.871958,76.258875,3748
1408.423752,28.235959,27.660500,3750
1408.508931,28.226625,27.742167,3752
1408.531988,79.189542,78.780334,3751
1408.590576,54.873291,54.233084,3753
1408.635084,67.758833,67.059709,3755
1408.639499,75.587458,74.821250,3754
1408.649319,55.814500,55.149500,3756
1408.696123,74.057958,73.184708,3757
1408.707897,53.057084,52.215333,3758
1408.728714,53.655292,52.980667,3759
1408.782104,41.785917,41.152708,3760
1408.815388,29.196708,28.474542,3761
1408.928261,31.020500,30.665542,3762
1408.953996,55.657876,55.055292,3763
1408.992905,58.088334,57.643834,3764
1409.038836,47.577250,47.090459,3765
1409.067026,58.636958,58.066750,3766
1409.167323,47.819625,47.159000,3767
1409.298525,67.919542,67.367417,3768
1409.313685,51.358417,50.760209,3769
1409.344295,80.404042,80.035667,3770
1409.361121,77.476583,76.706000,3771
1409.402314,70.622125,70.133000,3772
1409.421319,79.575709,78.762250,3773
1409.438762,55.629875,54.932500,3774
1409.488164,35.302750,34.538584,3776
1409.499359,58.693541,58.038750,3775
1409.602994,39.076333,38.564750,3777
1409.734972,59.950041,59.640292,3778
1409.740032,60.466875,59.800708,3780
1409.752198,76.870208,76.350458,3779
1409.835435,49.261625,48.671000,3781
1409.902341,49.391125,48.977542,3782
1409.942804,60.490500,59.957625,3783
1409.958338,61.065959,60.532208,3784
1409.972942,56.874125,56.230416,3785
1410.012808,72.092125,71.530667,3786
1410.060699,52.297000,51.655333,3787
1410.063063,39.610666,39.090041,3788
1410.128155,54.803291,54.235416,3789
1410.186133,66.636500,65.972375,3790
1410.272269,41.650583,41.000166,3791
1410.420685,78.986542,78.540292,3792
1410.534589,81.659375,80.891708,3793
1410.555050,84.945292,84.425541,3794
1410.645639,81.640708,80.964042,3795
1410.704197,96.987625,96.488875,3796
1410.752655,101.931084,101.357959,3797
1410.776218,98.240916,97.246334,3798
1410.853454,165.602208,163.410625,3799
1410.881617,95.495166,94.532084,3800
1410.986029,95.221875,94.663625,3801
1410.990441,93.130917,92.430333,3802
1411.077708,69.233209,67.797333,3803
1411.113152,48.376125,47.610500,3804
1411.144359,24.868667,24.413084,3805
1411.265850,35.255209,34.626083,3806
1411.325816,41.663416,41.196750,3807
1411.354850,49.948792,49.442166,3808
1411.397475,55.739833,55.211333,3809
1411.416241,52.802167,52.238084,3810
1411.465380,81.692625,81.104041,3811
1411.502737,49.956666,49.293416,3812
1411.632079,68.141792,67.592875,3813
1411.704141,29.070417,28.363125,3814
1411.816779,38.717292,38.241291,3815
1411.827423,41.246041,40.840625,3816
1411.875504,36.509667,35.998959,3817
1411.948054,50.794625,50.095500,3818
1411.982351,42.781375,42.303917,3819
1412.052584,36.948625,36.430917,3821
1412.072328,63.944125,63.330750,3820
1412.088868,38.580500,37.786875,3822
1412.161848,42.380042,41.817125,3823
1412.279121,48.553458,47.896042,3824
1412.310168,41.790292,41.236125,3825
1412.391342,49.614542,49.142917,3826
1412.396610,48.820917,48.100791,3827
1412.498555,45.733333,45.091083,3828
1412.605657,41.699000,41.131416,3829
1412.675761,41.035167,40.630334,3830
1412.718157,43.088500,42.489125,3831
1412.812450,52.384792,51.971208,3832
1412.833502,47.371917,46.843125,3833
1412.868405,43.853250,43.256208,3834
1412.922114,24.887625,24.574958,3835
1412.972196,35.957833,35.359625,3836
1412.997157,26.049333,25.307625,3837
1413.051395,43.008875,42.480958,3838
1413.082775,54.849667,54.072959,3839
1413.169337,60.896209,60.303251,3840
1413.184752,50.893209,49.808500,3842
1413.191974,72.480334,71.800750,3841
1413.275185,44.596708,44.212875,3843
1413.384421,42.709916,42.188417,3844
1413.430559,62.247792,61.555375,3845
1413.492691,39.854208,39.364208,3846
1413.552474,39.821833,39.148084,3847
1413.586885,58.090666,57.470292,3848
1413.612975,49.058916,48.514375,3849
1413.731216,56.147875,55.608875,3850
1413.768319,63.561458,62.958875,3851
1413.818141,42.283792,41.698125,3852
1413.858496,72.339750,71.663375,3853
1413.864600,43.878042,43.482834,3854
1413.890751,50.200792,49.591792,3855
1413.953805,34.347542,33.995209,3857
1413.968762,71.468250,70.771458,3856
1414.020543,61.452708,60.938791,3858
1414.035950,27.607125,27.071916,3859
1414.123854,36.746792,36.220917,3860
1414.163484,43.969917,43.391250,3861
1414.186597,59.787000,59.096625,3862
1414.209930,75.862500,75.364917,3863
1414.275019,44.429000,44.044000,3864
1414.370155,42.910584,42.338625,3866
1414.385381,69.957125,69.432708,3865
1414.416710,74.985750,74.353709,3867
1414.489047,36.254166,35.725083,3868
1414.593295,29.390375,28.880833,3869
1414.631947,58.660291,57.904875,3870
1414.669512,24.952375,24.502625,3871
1414.710885,35.842333,35.249375,3872
1414.777888,46.785084,46.075458,3873
1414.829150,43.016750,42.599083,3874
1414.938164,40.866584,40.368416,3875
1415.008502,68.987625,68.477791,3876
1415.039440,47.815250,47.183792,3877
1415.053739,45.340750,44.924250,3878
1415.158922,39.438583,38.999042,3879
1415.271856,41.278709,40.889625,3880
1415.316658,34.700166,34.297958,3882
1415.331067,67.147209,66.366417,3881
1415.423464,81.722958,81.018875,3883
1415.498327,87.733334,86.937375,3884
1415.528160,74.833208,73.974833,3885
1415.634322,70.333667,69.432417,3886
1415.727244,91.078459,90.542375,3887
1415.808796,144.952500,143.188500,3888
1415.834872,159.801834,158.954834,3889
1415.845286,126.994291,125.615292,3890
1415.918704,132.560167,131.706750,3891
1415.969952,72.683042,71.684958,3892
1416.057597,87.187334,86.725041,3893
1416.108053,99.281000,98.288458,3894
1416.140838,93.990167,93.376208,3895
1416.161224,74.691458,73.477250,3896
1416.184595,65.098542,64.317167,3897
1416.197676,44.268583,43.590750,3898
1416.256763,44.557625,43.885333,3899
1416.275402,44.827125,44.173500,3900
1416.294788,43.299084,42.735000,3901
1416.377352,41.973750,41.455750,3902
1416.389673,47.974208,47.469625,3903
1416.424849,39.710708,39.181334,3904
1416.469833,55.649125,54.948833,3905
1416.495888,43.063417,41.942834,3906
1416.601170,37.249625,36.549625,3907
1416.671879,24.940125,24.626292,3908
1416.714833,43.036000,42.372750,3909
1416.725426,50.332334,49.710500,3910
1416.814211,28.064750,27.518750,3911
1416.882234,31.708250,31.157584,3912
1416.931126,33.861042,33.219666,3913
1417.026962,34.451083,33.982958,3914
1417.077676,69.281333,68.752541,3915
1417.126459,62.915125,62.160875,3916
1417.160920,41.411417,40.659791,3917
1417.273385,53.529584,53.072834,3918
1417.281955,58.955167,58.198292,3919
1417.291911,61.289666,60.689125,3920
1417.342848,102.844875,102.219834,3921
1417.388749,47.016667,46.365959,3922
1417.467445,40.009959,39.487875,3923
1417.505610,52.763666,52.106250,3924
1417.516914,41.785917,41.248958,3925
1417.556662,50.434417,49.756583,3926
1417.591783,27.846292,27.335292,3927
1417.664726,50.351875,49.680167,3928
1417.711591,36.551083,36.094917,3929
1417.829570,43.412542,42.730917,3930
1417.916124,46.351083,42.413000,3931
1417.958435,69.845416,69.217167,3932
1417.960387,59.125500,58.546541,3934
1417.982266,84.993708,84.292250,3933
1418.027256,51.694125,51.179333,3935
1418.059224,50.873083,50.194959,3937
1418.071507,74.775459,74.062917,3936
1418.116694,99.188834,90.486667,3938
1418.127060,40.553917,39.914875,3940
1418.158072,38.615208,37.917833,3941
1418.170477,120.366750,119.738208,3939
1418.266615,36.007416,35.335417,3942
1418.381326,45.176250,44.720375,3943
1418.389649,47.915583,47.301333,3944
1418.489470,36.633625,36.157042,3945
1418.544893,38.640292,38.176250,3946
1418.613100,49.181417,48.727875,3947
1418.630843,56.683375,56.046958,3948
1418.649410,50.418375,49.923709,3949
1418.716575,41.549958,41.089416,3950
1418.798106,38.360292,36.905166,3951
1418.829586,52.385083,51.721541,3952
1418.839569,53.452875,52.924958,3953
1418.867705,34.918042,34.309333,3954
1418.922347,25.079542,24.617541,3955
1419.061548,53.194167,52.686083,3956
1419.114758,27.411708,26.955834,3957
1419.162975,43.481375,42.758625,3958
1419.178142,49.668792,48.904917,3959
1419.260552,29.955625,29.530375,3960
1419.376764,35.047250,34.513792,3962
1419.383974,54.247375,53.912250,3961
1419.485455,32.636917,32.125333,3963
1419.612437,52.649042,52.070375,3964
1419.624192,50.775959,50.132250,3966
1419.635419,71.477875,70.890458,3965
1419.711121,36.104541,35.564084,3967
1419.827033,40.678459,40.044666,3969
1419.830769,44.599917,44.278208,3968
1419.900294,39.672500,39.285167,3970
1419.937620,40.320292,39.574792,3971
1420.015945,55.829667,55.215709,3972
1420.046444,38.105959,37.695292,3973
1420.162331,42.847584,42.378292,3974
1420.267738,37.112833,36.572083,3975
1420.309717,76.666916,75.993167,3976
1420.418880,77.133291,75.865125,3977
1420.544746,101.770959,100.937083,3978
1420.550573,97.666917,97.044209,3979
1420.610284,110.161625,109.317250,3980
1420.658757,94.712333,93.825375,3981
1420.696728,96.615750,96.068875,3982
1420.752886,77.503125,76.653500,3983
1420.865226,79.017167,77.773501,3984
1420.945384,96.762459,95.669000,3985
1420.997604,105.156625,104.063167,3986
1421.005268,108.054917,106.767209,3987
1421.109073,99.924416,99.227625,3988
1421.118470,60.104625,59.502333,3989
1421.155089,77.286708,76.588750,3990
1421.192967,73.491542,72.859792,3992
1421.204111,87.457125,86.658833,3991
1421.219894,57.397959,56.259875,3993
1421.263332,65.935042,65.415584,3994
1421.268974,60.278166,59.913583,3995
1421.299228,68.618958,67.867625,3996
1421.384699,43.015291,42.514209,3997
1421.493935,41.121208,40.712583,3998
1421.613779,46.456958,45.967250,4000
1421.625080,61.169792,60.559917,3999
1421.645995,59.766584,59.259666,4001
1421.718341,43.322709,42.793917,4002
1421.829819,38.462958,37.738458,4004
1421.835552,49.371583,48.827333,4003
1421.954356,57.110375,56.540167,4005
1422.047647,39.259500,38.612584,4007
1422.048724,62.452542,61.904208,4006
1422.145641,28.150791,27.730208,4008
1422.176842,57.346041,56.616875,4009
1422.267706,31.159625,30.572500,4011
1422.290163,59.527709,59.057542,4010
1422.411256,69.514375,68.925208,4012
1422.490513,37.693250,37.071416,4013
1422.597161,33.249708,32.670167,4014
1422.713719,40.090750,39.581791,4015
1422.725239,50.180084,49.603458,4016
1422.794538,46.093250,45.635041,4017
1422.825280,62.366500,61.953208,4018
1422.841644,55.489292,54.814959,4019
1422.855894,44.482958,43.798708,4020
1422.915572,41.534500,41.119458,4021
1422.932578,57.631292,57.169000,4022
1422.969934,72.680125,71.578792,4023
1422.986272,43.361500,42.836500,4024
1423.062123,53.747459,53.023541,4025
1423.165182,45.696291,45.091958,4026
1423.283739,53.140208,52.631250,4027
1423.387468,45.779709,45.359417,4028
1423.402914,40.378916,39.674833,4029
1423.526748,73.946542,73.441958,4030
1423.579162,50.690500,50.181834,4031
1423.610832,46.870250,46.373250,4032
1423.737226,62.182750,61.547209,4033
1423.831863,45.706791,45.364958,4034
1423.938386,41.150083,40.688667,4035
1423.950955,36.980417,36.472625,4036
1423.995270,41.230875,40.717250,4037
1424.062386,54.028042,53.365375,4038
1424.156428,36.948917,36.483125,4039
1424.270090,39.456959,38.905416,4040
1424.346486,27.096708,26.798334,4041
1424.401311,59.563292,58.683625,4042
1424.455917,35.229834,34.742750,4043
1424.494495,41.661375,40.896917,4044
1424.598938,34.998833,34.386333,4045
1424.677181,44.293375,43.904291,4046
1424.718355,43.270209,42.458792,4047
1424.861497,75.362000,74.770208,4048
1424.899132,43.026375,42.565250,4049
1424.952840,55.498041,54.625375,4050
1424.955993,41.843666,41.421917,4051
1425.062406,54.026583,53.354000,4052
1425.177083,57.587542,56.905334,4054
1425.180159,58.729417,58.312334,4055
1425.190220,78.855000,78.011792,4053
1425.262744,32.148083,31.739750,4057
1425.275383,74.133500,73.539083,4056
1425.394091,79.143750,78.283625,4058
1425.468542,126.815791,125.908416,4059
1425.489285,133.605792,132.575917,4060
1425.512602,106.782958,106.232584,4061
1425.592834,91.048125,90.547041,4063
1425.628101,174.671875,173.433167,4062
1425.711484,146.558416,145.139750,4064
1425.720896,122.861084,121.950792,4065
1425.780713,177.711042,174.502709,4066
1425.837960,116.787709,116.335333,4070
1425.889101,213.438750,212.575417,4067
1425.891300,128.991334,128.405083,4072
1426.009265,112.424958,111.342875,4075
1426.019850,337.574708,335.241084,4068
1426.092469,195.206375,150.608500,4076
1426.125055,420.360501,419.499500,4069
1426.151298,141.987416,100.467209,4078
1426.211799,450.536916,440.672750,4071
1426.250325,130.853042,89.743209,4080
1426.259631,480.362750,479.508166,4073
1426.276370,45.755208,45.064250,4081
1426.351444,413.770292,412.449625,4077
1426.353170,565.980042,520.925125,4074
1426.385551,43.817667,43.251833,4082
1426.452176,432.191375,389.815417,4079
1426.526049,73.168083,72.490250,4083
1426.600463,36.534458,35.920792,4084
1426.627953,50.418666,49.886375,4085
1426.689171,72.923667,72.205292,4086
1426.705784,30.746625,30.127709,4087
1426.814604,44.919875,44.491709,4088
1426.847109,60.932084,60.171417,4089
1426.926885,29.648500,29.238708,4090
1426.970941,67.596375,66.817625,4091
1427.038986,30.585333,30.007250,4093
1427.067682,64.569166,64.112125,4092
1427.193149,73.643208,73.011459,4094
1427.276180,39.551750,38.746458,4096
1427.276882,46.284292,45.908625,4095
1427.420304,78.597167,77.896875,4097
1427.501569,48.757041,48.191500,4098
1427.615738,51.826542,51.306792,4099
1427.625783,45.814709,45.152041,4100
1427.727686,52.574959,52.065125,4101
1427.827840,45.908334,45.592167,4102
1427.857288,61.128083,60.687958,4104
1427.858439,72.265959,71.787626,4103
1427.953388,37.884875,37.265959,4106
1427.955103,57.829917,57.209542,4105
1427.984988,42.480958,41.984834,4107
1428.045416,37.065000,36.596583,4108
1428.085403,59.654000,59.003291,4109
1428.168929,49.446542,48.831416,4110
1428.275055,44.484125,43.995875,4111
1428.391734,69.802833,69.247500,4112
1428.402407,61.849667,61.379209,4113
1428.402459,60.759125,60.199416,4114
1428.495486,42.640208,42.068834,4115
1428.526159,52.281251,51.608083,4116
1428.595811,36.178625,35.342125,4118
1428.597298,63.533167,63.093042,4117
1428.630860,66.930208,66.195500,4119
1428.636162,46.512666,45.813833,4120
1428.711094,36.058750,35.424667,4121
1428.841690,55.524875,54.770042,4122
1428.862163,47.972167,47.479250,4124
1428.882201,69.512334,68.839750,4123
1428.943051,45.785250,44.979959,4125
1428.954673,52.344250,51.674583,4126
1428.991715,58.022125,57.477292,4127
1429.007185,36.816208,36.059333,4128
1429.044433,36.052334,35.401625,4129
1429.158697,39.235583,38.761041,4130
1429.192759,48.177791,47.602625,4131
1429.239905,55.024375,54.453583,4132
1429.263392,51.244959,50.627792,4133
1429.276093,45.497958,45.062792,4134
1429.336176,48.700750,48.080083,4135
1429.411679,69.249542,68.815250,4137
1429.417038,66.336959,65.523500,4138
1429.418387,76.706000,76.269375,4136
1429.498236,38.168375,37.561417,4141
1429.524352,71.548167,70.991958,4139
1429.526819,70.018084,69.538875,4140
1429.612502,48.595458,47.918792,4142
1429.668647,32.057375,31.604125,4143
1429.706941,31.895791,31.440500,4144
1429.834248,48.118000,47.579583,4145
1429.935562,37.764417,37.434250,4147
1429.945375,48.090584,47.569084,4146
1430.050772,42.401334,41.781250,4148
1430.163152,43.641500,43.119125,4149
1430.302709,72.112833,71.414291,4150
1430.304765,34.252750,33.851417,4151
1430.423083,81.362750,79.652416,4152
1430.517368,64.516667,63.835625,4153
1430.621444,102.342916,101.643500,4155
1430.630159,116.343792,115.250626,4154
1430.662155,98.224583,97.469459,4156
1430.748594,73.324125,72.761500,4157
1430.869366,80.985625,78.784417,4158
1430.966695,110.794833,109.977000,4159
1430.996977,109.335625,108.884125,4161
1431.012729,125.620834,124.578125,4160
1431.090689,193.318708,192.615208,4162
1431.099566,91.130083,89.643459,4163
1431.127500,50.018792,49.497000,4164
1431.166063,46.568083,45.770375,4165
1431.234126,40.449792,40.077625,4166
1431.286529,55.903750,55.348417,4167
1431.302096,52.737125,52.060458,4168
1431.331317,45.437584,44.866208,4169
1431.391525,49.810542,49.316458,4170
1431.476353,42.783709,42.313542,4171
1431.489924,37.075208,36.363250,4172
1431.551957,63.522666,62.941083,4173
1431.626978,47.858125,47.163375,4175
1431.638156,74.249583,73.742959,4174
1431.654642,50.280708,49.723334,4176
1431.719211,44.205291,43.687292,4177
1431.816354,30.202375,29.744458,4178
1431.877373,25.226833,24.764250,4179
1431.939222,41.887125,41.270250,4180
1432.051695,43.343709,42.905626,4182
1432.053491,52.122875,51.659125,4181
1432.181377,61.918500,61.580167,4183
1432.273286,42.423792,41.800208,4185
1432.276708,46.094416,45.642042,4184
1432.391194,49.463458,48.737500,4186
1432.392948,44.250208,43.786750,4187
1432.481376,49.978833,49.435459,4188
1432.512399,59.580500,58.905584,4189
1432.596336,32.401250,31.976875,4190
1432.644962,48.489583,47.808250,4191
1432.720551,52.101000,51.339750,4192
1432.726315,51.229209,50.386292,4193
1432.744963,63.971251,63.463458,4194
1432.824975,41.635417,41.014167,4195
1432.852522,66.348625,65.653875,4196
1432.937495,41.176042,40.493542,4197
1432.948242,50.993250,50.486333,4198
1433.038218,42.003208,41.591375,4199
1433.049198,40.815250,40.181167,4200
1433.166736,47.248542,46.801125,4201
1433.276469,45.880625,45.398792,4202
1433.327475,36.587250,36.065458,4203
1433.404989,55.725541,55.178083,4205
1433.406132,64.405541,63.769125,4204
1433.440170,68.025709,67.297125,4206
1433.479837,59.297000,58.808459,4207
1433.498166,52.583708,52.133084,4208
1433.509404,56.611625,56.074375,4209
1433.575256,62.887125,62.245750,4210
1433.607632,43.710334,43.206625,4211
1433.634097,25.587917,24.895500,4212
1433.700890,25.849833,25.221292,4213
1433.744319,34.533333,34.174583,4214
1433.837552,51.424917,50.916250,4215
1433.849847,49.039959,48.364750,4216
1433.924935,27.666625,27.210750,4217
1434.056149,47.772959,47.280042,4218
1434.077763,44.429292,44.032625,4219
1434.168096,48.598083,48.067542,4221
1434.168593,61.933959,61.483626,4220
1434.229130,94.948583,94.395583,4222
1434.272357,66.759291,66.154083,4224
1434.276271,76.940792,76.252750,4223
1434.302824,72.230375,71.561292,4225
1434.384363,38.921458,38.336083,4227
1434.404771,63.088958,62.438250,4226
1434.484519,71.827583,71.390959,4228
1434.488587,35.758333,35.370125,4229
1434.609484,45.576417,45.052875,4230
1434.651252,35.485042,34.851250,4231
1434.710708,35.601417,34.746833,4233
1434.740512,71.191750,70.589458,4232
1434.833438,47.259625,46.858876,4234
1434.858794,53.557875,52.808584,4235
1434.930348,33.102709,32.510041,4236
1434.985800,42.261625,41.842500,4237
1435.081176,72.811375,72.259542,4238
1435.103396,36.932583,36.586667,4239
1435.167032,29.506750,29.080625,4241
1435.179344,59.849416,59.093708,4240
1435.208417,35.877334,35.311209,4242
1435.262418,31.777958,31.299625,4243
1435.310464,36.234333,35.568458,4244
1435.416721,75.004125,74.464833,4245
1435.532258,115.763084,115.004750,4246
1435.533898,109.640709,109.162959,4247
1435.561465,108.355042,107.538958,4248
1435.638445,74.496333,73.869541,4249
1435.754655,79.412375,78.082083,4250
1435.859891,73.679666,73.175666,4251
1435.962950,93.832375,93.239125,4252
1435.982616,85.316292,84.767667,4253
1436.068792,59.519542,58.641041,4254
1436.089436,75.239500,74.437708,4255
1436.126356,79.726500,78.715292,4256
1436.161743,42.262500,41.666625,4257
1436.263302,34.342291,33.860458,4258
1436.299662,69.046541,68.660667,4259
1436.325873,35.529959,34.831416,4260
1436.382914,41.223584,40.720167,4261
1436.472457,31.608792,31.193458,4262
1436.522342,69.504167,69.010375,4263
1436.588376,47.059833,46.530167,4264
1436.622341,58.391667,57.791416,4265
1436.647172,52.310125,51.656208,4266
1436.710264,35.174708,34.711833,4267
1436.759516,53.692917,53.118333,4268
1436.843419,57.267292,56.543083,4269
1436.916185,34.996792,34.622292,4270
1436.965073,67.797625,67.099667,4271
1437.050059,41.698709,41.223292,4272
1437.095383,56.648959,56.014292,4273
1437.158167,38.647000,38.039750,4274
1437.218373,36.418083,35.905042,4275
1437.268767,38.162542,37.781041,4276
1437.311123,53.827958,53.174041,4277
1437.327468,55.295333,54.947958,4279
1437.332786,62.166708,61.493250,4278
1437.379102,37.390500,36.697500,4280
1437.486228,33.399334,32.855084,4281
1437.606396,56.825709,56.271542,4282
1437.613053,49.103542,48.532167,4283
1437.703979,37.824208,37.235916,4284
1437.746203,71.104250,70.306542,4285
1437.763608,41.451958,40.985583,4286
1437.831386,45.231958,44.702291,4287
1437.841186,41.923584,41.296792,4288
1437.933063,35.758917,35.176458,4290
1437.937183,50.344292,49.749292,4289
1438.037443,29.040958,28.584500,4291
1438.074290,27.066958,26.565000,4292
1438.147044,27.589333,27.142500,4293
1438.182227,53.560208,52.805666,4294
1438.240975,49.997500,49.347375,4295
1438.272410,41.809542,41.273167,4296
1438.319972,27.559292,27.093792,4297
1438.401571,59.872459,59.317709,4298
1438.503604,43.106000,42.590333,4300
1438.512561,59.742083,59.232542,4299
1438.587898,57.740667,57.215375,4301
1438.610370,46.434208,45.870709,4302
1438.638809,65.345875,64.583167,4303
1438.664054,31.507291,30.694416,4304
1438.724568,49.492625,48.881000,4305
1438.748540,62.312833,61.400209,4306
1438.760317,69.986875,69.187709,4307
1438.796613,50.699542,50.091125,4308
1438.827351,41.208417,40.785500,4309
1438.916183,47.710541,47.119625,4310
1438.932990,35.695042,35.232750,4311
1439.062762,54.359667,53.657333,4312
1439.114553,58.369792,57.609708,4313
1439.163689,44.177292,43.656959,4314
1439.179643,54.602625,54.068291,4315
1439.271356,40.744958,40.458250,4316
1439.400857,59.150875,58.540417,4317
1439.496108,43.282459,42.851959,4318
1439.508232,35.902709,35.410083,4319
1439.596174,32.239375,31.792542,4320
1439.719364,44.275584,43.615250,4321
1439.740514,42.808209,42.330750,4322
1439.822811,36.684666,36.221791,4323
1439.931366,44.974416,44.429292,4324
1439.947873,50.598917,49.931000,4325
1440.053369,45.001542,44.608958,4326
1440.095865,60.551459,59.866917,4327
1440.128236,39.081875,38.277167,4328
1440.167273,47.820208,47.343917,4329
1440.188538,51.662625,51.035250,4330
1440.286655,56.060083,55.449333,4331
1440.310890,56.737916,56.254625,4332
1440.335036,80.151166,79.348209,4333
1440.414632,72.930667,72.553250,4334
1440.516320,81.413500,80.411917,4335
1440.548831,95.599291,94.894042,4336
1440.653149,89.147041,88.241125,4337
1440.661489,88.980208,88.017417,4338
1440.745406,70.266000,69.649417,4339
1440.856660,70.472500,69.801083,4340
1440.976581,79.226875,78.734250,4341
1441.042465,34.059084,33.465834,4342
1441.077488,67.862667,67.258916,4343
1441.146264,26.750500,26.289375,4344
1441.286795,56.164792,55.492208,4345
1441.372964,32.133500,31.722834,4346
1441.395450,53.748917,53.361292,4347
1441.452168,70.653625,70.015750,4348
1441.493786,41.005125,40.584250,4349
1441.605292,41.313708,40.691875,4350
1441.705589,30.515042,30.091250,4351
1441.751337,42.901833,42.451500,4352
1441.817560,56.956375,56.369542,4353
1441.836599,50.444626,50.046209,4354
1441.934032,36.752916,36.408167,4356
1441.948153,52.159917,51.573958,4355
1441.982459,47.210042,46.791792,4357
1442.004307,53.398917,52.547834,4358
1442.048888,40.508416,39.849250,4360
1442.051258,48.893833,48.316917,4359
1442.162384,42.898916,42.150792,4361
1442.174102,40.670875,39.951042,4362
1442.266182,45.887917,45.447792,4363
1442.291315,60.706333,60.013917,4364
1442.308319,58.077541,57.270791,4365
1442.382795,43.287709,42.822209,4366
1442.390497,48.787375,48.084458,4367
1442.479171,26.370458,25.934125,4368
1442.589312,25.396875,24.890833,4370
1442.612667,65.243792,64.645292,4369
1442.720091,45.055500,44.366875,4371
1442.804753,37.515625,37.163000,4372
1442.836187,42.039667,41.475291,4374
1442.869655,83.468292,82.638208,4373
1442.929061,31.822000,31.385958,4376
1442.967478,83.127625,82.657459,4375
1443.049107,46.698458,46.099959,4377
1443.062461,54.105916,53.506250,4378
1443.094357,68.149375,67.469792,4379
1443.127682,57.327084,56.611333,4381
1443.134332,96.436375,91.093625,4380
1443.162198,42.689208,42.013125,4383
1443.171741,97.279875,96.295792,4382
1443.204447,36.079750,35.317334,4384
1443.273198,42.575750,42.009625,4385
1443.299688,32.820666,32.386959,4386
1443.418122,76.410250,75.970416,4387
1443.424797,35.766792,34.861458,4388
1443.474291,63.119000,62.567750,4389
1443.520385,67.552041,66.839500,4390
1443.531678,28.854875,28.341542,4391
1443.587715,58.367750,57.845083,4392
1443.619915,32.370333,31.855542,4394
1443.623268,59.329083,58.701708,4393
1443.663336,36.512875,36.010625,4395
1443.709158,43.255625,42.779041,4396
1443.717512,42.463459,41.689375,4397
1443.779384,53.104625,52.462375,4398
1443.807574,32.247833,31.417167,4399
1443.848886,62.727000,61.815833,4400
1443.878255,53.258333,52.569708,4401
1443.917370,64.665417,64.066042,4403
1443.917557,87.431458,86.655042,4402
1443.952524,62.447583,61.678167,4404
1443.989918,92.657251,89.653667,4405
1444.005583,76.827042,76.160583,4407
1444.035715,73.794584,73.216792,4408
1444.040793,141.042417,140.547167,4406
1444.099916,91.526167,90.784166,4409
1444.128060,53.303250,52.501750,4411
1444.143183,72.981417,71.810083,4410
1444.184067,64.579667,63.791000,4413
1444.188420,54.220833,53.631084,4414
1444.216352,137.183083,136.324708,4412
1444.271870,41.261500,40.896333,4415
1444.296395,33.836541,33.248542,4416
1444.389694,50.094333,49.513916,4418
1444.398327,64.947166,64.416042,4417
1444.425800,84.115500,83.304375,4419
1444.439024,81.063208,80.451875,4420
1444.497220,136.340167,135.783375,4421
1444.517445,64.610583,64.025500,4422
1444.538891,64.201375,63.308583,4423
1444.572168,63.447417,62.825583,4424
1444.604668,40.738250,39.912251,4425
1444.653198,29.664541,29.122334,4427
1444.678377,68.725708,68.023959,4426
1444.707239,32.190667,31.755208,4428
1444.823530,37.416750,36.878917,4430
1444.828804,43.135750,42.702333,4429
1444.871220,43.539709,42.844959,4431
1444.887364,39.876083,39.240250,4432
1444.938957,44.039916,43.613791,4433
1444.944653,47.395834,46.686208,4434
1445.062706,54.351791,53.988083,4435
1445.098188,48.339375,47.628292,4437
1445.103355,63.794792,63.282042,4436
1445.168647,62.398292,61.606125,4438
1445.181745,64.309583,63.902708,4439
1445.190308,70.849042,70.159250,4440
1445.211178,85.915375,85.364125,4442
1445.258652,45.140667,44.811958,4443
1445.280179,155.134291,154.196292,4441
1445.289162,58.545667,57.551083,4444
1445.325657,67.600167,66.897834,4445
1445.379416,77.915251,76.350750,4446
1445.481171,139.464792,136.662750,4447
1445.513762,129.722834,127.835750,4449
1445.514912,149.190125,148.421584,4448
1445.572987,159.079083,157.682583,4450
1445.689722,125.685292,124.658625,4454
1445.707636,280.306833,279.390416,4451
1445.742473,162.694292,162.077125,4455
1445.849146,396.174916,394.921042,4452
1445.861940,162.361792,120.032208,4459
1445.930344,187.846458,146.125292,4461
1445.977925,474.612833,472.586917,4453
1446.010548,161.369833,116.529583,4462
1446.088500,475.659917,474.070333,4456
1446.138191,207.813958,165.667250,4464
1446.154281,168.353501,124.734459,4465
1446.176807,547.845667,547.003625,4457
1446.248181,573.079208,572.087251,4458
1446.280242,142.031750,101.225834,4468
1446.292309,137.984291,96.466708,4469
1446.333318,611.454376,570.363208,4460
1446.348110,99.896417,57.705958,4471
1446.387247,525.268334,483.655083,4463
1446.395280,115.013792,73.431166,4472
1446.434283,423.716417,382.207875,4466
1446.443130,109.771083,68.426750,4474
1446.496178,407.638000,365.068667,4467
1446.535290,358.442875,317.436000,4470
1446.535292,82.495291,81.936750,4476
1446.561914,72.779292,72.230375,4477
1446.589313,296.963333,255.361458,4473
1446.608534,44.626750,43.860542,4478
1446.644228,296.102334,254.836167,4475
1446.705323,30.290167,29.895251,4479
1446.739171,52.081459,51.453501,4480
1446.822036,35.856041,35.170917,4481
1446.964268,67.050084,66.519541,4482
1446.979445,46.134083,45.507000,4483
1446.995691,40.305708,39.812500,4484
1447.055051,46.673083,46.130291,4485
1447.060428,32.681542,32.049209,4486
1447.190281,48.125583,47.679041,4489
1447.203336,83.896167,83.479084,4487
1447.212547,80.860500,80.399958,4488
1447.262235,68.102709,67.471833,4490
1447.271191,40.589500,39.827958,4491
1447.339880,51.061500,50.362375,4494
1447.361137,86.515625,85.275458,4492
1447.391318,106.845958,106.191166,4493
1447.398497,56.820459,56.140875,4496
1447.406139,94.775917,94.280959,4495
1447.432369,58.700833,58.255751,4497
1447.461066,84.274750,83.518750,4498
1447.523140,70.373625,69.715042,4500
1447.523758,100.035250,97.492500,4499
1447.524971,64.379584,63.636125,4501
1447.604280,40.332833,39.626416,4502
1447.652636,36.046792,35.416500,4503
1447.667883,39.459291,38.882083,4504
1447.734158,55.307583,54.504333,4506
1447.738491,63.449750,62.871666,4505
1447.755963,52.841833,52.039458,4507
1447.787754,57.293250,56.602584,4508
1447.829400,43.188250,42.798291,4510
1447.846692,115.705041,115.251209,4509
1447.878435,79.199167,78.263792,4511
1447.886327,42.170041,41.682958,4512
1447.964169,72.861250,72.242041,4513
1447.967695,68.554792,67.771375,4515
1447.973366,76.111875,75.260500,4514
1447.994542,92.958833,92.362959,4516
1448.021938,119.423208,118.957709,4517
1448.074579,137.870542,136.478417,4518
1448.081872,73.466167,72.827125,4520
1448.108145,169.313084,168.660625,4519
1448.110316,80.392375,79.965959,4521
1448.175325,51.842000,51.049833,4524
1448.183852,70.397833,69.792042,4522
1448.185407,65.927750,65.462834,4523
1448.266255,35.704667,35.144667,4525
1448.342104,43.201666,42.655375,4526
1448.353828,42.548625,41.914833,4527
1448.380869,39.133500,38.700667,4528
1448.495764,42.869750,42.280875,4529
1448.503649,45.724875,44.930959,4530
1448.586045,70.532291,70.135917,4531
1448.613156,49.224292,48.587000,4532
1448.641569,60.911667,60.162958,4533
1448.672799,64.674750,63.997500,4534
1448.702078,74.472125,73.793709,4535
1448.717705,67.129417,66.707083,4536
1448.756695,81.652083,81.132917,4537
1448.836471,50.297042,49.737625,4538
1448.843557,48.770167,48.061417,4539
1448.900911,41.615875,41.152125,4540
1448.948520,59.322375,58.807292,4541
1448.957976,60.710709,59.974542,4542
1448.970045,55.872250,55.138417,4543
1449.020422,87.432333,86.755667,4544
1449.048910,28.178208,27.601291,4546
1449.054983,46.596958,46.097625,4545
1449.113688,47.893708,47.240667,4547
1449.177538,53.874625,53.008667,4550
1449.181204,61.727167,61.380958,4549
1449.195363,90.633667,89.733584,4548
1449.230035,80.402000,79.571334,4551
1449.275672,45.048500,44.515042,4553
1449.276342,106.135750,105.655667,4552
1449.361812,47.709375,47.102416,4554
1449.396935,55.274916,54.764791,4555
1449.411855,46.992458,46.409417,4556
1449.510771,57.950375,57.379584,4557
1449.568544,46.703708,46.267083,4558
1449.590732,56.286125,55.511167,4559
1449.639643,75.716958,75.124291,4560
1449.658258,63.826584,63.179958,4561
1449.664833,54.106792,52.676750,4562
1449.728790,101.399375,100.576583,4563
1449.736337,61.341584,60.856834,4564
1449.755868,78.560708,77.741709,4565
1449.784065,64.548750,64.143625,4566
1449.813684,27.575625,27.276083,4568
1449.831883,66.907458,66.189083,4567
1449.943266,46.022375,45.605000,4569
1449.972375,40.339541,39.788292,4570
1450.016435,56.658000,56.033250,4571
1450.051167,76.255666,75.581334,4572
1450.051392,75.634417,75.270709,4573
1450.081091,97.859416,94.826667,4574
1450.122348,51.353750,50.814167,4577
1450.141354,133.028583,132.435917,4575
1450.171587,64.996167,64.357417,4578
1450.193624,179.691167,177.683917,4576
1450.238128,88.767000,88.161209,4580
1450.243479,62.304375,61.653375,4581
1450.251268,131.821667,131.259625,4579
1450.290537,76.717958,76.286291,4582
1450.368112,137.540958,136.235750,4583
1450.430028,88.334167,87.265500,4584
1450.499558,105.521792,104.790000,4585
1450.539765,86.346166,85.775375,4587
1450.558159,116.488166,115.922625,4586
1450.650697,124.623625,123.783042,4588
1450.661186,97.208709,96.015209,4589
1450.711869,119.424958,116.298000,4590
1450.770913,94.910083,93.672250,4591
1450.847762,130.637208,129.981834,4592
1450.890594,133.272708,131.422083,4594
1450.903184,170.338584,169.813001,4593
1450.999917,139.705126,138.834208,4597
1451.022435,249.778958,248.146501,4595
1451.066745,131.692167,131.117000,4601
1451.145999,359.903834,358.781208,4596
1451.174203,174.251291,131.154333,4603
1451.219112,353.410167,352.671958,4598
1451.221293,154.522958,112.056292,4605
1451.272167,374.859625,374.272208,4599
1451.287225,141.187084,99.474959,4606
1451.315245,96.092209,54.658625,4608
1451.343331,408.895959,405.505916,4600
1451.383275,111.089125,69.727292,4610
1451.383276,436.179916,434.078167,4602
1451.406236,118.990084,77.601417,4611
1451.427599,84.229834,80.831334,4613
1451.480178,457.706959,412.358333,4604
1451.507237,123.950167,83.426875,4614
1451.512151,76.384292,75.329334,4617
1451.524313,350.084291,307.369416,4607
1451.578165,97.954208,57.237250,4618
1451.607313,385.977667,345.154542,4609
1451.616141,103.954959,61.761584,4620
1451.676186,97.981334,56.426125,4622
1451.679245,363.967334,323.384250,4612
1451.701287,93.947292,52.914458,4623
1451.735293,350.509251,309.007125,4615
1451.786286,107.015708,65.859792,4626
1451.791344,367.354458,325.667417,4616
1451.797242,121.017167,79.650667,4625
1451.847248,339.997000,299.217917,4619
1451.885303,98.979125,58.191875,4629
1451.900311,108.918250,66.442541,4630
1451.912201,384.693750,343.492626,4621
1451.950315,103.046125,61.819041,4632
1451.997307,111.961208,70.261917,4633
1451.997306,381.136000,340.287209,4624
1451.999173,86.936208,44.662333,4635
1452.046214,344.906625,304.070375,4627
1452.075304,77.951709,36.755834,4638
1452.130221,132.897625,91.404250,4637
1452.141163,405.835500,364.367500,4628
1452.151375,105.121042,63.925458,4640
1452.216101,418.823709,377.780959,4631
1452.247241,106.057000,64.032209,4643
1452.253362,123.117167,81.706916,4642
1452.270310,369.963417,327.838000,4634
1452.312253,361.902917,321.139000,4636
1452.332279,116.154209,74.598708,4645
1452.361245,113.987125,72.608084,4646
1452.361270,362.072667,320.971000,4639
1452.427197,114.917250,73.882375,4649
1452.430360,98.040250,57.132250,4650
1452.436207,360.862833,318.393833,4641
1452.505210,353.800125,312.143417,4644
1452.540119,112.886958,71.568583,4653
1452.545250,114.842584,73.450125,4654
1452.563306,309.901958,268.457292,4647
1452.576233,71.008000,29.727542,4656
1452.629286,358.934334,317.275001,4648
1452.653293,113.156166,71.996166,4657
1452.660238,114.945833,73.940416,4658
1452.673313,312.040166,270.832625,4651
1452.733230,103.906250,63.220500,4661
1452.745345,384.062000,343.224583,4652
1452.767310,113.974291,72.976750,4662
1452.792143,355.906541,314.639792,4655
1452.824207,90.953042,49.461709,4665
1452.850287,286.939916,245.798291,4659
1452.862141,116.721791,75.610792,4666
1452.924123,131.962250,90.764917,4668
1452.934153,357.900375,316.865208,4660
1452.937307,113.064583,72.206750,4669
1452.980222,319.939083,278.164250,4663
1453.033288,99.115334,58.280833,4673
1453.038259,114.111084,73.325875,4672
1453.045384,372.024042,330.607376,4664
1453.081251,313.905375,272.162334,4667
1453.132270,281.949208,240.952542,4670
1453.139290,105.958125,65.233291,4676
1453.171297,309.131084,267.745333,4671
1453.185233,146.936125,102.953666,4677
1453.223257,90.958291,49.800042,4680
1453.250143,312.806959,270.668125,4674
1453.261207,89.869500,48.677417,4682
1453.316293,93.002291,51.744000,4684
1453.317214,131.953208,91.020125,4683
1453.319289,339.026917,297.758125,4675
1453.363147,317.718625,276.795458,4678
1453.417165,335.888291,289.275000,4679
1453.425361,108.110041,67.205541,4688
1453.450293,133.958708,92.206333,4687
1453.456205,316.873958,275.083375,4681
1453.530292,280.122500,238.528208,4685
1453.535376,109.972333,69.191208,4692
1453.535705,118.506209,76.646208,4691
1453.564289,303.041959,261.240875,4686
1453.625283,305.953375,263.088875,4689
1453.637255,106.922375,65.878167,4695
1453.657283,121.862709,80.083500,4696
1453.704125,340.962126,291.495750,4690
1453.721228,95.904667,54.805334,4699
1453.736326,99.028125,57.710042,4700
1453.751151,300.824709,259.824542,4693
1453.774277,318.031001,317.313792,4694
1453.783183,79.042834,37.216084,4702
1453.841301,90.123834,48.896458,4705
1453.842203,120.937250,80.051125,4703
1453.862330,326.594917,285.165417,4697
1453.909132,344.811251,303.435126,4698
1453.950146,107.921625,65.769375,4709
1453.973151,131.824000,90.862333,4708
1453.977281,319.962126,279.173709,4701
1454.017300,108.143292,66.603250,4711
1454.023237,286.875167,245.494375,4704
1454.057090,282.789209,281.756708,4706
1454.063176,113.004500,71.841583,4712
1454.099285,121.964500,80.925541,4714
1454.117145,93.883125,53.258334,4716
1454.156300,48.143666,47.536125,4718
1454.182155,398.947791,357.899500,4707
1454.229219,109.730833,68.396417,4719
1454.242289,379.925292,338.681875,4710
1454.255419,91.694458,49.978542,4721
1454.297173,324.002292,281.323583,4713
1454.336311,105.725375,64.577625,4723
1454.358140,109.271750,67.910208,4724
1454.366329,348.988500,307.665458,4715
1454.411227,114.020375,72.689167,4726
1454.415220,358.117375,317.044000,4717
1454.440287,98.599959,56.855750,4727
1454.462209,329.693000,288.488959,4720
1454.488751,55.523416,54.642583,4728
1454.504621,58.419667,57.850917,4729
1454.528197,345.898292,304.718459,4722
1454.578314,52.150584,51.559958,4732
1454.589244,333.780125,292.254375,4725
1454.619886,65.582125,64.990333,4733
1454.638311,189.302166,146.643875,4730
1454.648938,53.733459,53.198542,4736
1454.683237,230.386625,188.676542,4731
1454.707128,148.584333,147.970958,4734
1454.721357,62.658167,62.103416,4737
1454.745476,181.585833,180.880875,4735
1454.760438,85.438792,84.955792,4738
1454.798282,54.803291,52.633583,4742
1454.817571,140.130667,139.703667,4739
1454.864094,77.940917,77.279709,4745
1454.883260,182.781666,182.185500,4740
1454.906323,107.566375,66.240125,4746
1454.932274,212.324000,211.613208,4741
1454.970486,81.776042,81.119500,4748
1454.999783,244.416667,243.742041,4743
1455.008289,111.026125,69.639791,4749
1455.043751,66.574667,65.900917,4750
1455.053107,74.372084,73.604416,4751
1455.092158,332.631251,291.977584,4744
1455.092932,244.368542,243.906542,4747
1455.129573,41.500959,41.012126,4754
1455.189587,56.630292,55.958292,4756
1455.192086,72.601375,71.798708,4755
1455.229202,220.869834,178.871292,4752
1455.265818,35.213500,34.332667,4757
1455.275129,266.209709,224.787792,4753
1455.465051,142.054209,141.345750,4758
1455.485944,144.203792,143.326166,4759
1455.498077,146.088250,145.654833,4760
1455.541682,184.480917,183.559833,4761
1455.670169,276.677041,275.816333,4762
1455.675822,129.645542,128.763833,4766
1455.713502,153.743333,152.652792,4767
1455.821874,408.638417,407.918292,4763
1455.863137,187.281209,145.847334,4771
1455.875316,161.784875,118.054126,4772
1455.926151,503.320709,497.674042,4764
1456.030747,577.917375,576.969167,4765
1456.034066,158.709834,116.776333,4775
1456.050346,187.188458,144.529875,4774
1456.154451,590.340334,589.202542,4768
1456.191992,157.906583,116.444417,4778
1456.198148,167.358625,124.860167,4777
1456.227608,633.788750,632.965959,4769
1456.288275,133.797708,92.136042,4780
1456.295316,103.266916,60.919833,4781
1456.312292,642.082875,597.353167,4770
1456.363251,541.358417,497.517416,4773
1456.396249,100.895958,59.459750,4785
1456.420242,131.930458,90.892375,4784
1456.433401,507.200750,458.360583,4776
1456.465169,101.897250,56.839417,4787
1456.485392,89.117000,48.228542,4788
1456.504267,453.896625,412.573875,4779
1456.529131,108.871000,67.683875,4789
1456.542265,77.076709,36.461251,4791
1456.568307,370.121209,329.281750,4782
1456.612292,107.987542,66.445750,4793
1456.626302,398.653792,356.892375,4783
1456.639313,110.155792,68.942125,4794
1456.694132,81.806375,40.829250,4797
1456.708117,395.788750,352.556167,4786
1456.728313,101.971625,61.139750,4798
1456.743147,309.715875,269.111209,4790
1456.795209,87.072125,46.281375,4801
1456.813328,119.171209,78.107750,4800
1456.813328,327.895750,282.513292,4792
1456.853301,311.013500,269.322083,4795
1456.920144,124.920250,83.068709,4804
1456.920216,106.870167,65.639583,4805
1456.923301,354.957167,313.574625,4796
1456.965351,326.006333,284.914291,4799
1457.026233,106.064583,65.049250,4808
1457.032322,303.967709,257.556542,4802
1457.055338,312.165875,271.349458,4803
1457.066253,146.029333,104.685000,4809
1457.101284,287.914959,246.323875,4806
1457.120329,94.054042,52.799542,4812
1457.140435,39.117166,38.166917,4816
1457.147324,114.968000,74.154208,4813
1457.200221,346.887042,306.014625,4807
1457.215772,75.317959,74.776625,4818
1457.233146,112.784584,71.081792,4817
1457.248317,324.974709,283.800709,4810
1457.319210,103.419458,62.776875,4821
1457.331306,365.911584,324.955167,4811
1457.332290,132.032250,90.607125,4820
1457.379294,323.905167,282.372125,4814
1457.426236,107.009000,66.187916,4824
1457.439307,373.032042,331.761792,4815
1457.444305,112.958125,71.178042,4825
1457.500309,352.946126,307.601583,4819
1457.515293,89.031833,47.819625,4828
1457.543247,103.903334,62.550250,4829
1457.576298,343.127458,301.682791,4822
1457.604242,103.894000,63.148459,4831
1457.635316,119.980584,78.315125,4832
1457.641424,393.068083,351.907500,4823
1457.660224,83.897917,42.762708,4834
1457.697274,364.957250,324.105833,4826
1457.739145,134.883875,92.908667,4835
1457.744330,108.970458,67.391333,4836
1457.773313,393.977792,352.176417,4827
1457.801473,104.170500,62.692583,4839
1457.842305,103.135958,62.020875,4840
1457.844287,399.940917,358.625167,4830
1457.881254,107.904709,67.085959,4842
1457.918301,116.788584,75.637333,4843
1457.945274,102.931792,61.219376,4844
1457.949257,405.988917,364.595875,4833
1457.983108,101.836876,60.701667,4846
1458.023221,104.879250,63.036750,4847
1458.025372,383.905959,342.969375,4837
1458.052239,106.931708,65.640458,4848
1458.090313,107.178458,65.878750,4850
1458.102311,442.064000,400.546417,4838
1458.144317,121.066167,80.035083,4851
1458.145391,301.071751,300.369417,4845
1458.146227,401.859209,360.370501,4841
1458.155290,103.022208,61.701208,4853
1458.217584,72.175834,71.649667,4857
1458.246232,296.950500,255.416875,4849
1458.262305,117.947083,76.200833,4856
1458.320209,294.801792,253.437042,4852
1458.321229,103.623916,62.918625,4860
1458.338335,92.082958,51.267417,4861
1458.396219,305.865583,264.842958,4854
1458.417254,96.002958,55.380792,4864
1458.439237,119.009917,77.676667,4863
1458.488308,385.956083,345.032334,4855
1458.503311,107.049833,66.029833,4866
1458.519314,102.038708,61.199250,4867
1458.534304,388.043250,342.679167,4858
1458.581306,92.959125,51.722125,4869
1458.592247,88.896792,47.886708,4870
1458.602414,447.072792,405.789125,4859
1458.638291,375.944334,334.596209,4862
1458.691147,98.885500,55.959458,4874
1458.700296,118.947792,77.492334,4873
1458.708207,369.837709,328.330042,4865
1458.715150,275.897126,275.271501,4868
1458.767457,67.121542,65.925708,4878
1458.800200,109.034917,67.713625,4877
1458.813300,293.944583,252.389084,4871
1458.850264,82.763916,81.913125,4881
1458.876295,341.947667,301.001167,4872
1458.896248,96.015208,54.883500,4882
1458.949219,98.921667,56.676667,4884
1458.978157,101.827250,60.020625,4885
1458.978300,375.848667,334.189625,4875
1459.046186,96.945042,55.921833,4887
1459.054365,416.033625,374.885292,4876
1459.078398,100.079583,58.984041,4889
1459.115141,406.902708,365.253292,4879
1459.139330,93.104083,51.748959,4890
1459.144214,429.044584,428.475834,4880
1459.171365,116.966791,75.989959,4891
1459.236292,96.927542,55.885666,4894
1459.246288,131.125167,89.960792,4893
1459.257208,443.867667,402.924958,4883
1459.323121,426.846583,385.895416,4886
1459.336139,89.823709,48.336167,4898
1459.346361,110.029792,68.698875,4897
1459.395307,417.125917,375.763501,4888
1459.442204,119.064750,78.005084,4900
1459.443220,107.063833,66.042083,4901
1459.455312,376.863083,335.859709,4892
1459.506249,362.007625,320.367250,4895
1459.551272,109.042208,68.234250,4904
1459.554229,110.986750,68.973625,4905
1459.572233,400.834584,360.108875,4896
1459.639167,381.929626,341.151417,4899
1459.666158,114.853084,74.202625,4908
1459.681362,127.106584,85.492750,4909
1459.697334,350.930417,309.586959,4902
1459.740294,101.101875,60.183959,4911
1459.754305,88.127083,47.344208,4912
1459.757303,361.952209,321.073667,4903
1459.802386,347.030833,305.750375,4906
1459.843294,102.959791,61.845292,4915
1459.869150,362.880292,321.881292,4907
1459.872316,117.974792,76.984250,4916
1459.917243,114.811083,73.417167,4918
1459.933149,360.875375,319.295667,4910
1459.953262,109.929750,68.842666,4919
1459.991160,309.763417,268.843459,4913
1460.034224,336.860125,295.319208,4914
1460.045322,128.040792,86.650958,4922
1460.053257,120.085000,78.726667,4923
1460.097305,339.960834,295.553417,4917
1460.129109,94.868083,54.009083,4926
1460.169138,123.781000,82.906833,4927
1460.170197,301.021584,259.748708,4920
1460.204356,107.011625,66.008250,4929
1460.239139,110.015208,68.885834,4930
1460.255317,382.969417,341.934833,4921
1460.287099,117.941834,77.127750,4931
1460.310296,105.896000,64.394459,4933
1460.327268,373.987250,333.114542,4924
1460.364330,108.973084,67.629917,4935
1460.405333,414.149458,370.533625,4925
1460.424517,137.401833,96.580750,4936
1460.488875,161.581000,117.929583,4938
1460.521849,468.561334,426.479667,4928
1460.565253,159.884083,118.892667,4940
1460.628605,139.692291,97.937583,4942
1460.638420,468.198208,427.363708,4932
1460.738170,172.899125,131.315917,4944
1460.754316,515.156251,471.871167,4934
1460.778231,149.604584,108.356209,4945
1460.863204,552.865542,511.735875,4937
1460.929338,174.979875,133.780208,4948
1460.935592,197.398833,155.117666,4947
1460.963807,599.438875,554.047375,4939
1461.086291,661.752292,621.129833,4941
1461.088249,158.876084,117.371625,4951
1461.106310,170.679834,129.646416,4952
1461.197153,675.269875,633.642042,4943
1461.243280,156.965958,115.547542,4954
1461.251347,163.068209,121.841125,4955
1461.261197,622.756167,581.646625,4946
1461.298297,520.025042,478.498125,4949
1461.346254,483.018375,441.674333,4950
1461.360175,108.804208,67.729375,4959
1461.376318,132.996209,92.263209,4958
1461.410230,446.377458,405.253333,4953
1461.461291,354.944625,313.826917,4956
1461.464191,117.900417,76.529542,4962
1461.464191,103.993167,62.764917,4963
1461.500731,303.555000,302.820000,4957
1461.575294,111.087375,69.606250,4967
1461.593313,131.989958,90.983958,4966
1461.594153,332.929334,292.417125,4960
1461.635334,336.993417,295.968751,4961
1461.684233,108.904834,64.967875,4970
1461.695308,101.965791,60.634875,4971
1461.701150,324.788625,283.364084,4964
1461.750290,340.021791,298.364208,4965
1461.793259,109.007500,68.299292,4974
1461.806154,305.389875,304.227583,4969
1461.809312,113.976333,73.041208,4975
1461.809315,345.104958,304.465875,4968
1461.895140,101.861959,60.901167,4978
1461.905311,311.133083,268.908792,4972
1461.927157,120.983041,80.286792,4979
1461.938252,302.886792,261.626459,4973
1462.005201,304.032750,262.895500,4976
1462.006282,111.125291,70.100333,4982
1462.019309,113.958833,72.732916,4983
1462.036293,285.961666,244.450792,4977
1462.102316,97.090584,55.912792,4986
1462.107199,100.881667,59.514291,4987
1462.112366,303.031167,262.121125,4980
1462.157252,347.925667,305.950459,4981
1462.204218,101.868958,60.445875,4990
1462.209305,102.077791,61.267208,4991
1462.222368,295.184167,253.761083,4984
1462.273323,335.050625,294.419125,4985
1462.320231,115.994375,75.111167,4994
1462.327146,307.800209,266.997792,4988
1462.334294,124.958167,83.934083,4995
1462.377323,340.989833,300.123251,4989
1462.437204,324.771417,283.137167,4992
1462.441359,121.109042,80.304291,4998
1462.445376,118.200833,75.585417,4999
1462.489322,332.043250,290.475209,4993
1462.532318,90.928833,49.415625,5003
1462.553228,115.992625,75.322334,5002
1462.555128,332.724875,289.959833,4996
1462.621302,347.935875,306.409833,4997
1462.649322,116.961833,75.248541,5006
1462.670267,335.925916,295.215084,5000
1462.679135,125.883333,82.628584,5007
1462.726277,104.944875,63.780500,5009
1462.739313,361.950750,316.416042,5001
1462.751350,101.987959,61.052541,5010
1462.797220,351.801917,310.283167,5004
1462.829322,103.012001,61.737375,5013
1462.836297,96.948834,55.524292,5014
1462.859310,369.956125,328.967625,5005
1462.905281,108.020209,67.106083,5016
1462.934142,378.996042,338.155709,5008
1462.940327,110.973042,69.601000,5017
1462.992274,321.986876,281.012959,5011
1463.024137,89.980333,48.883041,5021
1463.025307,119.989625,78.891750,5020
1463.043320,364.156917,323.368500,5012
1463.107267,355.877667,314.770167,5015
1463.129205,136.911250,96.193125,5023
1463.144227,120.068667,78.761667,5024
1463.159218,322.896875,281.507917,5018
1463.216284,108.978041,67.762917,5027
1463.219275,359.935917,318.628625,5019
1463.229264,100.018042,58.736417,5028
1463.286168,345.803208,304.312750,5022
1463.332307,113.010042,71.431791,5032
1463.347163,130.842542,89.059834,5031
1463.352253,326.916333,286.046541,5025
1463.395148,351.791709,309.992667,5026
1463.438263,294.016042,252.458208,5029
1463.470223,123.032875,82.425291,5036
1463.471244,138.900708,97.537417,5035
1463.499151,339.896083,297.687542,5030
1463.560327,90.072500,49.014292,5040
1463.563160,124.858708,83.477917,5039
1463.578152,348.845876,307.293001,5033
1463.623127,336.935084,295.741250,5034
1463.658312,95.127667,53.680375,5044
1463.695248,134.882417,93.928625,5043
1463.704210,351.933167,310.423459,5037
1463.727320,104.166417,62.241667,5046
1463.757296,362.121375,320.665042,5038
1463.787156,128.807292,88.149250,5047
1463.820327,125.034584,83.573291,5048
1463.848347,91.007875,49.943250,5051
1463.855264,383.993751,342.495417,5041
1463.894156,106.981291,65.611292,5052
1463.926202,427.028000,385.768250,5042
1463.948267,127.899625,86.324000,5053
1463.961322,106.027542,64.682042,5055
1463.984156,405.981625,364.663834,5045
1464.026332,100.111375,59.329083,5057
1464.036263,87.963166,47.041458,5058
1464.048324,344.071583,303.125375,5049
1464.098237,370.880708,329.960750,5050
1464.138226,111.861167,67.006334,5061
1464.147319,111.031375,69.674208,5062
1464.167313,318.922625,267.732500,5054
1464.201235,307.055876,265.487833,5056
1464.219302,121.039042,79.967708,5064
1464.252292,114.047792,72.561125,5065
1464.266173,304.826667,263.718000,5059
1464.311226,109.968833,69.294750,5068
1464.333135,348.957583,307.386917,5060
1464.337255,117.912959,76.699292,5069
1464.392237,343.877625,302.737167,5063
1464.418473,107.219584,66.223791,5072
1464.426356,93.195375,51.773458,5073
1464.454115,306.761875,266.162167,5066
1464.494312,102.037833,61.138583,5075
1464.515134,347.778959,305.223626,5067
1464.541321,87.182959,46.082458,5078
1464.547257,128.746041,87.753167,5076
1464.571139,318.822291,276.400833,5070
1464.601201,335.004250,293.235250,5071
1464.639213,124.058958,82.994625,5080
1464.652290,315.009334,273.753375,5074
1464.689206,87.962000,46.926542,5084
1464.700380,159.019292,117.807083,5081
1464.707236,280.847583,239.420709,5077
1464.779118,126.793625,84.428750,5086
1464.783354,289.002000,247.983458,5079
1464.793274,104.034000,63.161584,5087
1464.853137,305.858000,264.462917,5082
1464.882303,98.908542,57.610292,5091
1464.908208,129.048209,88.130000,5090
1464.929154,357.993125,316.614667,5083
1464.952353,99.190584,58.356959,5093
1465.001120,361.876084,319.768750,5085
1465.003256,120.918000,78.513458,5094
1465.022306,93.120708,51.517083,5096
1465.035308,334.890208,293.952459,5088
1465.087135,379.883584,338.800292,5089
1465.098148,97.014167,56.217000,5098
1465.135251,131.977125,90.927375,5099
1465.156114,362.821375,321.127625,5092
1465.194287,107.124791,66.298750,5102
1465.204314,106.145666,65.342084,5103
1465.222299,314.067250,272.451959,5095
1465.252194,96.056916,55.128791,5105
1465.291286,338.889250,297.607041,5097
1465.314296,119.977083,78.285958,5106
1465.343252,120.915084,79.769083,5108
1465.344800,322.456750,280.252000,5100
1465.409390,118.062583,76.988625,5110
1465.431349,395.996125,355.156375,5101
1465.446568,132.233208,89.719583,5111
1465.549457,140.030041,97.829083,5114
1465.550123,414.852083,373.555584,5104
1465.586931,155.544084,111.330042,5115
1465.646694,442.342834,400.124958,5107
1465.702355,152.873875,112.252875,5117
1465.725145,175.012833,132.973459,5118
1465.740778,488.564709,446.781417,5109
1465.844962,501.684751,459.653542,5112
1465.881418,179.015958,137.873750,5121
1465.900419,175.249666,133.094208,5122
1465.973776,628.950292,586.815251,5113
1466.017326,172.326000,131.598833,5124
1466.043961,162.507917,121.018625,5125
1466.069293,622.700167,579.896334,5116
1466.166270,148.898459,107.850750,5128
1466.200148,613.197666,572.395542,5119
1466.208086,164.090792,119.681625,5129
1466.296190,129.889667,89.217625,5131
1466.302364,655.650042,614.796875,5120
1466.317349,117.172125,75.939500,5132
1466.352244,611.450292,570.032750,5123
1466.399210,498.761084,457.115750,5126
1466.405494,109.259500,67.937041,5134
1466.433373,130.973209,89.789000,5135
1466.435286,461.473542,420.513625,5127
1466.517235,447.904333,405.748000,5130
1466.527253,121.714250,80.516334,5139
1466.540148,140.923709,98.827166,5138
1466.557305,349.194126,308.121333,5133
1466.606251,78.958541,37.321667,5143
1466.633299,116.026750,75.052542,5142
1466.643330,325.933417,285.017542,5136
1466.711237,104.951584,63.830375,5146
1466.714104,361.839042,317.836166,5137
1466.725259,91.924583,51.048958,5147
1466.771243,337.837792,296.912875,5140
1466.803312,89.182041,48.500666,5150
1466.854242,142.985792,101.733042,5149
1466.854276,418.968084,377.356000,5141
1466.870252,98.988167,58.107292,5152
1466.891305,351.130500,309.810667,5144
1466.935215,80.956166,40.303084,5154
1466.957311,399.973875,358.928791,5145
1466.973315,119.025959,77.839708,5155
1467.011309,367.933417,326.999459,5148
1467.032308,97.073667,55.875751,5158
1467.064371,106.953584,65.672542,5159
1467.069146,343.860709,302.539709,5151
1467.135319,102.966500,61.227250,5162
1467.142141,130.794709,89.362583,5161
1467.151301,347.942292,306.555376,5153
1467.226269,355.991417,315.273000,5156
1467.248346,106.176875,64.790541,5166
1467.255328,119.967167,78.853250,5165
1467.284311,392.973292,350.361959,5157
1467.320231,93.928625,53.016250,5168
1467.344286,370.926500,328.696083,5160
1467.365249,116.864417,74.438583,5169
1467.381309,316.897000,275.963917,5163
1467.409278,124.922292,83.121208,5171
1467.448298,103.979459,62.417250,5173
1467.464282,395.115875,353.859917,5164
1467.492218,110.869500,68.535542,5175
1467.528259,118.934959,77.588292,5176
1467.551320,399.975625,358.999084,5167
1467.567297,102.969125,61.368416,5178
1467.609280,353.917375,312.982542,5170
1467.613325,121.061791,79.527875,5179
1467.633448,105.147000,64.063708,5180
1467.671136,350.889292,309.804541,5172
1467.688343,79.022417,37.535167,5183
1467.724319,359.044001,317.623250,5174
1467.744313,130.942292,89.644042,5184
1467.783224,334.892250,293.687917,5177
1467.790307,119.143208,78.424208,5186
1467.806209,81.846042,41.121792,5188
1467.853305,301.945000,261.113417,5181
1467.901236,110.886708,69.978125,5191
1467.907307,124.063625,82.784917,5190
1467.914237,346.895501,305.671626,5182
1467.963242,329.765042,285.978583,5185
1468.014268,325.881209,285.126333,5187
1468.026301,118.962667,78.005667,5195
1468.034226,132.949250,92.104250,5194
1468.072221,327.866291,285.847334,5189
1468.122121,95.785959,54.558583,5199
1468.135211,120.913625,80.144458,5198
1468.135215,328.969083,288.252709,5192
1468.185217,331.875541,290.883833,5193
1468.219296,97.151833,55.731666,5202
1468.229283,94.042083,52.894916,5204
1468.258145,343.874709,302.355083,5196
1468.266315,81.058833,40.116417,5205
1468.303248,72.623542,30.677500,5206
1468.318290,355.007334,314.021458,5197
1468.346368,312.102583,270.692041,5200
1468.396307,324.041376,282.574541,5201
1468.422639,80.927001,80.230792,5207
1468.428279,75.241833,74.655584,5208
1468.471221,335.996792,295.308417,5203
1468.519299,66.490958,65.975000,5209
1468.587606,50.194959,49.730625,5210
1468.616909,52.988542,52.565917,5211
1468.707764,32.702833,32.340000,5212
1468.747026,43.154125,42.543084,5213
1468.779634,74.302375,73.189084,5214
1468.801461,43.535042,42.813458,5215
1468.837484,51.305334,50.756125,5216
1468.884400,66.875958,66.154083,5218
1468.906402,99.755250,99.073042,5217
1468.927197,82.677000,81.569250,5219
1468.948836,51.599917,50.805417,5221
1468.980901,113.485750,112.722458,5220
1469.033054,47.422666,46.944625,5222
1469.061768,53.405625,52.901042,5224
1469.078173,73.237792,72.552959,5223
1469.154499,35.006708,34.559292,5225
1469.273307,42.734417,42.261625,5226
1469.405842,64.128750,63.601125,5227
1469.407367,45.668875,45.047334,5228
1469.528676,75.858125,75.509583,5229
1469.557811,62.497459,61.881458,5231
1469.562674,68.762167,68.199250,5230
1469.597163,33.234250,32.701959,5232
1469.673080,35.613958,35.065625,5233
1469.715090,40.004708,39.489625,5234
1469.821594,49.455875,49.093042,5235
1469.847185,61.026583,60.348458,5236
1469.879722,39.542708,38.930500,5237
1469.963165,65.852208,65.388750,5238
1470.046181,37.806125,37.181375,5239
1470.065357,54.873292,54.309792,5240
1470.093597,54.774125,54.180583,5241
1470.112608,58.492583,57.993833,5242
1470.176606,57.118833,56.427875,5243
1470.202251,27.958291,27.422500,5244
1470.280495,49.900958,49.305667,5245
1470.341562,55.000167,54.546333,5246
1470.426650,84.905333,84.246458,5247
1470.570307,117.450667,116.150709,5248
1470.584662,121.194208,119.848458,5249
1470.617396,117.997833,117.017250,5250
1470.655605,143.329666,142.732042,5251
1470.768535,204.589584,202.718542,5252
1470.805171,129.833375,128.720375,5253
1470.829825,142.734083,142.239125,5254
1470.864518,78.365583,77.746084,5255
1470.947060,78.994125,78.476416,5256
1470.983901,86.266250,85.455417,5257
1471.122209,120.458917,119.889291,5258
1471.127852,120.854125,119.954916,5259
1471.130403,122.035083,121.511542,5260
1471.150570,31.120542,30.610417,5261
1471.183783,25.074875,24.606750,5262
1471.233477,49.401333,48.784750,5263
1471.279126,48.525750,47.688958,5264
1471.378877,37.166209,36.483709,5265
1471.498963,46.134375,45.425625,5268
1471.498963,62.591083,62.103125,5266
1471.513796,75.411875,74.699625,5267
1471.605070,41.135500,40.528834,5269
1471.749415,74.375875,73.659834,5270
1471.825525,39.363917,38.695125,5271
1471.876659,39.788584,39.119209,5272
1471.940265,42.992542,42.631458,5273
1471.965626,66.140959,65.475083,5274
1472.049523,41.156500,40.532041,5275
1472.084992,47.446000,46.835542,5276
1472.165522,46.034042,45.496500,5277
1472.177182,45.570583,45.023709,5278
1472.290652,60.057375,59.376917,5279
1472.382146,40.449500,40.044959,5280
1472.502502,49.660917,48.988917,5281
1472.616067,52.123459,51.401584,5282
1472.623790,40.468167,39.823292,5283
1472.683450,74.989250,74.358375,5284
1472.710302,94.198416,52.584583,5285
1472.712109,63.595000,62.772500,5286
1472.718233,43.203708,42.502833,5287
1472.820726,34.595166,34.222417,5288
1472.884130,58.313792,57.691375,5289
1472.948163,50.918000,50.448125,5290
1472.966612,51.518250,50.973125,5291
1473.012691,42.002042,41.542375,5292
1473.064682,56.287000,55.629000,5293
1473.129502,32.567792,31.951500,5294
1473.207353,87.852042,87.024875,5295
1473.222891,33.493541,32.928000,5296
1473.262567,31.994083,31.535000,5297
1473.299096,32.011583,31.536458,5298
1473.374666,32.960958,32.560208,5299
1473.439630,76.898500,76.153583,5301
1473.440277,92.592791,91.957833,5300
1473.449306,54.200708,53.858000,5302
1473.502833,98.150791,94.266958,5303
1473.507550,54.740875,54.112917,5305
1473.525905,114.505125,113.941334,5304
1473.602176,38.222333,37.559958,5306
1473.720139,31.698625,31.109166,5308
1473.727618,52.594500,52.084083,5307
1473.822630,36.452792,36.069833,5309
1473.954562,57.297042,56.800042,5310
1474.037670,29.315708,28.948208,5311
1474.161676,37.731167,37.150458,5313
1474.170383,50.888834,50.438209,5312
1474.257520,43.000708,42.390833,5314
1474.278153,47.569958,47.062750,5315
1474.394789,53.102000,52.679958,5316
1474.502387,54.593875,54.095416,5317
1474.504988,52.143000,51.363375,5318
1474.549698,93.053334,92.608541,5319
1474.611382,47.423250,46.709250,5320
1474.640345,46.879583,46.455500,5321
1474.687102,59.656334,59.234292,5322
1474.738683,63.587417,62.957416,5323
1474.823842,37.677500,37.247875,5324
1474.860632,50.640917,49.993125,5325
1474.927626,43.202834,42.829208,5326
1474.940418,43.159084,42.680167,5327
1475.069585,61.180583,60.518792,5328
1475.090412,62.855916,62.432125,5329
1475.097627,63.658875,63.189000,5330
1475.116789,79.856000,79.202083,5331
1475.191795,72.342959,71.688750,5332
1475.227949,50.813000,50.243959,5333
1475.309660,79.041958,78.514333,5334
1475.337951,35.475125,34.927083,5336
1475.384428,85.318042,84.801792,5335
1475.440587,98.884042,98.441292,5337
1475.495962,86.377958,85.302583,5338
1475.547720,94.814417,92.864625,5339
1475.586887,89.628875,88.995375,5340
1475.645994,81.930916,81.246083,5341
1475.798286,123.983125,123.474750,5342
1475.798405,123.341166,121.612458,5343
1475.811211,132.554916,131.826625,5344
1475.881332,95.230041,92.553417,5345
1475.948964,103.085208,102.501583,5346
1476.003208,105.890750,105.186083,5347
1476.018952,107.688000,106.879208,5348
1476.098932,89.969251,89.301334,5350
1476.103715,97.493958,96.478084,5349
1476.166506,46.479708,46.055333,5351
1476.204542,65.353458,64.578208,5352
1476.272044,41.403834,40.918791,5353
1476.285713,54.744667,54.262834,5354
1476.356580,67.238208,66.712917,5355
1476.382927,41.203458,40.634417,5356
1476.474841,41.673042,40.716084,5357
1476.498032,45.204833,44.603417,5358
1476.600279,36.345166,36.040375,5359
1476.719957,44.916666,44.237084,5360
1476.763575,42.695625,42.056584,5361
1476.844618,58.441833,57.758167,5362
1476.849969,37.877292,37.408583,5363
1476.935180,37.919584,37.439791,5364
1476.969553,58.914917,58.369792,5365
1477.024389,52.581375,44.459041,5366
1477.029285,49.953167,49.345333,5367
1477.056041,47.460583,46.765250,5369
1477.077071,79.200334,78.571208,5368
1477.150407,38.907750,38.388000,5370
1477.177883,58.388750,57.652584,5371
1477.262776,61.765084,61.045250,5372
1477.270057,39.404458,38.798666,5373
1477.321117,77.057166,76.354542,5374
1477.356543,41.613542,41.025833,5375
1477.410462,68.736792,68.116708,5376
1477.492689,39.876376,39.231792,5377
1477.536792,67.012750,66.215625,5378
1477.556365,37.583292,37.054209,5379
1477.609416,45.476959,44.954000,5380
1477.721399,46.372959,46.005459,5381
1477.760387,36.358000,36.071584,5382
1477.824940,38.740625,38.015250,5384
1477.830677,50.443166,49.863041,5383
1477.950409,53.140208,52.627166,5385
1477.986643,54.084625,53.318417,5386
1478.042631,34.241375,33.682833,5387
1478.076931,32.199709,31.726625,5388
1478.140143,68.932792,68.165125,5389
1478.146292,50.002459,49.539875,5390
1478.167120,47.639376,47.042625,5391
1478.268118,37.513583,36.859958,5392
1478.378788,37.102333,36.577042,5393
1478.518701,65.888375,65.139667,5394
1478.528257,56.570500,55.818292,5395
1478.538448,65.175250,64.456291,5396
1478.633063,69.129959,68.672916,5397
1478.711298,36.280125,35.983500,5398
1478.795023,36.719958,36.328250,5399
1478.836564,41.659916,40.994333,5401
1478.849363,63.198334,62.409667,5400
1478.904134,34.792334,34.303208,5402
1478.947738,50.469125,49.708167,5403
1479.042666,34.317500,34.023208,5404
1479.176274,59.235750,58.494625,5405
1479.177306,57.822625,57.168709,5406
1479.208259,54.680500,54.064208,5407
1479.262874,58.712500,58.212583,5408
1479.272055,58.815458,58.247875,5409
1479.302288,71.724042,71.224709,5410
1479.309951,78.444042,77.900959,5411
1479.376085,34.376709,34.008625,5412
1479.444516,48.623750,48.043333,5413
1479.496458,43.622250,42.752500,5415
1479.501025,60.699041,60.194167,5414
1479.563147,37.054209,36.540875,5416
1479.601261,37.347625,36.778583,5417
1479.629141,53.516458,52.924375,5418
1479.696785,34.712125,34.351333,5419
1479.740899,65.814292,65.216375,5420
1479.820375,34.221833,33.659500,5422
1479.862751,85.209833,84.540167,5421
1479.923448,49.738500,49.338625,5423
1479.950671,61.022209,60.284875,5424
1479.967748,70.520042,69.746541,5425
1480.050104,41.757042,41.462750,5426
1480.135809,48.917750,48.290667,5427
1480.155577,36.082083,35.536375,5428
1480.282500,51.878750,51.334208,5429
1480.449291,107.560250,107.134125,5430
1480.492863,128.062375,127.162875,5431
1480.550769,161.325792,159.968375,5432
1480.557054,143.266084,141.862000,5433
1480.628409,130.618834,129.158167,5437
1480.659139,237.631334,235.601041,5434
1480.673584,109.056208,108.639416,5438
1480.770632,324.816042,323.887083,5435
1480.777345,102.104916,101.415709,5439
1480.863596,138.408959,137.706042,5440
1480.907300,453.556833,449.727250,5436
1480.914076,127.286833,123.422542,5441
1480.990139,92.434125,92.045334,5445
1481.001439,195.332084,194.543126,5442
1481.098786,264.674667,261.758292,5443
1481.107512,98.661500,98.066500,5446
1481.214099,373.436584,371.569042,5444
1481.224226,104.566000,103.625375,5447
1481.226425,103.932500,103.495292,5448
1481.258690,28.088375,27.494834,5449
1481.382121,40.406334,39.768167,5450
1481.496248,43.445500,43.062833,5451
1481.571256,38.612000,38.204250,5453
1481.585773,61.198375,55.767833,5452
1481.613117,49.213500,48.633667,5454
1481.629263,63.511875,62.993291,5455
1481.693360,72.379708,71.843334,5456
1481.719470,44.411792,43.530666,5457
1481.753348,52.887916,52.482208,5458
1481.807897,28.488250,28.132416,5459
1481.860190,74.022083,73.386250,5460
1481.918241,43.686708,43.200792,5461
1481.948829,66.038000,65.377375,5462
1481.971751,74.518500,73.678208,5463
1481.973069,64.127584,63.665292,5464
1482.025989,106.222083,105.229833,5465
1482.041212,32.834959,32.112792,5466
1482.160592,41.075417,40.544291,5468
1482.163232,53.496917,53.024417,5467
1482.269593,39.021500,38.570583,5469
1482.391581,49.879667,49.179084,5470
1482.396989,38.496500,37.887500,5471
1482.513927,51.162709,50.447542,5473
1482.522167,69.320708,68.783750,5472
1482.539878,60.622916,60.064667,5474
1482.593096,81.293625,80.749375,5475
1482.597781,33.841208,33.275958,5476
1482.639274,43.324458,42.690375,5477
1482.691551,53.108125,52.513417,5478
1482.712014,36.959417,36.400000,5479
1482.834034,47.892542,47.379500,5480
1482.934145,36.850042,36.384833,5481
1483.009126,47.231625,46.698167,5482
1483.054350,45.985917,45.392667,5483
1483.151448,40.588916,40.120500,5484
1483.185126,65.636083,64.967291,5485
1483.196444,32.947250,32.544167,5486
1483.275685,45.094292,44.474792,5487
1483.322794,59.165750,58.690041,5488
1483.383038,41.324500,40.669125,5489
1483.427900,54.947959,54.175042,5490
1483.488671,35.846125,35.293708,5491
1483.597070,42.957833,42.259584,5492
1483.611255,47.321458,46.768167,5493
1483.725117,50.062542,49.322000,5495
1483.726378,59.427959,58.918417,5494
1483.759647,54.851709,54.223750,5496
1483.762281,51.652125,51.276750,5497
1483.824195,38.037708,37.346458,5498
1483.849360,43.001875,42.527917,5499
1483.933197,35.909125,35.148750,5501
1483.944279,52.056084,51.517667,5500
1484.049845,41.467708,40.833334,5502
1484.164476,43.591041,42.989042,5504
1484.169565,50.074500,49.630291,5503
1484.250091,49.321125,48.549083,5505
1484.277804,64.017042,63.532000,5506
1484.299850,58.385250,57.716458,5508
1484.316589,85.997041,85.512584,5507
1484.333945,90.487833,89.914125,5509
1484.387476,45.817042,45.420375,5511
1484.392420,141.676500,140.052500,5510
1484.499591,47.269250,46.643333,5512
1484.502782,49.989333,49.417667,5513
1484.609460,36.831958,36.137792,5515
1484.614490,50.579667,49.853709,5514
1484.720363,45.336667,44.970916,5516
1484.749262,46.685917,46.039000,5517
1484.829444,46.467459,46.087125,5518
1484.830386,44.190417,43.650833,5519
1484.934890,37.623250,37.248750,5520
1485.049830,41.454292,40.779958,5521
1485.087046,35.974459,35.583041,5522
1485.170235,67.033750,66.430875,5523
1485.177747,65.378834,64.886792,5524
1485.179784,60.304125,59.868667,5525
1485.214104,82.746125,81.953959,5526
1485.272967,42.367500,41.717958,5527
1485.411315,69.600708,68.886125,5528
1485.551539,114.103209,113.507625,5530
1485.565969,154.620666,112.078166,5529
1485.566394,112.920209,112.331917,5531
1485.650777,96.273625,95.086833,5532
1485.659151,93.227459,90.800500,5533
1485.743992,68.876500,68.187292,5534
1485.862600,76.386625,75.755167,5535
1485.953752,96.592125,95.896500,5536
1485.985826,118.153000,117.522708,5537
1486.007444,133.067666,132.047416,5538
1486.076176,175.883458,174.205500,5539
1486.094940,86.129167,85.461250,5540
1486.155283,35.796833,35.016041,5541
1486.232174,24.922041,24.640292,5542
1486.305151,74.512667,73.749375,5543
1486.361556,32.867042,32.244334,5544
1486.410612,74.468916,73.745292,5545
1486.432897,70.940917,70.237125,5547
1486.436142,94.417750,93.616833,5546
1486.464803,40.067417,39.449959,5548
1486.490092,37.294541,36.681167,5549
1486.610455,46.549709,46.174917,5550
1486.662857,62.070167,61.375125,5552
1486.662870,83.907833,82.976250,5551
1486.682684,59.859041,59.268709,5553
1486.738142,38.690750,38.357083,5555
1486.745270,70.221958,69.636000,5554
1486.821887,35.725667,35.155167,5556
1486.938702,41.408209,40.758667,5557
1486.976756,36.045625,35.610459,5558
1487.034294,63.726541,62.941958,5559
1487.043977,35.593541,35.183167,5560
1487.101448,90.341416,89.836250,5561
1487.146664,45.963750,45.276292,5562
1487.173093,68.389708,68.034166,5563
1487.189105,62.385458,59.079708,5565
1487.218658,99.173959,98.459375,5564
1487.221750,94.571458,94.072125,5566
1487.296761,66.201626,65.585917,5567
1487.305187,50.683208,49.949666,5568
1487.329152,50.386875,49.764458,5569
1487.339343,36.147708,35.658583,5570
1487.377410,35.698250,35.112875,5571
1487.467067,54.089875,53.545333,5572
1487.482143,45.077083,44.403625,5573
1487.511524,58.707541,58.198584,5574
1487.592279,28.347375,27.977541,5575
1487.655205,35.340666,34.835500,5576
1487.712826,37.808458,37.293958,5577
1487.783995,36.883000,36.356542,5578
1487.828323,42.166833,41.510875,5579
1487.892134,41.615875,40.973917,5580
1487.935207,36.653750,36.213334,5582
1487.967011,69.725834,69.162917,5581
1488.085872,77.493209,76.731958,5583
1488.117219,43.864334,43.101917,5585
1488.127392,66.131333,65.482959,5584
1488.197480,78.725209,78.200208,5586
1488.198798,69.527500,68.515709,5588
1488.201067,81.603083,79.849000,5587
1488.268958,38.351250,37.730000,5589
1488.287225,43.178917,42.611625,5590
1488.372664,30.978792,30.293667,5591
1488.489918,37.076958,36.588125,5592
1488.609678,45.756084,45.315667,5593
1488.713900,42.778458,42.408333,5594
1488.729144,54.048459,53.330375,5595
1488.859579,73.429125,72.801750,5596
1488.964582,67.313166,66.595375,5597
1489.049492,41.112166,40.448334,5598
1489.147584,28.095666,27.435041,5599
1489.267853,37.258375,36.566833,5600
1489.391319,49.633209,49.077292,5601
1489.423993,31.792542,31.318292,5602
1489.476329,56.747542,56.118709,5603
1489.499195,46.361000,45.807709,5604
1489.550016,60.770208,60.072542,5605
1489.601162,37.210250,36.621666,5606
1489.635896,49.354083,48.883334,5607
1489.683690,46.798792,46.263583,5608
1489.706339,31.271917,30.648917,5609
1489.850351,64.215375,63.800625,5610
1489.956310,59.041208,58.683917,5611
1490.054422,46.046292,45.587209,5612
1490.165512,46.028792,45.497083,5613
1490.258750,81.316375,80.639708,5614
1490.261788,31.209791,30.735834,5615
1490.422083,80.394125,79.923375,5616
1490.542031,89.199833,88.596959,5617
1490.624203,125.099333,124.189333,5618
1490.678366,156.989583,156.440375,5620
1490.681236,162.936084,161.452667,5619
1490.744423,104.652042,103.833626,5623
1490.762524,217.214375,216.336459,5621
1490.869124,304.351251,302.333792,5622
1490.908863,128.563167,127.693708,5626
1490.937485,151.256875,150.402875,5627
1490.974392,334.078500,333.644501,5624
1491.058175,382.750375,381.815875,5625
1491.103962,95.434792,94.607042,5630
1491.146186,253.656083,253.128167,5628
1491.172444,52.952375,52.300208,5632
1491.176124,82.032417,81.370916,5631
1491.218690,321.064041,320.289666,5629
1491.265615,143.204541,142.650667,5633
1491.284456,53.848083,53.292458,5635
1491.313430,190.892333,190.442875,5634
1491.420729,78.999083,78.033084,5636
1491.504998,49.153416,48.400042,5639
1491.505117,66.560959,66.158750,5637
1491.514249,61.448333,60.946958,5638
1491.576570,106.809792,106.044458,5640
1491.596113,32.195333,31.751709,5641
1491.710321,33.555959,33.024834,5643
1491.739443,64.347791,63.631750,5642
1491.769407,45.031875,44.398666,5644
1491.839374,53.223916,52.761625,5645
1491.944180,30.774333,30.273541,5647
1491.957501,60.227417,59.561833,5646
1492.081280,29.341958,28.855458,5649
1492.090341,81.960375,81.416708,5648
1492.172692,53.232084,52.513417,5652
1492.188523,74.402709,73.977750,5651
1492.190088,79.868542,79.352292,5650
1492.272244,41.673625,41.184500,5653
1492.389136,47.427625,46.789458,5654
1492.500589,47.768875,47.170958,5655
1492.604710,40.807958,40.187584,5657
1492.624332,65.036709,64.423916,5656
1492.732341,57.302583,56.790417,5658
1492.832591,40.000917,39.316666,5660
1492.838304,52.148542,51.702000,5659
1492.943206,45.916209,45.432625,5661
1493.024186,66.969584,66.419500,5662
1493.072367,63.965417,63.286125,5663
1493.171612,52.126667,51.582125,5664
1493.214512,51.059167,50.290041,5665
1493.248755,51.367750,50.647333,5666
1493.283106,52.553375,52.157000,5668
1493.283106,56.321125,55.738375,5667
1493.390392,62.353959,61.743791,5669
1493.394454,53.967084,53.372083,5670
1493.403470,61.828666,61.278000,5671
1493.503822,51.032041,50.334375,5672
1493.584570,53.140500,52.427959,5673
1493.608435,44.485583,43.992959,5674
1493.728906,53.882500,53.319000,5675
1493.829212,43.064000,42.481250,5676
1493.934288,37.018916,36.625167,5677
1494.038638,43.599209,43.037459,5678
1494.044576,36.184166,35.638750,5679
1494.117206,50.730750,50.084416,5680
1494.171871,52.412500,51.729417,5681
1494.268547,45.293792,44.935625,5682
1494.276409,45.784958,45.190542,5683
1494.407888,66.165750,65.596125,5684
1494.486179,33.383875,33.007042,5685
1494.543378,68.705583,68.003541,5686
1494.633102,69.153292,68.396417,5687
1494.647802,27.927958,27.534500,5688
1494.714604,39.576250,39.134083,5689
1494.754555,51.384083,50.814750,5690
1494.770245,41.572125,41.026708,5691
1494.833453,47.303959,46.802000,5692
1494.915831,49.147583,48.527500,5693
1494.934259,51.078709,50.425084,5694
1494.960918,63.676959,62.890333,5695
1495.005300,39.048042,38.685792,5696
1495.076790,68.416541,67.895042,5697
1495.169771,50.285375,49.767958,5698
1495.216365,42.751042,42.224000,5699
1495.272243,41.610042,41.131125,5700
1495.423532,81.810458,81.065542,5701
1495.495903,79.762375,78.886208,5702
1495.529879,76.150666,74.274083,5703
1495.672442,113.614376,112.736459,5704
1495.686255,125.123834,124.453876,5705
1495.705037,141.093459,139.176917,5706
1495.750942,156.082209,154.464625,5707
1495.820147,189.976792,189.143208,5708
1495.875812,88.893875,88.158292,5710
1495.918425,243.304833,242.451709,5709
1495.976356,79.053333,78.493916,5711
1496.082614,73.208916,72.694416,5712
1496.119176,52.550459,52.032750,5714
1496.140834,85.962625,85.185625,5713
1496.156173,36.686125,36.166083,5715
1496.228346,26.957000,26.588625,5716
1496.266309,35.697959,35.014875,5717
1496.363295,47.910917,47.452417,5718
1496.364773,46.138751,45.399667,5719
1496.405619,63.908542,63.244125,5720
1496.492211,39.386083,38.906291,5721
1496.565256,41.885083,41.361250,5722
1496.604481,40.537875,39.764083,5723
1496.708638,33.596500,33.077625,5724
1496.808072,40.450375,40.086083,5725
1496.838234,52.039458,51.277625,5726
1496.946595,49.326959,48.633666,5727
1496.980470,51.734083,51.089209,5728
1497.048364,39.986917,39.299167,5729
1497.154750,35.262500,34.797291,5730
1497.245740,39.260375,38.515458,5731
1497.269178,49.112292,48.455166,5732
1497.293960,63.359333,62.740125,5733
1497.382579,40.868917,40.375417,5734
1497.462814,72.768208,72.073750,5735
1497.493364,40.541375,39.984583,5736
1497.536847,36.615541,36.127875,5737
1497.597886,33.960792,33.368417,5739
1497.619009,59.448958,58.869416,5738
1497.724848,49.850792,49.405125,5740
1497.845067,58.916958,58.451750,5741
1497.954375,57.146542,56.518292,5742
1498.054874,46.501000,46.129417,5743
1498.074757,45.918250,45.426209,5744
1498.108267,37.150750,36.562458,5745
1498.150647,65.888084,65.270625,5746
1498.160482,40.993458,40.428791,5747
1498.210363,39.808417,39.113958,5748
1498.246151,48.357459,47.826625,5749
1498.286685,56.051625,55.505916,5750
1498.303430,35.441875,34.900250,5751
1498.382755,41.047708,40.589792,5752
1498.499388,46.593458,46.105209,5753
1498.590943,39.905541,39.285458,5754
1498.607852,43.888250,43.315417,5755
1498.675440,75.839167,75.155500,5756
1498.729438,54.402250,53.855083,5757
1498.839370,53.237333,52.733916,5758
1498.950521,53.284292,52.791084,5759
1499.050411,50.209542,49.781375,5760
1499.058888,50.490417,49.894541,5761
1499.166823,47.303084,46.802584,5762
1499.282110,51.492875,50.786459,5764
1499.284734,64.141584,63.582750,5763
1499.298315,45.044417,44.386125,5765
1499.386182,44.477708,44.000542,5766
1499.501410,48.591375,47.925208,5767
1499.588864,24.930791,24.423875,5768
1499.709966,34.822959,34.355709,5769
1499.832709,46.556709,46.025000,5770
1499.844175,44.295125,43.793750,5771
1499.945828,48.562500,47.931917,5772
1499.949625,42.604333,42.048125,5773
1500.047128,51.031459,50.248625,5774
1500.070063,48.922125,48.480250,5776
1500.070958,62.587875,61.926083,5775
1500.168861,49.387041,48.857083,5777
1500.169784,32.899125,32.522583,5778
1500.287256,56.686000,56.344458,5779
1500.416448,74.715667,73.948583,5780
1500.512876,60.035792,59.250916,5781
1500.641784,77.301875,76.658750,5782
1500.797544,122.462958,121.746917,5783
1500.802214,117.581625,114.549167,5784
1500.845326,133.189583,132.178667,5785
1500.888868,168.638166,168.009333,5786
1500.985578,134.883584,134.164916,5788
1501.008572,145.508417,144.191250,5789
1501.020375,233.503083,230.105750,5787
1501.091557,83.228250,82.665625,5792
1501.111370,214.116875,213.446625,5790
1501.128931,102.277584,101.260542,5793
1501.166824,47.343917,46.859750,5795
1501.167313,244.909583,243.347416,5791
1501.209279,165.972916,165.302959,5794
1501.224260,53.291291,52.503792,5796
1501.265610,35.025667,34.750042,5797
1501.377059,35.343875,34.808958,5798
1501.439420,38.876250,38.334333,5799
1501.484797,42.269791,41.687333,5800
1501.510088,57.234625,56.450334,5801
1501.544133,28.053084,27.516125,5802
1501.604601,40.664167,40.128666,5803
1501.631400,49.357583,48.557833,5804
1501.688150,39.173458,38.786709,5805
1501.729430,54.335458,53.740750,5806
1501.846761,64.554584,63.924584,5808
1501.848164,72.912000,72.263333,5807
1501.848880,62.725541,62.142500,5809
1501.947208,49.945000,49.466083,5810
1502.064114,55.760250,55.151542,5811
1502.156273,36.760500,36.292083,5812
1502.283832,53.215750,52.532375,5813
1502.408227,66.510500,65.919875,5814
1502.417943,34.745083,34.203167,5815
1502.436310,52.257625,51.662333,5816
1502.511231,58.397792,57.831958,5817
1502.553675,66.649625,66.006208,5818
1502.560863,31.468208,30.625875,5819
1502.609346,45.429417,44.778708,5821
1502.614663,54.170667,53.304417,5820
1502.646157,36.622542,36.001292,5822
1502.667118,46.899708,46.127958,5823
1502.692124,39.351375,38.716708,5824
1502.716898,41.831708,41.428625,5825
1502.832047,38.012334,37.422000,5827
1502.846467,60.311416,59.769208,5826
1502.935186,37.922500,37.314083,5828
1503.045865,37.484125,36.946583,5830
1503.046783,49.857209,49.297791,5829
1503.099067,43.409042,42.698834,5831
1503.163521,72.569000,72.136459,5832
1503.165214,62.253625,61.607875,5833
1503.182077,62.591083,61.993750,5834
1503.208763,73.901041,73.020208,5835
1503.271373,40.755167,40.150542,5836
1503.382915,41.209875,40.595333,5837
1503.466241,40.373958,39.774292,5838
1503.500199,47.366083,46.760875,5839
1503.605852,41.962667,41.338791,5840
1503.708229,78.267292,77.676959,5841
1503.733921,47.460875,47.032417,5843
1503.747287,72.256042,71.670084,5842
1503.838171,51.879917,51.333333,5845
1503.843355,57.178917,56.626792,5844
1503.861159,32.832333,32.240834,5846
1503.960443,63.175875,62.526625,5847
1504.069980,61.608459,61.140626,5848
1504.157679,38.199291,37.549750,5850
1504.185644,48.005416,47.514250,5851
1504.198851,82.993750,82.389125,5849
1504.258456,53.079542,52.465000,5852
1504.285142,64.077417,63.192208,5853
1504.306168,77.504583,76.889458,5854
1504.323221,92.667750,92.034250,5855
1504.353830,63.729167,62.960625,5859
1504.370100,114.656791,113.809208,5856
1504.404908,63.174709,62.510584,5861
1504.421904,146.230875,145.625084,5857
1504.452323,61.040875,60.267375,5862
1504.452934,169.567125,169.117958,5858
1504.503178,50.343125,49.629125,5863
1504.538203,55.837542,55.399166,5864
1504.544363,239.199625,238.531708,5860
1504.598954,114.717167,114.034666,5865
1504.618399,54.470209,53.807833,5867
1504.629540,83.100500,82.502000,5866
1504.715645,40.604375,39.997709,5868
1504.758395,28.620375,28.128042,5869
1504.827362,41.233792,40.525916,5870
1504.947053,49.770000,49.175000,5871
1504.980488,69.713875,68.991417,5872
1504.996787,64.354500,63.626792,5874
1505.005155,89.433750,88.707500,5873
1505.033620,80.098375,79.527291,5875
1505.073563,65.224541,64.495083,5877
1505.082372,115.370791,114.925709,5876
1505.097398,42.084583,41.486084,5878
1505.163160,43.683208,43.183000,5879
1505.192963,60.874333,60.129125,5880
1505.248409,59.470250,58.834417,5881
1505.269647,39.038417,38.559792,5882
1505.319535,82.724541,81.969709,5883
1505.467386,129.507001,128.786584,5884
1505.475581,133.862167,133.240625,5885
1505.491580,131.490625,129.610542,5886
1505.558449,186.302084,185.057251,5887
1505.649396,122.657500,122.079708,5892
1505.664305,109.877542,109.040750,5893
1505.690621,317.941459,316.245417,5888
1505.818443,420.294001,419.553751,5889
1505.840259,164.551333,123.267084,5896
1505.849245,139.034583,136.014666,5897
1505.950990,529.595792,528.354167,5890
1505.984745,166.266042,123.398333,5899
1506.037545,180.559167,139.122958,5900
1506.072662,619.182375,618.223667,5891
1506.109213,158.191250,116.000792,5902
1506.201540,636.829375,635.469334,5894
1506.232310,194.739126,153.220375,5904
1506.245190,613.677167,613.141083,5895
1506.246210,173.504334,130.158000,5905
1506.322293,596.470583,555.343542,5898
1506.325274,425.742333,425.198667,5901
1506.325315,123.739875,81.266500,5907
1506.352254,119.914666,78.441125,5908
1506.413294,428.524250,387.104376,5903
1506.436196,113.876584,72.474209,5911
1506.462219,120.530667,79.210541,5912
1506.464296,355.039125,313.457375,5906
1506.527932,75.118167,74.548833,5914
1506.534281,289.050417,248.257041,5909
1506.568041,89.624209,88.942875,5915
1506.602152,355.910334,314.953625,5910
1506.614428,74.021500,73.438750,5917
1506.643168,295.894375,255.049375,5913
1506.650138,145.706167,143.410166,5916
1506.670818,42.945875,42.251709,5919
1506.714114,150.195792,145.240083,5918
1506.736439,44.216375,43.546416,5922
1506.763921,99.233458,98.233333,5920
1506.773237,59.264625,58.685375,5923
1506.778150,103.091625,102.294792,5921
1506.816472,94.568250,94.134834,5924
1506.848086,61.920834,61.391167,5926
1506.873370,121.878458,121.174375,5925
1506.876610,54.391750,53.694375,5927
1506.912176,88.110750,87.584875,5928
1506.962798,133.294583,132.388375,5929
1506.973590,76.333542,75.663583,5931
1506.997469,58.614792,58.224250,5932
1507.024869,194.749041,193.750083,5930
1507.054185,56.228666,55.460708,5934
1507.086427,78.057292,73.754917,5935
1507.101275,147.874417,146.776291,5933
1507.128419,67.592292,66.702708,5937
1507.177578,82.009958,81.413500,5938
1507.183331,139.811000,137.658791,5936
1507.198607,52.505833,51.842875,5941
1507.244937,147.835042,147.054834,5939
1507.296306,65.697916,65.106416,5942
1507.314990,66.641459,66.105083,5943
1507.320079,200.599000,200.065834,5940
1507.385132,95.770500,94.983584,5944
1507.397939,70.473375,69.961500,5945
1507.406240,64.526583,63.863333,5946
1507.430704,85.852666,85.384541,5947
1507.483188,63.138833,62.793500,5948
1507.495738,59.565917,58.825667,5949
1507.508541,55.768125,54.894875,5950
1507.543494,54.017834,53.078958,5953
1507.546796,65.842000,65.146667,5951
1507.587314,105.326084,104.631917,5952
1507.604103,40.208000,39.599875,5954
1507.651666,28.604917,28.156042,5955
1507.704818,29.722583,29.337291,5956
1507.744766,58.696459,57.982750,5957
1507.793339,45.725750,45.243917,5960
1507.798171,77.656250,74.972333,5958
1507.817148,86.566375,85.824375,5959
1507.839419,53.297125,52.746750,5961
1507.863017,67.721208,67.030542,5962
1507.924196,72.782791,72.009584,5963
1507.943925,77.242084,76.640375,5964
1507.946293,76.723791,75.932209,5965
1507.964962,67.701666,67.014208,5966
1508.021696,40.613125,39.980792,5967
1508.037769,29.413417,28.843792,5968
1508.073409,33.510458,33.028625,5969
1508.113691,56.776417,56.157500,5970
1508.144583,45.457416,44.814583,5971
1508.163576,44.081334,43.581708,5972
1508.266434,74.858584,68.135667,5973
1508.269605,62.428334,61.975959,5975
1508.277415,76.843083,76.313126,5974
1508.322435,114.343834,113.568876,5976
1508.334140,59.554542,58.956625,5980
1508.381794,151.806083,151.188333,5977
1508.407228,116.407959,74.860917,5981
1508.444684,214.120667,213.602083,5978
1508.459291,117.585417,76.936417,5984
1508.489326,105.676958,64.284209,5986
1508.509227,262.114708,261.511834,5979
1508.534364,108.759292,67.414959,5987
1508.593303,133.979417,92.343709,5989
1508.611267,107.015417,65.325750,5990
1508.633301,332.315959,290.644958,5982
1508.679142,115.231083,73.874208,5992
1508.687309,370.765792,329.718083,5983
1508.717488,64.942209,64.249208,5994
1508.725134,114.237666,69.650875,5993
1508.736179,380.294541,339.147375,5985
1508.781345,336.618333,292.824584,5988
1508.798583,67.909333,67.328042,5996
1508.818291,305.388125,263.042500,5991
1508.836600,77.692708,76.780083,5997
1508.843566,44.065000,43.509958,5999
1508.852545,177.491416,176.819125,5995
1508.910383,124.241541,123.721500,5998
1508.918319,46.954250,46.421959,6000
1508.955979,81.758542,81.154500,6001
1508.975606,52.154084,51.585917,6003
1508.996922,99.634792,98.890459,6002
1509.031429,53.683583,52.766291,6007
1509.065114,68.810875,68.095416,6008
1509.071882,146.077750,145.397291,6004
1509.110947,168.440417,167.944292,6005
1509.146205,109.522875,68.780250,6012
1509.157984,38.470542,37.807875,6013
1509.172421,222.601458,220.495917,6006
1509.230470,223.489000,222.880584,6009
1509.253597,71.427125,70.555625,6015
1509.254449,78.722583,78.056125,6014
1509.324230,315.861583,274.563917,6010
1509.347899,139.668083,139.094083,6016
1509.352399,343.673750,302.002166,6011
1509.398551,167.961500,167.227083,6017
1509.412575,70.856917,70.237708,6018
1509.439362,61.410708,60.637208,6019
1509.443697,60.187750,59.618708,6020
1509.484861,32.053000,31.509916,6021
1509.533152,75.541375,74.842833,6022
1509.550712,59.534417,58.750417,6024
1509.552376,70.920500,70.092167,6023
1509.617246,109.141667,108.468209,6025
1509.619383,55.432125,54.813792,6026
1509.632571,60.505959,59.469958,6027
1509.662598,67.975250,67.228876,6028
1509.706997,31.955000,31.092541,6029
1509.753935,53.300625,52.655167,6031
1509.760047,65.599916,64.999958,6030
1509.795881,37.252833,36.574125,6033
1509.819974,74.348167,73.925541,6032
1509.855907,69.780958,69.109833,6034
1509.879340,76.505041,75.985292,6035
1509.887856,60.112209,59.294375,6036
1509.933929,77.136791,75.959625,6038
1509.946714,92.341084,90.377583,6037
1509.966509,74.664042,73.785541,6041
1509.985155,46.433041,45.817042,6043
1510.019397,160.418416,159.377750,6039
1510.034455,62.966166,62.384875,6044
1510.069702,61.316208,60.468334,6045
1510.089410,213.493875,212.919291,6040
1510.111795,68.853167,68.259333,6047
1510.146799,249.514125,248.706791,6042
1510.153342,79.863292,77.893667,6049
1510.188423,164.023125,163.340917,6046
1510.223341,103.849666,61.478666,6053
1510.235633,179.543584,179.043083,6048
1510.276245,57.373459,56.590917,6054
1510.294604,66.415417,65.604291,6055
1510.319992,234.844459,234.154376,6050
1510.371413,95.147500,54.203917,6059
1510.432424,337.288584,292.840625,6051
1510.467599,125.862625,125.177208,6060
1510.516514,137.205250,135.443583,6061
1510.570519,469.175001,428.060209,6052
1510.641291,173.660958,129.431750,6064
1510.650840,420.291084,417.147500,6056
1510.681162,164.626875,123.911083,6065
1510.798404,157.079708,115.012333,6067
1510.819298,168.430792,126.863625,6068
1510.829325,589.689917,545.505626,6057
1510.957383,696.451584,655.461917,6058
1510.972786,174.343750,131.747292,6070
1510.998379,179.042208,136.372250,6071
1511.060538,671.077167,628.897208,6062
1511.120418,162.996458,122.183833,6073
1511.137394,164.567959,123.510042,6074
1511.170093,737.631708,695.495792,6063
1511.266186,695.636376,652.845667,6066
1511.278292,157.834250,116.210792,6077
1511.287144,149.713375,107.220458,6078
1511.295292,614.106209,572.598542,6069
1511.362224,96.000333,54.665042,6080
1511.363173,533.829917,492.431917,6072
1511.381236,102.902917,61.416250,6081
1511.422300,423.885875,382.952792,6075
1511.462347,99.152375,58.288708,6085
1511.482295,120.046792,78.592208,6084
1511.497301,436.720375,395.670625,6076
1511.546297,123.959208,82.233958,6087
1511.549325,379.212750,337.461541,6079
1511.566327,103.938625,62.716792,6088
1511.594292,307.122667,265.618500,6082
1511.638292,91.958417,51.319042,6091
1511.653138,357.810541,316.576166,6083
1511.666324,116.957167,75.763917,6092
1511.691306,310.031458,269.149417,6086
1511.738301,99.971375,59.063084,6095
1511.761209,278.873292,238.013709,6089
1511.768422,115.259375,74.290708,6096
1511.813240,315.844958,274.882417,6090
1511.837146,98.809667,57.861708,6099
1511.852149,90.904916,49.606667,6100
1511.894311,327.942708,286.572125,6093
1511.916320,103.038250,62.106334,6102
1511.938302,343.968625,302.255333,6094
1511.952348,115.174791,74.272916,6103
1512.004303,109.950167,68.842375,6105
1512.012147,95.727917,54.672333,6106
1512.020261,353.906292,312.975834,6097
1512.070103,378.761542,337.591917,6098
1512.109168,104.824709,62.475000,6109
1512.128301,359.841417,318.290291,6101
1512.132257,120.085000,79.041667,6110
1512.172298,102.175791,60.910208,6112
1512.206208,97.021166,55.881875,6113
1512.227199,375.023250,333.344375,6104
1512.236145,103.853458,61.565583,6115
1512.302234,95.989834,54.712292,6117
1512.303181,364.841166,323.911000,6107
1512.312254,139.921250,97.981917,6116
1512.340305,387.918125,346.748792,6108
1512.399330,97.072791,55.823834,6120
1512.402140,98.940625,57.824958,6121
1512.422252,401.965084,361.012750,6111
1512.464268,335.929125,294.877917,6114
1512.503314,101.147667,60.159750,6125
1512.523146,123.781875,82.611083,6124
1512.534318,307.079500,266.168292,6118
1512.578220,342.052375,300.955375,6119
1512.599151,134.848291,94.119959,6127
1512.608153,104.801083,63.795084,6128
1512.627310,315.024792,273.556500,6122
1512.691335,113.091416,72.065584,6131
1512.696333,97.157958,55.985125,6132
1512.704287,363.943708,322.576917,6123
1512.745197,322.918167,281.544375,6126
1512.781362,89.986458,48.749166,6135
1512.815303,292.132166,250.613125,6129
1512.822306,125.926500,84.397250,6136
1512.857305,112.077000,69.641833,6138
1512.883335,348.971875,307.774834,6130
1512.890315,108.922625,68.105625,6139
1512.940132,124.797166,83.202000,6140
1512.940214,332.040333,291.368583,6133
1512.966234,108.896959,68.023375,6142
1513.007224,379.881833,339.192875,6134
1513.034115,329.788375,329.038792,6137
1513.041404,101.245667,59.756667,6145
1513.056300,116.073417,74.589667,6146
1513.097501,63.356417,62.415209,6149
1513.107253,99.983041,59.277167,6148
1513.127285,304.937209,263.647708,6141
1513.205294,97.994167,56.566709,6153
1513.205294,321.919209,280.921376,6143
1513.238369,348.009375,306.952334,6144
1513.240300,142.774625,101.739750,6152
1513.275307,309.047667,268.097958,6147
1513.330118,124.808833,82.377750,6155
1513.336252,130.925666,89.193417,6156
1513.338294,296.847542,255.711458,6150
1513.414222,357.888125,316.702167,6151
1513.430250,93.977333,53.265625,6161
1513.438203,108.065709,66.756667,6160
1513.472319,344.995000,303.781334,6154
1513.527233,112.993417,72.096500,6163
1513.530315,291.902334,251.113916,6157
1513.535391,105.112583,62.518459,6164
1513.585342,345.009875,303.965375,6158
1513.620295,93.037292,51.966542,6167
1513.641328,365.974875,321.227375,6159
1513.653323,122.962292,82.085500,6168
1513.699142,113.761666,72.984917,6170
1513.710171,371.854583,327.196625,6162
1513.718346,98.018083,56.519458,6171
1513.747154,308.928958,268.023291,6165
1513.785387,313.006750,271.383000,6166
1513.823343,113.149459,72.232125,6175
1513.826342,127.173083,86.354333,6174
1513.860328,324.885750,283.241001,6169
1513.885254,99.810375,58.336833,6178
1513.909295,85.917417,44.481208,6179
1513.925176,283.814417,242.743667,6172
1513.952316,91.957250,51.038167,6181
1513.997134,343.784000,302.734542,6173
1514.027306,142.011333,100.294250,6182
1514.045296,120.094625,78.542625,6184
1514.058338,339.945375,298.472417,6176
1514.111159,114.003166,73.344250,6186
1514.123324,376.143250,334.759834,6177
1514.135306,107.966541,67.049208,6187
1514.160287,333.911375,293.000459,6180
1514.222217,312.895334,267.912166,6183
1514.238129,126.950834,85.952417,6190
1514.251306,298.957750,253.973416,6185
1514.253299,129.929334,88.541250,6191
1514.311232,73.079125,31.776792,6195
1514.321314,275.986959,232.028416,6188
1514.345346,286.973166,245.273000,6189
1514.347135,124.899542,84.004666,6194
1514.403241,267.896125,226.512708,6192
1514.426283,115.011750,73.879750,6198
1514.440141,118.794375,77.695042,6199
1514.457359,297.045292,256.355459,6193
1514.487320,235.982541,194.737375,6196
1514.524205,120.938417,80.254417,6202
1514.543308,289.967417,248.349791,6197
1514.558233,131.915292,90.727584,6203
1514.610277,264.891375,223.387501,6200
1514.620338,132.974625,91.828625,6206
1514.637234,112.994584,71.435583,6207
1514.677333,330.173375,283.070958,6201
1514.712310,272.141625,230.976667,6204
1514.739240,118.875458,78.260584,6211
1514.745374,135.055958,93.710750,6210
1514.770134,312.744542,271.964292,6205
1514.810140,97.794375,56.639041,6214
1514.830334,91.067959,49.777000,6215
1514.854197,302.064583,260.408167,6208
1514.873309,103.151708,62.523417,6217
1514.890326,80.159333,39.156833,6218
1514.944262,90.042458,49.490291,6220
1514.947253,383.318542,341.962542,6209
1514.955152,81.803750,40.429083,6221
1515.039125,401.859208,360.916209,6212
1515.048153,100.885167,59.631250,6224
1515.049250,104.950125,63.606083,6223
1515.116300,438.930334,393.937833,6213
1515.121358,82.207417,41.049458,6226
1515.163285,115.112666,73.801875,6227
1515.170187,424.773125,383.999292,6216
1515.191309,74.967375,33.478375,6229
1515.224210,393.835459,353.186750,6219
1515.252140,81.928584,40.679626,6232
1515.298231,407.864917,366.912000,6222
1515.302235,138.917917,97.702501,6231
1515.321218,96.969542,56.225750,6234
1515.338320,383.146167,342.076292,6225
1515.420293,371.004959,330.365292,6228
1515.436625,134.344000,92.806291,6237
1515.439221,140.952000,99.309292,6236
1515.538263,416.859625,375.494292,6230
1515.600452,180.115833,138.331375,6240
1515.610286,173.618375,130.025292,6241
1515.648301,456.946584,414.980126,6233
1515.774398,522.238209,481.616041,6235
1515.780246,179.757667,138.781417,6244
1515.782340,172.010417,130.327459,6245
1515.860459,539.203584,498.062833,6238
1515.933330,158.892417,117.980333,6247
1515.942174,161.908834,120.399708,6248
1515.985893,647.538208,603.843334,6239
1516.107462,165.267375,123.715375,6252
1516.117448,184.038458,142.158042,6251
1516.127900,688.650375,644.685417,6242
1516.235220,696.935167,656.080834,6243
1516.246373,138.876791,97.050625,6254
1516.257396,139.928834,98.550083,6255
1516.280324,631.984501,589.936667,6246
1516.328101,92.845084,52.203667,6257
1516.337336,90.917458,49.268625,6258
1516.368376,585.995375,544.866292,6249
1516.419110,558.634126,513.990459,6250
1516.452370,124.251750,83.428334,6261
1516.454251,116.880458,74.891541,6262
1516.478150,492.236792,450.766458,6253
1516.523157,104.027583,63.460250,6264
1516.539142,86.735250,45.709708,6265
1516.551137,423.201042,380.075208,6256
1516.609300,351.877750,310.292792,6259
1516.631237,108.059875,66.899000,6268
1516.660240,379.890292,338.463417,6260
1516.687203,148.039208,106.729583,6269
1516.718307,108.965500,67.299750,6271
1516.726161,357.750459,316.899042,6263
1516.768303,108.042083,67.171416,6273
1516.780384,93.157167,52.278042,6274
1516.795220,340.937042,299.301042,6266
1516.848281,370.106626,328.081250,6267
1516.886236,117.902458,76.546459,6277
1516.886381,105.964833,64.280417,6278
1516.906403,355.245333,310.624709,6270
1516.932317,301.053084,260.275750,6272
1516.958335,110.009375,69.046833,6280
1517.006136,287.792167,246.410792,6275
1517.019320,86.962458,46.070500,6284
1517.023338,137.072542,94.700083,6281
1517.072369,346.121125,305.198834,6276
1517.102307,96.145584,54.784333,6286
1517.126148,106.723167,66.142417,6287
1517.143246,347.989250,306.205666,6279
1517.188295,115.896958,74.701958,6289
1517.207389,105.035292,63.520333,6290
1517.212353,325.952958,285.147917,6282
1517.245310,338.883417,297.930208,6283
1517.312235,353.859625,312.364792,6285
1517.313186,105.759209,64.539125,6294
1517.317340,129.001250,87.739167,6293
1517.333974,310.591167,309.597750,6288
1517.418140,104.925625,64.398541,6298
1517.421223,108.969292,68.247375,6297
1517.426345,300.171959,257.589792,6291
1517.449303,306.031542,265.049750,6292
1517.511290,298.897083,253.685542,6295
1517.524305,103.058083,61.385916,6302
1517.538344,120.179209,79.563750,6301
1517.551215,305.860917,263.452001,6296
1517.624277,112.945292,71.341375,6305
1517.629228,311.844166,269.179458,6299
1517.633317,108.966084,67.954250,6306
1517.657365,323.275458,321.834916,6300
1517.750283,323.886500,273.688917,6303
1517.751105,126.796542,85.757291,6309
1517.759359,130.082167,87.808000,6310
1517.807163,357.819292,316.445209,6304
1517.847241,96.931917,56.080500,6313
1517.865313,114.184292,72.947875,6314
1517.873317,334.930750,293.981042,6307
1517.933224,126.026833,84.737042,6316
1517.940333,389.068750,346.605583,6308
1517.940333,93.063541,52.239834,6317
1517.975311,341.949709,300.296500,6311
1518.036204,378.800042,337.772167,6312
1518.038324,97.899375,56.224292,6321
1518.046224,112.972708,71.388042,6320
1518.100227,340.828251,294.319375,6315
1518.156228,117.863375,76.395084,6325
1518.159324,293.974042,252.949959,6318
1518.160182,123.943167,82.700917,6324
1518.187159,313.807667,272.939333,6319
1518.249288,93.033791,52.016417,6328
1518.254227,313.371042,272.237875,6322
1518.267314,107.952834,66.306333,6329
1518.333342,358.001875,316.204000,6323
1518.362322,112.993709,71.307541,6332
1518.364270,110.006750,68.397584,6333
1518.426204,379.938125,337.741250,6326
1518.428238,94.868375,53.458125,6335
1518.454143,91.788666,50.658709,6336
1518.459304,359.052458,316.993250,6327
1518.518280,92.037167,50.890292,6338
1518.530229,101.969000,60.970000,6339
1518.538295,378.085458,336.383250,6330
1518.619242,432.060125,390.693041,6331
1518.628247,97.996209,56.710500,6343
1518.640251,121.937959,80.966375,6342
1518.660242,392.900375,351.229375,6334
1518.712272,92.989167,51.676625,6345
1518.732236,367.940125,326.710125,6337
1518.732248,103.980626,62.693167,6346
1518.776278,322.116667,280.774667,6340
1518.810203,97.893833,56.786042,6349
1518.849229,389.885417,348.208000,6341
1518.850085,117.835083,77.233042,6350
1518.889143,112.831250,72.020083,6352
1518.913146,102.923917,61.413041,6353
1518.919345,380.999792,338.733209,6344
1518.960274,319.998584,271.983833,6347
1518.967310,118.043917,77.043750,6354
1518.986311,97.147167,55.735458,6356
1519.025303,365.036292,324.224542,6348
1519.067201,106.888542,65.635791,6359
1519.075335,107.994833,66.358834,6360
1519.090320,358.058750,317.205584,6351
1519.156290,306.190208,265.461000,6355
1519.174671,261.506292,260.732208,6357
1519.176179,108.952375,68.078208,6363
1519.180107,104.742458,64.140417,6364
1519.236166,61.462334,60.420209,6367
1519.256310,99.922083,58.419375,6366
1519.287208,367.816458,326.701375,6358
1519.331131,94.945375,53.953666,6370
1519.358145,101.800417,60.235292,6371
1519.367137,380.790667,339.296125,6361
1519.440138,108.987376,67.732291,6373
1519.442340,84.167125,43.525125,6374
1519.444295,418.949125,377.650875,6362
1519.498293,407.930834,366.869709,6365
1519.546130,103.753416,61.983834,6377
1519.556125,115.970167,74.602209,6376
1519.575241,399.048125,357.556792,6368
1519.601960,421.837792,417.439459,6369
1519.646153,100.003458,56.374792,6380
1519.656306,54.322917,50.761959,6383
1519.665283,109.138750,67.156833,6381
1519.706210,418.960208,377.653500,6372
1519.776218,119.892208,79.104958,6385
1519.778139,410.978751,369.160751,6375
1519.788203,142.027958,101.276291,6384
1519.859188,414.854416,373.431916,6378
1519.888206,110.040875,68.600875,6389
1519.892316,116.073416,75.091333,6388
1519.935255,436.925417,395.526250,6379
1519.953277,94.073000,53.227417,6391
1519.986161,410.904667,369.946500,6382
1519.994222,105.972708,64.364417,6392
1520.034307,99.023166,57.701583,6394
1520.074246,408.943500,367.710000,6386
1520.083420,130.102583,88.962125,6395
1520.091247,96.982667,55.544417,6397
1520.115253,409.005626,367.746750,6387
1520.179284,95.813667,54.442792,6400
1520.187219,112.947917,71.519000,6399
1520.206212,417.981667,376.879708,6390
1520.255285,362.929292,321.188001,6393
1520.293320,113.996459,72.800000,6403
1520.308282,322.100333,280.939459,6396
1520.334167,146.906375,105.479208,6404
1520.373744,339.395584,296.353167,6398
1520.374774,119.456750,77.420291,6406
1520.466907,173.547791,130.537167,6407
1520.485310,394.022417,352.315542,6401
1520.508774,174.570959,132.544416,6409
1520.605333,490.059500,446.739708,6402
1520.644319,177.372125,135.624125,6412
1520.648398,163.055667,121.945250,6413
1520.717140,510.896458,469.297208,6405
1520.789317,183.960000,142.559083,6415
1520.807595,163.238250,120.643541,6416
1520.823384,515.061167,473.189500,6408
1520.938303,564.520834,523.131583,6410
1520.950364,142.733500,138.392625,6420
1520.962411,173.051084,131.155792,6419
1521.067301,692.503292,651.714292,6411
1521.086504,136.105083,133.720417,6423
1521.091327,152.992292,111.860291,6422
1521.225294,716.499584,675.807125,6414
1521.241209,173.878833,132.250125,6425
1521.245268,158.729375,117.950875,6426
1521.310126,84.795958,43.896416,6428
1521.316187,667.765000,626.809750,6417
1521.342138,100.898875,60.124750,6429
1521.355144,637.984375,596.621959,6418
1521.398281,88.129416,47.593875,6431
1521.421367,105.155459,64.194958,6432
1521.427332,603.909834,562.903542,6421
1521.480353,82.031834,40.998417,6435
1521.487103,524.653500,484.023167,6424
1521.523136,101.737126,60.314625,6436
1521.549258,457.900334,416.213292,6427
1521.586141,99.021125,57.863459,6439
1521.601248,120.867542,80.198125,6438
1521.614152,368.857709,327.831584,6430
1521.649309,100.009875,59.005916,6441
1521.682320,96.152583,54.955542,6442
1521.706320,364.161292,323.082959,6433
1521.713357,99.178042,58.163584,6444
1521.759119,109.775750,67.248417,6445
1521.775208,420.039959,378.840292,6434
1521.788133,105.776709,64.287416,6446
1521.827307,399.934501,358.577333,6437
1521.851161,92.022291,50.996750,6449
1521.884309,361.143708,319.674250,6440
1521.903301,128.059167,87.045000,6450
1521.945226,117.883791,75.299583,6452
1521.952216,350.947041,308.595583,6443
1521.974133,89.790750,48.564833,6454
1522.008387,105.046666,63.981167,6455
1522.037246,330.899917,289.396041,6447
1522.061320,116.067875,75.133916,6456
1522.088358,114.200917,73.181208,6458
1522.091315,377.925041,336.815500,6448
1522.110267,48.915125,48.212209,6461
1522.144134,33.826042,33.072375,6464
1522.145268,108.003000,67.052417,6460
1522.168251,380.097667,338.908209,6451
1522.229222,378.038792,336.879083,6453
1522.239147,93.845792,52.363500,6466
1522.275151,322.908250,281.841583,6457
1522.275171,131.006750,90.067834,6465
1522.342276,103.102708,62.316916,6469
1522.353298,344.873375,303.425209,6459
1522.359311,130.063500,88.479417,6468
1522.381302,292.915292,251.688209,6462
1522.449246,106.931708,65.712792,6472
1522.451169,359.828292,318.710584,6463
1522.455386,102.043083,60.974666,6473
1522.489313,321.035750,279.602750,6467
1522.548207,97.015917,55.803417,6477
1522.557130,107.856875,66.843875,6476
1522.566236,291.067291,249.931500,6470
1522.597297,322.114042,281.518417,6471
1522.654194,105.948500,63.885208,6480
1522.667144,307.798166,266.363417,6474
1522.668258,111.106916,70.107041,6481
1522.716147,334.818750,293.720291,6475
1522.759269,105.033542,63.376833,6484
1522.772303,316.868125,274.074791,6478
1522.797324,130.152167,88.737250,6485
1522.813381,324.028833,283.060167,6479
1522.843381,277.056209,236.342458,6482
1522.900217,302.890875,261.320208,6483
1522.904150,131.806500,89.659792,6489
1522.908322,149.008125,107.851625,6488
1522.955178,286.885667,246.044458,6486
1523.005202,104.964125,63.761542,6493
1523.020288,304.112376,262.947125,6487
1523.022478,118.294458,76.824416,6494
1523.058304,260.938709,219.242334,6490
1523.121214,115.976875,74.355167,6497
1523.124339,310.918417,269.367000,6491
1523.126213,105.886958,64.453959,6498
1523.181239,337.821458,296.593500,6492
1523.228258,319.890084,276.416292,6495
1523.237323,116.086834,74.750958,6501
1523.265309,140.925458,99.426250,6502
1523.278239,323.040667,281.814750,6496
1523.328120,305.607458,264.598833,6499
1523.346140,108.781459,68.184375,6506
1523.350160,121.868834,81.305291,6505
1523.403260,344.911292,303.373875,6500
1523.436143,89.988209,48.940500,6510
1523.439313,111.169041,70.541334,6509
1523.463320,337.080042,296.155417,6503
1523.533299,97.134917,55.803417,6513
1523.534209,352.949625,312.018583,6504
1523.546333,143.030125,101.740917,6512
1523.591147,325.803917,285.115833,6507
1523.648231,114.895667,73.918542,6516
1523.651166,372.908083,330.545833,6508
1523.663267,129.028959,87.950042,6517
1523.717260,367.079709,326.424875,6511
1523.739296,91.046375,50.454833,6520
1523.768145,116.958625,76.148917,6521
1523.776298,336.941792,295.302875,6514
1523.826127,108.844750,66.847958,6523
1523.837290,97.971417,56.635542,6524
1523.854242,390.885834,349.541792,6515
1523.913233,366.859208,325.985334,6518
1523.924339,98.191917,57.212166,6527
1523.943361,106.051458,65.137333,6528
1523.990123,76.858250,34.442041,6530
1524.001309,410.136709,369.122834,6519
1524.011303,86.930375,45.341333,6531
1524.061212,397.917917,355.880583,6522
1524.093361,92.020250,51.052167,6534
1524.114319,124.171833,83.398875,6533
1524.121230,353.067750,311.600625,6525
1524.177153,115.907750,75.129250,6536
1524.187264,93.869125,52.313625,6537
1524.197312,420.973875,380.041958,6526
1524.251249,396.982834,356.298541,6529
1524.291301,104.018833,62.082125,6541
1524.295155,117.980917,76.799917,6540
1524.306131,362.735334,321.498625,6532
1524.365374,354.040458,313.042625,6535
1524.380289,128.947584,87.274251,6543
1524.402238,287.882583,246.535626,6538
1524.428315,136.982417,96.058375,6544
1524.450278,84.864792,43.493916,6547
1524.464313,343.061250,301.788667,6539
1524.520295,322.942084,282.071417,6542
1524.541275,138.994917,97.735167,6549
1524.544327,115.978333,74.025875,6550
1524.570303,275.122750,233.888959,6545
1524.626278,105.942667,64.522500,6553
1524.637134,330.979833,289.016584,6546
1524.655241,113.931708,72.770250,6554
1524.670196,43.878625,42.296041,6557
1524.708301,327.968959,281.305208,6548
1524.736314,99.159667,58.037000,6558
1524.746363,76.132583,75.015791,6560
1524.785208,334.904792,290.178875,6551
1524.820235,111.895000,69.801375,6561
1524.844325,379.969916,338.219291,6552
1524.873242,126.853125,84.071167,6563
1524.895141,350.776416,309.197583,6555
1524.897312,112.067375,70.449167,6564
1524.921217,350.879958,310.097958,6556
1524.969137,124.776750,83.971125,6566
1524.985198,111.929125,70.795958,6567
1525.000308,345.045459,303.711333,6559
1525.054346,317.977334,276.721375,6562
1525.097270,128.109042,86.763833,6571
1525.100346,115.107709,73.408125,6572
1525.130296,310.025042,268.444458,6565
1525.197226,302.063709,261.309417,6568
1525.208213,110.900417,69.949250,6575
1525.217144,116.768459,75.715792,6576
1525.235318,337.966709,296.943209,6569
1525.291305,370.040125,328.729626,6570
1525.309303,112.051625,70.411250,6578
1525.317259,109.015667,68.202750,6579
1525.340208,339.859042,298.629042,6573
1525.434231,379.840708,326.650625,6574
1525.438145,128.807292,87.647875,6583
1525.459730,168.383542,125.077458,6582
1525.530130,399.797708,358.141875,6577
1525.620380,182.210291,139.721167,6587
1525.622139,187.867458,147.020125,6586
1525.630120,412.953333,370.616750,6580
1525.731534,496.174001,449.733084,6581
1525.788309,166.144125,124.551876,6591
1525.811080,190.658417,148.873375,6590
1525.837305,520.016292,476.048709,6584
1525.922159,133.822209,91.861875,6594
1525.968455,628.206250,584.365250,6585
1525.971826,160.712708,119.293416,6595
1526.056090,133.910000,92.496250,6597
1526.084422,624.667167,582.769251,6588
1526.120265,151.790333,110.581333,6598
1526.168593,638.444042,638.041833,6589
1526.233294,177.179333,136.129875,6600
1526.245171,160.713875,119.754542,6601
1526.280249,650.088542,608.982792,6592
1526.339305,94.105666,52.606750,6605
1526.341327,609.756292,568.419541,6593
1526.349330,115.992625,75.046708,6604
1526.378325,540.977500,499.831791,6596
1526.426149,454.298250,413.119583,6599
1526.459311,119.956959,78.874250,6607
1526.464327,122.956750,81.694084,6608
1526.488191,367.914167,327.420625,6602
1526.514892,346.285917,341.876792,6603
1526.528298,102.124167,60.666083,6611
1526.581134,300.865834,260.172792,6606
1526.605240,145.884958,105.164208,6612
1526.614326,126.110250,84.690375,6614
1526.643154,293.789417,252.500501,6609
1526.686131,307.769292,266.604042,6610
1526.691375,110.215584,68.871833,6617
1526.707157,101.885292,60.937625,6618
1526.779145,314.787959,272.581458,6613
1526.794295,102.878417,61.571708,6622
1526.799420,113.263791,72.144334,6621
1526.859270,344.353917,302.754959,6615
1526.878251,83.919500,43.097542,6625
1526.883175,104.008333,63.427292,6624
1526.910324,381.976292,341.156667,6616
1526.971206,111.895000,70.860125,6627
1526.974157,95.885709,55.151250,6628
1526.992302,377.936125,336.483584,6619
1527.061243,418.064500,375.314042,6620
1527.078367,104.184791,61.710833,6632
1527.085213,113.968167,72.426375,6631
1527.119309,412.123834,371.384125,6623
1527.151263,89.981209,48.535084,6634
1527.191147,105.900375,64.589584,6636
1527.204337,125.927375,84.811417,6635
1527.238327,118.978125,77.951125,6637
1527.256368,373.171167,331.986958,6629
1527.259143,107.845209,65.861542,6638
1527.314300,109.922458,68.230166,6640
1527.326235,87.871875,46.552916,6641
1527.335258,424.904083,383.644625,6630
1527.393299,400.952126,359.698500,6633
1527.418220,91.957250,51.214917,6645
1527.452326,137.983125,97.021458,6644
1527.466157,666.697500,625.829459,6626
1527.514265,323.099875,282.290459,6639
1527.516161,122.833958,80.686375,6647
1527.539147,120.892042,79.627917,6648
1527.550324,293.917459,252.370708,6642
1527.606209,347.040458,305.580334,6643
1527.614276,99.971666,58.849583,6651
1527.645242,116.909042,75.528542,6652
1527.647269,305.541542,264.063916,6646
1527.700305,247.478875,205.873792,6649
1527.701572,69.498916,69.154750,6654
1527.734096,59.055209,58.441541,6655
1527.770193,303.367167,262.047625,6650
1527.813199,249.279042,206.732459,6653
1527.827042,40.903334,40.505792,6656
1527.967328,70.087500,69.528667,6657
1528.011821,38.268417,37.798833,6658
1528.036785,62.335000,61.971583,6659
1528.060131,60.736667,59.913583,6660
1528.067434,64.937833,62.546167,6661
1528.096492,88.109583,87.413375,6662
1528.146971,127.809208,127.181542,6664
1528.167853,74.542417,73.983583,6665
1528.174030,54.513083,54.019291,6666
1528.216075,197.082667,196.271834,6663
1528.248954,72.126542,71.515792,6668
1528.252673,58.253417,57.675625,6669
1528.270812,135.349083,134.590167,6667
1528.322891,95.537166,94.883833,6670
1528.373074,142.471583,141.562166,6671
1528.380699,38.993500,38.115000,6672
1528.434398,39.505375,38.973375,6673
1528.463527,50.622542,49.837083,6674
1528.479779,26.930750,26.437833,6675
1528.535771,29.669209,29.158208,6678
1528.556499,60.464250,60.070500,6676
1528.566790,69.433292,68.936292,6677
1528.613594,49.667334,49.009042,6679
1528.623173,47.061000,46.517042,6680
1528.716122,41.051500,40.581041,6682
1528.727457,52.757250,52.273959,6681
1528.822809,36.655209,36.185333,6683
1528.899287,41.711250,41.076000,6684
1528.936843,39.557000,38.792542,6685
1529.041252,43.827583,43.107750,6687
1529.052656,91.905625,91.322291,6686
1529.076442,68.109417,67.524917,6688
1529.105830,66.457417,65.896541,6689
1529.196098,76.611792,76.059375,6690
1529.202673,59.066001,58.497542,6691
1529.229567,74.467459,74.020334,6692
1529.266313,39.974958,39.351667,6693
1529.304522,73.932250,73.116750,6694
1529.314129,67.015958,66.271042,6695
1529.326900,47.695666,47.111167,6696
1529.380716,39.013333,38.229333,6698
1529.387971,103.573750,102.924791,6697
1529.517930,65.115750,64.496250,6699
1529.603281,39.349625,38.674125,6700
1529.646582,65.681584,65.120125,6701
1529.682522,54.250000,53.610666,6702
1529.700258,25.228583,24.810333,6703
1529.832511,50.392125,49.856042,6704
1529.849543,63.398708,62.734291,6705
1529.851092,44.351416,43.691958,6706
1529.929393,32.095583,31.609084,6707
1530.033749,38.689000,38.109458,6708
1530.050548,53.055042,52.445750,6709
1530.078966,70.588875,70.065333,6710
1530.098061,76.279000,75.615458,6711
1530.118146,60.606292,59.776792,6713
1530.136844,107.734083,107.114583,6712
1530.174813,55.310791,54.692459,6715
1530.179626,119.627083,118.785625,6714
1530.272938,42.322292,41.654083,6716
1530.302778,27.211334,26.762750,6717
1530.415358,73.672375,72.977333,6718
1530.506237,82.628875,80.150000,6719
1530.533548,80.348334,79.645125,6720
1530.598867,78.730167,77.954042,6721
1530.642850,78.902833,78.434417,6722
1530.754215,95.474458,94.865458,6723
1530.791160,115.998458,115.269875,6724
1530.836055,116.620584,115.992625,6725
1530.859762,110.372209,109.476500,6726
1530.920242,134.083250,133.290500,6727
1530.983436,85.947750,83.834625,6728
1531.016418,79.935333,79.096500,6729
1531.084129,75.425875,74.528125,6730
1531.134812,74.009542,73.253250,6731
1531.163301,43.804250,43.117375,6733
1531.179164,68.993458,68.385917,6732
1531.247475,36.983625,36.470583,6734
1531.284700,54.102417,53.351958,6735
1531.396439,59.655167,59.213000,6736
1531.425824,78.004791,77.282042,6738
1531.430389,88.634000,87.843000,6737
1531.451915,65.301542,64.768083,6739
1531.505826,52.985917,52.444000,6740
1531.604163,48.818584,48.218625,6741
1531.604855,40.925209,40.468458,6742
1531.716204,41.155625,40.668542,6743
1531.760376,46.057958,45.509042,6744
1531.827660,41.533042,41.021458,6745
1531.870175,50.750000,50.181542,6746
1531.872555,49.484167,48.784167,6747
1531.949683,52.422416,52.037708,6748
1532.072348,63.993125,63.582459,6749
1532.127175,42.515958,41.953041,6750
1532.160264,40.770042,40.283542,6751
1532.223271,72.489667,71.789667,6752
1532.280299,49.672875,49.217000,6753
1532.398912,57.203125,56.669083,6754
1532.434284,75.021625,74.508875,6755
1532.435401,66.299041,65.641041,6756
1532.462632,78.906042,78.188250,6757
1532.520848,68.072959,67.656750,6759
1532.525419,126.147583,125.542667,6758
1532.537819,77.841458,77.085167,6760
1532.583249,67.972333,67.428666,6761
1532.600998,37.091541,36.408166,6762
1532.754012,78.968459,78.373750,6763
1532.825898,39.546500,39.197666,6765
1532.842434,56.266875,55.688208,6764
1532.882870,27.371167,26.919083,6766
1532.938247,40.983250,40.442209,6767
1533.085247,76.893542,76.453417,6768
1533.103134,38.703000,38.094875,6769
1533.162308,42.844083,42.328416,6770
1533.280436,49.856625,49.276500,6771
1533.378073,36.389791,36.071584,6772
1533.489772,48.593125,48.139875,6773
1533.493140,40.314750,39.712750,6774
1533.623872,59.945375,59.255584,6775
1533.706058,49.370708,48.678291,6776
1533.718345,43.268750,42.624750,6777
1533.813569,27.435917,26.973917,6778
1533.936681,39.397166,38.873625,6779
1534.054137,45.764541,45.237500,6781
1534.055780,49.238000,48.703375,6780
1534.166404,46.893875,46.438583,6782
1534.235356,60.314917,59.395875,6783
1534.270994,40.384167,39.846041,6784
1534.371836,56.619500,55.911625,6785
1534.373194,31.508750,31.113833,6786
1534.449197,63.722167,63.062125,6787
1534.463311,55.490750,54.997833,6788
1534.478838,45.938375,45.355333,6789
1534.522925,70.118709,69.321583,6790
1534.601128,46.933541,46.420500,6792
1534.609963,59.558333,59.209208,6791
1534.633669,69.683833,68.721334,6793
1534.660390,25.010416,24.551916,6794
1534.726790,51.739333,51.149875,6795
1534.793109,51.600792,51.085125,6796
1534.803413,41.635125,40.959625,6797
1534.845276,59.139208,58.391667,6798
1534.925598,28.313541,27.689083,6799
1535.050758,42.350000,41.729917,6800
1535.083200,48.085917,47.327875,6801
1535.108194,45.159917,44.583000,6803
1535.109874,59.497959,58.938833,6802
1535.168692,49.264541,48.754708,6804
1535.267350,50.635667,50.183000,6805
1535.279332,48.757625,48.160875,6806
1535.365284,88.485250,87.941875,6807
1535.434738,93.037000,92.606209,6808
1535.477207,98.325500,97.625792,6809
1535.525368,72.534876,71.683792,6810
1535.691149,126.447416,120.582875,6812
1535.700264,136.611709,134.199916,6811
1535.727718,140.920500,140.478333,6813
1535.800661,108.098666,107.222500,6816
1535.804208,189.742583,186.577708,6814
1535.889702,103.534083,102.842833,6817
1535.891583,216.195000,215.445125,6815
1535.967646,70.394625,69.956542,6818
1536.085194,104.152708,102.750375,6819
1536.123695,115.267250,114.380000,6820
1536.148681,129.974833,128.934458,6821
1536.168500,145.187584,144.378208,6822
1536.209252,102.607167,102.144000,6823
1536.261564,30.978500,30.528167,6825
1536.286847,167.407917,166.904209,6824
1536.341033,68.892833,68.191084,6826
1536.346262,55.943708,55.227083,6828
1536.365465,75.424125,74.886292,6827
1536.400377,58.665833,58.067625,6829
1536.414561,51.517958,50.929958,6830
1536.532502,79.676625,79.121583,6831
1536.630299,66.382458,65.958958,6832
1536.633953,46.786250,46.249584,6833
1536.653728,34.763750,34.200250,6834
1536.703168,37.196542,36.737166,6835
1536.730231,55.143959,54.451250,6836
1536.849966,63.800916,63.295458,6837
1536.945393,48.126750,47.610792,6838
1536.996383,44.071709,43.499750,6839
1537.047249,38.895500,38.361167,6840
1537.113525,75.009958,74.239958,6841
1537.161618,42.126875,41.507667,6842
1537.271493,40.920833,40.645208,6843
1537.365306,53.431292,52.826667,6844
1537.389237,74.286625,73.723125,6845
1537.413050,47.207125,46.296250,6847
1537.416813,75.093083,74.441500,6846
1537.489101,36.257958,35.541334,6848
1537.612217,48.252167,47.532333,6849
1537.716979,41.872834,41.349875,6850
1537.826475,52.190250,51.683041,6851
1537.829574,43.411958,42.752792,6852
1537.900740,42.587125,41.893250,6853
1537.939993,42.740541,42.183750,6854
1538.046328,37.965083,37.360167,6855
1538.119483,28.427875,27.688209,6856
1538.156556,37.084541,36.567125,6857
1538.268302,37.723583,37.176125,6858
1538.381711,40.006458,39.482625,6859
1538.417382,32.631375,32.183667,6861
1538.428604,63.292833,62.695208,6860
1538.517309,66.902500,66.509916,6862
1538.518129,65.274417,64.573834,6863
1538.536695,70.515667,69.903166,6864
1538.568074,43.973125,43.512000,6865
1538.603993,51.112541,50.453375,6866
1538.617501,53.543875,52.779125,6867
1538.723324,48.209584,47.521250,6868
1538.826859,40.701792,40.197500,6869
1538.869464,33.018125,32.402125,6870
1538.923767,65.824500,65.160667,6871
1538.948147,50.883291,50.198458,6872
1538.955559,54.952333,54.450667,6873
1539.033254,24.901625,24.612292,6874
1539.149759,30.254000,29.731333,6875
1539.235114,39.986625,39.348459,6876
1539.276838,46.229166,45.614625,6877
1539.371277,29.564792,29.272250,6878
1539.465449,69.458666,68.780541,6879
1539.499353,46.510333,46.090041,6880
1539.516766,55.717959,55.022917,6881
1539.535681,52.062791,51.324291,6882
1539.592244,28.293417,27.675083,6884
1539.610771,82.133042,81.596666,6883
1539.700503,39.621459,39.165000,6885
1539.726929,57.653751,57.096084,6886
1539.744464,69.395958,68.930459,6887
1539.819708,36.679125,36.107750,6888
1539.837995,51.808750,51.226000,6889
1539.892324,48.280458,47.827208,6890
1539.954338,57.049417,56.596167,6891
1539.994179,38.585458,37.956625,6892
1540.043446,35.068250,34.543250,6893
1540.115937,57.906917,57.219458,6894
1540.143201,42.287875,41.930000,6895
1540.170435,50.949792,50.327958,6896
1540.276456,45.862833,45.355333,6897
1540.341154,41.469458,41.178667,6898
1540.422303,80.585167,79.849000,6899
1540.563609,114.517375,114.076083,6900
1540.586363,132.253625,131.448916,6902
1540.589909,137.075167,136.308959,6901
1540.660070,122.433209,121.630250,6903
1540.753707,127.666875,126.822208,6906
1540.763709,135.860375,135.284041,6907
1540.783222,217.732375,216.982208,6904
1540.900641,316.498583,313.529125,6905
1540.913373,127.073042,125.731667,6911
1540.929692,131.630041,130.659375,6912
1540.986183,333.529292,330.648208,6908
1541.092677,125.878375,123.849542,6914
1541.092723,417.455209,416.566792,6909
1541.131535,123.162959,122.467334,6915
1541.167346,446.198083,443.951959,6910
1541.204212,84.238584,83.720875,6916
1541.221383,51.442417,50.923542,6917
1541.228519,331.271208,329.526750,6913
1541.286041,28.057166,27.615000,6919
1541.313604,83.042458,82.393208,6918
1541.383349,41.665750,41.165541,6920
1541.497587,44.751000,44.268875,6921
1541.526352,55.094667,54.295500,6922
1541.571852,38.188791,37.685958,6923
1541.613239,43.246584,42.632625,6925
1541.623797,59.859042,59.294667,6924
1541.753462,78.420708,77.830084,6926
1541.765634,37.846084,37.272375,6927
1541.829172,50.476416,49.825125,6928
1541.830921,44.758000,44.214041,6929
1541.948544,50.470875,49.994292,6931
1541.970584,64.061667,63.436625,6932
1541.974751,77.500208,76.942833,6930
1542.037717,34.683541,34.225917,6933
1542.085966,77.574292,76.847167,6934
1542.099990,55.692000,55.060250,6935
1542.159820,40.335458,39.662000,6936
1542.267805,37.232125,36.718209,6937
1542.372177,30.492000,30.063250,6939
1542.392108,73.669167,73.034208,6938
1542.473086,63.796542,63.310625,6940
1542.502988,50.156750,49.745501,6941
1542.600292,53.510917,53.214292,6942
1542.618535,71.495667,70.857500,6943
1542.623445,59.509333,58.999208,6944
1542.721754,46.677166,46.396000,6945
1542.851235,65.055666,64.364708,6946
1542.879762,37.395167,36.856167,6947
1542.933060,35.815208,35.268625,6948
1543.050336,41.965584,41.237292,6949
1543.151407,45.307792,44.739625,6950
1543.173254,53.758250,53.155375,6951
1543.272841,42.268041,41.762292,6952
1543.354349,45.042375,44.681583,6953
1543.397858,56.148166,55.654375,6954
1543.425175,54.130709,53.522292,6955
1543.528257,75.416833,74.744250,6956
1543.643552,79.620917,78.929958,6957
1543.731162,50.163458,49.457334,6959
1543.734325,59.301083,58.786291,6958
1543.761060,37.884584,37.436292,6960
1543.833180,47.043209,46.352250,6962
1543.835135,49.773500,49.186084,6961
1543.895979,46.589667,46.036084,6963
1543.937349,40.100959,39.804333,6964
1544.041438,41.818292,41.331791,6965
1544.051398,42.997208,42.359042,6966
1544.158418,54.843542,54.423250,6967
1544.161344,41.844250,41.249250,6968
1544.273263,42.668209,42.189583,6969
1544.281963,50.180375,49.694750,6970
1544.387319,45.593041,45.145916,6971
1544.495482,42.657125,42.294875,6972
1544.604423,40.493833,39.960667,6973
1544.711231,70.454125,70.002042,6974
1544.718152,43.087041,42.537542,6975
1544.821234,35.047250,34.569500,6976
1544.872990,43.985959,43.362958,6977
1544.886808,45.847666,45.211834,6978
1544.929897,41.928541,41.447583,6979
1544.962185,71.999958,71.427708,6980
1544.980045,82.789583,81.974666,6981
1545.036762,66.619000,65.661750,6982
1545.056220,47.833625,47.042042,6983
1545.165189,45.723417,45.277167,6984
1545.196912,55.784750,55.205500,6985
1545.229553,48.602750,47.868334,6986
1545.267112,36.505000,35.998084,6987
1545.375192,66.120250,65.394584,6988
1545.420959,79.225708,78.769250,6989
1545.526842,74.000208,73.038584,6990
1545.585515,83.590208,82.980625,6991
1545.637049,72.989292,72.132959,6992
1545.801233,126.172958,125.542375,6993
1545.818449,123.099958,122.491250,6994
1545.862795,149.664083,148.919166,6995
1545.926310,140.145834,139.128500,6996
1545.948053,120.150041,119.332208,6997
1546.019991,168.174417,167.567459,6998
1546.028754,131.261084,130.313458,6999
1546.094633,86.007250,83.955375,7000
1546.128323,74.600750,74.017125,7001
1546.170230,50.720542,50.142167,7002
1546.252378,40.545750,40.046125,7003
1546.277764,47.166875,46.533959,7004
1546.317103,35.337166,34.756166,7005
1546.364181,38.350959,37.803500,7006
1546.387648,45.907459,45.210958,7007
1546.479848,27.043917,26.750500,7008
1546.607125,43.169875,42.632917,7009
1546.713165,38.122584,37.648333,7010
1546.753239,35.652750,35.214083,7011
1546.776866,47.992584,47.361125,7012
1546.861058,74.928000,74.404167,7013
1546.976594,79.297167,78.611167,7014
1547.049684,41.283959,40.811750,7015
1547.083800,46.206125,45.666833,7016
1547.134240,51.881959,51.291917,7017
1547.146127,57.882417,57.271375,7018
1547.204770,85.309875,84.512167,7019
1547.215040,55.957125,55.351917,7021
1547.222272,74.068167,65.367167,7020
1547.282238,93.641625,92.700125,7022
1547.287577,65.490542,64.734250,7023
1547.301555,75.926375,75.476917,7024
1547.317894,87.325875,86.400417,7025
1547.371619,49.294292,48.603334,7026
1547.402271,60.548834,59.838334,7027
1547.402581,49.513626,48.873709,7028
1547.441810,36.576167,36.114166,7029
1547.501955,49.162750,48.583500,7030
1547.612439,48.504458,48.074541,7031
1547.641920,59.791375,59.034208,7032
1547.731622,48.979875,48.296209,7034
1547.733344,58.284333,57.846250,7033
1547.792691,74.759125,74.232667,7035
1547.854138,67.983708,67.311709,7036
1547.929066,38.935459,38.506709,7037
1547.944452,47.187000,46.529583,7038
1547.989812,60.274667,59.648167,7039
1548.049426,41.025833,40.575500,7040
1548.172257,52.745292,52.036542,7041
1548.203358,43.362375,42.736458,7043
1548.225511,69.970542,69.206083,7042
1548.276364,45.767167,45.103917,7045
1548.288739,62.045667,61.617791,7044
1548.326626,61.870375,61.129833,7046
1548.369660,27.932625,27.549958,7047
1548.419381,35.556208,34.947208,7048
1548.473268,34.575625,34.225625,7049
1548.526509,73.650500,72.999208,7050
1548.570412,41.162916,40.633250,7051
1548.607666,71.721417,71.036292,7052
1548.614736,50.793750,50.105125,7053
1548.698558,57.493042,56.917292,7054
1548.712740,37.714250,37.287834,7055
1548.816673,30.516791,30.054792,7056
1548.932632,35.363708,34.835208,7057
1549.038183,56.397542,55.820333,7058
1549.062978,54.614583,54.116125,7059
1549.168374,48.902875,48.300000,7060
1549.278650,48.037500,47.362583,7061
1549.330942,35.878209,35.392292,7063
1549.331958,48.820333,48.278417,7062
1549.385493,43.789959,43.076542,7064
1549.471108,33.041167,32.487292,7065
1549.539438,86.594667,85.825542,7066
1549.618576,54.628584,53.965333,7067
1549.730044,55.029625,54.734166,7068
1549.834375,48.215709,47.691000,7069
1549.871048,38.195500,37.538375,7070
1549.929805,65.188667,64.572083,7071
1549.951284,54.018416,53.396000,7072
1549.978334,79.336833,77.739667,7073
1550.021740,40.049917,39.453167,7074
1550.056171,47.792792,47.120500,7075
1550.161912,42.422625,41.852417,7076
1550.272570,41.974625,41.486375,7077
1550.299275,36.190875,35.445375,7078
1550.413995,72.272375,71.849750,7079
1550.511109,58.303584,57.668917,7080
1550.560835,71.309583,70.602292,7081
1550.639367,75.361125,74.731416,7082
1550.777414,102.269417,101.016708,7083
1550.786594,107.842292,107.051292,7084
1550.895129,168.722459,167.636001,7085
1550.920571,133.317917,132.549084,7087
1550.930307,143.676459,102.451417,7086
1550.998407,101.094000,100.384959,7088
1551.006647,86.147542,85.498875,7089
1551.113966,105.618917,105.134167,7091
1551.121765,114.160666,113.708583,7090
1551.147762,112.125125,111.428917,7092
1551.178706,135.815458,134.951542,7093
1551.192782,73.310416,72.619458,7096
1551.222136,49.326958,48.720875,7098
1551.228781,141.161417,140.678417,7094
1551.272461,41.860000,41.130542,7099
1551.275770,167.715917,167.294750,7095
1551.325760,191.215500,190.708000,7097
1551.383179,41.440000,40.972459,7100
1551.534226,81.410000,80.693667,7101
1551.536119,37.583875,36.981000,7102
1551.611295,47.375708,46.904083,7103
1551.699801,24.714083,24.422125,7104
1551.815543,53.091792,52.471709,7106
1551.816883,64.787916,64.345167,7105
1551.854708,68.581042,68.020458,7107
1551.919720,65.341792,64.807750,7108
1551.953030,51.601958,51.080458,7110
1551.964317,67.050958,66.381584,7109
1551.990794,46.727334,46.135542,7111
1552.054150,45.776500,45.302250,7112
1552.167621,48.154750,47.600000,7113
1552.225775,28.333667,27.808958,7114
1552.272269,52.584000,51.912583,7115
1552.275310,44.699083,44.311750,7116
1552.415447,73.735666,73.141250,7117
1552.480781,42.406875,41.938167,7118
1552.498211,45.375750,44.760042,7119
1552.530145,46.017708,45.488625,7120
1552.556778,38.659250,38.047042,7121
1552.604998,41.063750,40.568208,7122
1552.666163,38.347167,37.912292,7123
1552.696541,65.643667,65.011333,7124
1552.735128,90.975791,90.290958,7125
1552.742582,95.078084,93.055958,7126
1552.752459,49.828042,49.045791,7128
1552.792618,117.551875,116.844875,7127
1552.830477,38.305167,37.579208,7130
1552.854285,68.182333,67.592875,7129
1552.886471,57.518417,56.840291,7131
1552.942710,45.446042,44.816333,7132
1553.045060,36.688459,36.196708,7133
1553.098856,38.444875,37.884292,7134
1553.164922,45.437583,44.811667,7135
1553.270885,40.286167,39.853334,7136
1553.291124,53.694083,52.962584,7137
1553.417985,76.279875,75.667083,7138
1553.487888,35.042584,34.549958,7139
1553.559295,35.667333,35.002041,7140
1553.603997,53.703708,53.045708,7141
1553.615721,51.740208,50.650250,7142
1553.646511,30.816333,30.345583,7144
1553.660166,81.018000,80.370792,7143
1553.721436,46.394834,45.889666,7145
1553.776586,51.705792,50.982750,7146
1553.827188,41.010083,40.542541,7147
1553.932796,35.525292,35.003500,7149
1553.961886,70.917583,70.355542,7148
1554.047584,39.188625,38.721667,7150
1554.168718,49.206792,48.567750,7151
1554.252425,40.969250,40.446584,7152
1554.280894,50.310458,49.648959,7153
1554.379499,41.977834,41.549667,7154
1554.395069,53.379083,52.957917,7155
1554.487584,34.784458,34.433292,7156
1554.548209,47.992583,47.276833,7157
1554.605335,41.388083,40.653667,7158
1554.716164,41.050917,40.417125,7159
1554.767074,48.527791,48.025833,7160
1554.807054,42.632334,42.059500,7161
1554.828380,42.244416,41.678875,7162
1554.876892,50.255916,49.707875,7163
1554.944361,47.079958,46.597834,7164
1555.047418,39.055333,38.436417,7166
1555.060779,67.697292,67.106376,7165
1555.146617,27.138416,26.678166,7167
1555.282918,52.337542,51.798250,7168
1555.297487,48.208417,47.455042,7169
1555.367172,66.787875,66.296125,7170
1555.428761,87.042375,86.338291,7171
1555.503931,51.013083,50.069542,7172
1555.563651,70.543666,69.721458,7173
1555.674617,110.384458,109.751834,7175
1555.677408,120.414000,119.777875,7174
1555.759156,167.556959,166.557125,7176
1555.789893,155.536209,154.895417,7177
1555.798704,123.384333,122.653417,7179
1555.875488,233.252834,232.595417,7178
1555.887519,101.369041,100.599333,7181
1555.960124,203.936542,203.265125,7180
1555.981632,84.046375,83.286583,7182
1556.086994,103.458250,102.536875,7183
1556.135829,127.425083,126.874417,7184
1556.146409,122.292625,121.401000,7185
1556.164622,116.304125,115.665667,7186
1556.217308,38.192000,37.629083,7188
1556.228103,108.346000,107.796791,7187
1556.295657,65.046917,64.696041,7189
1556.366655,64.131375,63.365750,7190
1556.391499,49.778750,49.291083,7191
1556.476264,46.170250,45.680251,7192
1556.506129,53.334167,52.529458,7193
1556.602042,34.150667,33.531750,7195
1556.622627,58.697041,58.181375,7194
1556.671701,81.083333,80.429125,7196
1556.705292,47.847042,47.174459,7197
1556.715876,40.828958,40.268375,7198
1556.763529,47.551875,46.874917,7199
1556.822907,36.723458,36.260875,7200
1556.945419,48.137250,47.497625,7201
1556.993172,55.053542,54.456209,7202
1557.021275,42.824250,42.206792,7203
1557.064063,55.681208,55.122083,7204
1557.161637,42.152251,41.463334,7205
1557.173213,40.796875,40.220542,7206
1557.288208,39.855958,39.438584,7208
1557.295470,64.855292,64.268458,7207
1557.386194,38.195208,37.749833,7210
1557.390367,48.686750,48.044209,7209
1557.491407,38.572625,38.112667,7211
1557.609116,38.022834,37.263917,7213
1557.619747,55.820625,55.040125,7212
1557.710338,35.300708,34.785041,7214
1557.821851,35.703792,35.032958,7215
1557.925339,28.066500,27.408500,7216
1558.026198,41.997375,41.477333,7217
1558.048378,39.995084,39.487875,7218
1558.074400,42.506625,41.580000,7219
1558.144671,25.154208,24.682000,7220
1558.206538,25.846916,25.158292,7221
1558.256638,26.071500,25.385500,7222
1558.326543,74.850417,74.046292,7223
1558.383521,41.816541,41.189167,7224
1558.471553,57.475833,56.769125,7225
1558.475631,43.395625,42.834167,7226
1558.511661,58.830333,57.937834,7227
1558.525255,41.288042,40.529708,7228
1558.616197,52.245667,51.515042,7229
1558.708386,41.291250,40.758667,7230
1558.726091,51.038750,50.315417,7231
1558.824420,38.258792,37.566958,7232
1558.868674,41.124708,40.462917,7233
1558.951141,53.897084,53.359542,7234
1559.002146,49.184333,48.600125,7235
1559.042956,61.072958,60.505958,7236
1559.066435,69.108958,68.506667,7237
1559.084152,75.779958,75.036500,7238
1559.123595,61.615458,60.949583,7239
1559.162185,42.740250,42.156625,7240
1559.280627,50.042709,49.373334,7241
1559.319275,47.620125,47.054292,7242
1559.339986,47.087542,46.524917,7243
1559.387425,45.712042,45.241583,7244
1559.499390,46.546208,46.046000,7245
1559.522418,40.533209,39.883083,7246
1559.594214,70.861000,70.423208,7247
1559.609708,47.176791,46.739000,7248
1559.637658,73.777083,73.167791,7249
1559.716587,41.491625,41.043041,7250
1559.767105,33.580458,33.163375,7251
1559.792386,53.251917,52.384208,7252
1559.827504,41.355417,40.670875,7253
1559.929923,32.627583,32.167333,7254
1560.042805,34.445834,34.004542,7255
1560.102280,79.822750,79.226292,7256
1560.146482,26.987042,26.623041,7257
1560.260934,30.303584,29.781208,7258
1560.360874,43.259125,42.849333,7259
1560.440185,98.397541,97.472083,7261
1560.452247,123.804917,123.209333,7260
1560.558211,122.983875,120.010625,7262
1560.577156,123.492542,122.655167,7263
1560.595118,140.006125,139.233500,7264
1560.641507,119.107625,118.403834,7265
1560.748110,220.385667,214.416417,7266
1560.768215,122.681125,122.060750,7270
1560.817653,142.421125,141.983042,7271
1560.846627,306.721333,305.965042,7267
1560.913475,127.327959,126.690084,7272
1560.949990,403.106375,401.473042,7268
1560.987096,120.957667,120.105708,7273
1561.053539,489.563375,488.243000,7269
1561.130220,143.268125,142.652417,7275
1561.135343,138.372791,137.494000,7276
1561.167695,270.058250,267.138958,7274
1561.227864,68.315625,67.701667,7280
1561.249963,72.029417,71.319500,7281
1561.259099,249.756209,248.548125,7277
1561.290093,59.488917,58.625000,7282
1561.294358,230.920083,229.230167,7278
1561.342391,222.800375,222.061875,7279
1561.379945,38.243334,37.584459,7283
1561.443418,45.528292,45.027500,7285
1561.447429,76.108084,75.343334,7284
1561.468233,42.178500,41.685292,7286
1561.505257,52.444583,51.785708,7287
1561.613700,49.789833,49.424375,7288
1561.618751,51.872042,51.400125,7289
1561.645397,42.233042,41.598958,7290
1561.715356,40.290833,39.659667,7291
1561.739563,33.273041,32.629625,7293
1561.772862,76.316042,75.602916,7292
1561.842553,56.379750,55.773084,7295
1561.846447,57.161417,56.644292,7296
1561.854387,74.808417,74.233250,7294
1561.903788,29.703625,29.248334,7297
1561.945767,48.474417,47.852583,7298
1561.963778,41.177792,40.629750,7299
1561.999274,42.885500,42.272709,7300
1562.052429,44.032042,43.503833,7301
1562.093288,45.377500,44.556167,7302
1562.163158,43.664250,43.168417,7303
1562.201485,63.479792,62.762875,7304
1562.226432,31.770959,31.228167,7305
1562.269613,39.011292,38.329666,7306
1562.354107,43.861417,43.386291,7307
1562.373302,57.799000,57.029000,7308
1562.382947,41.232625,40.738541,7309
1562.509591,44.875250,44.403625,7311
1562.509691,56.841750,56.162750,7310
1562.539455,39.099958,38.392666,7312
1562.613082,49.153417,48.474709,7313
1562.665931,41.190041,40.845875,7314
1562.705421,30.322541,29.958542,7315
1562.746922,68.710834,68.076750,7316
1562.831581,45.460333,44.929500,7317
1562.840074,49.964541,49.194542,7318
1562.890792,40.859583,40.557709,7319
1562.952868,49.366625,48.822375,7321
1562.962425,65.171458,64.612042,7320
1562.985141,65.861834,65.122458,7322
1563.052384,44.018917,43.520459,7323
1563.170806,51.301833,50.767208,7324
1563.175803,42.762417,42.191334,7325
1563.223766,41.372625,40.923458,7326
1563.271965,41.384584,41.029625,7327
1563.328500,70.419416,69.795833,7328
1563.378483,36.747667,35.972417,7329
1563.490246,37.401875,36.836042,7330
1563.599051,53.070792,52.520125,7331
1563.605499,41.561042,40.976833,7332
1563.631202,62.541792,61.780833,7333
1563.721497,46.445875,45.833667,7334
1563.784494,41.921541,41.519333,7335
1563.839943,72.405083,71.692834,7336
1563.857473,80.221167,79.599333,7337
1563.864236,78.091125,77.564958,7338
1563.910122,115.812083,115.253250,7339
1563.939233,41.969667,41.349292,7340
1564.031470,63.369834,62.908417,7341
1564.038069,47.852292,46.552041,7342
1564.063108,54.781708,54.327875,7343
1564.084625,58.576875,57.853250,7344
1564.134967,59.378959,58.767333,7345
1564.144695,36.790250,36.220334,7346
1564.181792,48.044792,47.550709,7348
1564.185649,66.176542,65.767042,7347
1564.226768,34.372917,33.902458,7349
1564.255507,51.095333,50.613209,7350
1564.293197,62.620833,62.037500,7351
1564.376178,34.464500,33.961083,7352
1564.401346,47.562083,46.935583,7353
1564.524196,71.355083,69.261791,7354
1564.528580,70.844083,70.219333,7355
1564.529622,52.465875,51.907917,7356
1564.555447,58.683916,58.053333,7357
1564.623090,47.630916,47.089000,7360
1564.640215,72.916083,72.108750,7359
1564.661957,98.051625,97.356000,7358
1564.730250,55.210459,54.756625,7361
1564.740746,65.128292,64.560709,7362
1564.755859,49.762125,49.029750,7363
1564.794414,37.918125,37.263334,7364
1564.855352,69.217167,68.615459,7365
1564.895026,54.509583,53.927708,7367
1564.900409,63.433417,60.413500,7366
1564.931555,53.148375,52.721667,7368
1564.957873,60.609500,59.947416,7369
1565.035945,27.587000,27.215417,7370
1565.144686,67.097042,66.501459,7371
1565.153577,34.086209,33.637917,7372
1565.190566,36.045625,35.376541,7373
1565.274887,44.261000,43.674750,7374
1565.290058,35.958708,35.488542,7375
1565.372303,68.486542,66.349500,7376
1565.420618,78.904000,78.072750,7377
1565.534769,81.882500,81.056208,7378
1565.548941,81.243750,80.651084,7379
1565.647018,95.181917,94.618125,7380
1565.732632,156.521458,155.723458,7382
1565.740240,174.541500,173.598250,7381
1565.755071,155.342833,154.749875,7383
1565.864345,240.545083,239.427417,7384
1565.882943,128.521167,127.485458,7388
1565.931357,144.673083,143.102459,7389
1565.977388,302.306666,301.691834,7385
1566.031291,132.877500,131.974500,7391
1566.081190,126.511000,124.014625,7392
1566.089557,392.271541,391.440292,7386
1566.185191,484.025500,483.209125,7387
1566.197094,95.877250,93.425500,7395
1566.201389,81.903500,80.840667,7396
1566.245930,401.750417,401.209958,7390
1566.293680,305.375292,304.731875,7393
1566.319655,61.334000,60.693792,7399
1566.333044,102.481751,101.900167,7398
1566.353475,344.890584,344.073626,7394
1566.402170,249.500125,248.928751,7397
1566.440633,98.926916,98.444500,7400
1566.440650,78.010917,77.423208,7401
1566.452062,87.776791,86.908791,7402
1566.492936,40.152583,39.479708,7405
1566.506401,125.534791,124.907416,7403
1566.543906,61.483625,60.649458,7406
1566.564311,163.997750,163.482084,7404
1566.602181,38.244500,37.503375,7408
1566.603379,58.100875,57.679125,7407
1566.710814,35.750166,35.218458,7409
1566.813571,63.478333,62.879542,7410
1566.841772,56.534625,55.998250,7411
1566.844031,57.891167,56.476292,7412
1566.942484,56.570501,55.949542,7413
1566.965738,68.468167,67.699334,7414
1566.970840,56.688917,55.842209,7415
1567.001464,77.576042,76.916000,7416
1567.044053,99.554292,98.866250,7417
1567.056625,48.246333,47.611375,7419
1567.116449,62.051791,61.225208,7420
1567.117784,168.800917,168.123084,7418
1567.134332,68.268375,67.571875,7421
1567.173226,53.717125,52.730417,7423
1567.185958,95.124167,94.448666,7422
1567.234521,44.422875,43.689625,7424
1567.279547,70.830083,70.260750,7425
1567.296483,65.921625,65.263042,7427
1567.307477,77.516250,76.711250,7426
1567.360842,41.550542,41.084750,7428
1567.388397,46.671334,45.953542,7429
1567.446068,38.769209,38.293792,7430
1567.478243,44.253125,43.599791,7431
1567.501915,49.096542,48.730500,7432
1567.592589,57.325333,56.727417,7433
1567.629162,65.234458,64.460375,7434
1567.636520,69.269959,68.829250,7435
1567.648354,48.439126,47.977125,7436
1567.692678,81.353709,80.899875,7437
1567.740060,35.063875,34.632500,7439
1567.753167,78.086167,77.447416,7438
1567.832274,46.164125,45.738000,7440
1567.839483,47.645209,47.068875,7441
1567.891077,36.491291,35.912333,7443
1567.914991,66.227583,65.639292,7442
1567.938360,57.716750,57.147708,7444
1567.954839,57.617000,57.120583,7445
1567.988358,46.025291,45.328792,7446
1568.026296,48.372916,47.685167,7448
1568.036620,72.490250,72.002000,7447
1568.062666,70.388792,69.823542,7449
1568.105663,71.611750,70.941791,7451
1568.112485,104.096417,103.430250,7450
1568.134878,65.842000,65.203250,7453
1568.162527,43.005084,42.069125,7454
1568.171267,136.158167,135.448542,7452
1568.202496,48.074542,47.281208,7455
1568.272059,41.460417,40.927542,7456
1568.353419,42.926333,42.247334,7458
1568.357942,80.818501,80.084667,7457
1568.380294,47.631209,46.930334,7459
1568.428464,74.008958,73.134542,7461
1568.438384,50.248916,49.494083,7464
1568.454589,112.851084,112.183167,7460
1568.494834,42.014292,41.205500,7465
1568.527955,155.195541,154.507208,7462
1568.529670,46.603667,45.899292,7466
1568.586107,210.044333,204.390084,7463
1568.615333,69.178958,68.583667,7468
1568.627089,75.674375,75.088416,7469
1568.660882,176.317167,175.677250,7467
1568.684792,53.186000,52.451875,7472
1568.700831,136.768625,136.176833,7471
1568.738593,174.703083,173.859000,7470
1568.753250,78.188250,77.340667,7473
1568.777802,66.107416,65.495208,7474
1568.800176,82.293167,81.796750,7475
1568.859195,95.621459,95.131459,7479
1568.859440,74.714500,74.053584,7480
1568.864579,144.923333,144.262125,7476
1568.931290,65.144333,64.299667,7482
1568.936444,194.533208,193.756500,7477
1568.940280,51.233291,50.610875,7483
1569.027490,281.324750,274.761958,7478
1569.049910,62.997958,62.271417,7486
1569.065836,84.984376,84.386458,7485
1569.106144,319.999167,278.721626,7481
1569.114101,44.443292,43.705958,7490
1569.153247,33.772667,33.065083,7491
1569.174192,276.974542,235.671042,7484
1569.201676,193.324834,192.532667,7487
1569.222654,54.250875,52.876834,7493
1569.229649,83.329750,82.388833,7492
1569.293314,279.885959,273.897750,7488
1569.301863,79.512417,75.327875,7496
1569.328726,290.199292,289.609250,7489
1569.342108,111.553459,70.814041,7497
1569.367435,169.828166,169.260000,7494
1569.404615,62.959458,62.377875,7500
1569.423942,203.197750,202.601583,7495
1569.436694,73.350666,72.861541,7501
1569.482714,64.153542,63.715750,7502
1569.502445,231.470166,230.906084,7498
1569.540250,102.655000,61.134792,7505
1569.568472,292.629458,291.819208,7499
1569.588135,105.386458,64.428875,7508
1569.621202,118.719125,77.687750,7509
1569.650328,227.000958,226.453208,7503
1569.658327,89.814667,48.556375,7511
1569.703229,115.077667,73.964625,7512
1569.704522,267.034250,266.246458,7504
1569.732220,110.984417,69.327125,7513
1569.787215,334.369001,289.389625,7506
1569.792386,123.660834,82.229584,7514
1569.818310,115.060459,73.512250,7516
1569.832298,370.718542,325.659251,7507
1569.886310,127.682334,85.306667,7518
1569.898193,110.940083,69.327709,7519
1569.899238,358.964667,313.279750,7510
1569.928315,253.234917,212.071417,7515
1569.932622,35.366917,34.625500,7522
1569.996766,45.976292,45.131333,7525
1570.005225,277.804042,236.431417,7517
1570.024150,99.217417,57.700708,7523
1570.049214,256.782459,215.982667,7520
1570.059517,51.111958,50.052625,7526
1570.097238,264.850250,223.790292,7521
1570.138230,209.650292,168.786333,7524
1570.157380,37.897125,37.430166,7527
1570.243172,40.866583,40.456791,7528
1570.298185,67.592000,66.991459,7530
1570.305360,78.637125,77.949083,7529
1570.305678,62.845416,60.393959,7531
1570.360969,79.444166,78.630708,7532
1570.428171,107.083959,106.110375,7534
1570.484526,201.292875,200.576833,7533
1570.495280,156.586209,155.779750,7535
1570.550875,113.539708,112.889875,7538
1570.610943,269.227292,266.644000,7536
1570.639093,124.278875,123.435958,7540
1570.676720,121.684500,121.060625,7541
1570.758085,345.909375,343.981458,7537
1570.817312,177.384083,136.562417,7545
1570.852889,176.130209,133.593833,7547
1570.865955,413.179958,411.413917,7539
1570.974924,157.503500,115.509917,7549
1570.991467,426.996208,426.463917,7542
1571.019477,166.547791,124.856667,7550
1571.129764,544.928416,544.308917,7543
1571.149291,174.324501,133.132125,7552
1571.159947,168.459375,126.697666,7553
1571.242868,624.640917,623.429333,7544
1571.268286,138.483626,96.724542,7555
1571.306335,157.010292,115.888792,7556
1571.339314,682.308375,641.119792,7546
1571.340118,97.232042,54.523292,7558
1571.383323,114.998625,74.117459,7559
1571.398304,640.194917,592.939375,7548
1571.409277,102.858291,62.114208,7560
1571.449178,583.188958,541.966833,7551
1571.484258,100.901208,59.533834,7563
1571.504327,484.814167,443.168251,7554
1571.523294,124.948250,83.360084,7564
1571.547099,97.903750,57.239875,7566
1571.560301,400.316875,358.722583,7557
1571.586365,102.069917,60.338833,7567
1571.625333,285.978291,243.215875,7561
1571.629293,105.956666,65.192458,7569
1571.649389,102.267084,61.600583,7570
1571.678180,338.041667,297.078250,7562
1571.722229,92.900792,52.056666,7574
1571.735145,325.831917,283.909792,7565
1571.743359,117.995208,76.794958,7573
1571.774226,269.852041,228.891542,7568
1571.808332,73.157875,31.638542,7578
1571.847183,286.847459,245.661208,7571
1571.866290,144.034042,103.216750,7577
1571.883353,109.085667,67.647417,7580
1571.917324,330.913334,289.914625,7572
1571.960209,113.002167,72.469834,7582
1571.971231,321.800209,280.548626,7575
1571.979389,113.056709,71.478750,7583
1572.010216,332.010875,291.286626,7576
1572.070202,98.932750,56.431375,7587
1572.082314,122.062500,80.953250,7586
1572.083107,339.714376,298.456375,7579
1572.132182,323.805125,282.652126,7581
1572.168241,98.001750,56.777291,7590
1572.181308,98.953166,57.877167,7591
1572.211356,79.148125,38.151458,7593
1572.245157,76.895000,36.334375,7594
1572.250306,366.907334,325.394417,7584
1572.297305,85.908375,44.627917,7596
1572.314241,132.890625,91.742584,7595
1572.324298,406.928958,365.768667,7585
1572.357152,377.733416,336.518875,7588
1572.426132,111.853000,70.859834,7600
1572.426154,128.810792,87.407833,7599
1572.431261,421.006542,380.132666,7589
1572.477304,393.332625,352.648042,7592
1572.525227,99.075083,58.004042,7603
1572.534323,289.140542,248.265208,7597
1572.558349,132.181583,90.763167,7604
1572.585179,334.834209,294.011375,7598
1572.624239,89.880583,48.713291,7608
1572.664158,339.817625,298.760001,7601
1572.667162,141.915959,101.283583,7607
1572.686327,101.107708,60.239084,7610
1572.724212,367.031584,326.082458,7602
1572.761107,96.931333,56.378583,7612
1572.789300,358.010917,316.580834,7605
1572.800272,133.084583,92.127000,7613
1572.839297,115.054042,73.639416,7615
1572.852353,375.011584,334.087250,7606
1572.875278,114.150458,72.838500,7616
1572.911259,352.878166,311.240417,7609
1572.924258,123.950459,82.759541,7618
1572.949295,109.965916,68.096875,7619
1572.954320,330.049709,288.917708,7611
1573.024297,337.932583,296.876125,7614
1573.025177,100.899167,59.943042,7623
1573.033327,122.025458,80.432333,7622
1573.084294,294.954917,253.373459,7617
1573.116283,91.952000,50.093167,7626
1573.150322,125.109834,84.191333,7627
1573.155314,302.905458,261.805541,7620
1573.201228,116.913125,75.473125,7629
1573.209335,93.010458,52.122583,7630
1573.218225,342.919208,301.899208,7621
1573.266331,316.991209,276.101875,7624
1573.313294,112.039084,70.685125,7633
1573.323308,368.948708,327.894292,7625
1573.333318,123.944625,82.632376,7634
1573.375149,341.778792,295.215084,7628
1573.407325,256.916333,215.928709,7631
1573.439216,125.878958,84.545416,7637
1573.448351,292.992292,251.440001,7632
1573.449151,125.801083,85.267583,7638
1573.504178,285.916750,244.598084,7635
1573.522291,114.925417,72.536334,7641
1573.537160,97.907250,57.212750,7642
1573.545216,278.833041,237.476750,7636
1573.593253,259.895125,218.762541,7639
1573.627304,123.100542,81.861792,7645
1573.629266,106.936375,66.023125,7646
1573.652146,276.971625,236.304250,7640
1573.697117,103.831000,62.871084,7649
1573.719192,270.814541,229.460000,7643
1573.726316,98.914083,57.882125,7650
1573.782215,333.029958,292.389125,7644
1573.806219,109.081875,67.852166,7653
1573.845311,126.093917,84.976792,7654
1573.848136,310.954875,269.395291,7647
1573.900241,117.986458,77.101209,7656
1573.910298,365.035708,323.390375,7648
1573.917148,110.908584,68.740875,7657
1573.968311,339.009126,297.850584,7651
1574.007264,110.039417,109.367709,7659
1574.018152,365.984792,325.304584,7652
1574.037177,136.914458,95.205834,7660
1574.068253,341.898958,301.117251,7655
1574.124131,115.769792,74.458125,7664
1574.137139,109.638083,68.333417,7665
1574.140340,294.987583,254.010167,7658
1574.200284,280.521792,238.834459,7661
1574.232147,94.992625,53.753875,7669
1574.260362,136.203375,95.139625,7668
1574.293208,363.567750,321.622292,7662
1574.302143,101.824334,60.316958,7671
1574.320327,88.147500,47.118167,7672
1574.350242,381.904833,340.752708,7663
1574.395287,351.897291,310.203833,7666
1574.411139,117.896334,76.108083,7674
1574.414390,112.215833,71.149750,7675
1574.455159,378.448000,337.767792,7667
1574.493189,97.860875,56.565834,7678
1574.521135,380.754208,339.801291,7670
1574.530324,119.159542,78.186208,7679
1574.558320,103.133334,62.275792,7681
1574.599146,338.754791,297.495917,7673
1574.603341,110.112917,68.744958,7682
1574.619338,98.176458,57.381334,7683
1574.667235,346.872459,306.154917,7676
1574.705301,101.917667,61.001209,7687
1574.707392,108.222333,67.441792,7686
1574.731298,381.030709,339.358542,7677
1574.761147,93.821583,51.906459,7689
1574.792312,377.892084,336.734417,7680
1574.803325,97.992709,55.901708,7690
1574.825304,93.963916,51.824209,7692
1574.876738,346.378959,304.402875,7684
1574.884322,91.970667,50.592791,7694
1574.921314,117.948833,75.359958,7695
1574.939248,380.890417,340.032583,7685
1574.994124,109.768167,68.445708,7698
1574.995307,118.536833,77.681333,7697
1575.006302,386.919167,345.424626,7688
1575.070201,362.780250,321.573000,7691
1575.096236,102.092375,61.085208,7701
1575.096246,100.912292,59.630375,7702
1575.125237,364.066500,323.050000,7693
1575.164303,94.057833,52.966667,7704
1575.194147,97.892084,57.099000,7706
1575.215182,389.837000,348.210041,7696
1575.251309,126.033834,85.389208,7707
1575.266337,101.991750,60.948708,7708
1575.301234,379.884166,338.454667,7699
1575.329303,114.090667,72.481500,7710
1575.366820,427.552126,384.954500,7700
1575.409328,157.978625,116.980209,7711
1575.419289,118.031084,75.499667,7713
1575.471150,464.809334,423.673833,7703
1575.567519,158.154500,116.726167,7716
1575.603945,184.625875,139.327416,7717
1575.603945,507.688708,463.871625,7705
1575.718383,150.820834,109.531042,7719
1575.725842,531.667500,489.867292,7709
1575.759695,155.630708,112.622416,7720
1575.847465,581.087792,539.875876,7712
1575.878321,159.915292,118.522834,7722
1575.902203,176.327958,134.354208,7723
1575.985965,656.630042,614.645500,7714
1576.013316,165.816000,124.264000,7725
1576.034316,155.955917,114.100583,7726
1576.082625,715.788209,674.047208,7715
1576.151563,165.572751,124.260500,7728
1576.183208,169.859375,128.447958,7729
1576.192800,721.629125,679.668208,7718
1576.257327,105.736166,64.914208,7732
1576.289131,684.408959,639.208500,7721
1576.306144,122.906000,81.451416,7733
1576.320211,560.481833,518.702334,7724
1576.370282,112.922542,71.970792,7735
1576.393153,104.002792,63.562333,7736
1576.395336,493.094000,451.382459,7727
1576.441279,406.920792,365.399417,7730
1576.478148,107.831500,66.280958,7739
1576.497321,104.143084,62.853000,7740
1576.507174,424.528125,383.581042,7731
1576.566216,124.896916,84.192500,7742
1576.570318,377.497750,336.095667,7734
1576.576168,97.997666,57.078292,7743
1576.637151,330.985375,290.387125,7737
1576.665331,99.071875,58.197125,7746
1576.682212,111.860000,69.545584,7747
1576.699275,379.017916,337.635959,7738
1576.727374,90.192958,49.472500,7749
1576.775272,109.895917,68.737084,7750
1576.780281,384.915417,342.297667,7741
1576.809311,110.013751,69.255958,7752
1576.812316,314.955376,273.862458,7744
1576.876196,368.996542,327.984126,7745
1576.892290,111.968791,70.043750,7755
1576.900333,125.022042,83.235250,7754
1576.923248,347.056792,305.804042,7748
1576.964291,71.954167,31.092541,7759
1576.982391,300.143084,259.371583,7751
1576.988241,111.999416,70.082541,7758
1577.025309,297.895209,256.901750,7753
1577.056312,91.983209,50.964667,7762
1577.111253,128.832375,87.906000,7763
1577.123222,97.872250,56.524416,7765
1577.126321,316.967291,275.557042,7756
1577.163293,350.939750,309.249500,7757
1577.224216,112.939750,71.493334,7767
1577.228333,327.960500,287.033250,7760
1577.233490,110.241833,68.810291,7768
1577.262135,338.866500,297.452166,7761
1577.314280,85.904292,44.529625,7772
1577.333196,108.956750,67.720625,7771
1577.335399,347.115125,306.297834,7764
1577.383265,326.915167,285.389708,7766
1577.438175,104.941959,63.375958,7776
1577.438182,123.871417,82.627416,7775
1577.445366,319.010126,277.434791,7769
1577.518232,354.898834,313.449501,7770
1577.549145,110.955833,70.206792,7779
1577.555265,117.072084,76.399750,7780
1577.592175,358.657542,317.420251,7773
1577.609219,90.949833,50.106875,7782
1577.653169,104.003375,63.199500,7783
1577.686265,424.104333,382.114834,7774
1577.693444,101.239250,58.821000,7785
1577.724132,388.698917,347.224792,7777
1577.778236,91.946458,50.244250,7788
1577.781369,128.181375,87.064542,7787
1577.786311,403.021792,362.287917,7778
1577.811322,365.903709,324.373584,7781
1577.864195,308.905333,267.514042,7784
1577.889311,107.908209,66.933125,7792
1577.890173,111.920375,70.927792,7791
1577.911233,301.970083,261.373583,7786
1577.972228,108.008250,66.877417,7795
1577.983144,93.806125,52.727791,7796
1577.983238,289.730875,248.399083,7789
1578.034220,310.067334,268.583583,7790
1578.060303,88.050958,46.705459,7799
1578.092316,109.146625,67.485833,7800
1578.124150,337.820001,293.798166,7793
1578.126132,91.890750,50.792875,7802
1578.170333,358.966126,317.244959,7794
1578.180141,119.804126,77.402209,7803
1578.188330,95.974667,54.772667,7804
1578.209232,319.035792,277.826209,7797
1578.285312,114.935042,73.983000,7807
1578.286218,106.060500,64.832250,7808
1578.289232,377.956542,337.227042,7798
1578.345144,361.858001,320.559167,7801
1578.388332,102.086833,60.373250,7812
1578.404155,118.808375,77.504583,7811
1578.415336,291.157417,250.377750,7805
1578.468295,342.137833,301.082833,7806
1578.510154,121.786583,81.118041,7815
1578.519254,115.077666,74.276125,7816
1578.523332,334.966625,293.649416,7809
1578.571150,361.879583,320.723959,7810
1578.628336,109.053875,68.009375,7820
1578.640246,130.074000,89.174750,7819
1578.641219,351.947458,310.775208,7813
1578.711239,366.067916,324.626458,7814
1578.733319,104.946334,63.538416,7823
1578.744296,104.033416,62.733708,7824
1578.780201,364.827458,323.357416,7817
1578.803342,92.063125,51.303584,7826
1578.845292,376.952917,334.399333,7818
1578.856415,123.053584,82.024833,7827
1578.868310,88.068167,46.785376,7829
1578.896319,372.946292,330.435000,7821
1578.932165,86.842292,85.951250,7831
1578.961165,104.718250,62.799333,7832
1578.961219,390.056334,349.499208,7822
1578.994217,62.030208,61.124875,7835
1578.999372,358.115042,316.564209,7825
1579.070245,109.059417,68.172125,7836
1579.073286,328.972584,287.755417,7828
1579.094361,100.119250,58.835875,7838
1579.116140,312.760292,271.291417,7830
1579.166238,92.933750,50.929958,7841
1579.191151,120.877459,79.791542,7840
1579.195344,326.995083,285.739125,7833
1579.248297,351.938416,310.428125,7834
1579.260145,93.890417,52.181791,7844
1579.297307,106.127000,64.718792,7845
1579.334276,373.043417,332.018459,7837
1579.360313,111.973459,70.904750,7847
1579.369148,108.987083,66.594500,7848
1579.394147,394.739917,353.995250,7839
1579.435265,100.948459,59.941292,7850
1579.454143,359.747208,318.399083,7842
1579.469316,108.969583,67.400667,7851
1579.532433,416.259083,375.025291,7843
1579.537287,101.982708,60.529292,7854
1579.566312,370.932625,329.309750,7846
1579.573359,119.191625,78.595126,7855
1579.616302,318.955000,276.826375,7849
1579.640246,107.769667,66.348917,7857
1579.689266,151.944916,110.863375,7858
1579.690093,320.925208,280.015167,7852
1579.698373,82.026875,40.904208,7861
1579.724146,329.977083,287.964542,7853
1579.789291,319.928292,278.612834,7856
1579.792330,103.019583,62.090875,7863
1579.800305,110.187875,68.686042,7864
1579.832290,265.947791,224.469875,7859
1579.897294,323.899625,282.244084,7860
1579.902165,109.806375,64.401750,7868
1579.913395,124.063333,82.842375,7867
1579.953218,312.944917,271.212083,7862
1579.990273,88.085084,46.854208,7872
1580.027294,328.879834,287.675792,7865
1580.028234,130.901459,89.477500,7871
1580.056208,102.951917,62.248667,7874
1580.091207,100.911125,59.987666,7875
1580.106298,382.124750,340.313750,7866
1580.136154,108.823166,68.133041,7876
1580.167149,110.907125,70.085750,7878
1580.177282,376.945917,334.402250,7869
1580.216227,80.053167,39.210500,7881
1580.241310,134.968750,93.471292,7880
1580.252162,74.841083,34.106625,7883
1580.291340,459.011000,417.544167,7870
1580.306169,89.922292,49.079333,7884
1580.352664,439.229292,397.564126,7873
1580.370294,128.941750,87.980375,7885
1580.380447,89.071792,46.953084,7887
1580.465868,437.603542,394.818958,7877
1580.511290,158.602500,118.125875,7889
1580.548341,178.005917,136.483375,7890
1580.587261,496.032250,455.329875,7879
1580.672267,160.941958,119.718375,7893
1580.702243,153.860000,112.410375,7894
1580.725294,558.117875,516.895459,7882
1580.842288,590.106416,548.680708,7886
1580.847305,175.016042,133.980584,7896
1580.880343,178.064542,135.117500,7897
1580.949448,643.253626,602.241500,7888
1581.017450,175.115792,133.165959,7899
1581.035165,187.840333,145.672626,7900
1581.054340,673.867250,633.059875,7891
1581.171495,705.601459,664.473542,7892
1581.181747,164.256166,122.203959,7903
1581.194408,159.219375,117.717542,7904
1581.254344,667.059167,625.853667,7895
1581.299243,117.461750,76.653208,7907
1581.301247,575.926750,535.103917,7898
1581.321304,149.769959,108.780292,7906
1581.344135,463.752625,421.958542,7901
1581.408137,108.873625,67.604250,7910
1581.410346,109.067875,67.835250,7911
1581.412420,462.937125,421.979834,7902
1581.448319,393.940750,351.755542,7905
1581.496336,88.176667,46.809292,7914
1581.518242,107.861834,67.010125,7915
1581.519105,324.660291,280.908542,7908
1581.542123,287.751625,246.090542,7909
1581.582298,260.888250,219.580375,7912
1581.621140,102.882208,61.439291,7919
1581.630280,133.906501,92.720541,7918
1581.634309,290.147667,248.701250,7913
1581.696130,283.664792,240.748959,7916
1581.700455,118.110709,76.660500,7922
1581.712308,91.148750,50.261750,7923
1581.756316,307.954792,267.034542,7917
1581.803252,107.099708,65.814583,7926
1581.811275,292.147042,250.820209,7920
1581.813273,112.766500,71.501792,7927
1581.849298,307.149792,266.275334,7921
1581.913350,283.045875,241.244208,7924
1581.919267,115.981542,75.031541,7930
1581.929349,118.033125,76.575917,7931
1581.951140,316.796667,276.048792,7925
1582.003286,290.943042,249.874333,7928
1582.033301,119.913500,78.302000,7934
1582.037339,118.045375,76.847167,7935
1582.058203,301.845833,261.070250,7929
1582.109294,105.965416,64.728417,7938
1582.130111,316.801042,273.156625,7932
1582.138288,104.951875,63.909417,7939
1582.166208,316.865500,275.983166,7933
1582.191952,262.557750,261.457000,7936
1582.213227,103.897791,62.655250,7942
1582.239396,47.408958,46.284584,7946
1582.243215,113.079458,72.175833,7943
1582.276571,63.324333,62.739250,7947
1582.313306,362.140334,320.756334,7937
1582.344215,104.792334,63.239458,7948
1582.345121,68.524167,67.988667,7950
1582.381285,343.903292,302.658417,7940
1582.418234,104.886251,63.366917,7951
1582.440167,381.924376,340.005458,7941
1582.479227,340.915750,299.791334,7944
1582.491201,146.046542,104.981916,7953
1582.504145,122.819958,81.481166,7954
1582.543285,377.038084,335.571833,7945
1582.567310,88.055042,47.166292,7957
1582.598335,107.091542,65.464583,7958
1582.608285,365.033375,324.288417,7949
1582.644238,100.910542,58.784250,7960
1582.684131,339.882667,298.727333,7952
1582.701217,133.861583,91.471333,7961
1582.709148,100.828000,59.812084,7963
1582.751228,332.971333,292.066250,7955
1582.789282,105.125708,64.467666,7965
1582.799289,359.093292,317.596125,7956
1582.818259,117.005875,75.771791,7966
1582.866154,361.990708,321.491042,7959
1582.871456,120.193792,78.714708,7968
1582.881249,91.931583,50.617875,7969
1582.907304,308.925750,267.196125,7962
1582.958141,313.868625,271.782584,7964
1582.981147,114.974125,73.692500,7972
1582.982246,110.737959,69.088542,7973
1583.011285,302.108334,260.899042,7967
1583.044206,86.038751,44.149292,7976
1583.070328,89.153167,47.689833,7977
1583.104356,305.021500,263.291000,7970
1583.136299,124.972167,83.943125,7979
1583.145302,101.057250,60.018584,7980
1583.149909,45.504667,44.599041,7982
1583.160232,341.944750,300.855334,7971
1583.210816,60.867333,60.039875,7985
1583.242237,105.897167,64.447833,7983
1583.259140,377.875751,334.257584,7974
1583.281317,70.454416,28.479208,7987
1583.320298,78.022875,36.788208,7988
1583.327238,419.900834,378.425542,7975
1583.373266,114.105250,72.772000,7989
1583.389340,107.945250,66.854959,7990
1583.395318,413.034709,371.872667,7978
1583.449214,75.915584,34.249250,7993
1583.476146,86.779875,45.374291,7994
1583.482336,411.966917,370.452542,7981
1583.528241,382.904084,341.322625,7984
1583.552211,102.956875,60.470958,7996
1583.587360,427.084291,386.225875,7986
1583.588095,111.928833,69.988042,7997
1583.647308,326.969416,278.079667,7991
1583.659250,130.986042,89.932209,7999
1583.675237,122.989125,81.407083,8000
1583.685317,358.049708,316.647916,7992
1583.730204,70.931584,29.977208,8004
1583.758165,362.808250,321.773667,7995
1583.766323,118.972876,77.850209,8003
1583.811283,328.910459,288.067500,7998
1583.839304,109.071958,67.990125,8007
1583.848347,90.157083,49.477750,8008
1583.874204,286.815959,245.342417,8001
1583.912181,100.873791,59.273375,8010
1583.932242,92.913916,51.293666,8011
1583.943218,355.098042,313.715792,8002
1583.990277,116.035500,75.382708,8013
1583.999294,324.031750,283.017292,8005
1584.010339,98.141167,55.762875,8014
1584.055151,369.798334,328.592542,8006
1584.068081,77.766792,76.958292,8017
1584.105303,105.968916,64.495375,8018
1584.122701,54.585708,53.680667,8021
1584.126154,359.799125,317.753916,8009
1584.156722,308.340375,307.330625,8012
1584.209233,103.895458,62.519334,8022
1584.218165,95.431583,54.681375,8023
1584.243218,310.950791,270.025875,8015
1584.309266,100.010750,58.509500,8026
1584.319292,376.034750,334.877375,8016
1584.335285,117.091625,76.296792,8027
1584.376155,365.790541,315.146708,8019
1584.425214,115.907750,73.690167,8029
1584.432256,377.083875,335.912208,8020
1584.448351,129.015542,87.481042,8030
1584.471305,345.128875,303.008417,8024
1584.476320,319.568667,317.640167,8025
1584.553181,120.899333,76.169917,8034
1584.553201,127.950084,86.943792,8033
1584.572316,329.065042,287.861292,8028
1584.618452,283.139209,241.707375,8031
1584.678111,301.939459,258.118000,8032
1584.679274,126.074958,84.430791,8038
1584.680250,127.040667,85.973417,8039
1584.701324,252.939167,211.303458,8035
1584.736138,264.793958,223.468583,8036
1584.787310,310.952541,269.254125,8037
1584.817299,139.164667,97.770166,8042
1584.834233,261.872042,220.165459,8040
1584.841335,162.022583,120.698959,8043
1584.875296,256.818917,215.398458,8041
1584.921115,133.767084,92.343708,8047
1584.928141,110.804166,69.469459,8048
1584.938152,257.873583,216.398000,8044
1585.020226,318.867500,277.242292,8045
1585.033312,112.172958,71.134000,8052
1585.037168,109.006334,66.505541,8053
1585.088291,352.129166,310.883416,8046
1585.122276,88.918376,47.712583,8056
1585.163142,328.873125,288.194667,8049
1585.163233,142.989875,102.289250,8055
1585.193308,104.973750,63.584209,8058
1585.223140,381.770667,333.867333,8050
1585.270231,106.990041,65.697625,8061
1585.281132,117.974500,77.127167,8060
1585.284319,408.979959,367.623084,8051
1585.363285,425.107084,383.659792,8054
1585.382524,101.368750,60.199708,8065
1585.397304,127.048542,85.813292,8064
1585.493269,456.079458,415.167667,8057
1585.536692,173.375708,130.357208,8067
1585.554368,171.798958,130.592875,8068
1585.590495,468.195292,426.662833,8059
1585.702864,166.129542,124.066542,8071
1585.712428,519.083250,477.395041,8062
1585.726768,172.352250,127.398542,8072
1585.794301,571.134083,528.605875,8063
1585.876151,173.252334,132.105167,8074
1585.893876,181.407042,138.090167,8075
1585.896356,612.006209,570.339876,8066
1586.004920,607.572292,563.259084,8069
1586.050280,156.378542,115.440500,8079
1586.058247,182.074666,141.146833,8078
1586.108367,615.078334,574.072334,8070
1586.231240,172.969417,129.684916,8083
1586.235264,644.744042,603.393292,8073
1586.239396,189.069708,147.968333,8082
1586.275367,548.567542,507.447208,8076
1586.326283,90.979292,49.002042,8086
1586.341161,109.886292,68.373667,8085
1586.347344,553.000875,511.646917,8077
1586.393315,496.915125,455.208250,8080
1586.417320,90.998833,49.795083,8089
1586.440322,99.138958,57.871042,8090
1586.458309,453.347709,411.736208,8081
1586.476301,82.945625,41.267917,8092
1586.542365,101.996709,60.755917,8094
1586.542660,434.252876,392.536959,8084
1586.552365,135.007542,93.910542,8093
1586.598210,358.763417,317.161834,8087
1586.653204,110.517459,66.772125,8098
1586.662340,119.933917,78.696042,8097
1586.669166,393.759917,352.011042,8088
1586.733341,70.968625,29.474375,8102
1586.739101,391.719125,349.729625,8091
1586.778365,125.134041,84.525292,8101
1586.808206,349.862042,308.245292,8095
1586.841285,102.160333,60.685625,8105
1586.856333,122.957042,81.773416,8104
1586.881224,404.881167,363.147167,8096
1586.920290,112.059791,71.316584,8107
1586.944296,102.968833,61.719291,8108
1586.969309,416.900458,374.216500,8099
1587.010200,128.958959,87.532959,8110
1587.026299,105.971542,64.335250,8111
1587.038226,439.974792,398.610625,8100
1587.049325,79.975583,38.848541,8113
1587.088228,419.033417,377.645041,8103
1587.125326,115.101000,73.915333,8114
1587.151298,124.964000,83.801959,8115
1587.160251,381.850292,340.155958,8106
1587.178137,89.876500,48.303791,8118
1587.223296,366.920750,325.422125,8109
1587.245317,119.949376,79.078709,8119
1587.280293,128.951084,87.894042,8120
1587.281256,336.921376,295.660750,8112
1587.345204,121.869708,81.199125,8123
1587.347147,101.790500,60.993625,8124
1587.356359,318.096042,277.199125,8116
1587.438293,93.052166,51.497250,8127
1587.446306,396.947834,355.799792,8117
1587.453890,293.616750,292.975667,8121
1587.456424,109.249000,67.259208,8128
1587.554295,376.137709,335.353959,8122
1587.559235,112.899500,71.353625,8131
1587.562145,123.813666,81.524042,8130
1587.582327,301.996333,260.936666,8125
1587.624216,342.928542,302.119708,8126
1587.665152,110.822250,68.920542,8134
1587.665168,105.912041,64.450167,8135
1587.687295,330.908375,289.430458,8129
1587.696159,242.245791,241.580500,8132
1587.712139,87.885291,46.432166,8138
1587.790274,102.938792,61.268666,8141
1587.795249,130.077208,89.181458,8139
1587.803166,346.702708,305.728209,8133
1587.851298,289.128000,247.807291,8136
1587.884233,93.930375,52.486875,8144
1587.906311,323.947458,281.615542,8137
1587.912298,117.028333,76.302041,8145
1587.950309,98.977959,57.594834,8147
1587.977201,312.022084,270.905251,8140
1588.010222,97.890917,56.329000,8150
1588.015170,130.922458,90.472084,8148
1588.034314,338.125375,296.521167,8142
1588.104240,93.998625,51.671375,8153
1588.108136,130.898250,89.649292,8152
1588.112139,399.979125,358.637709,8143
1588.173138,369.952334,326.536584,8146
1588.194238,89.969833,48.710375,8156
1588.230253,122.093125,80.808000,8157
1588.263727,69.449041,68.660666,8160
1588.264087,357.744042,316.705667,8149
1588.275365,102.204959,60.974375,8159
1588.317401,53.640417,52.474334,8162
1588.320368,370.018833,329.120166,8151
1588.381236,117.142375,76.552584,8163
1588.392140,376.944166,335.806916,8154
1588.409243,91.816375,50.638583,8165
1588.470270,435.915083,394.552958,8155
1588.478206,96.948250,56.206209,8167
1588.505296,113.129625,72.084833,8168
1588.521303,409.139500,367.341625,8158
1588.573141,342.845708,302.102792,8161
1588.594146,123.842833,82.005875,8170
1588.601148,122.907750,81.542416,8171
1588.622309,346.894917,305.222166,8164
1588.683198,110.034750,68.726583,8174
1588.684238,363.832876,322.851376,8166
1588.694266,100.098834,59.381584,8175
1588.715287,306.023958,264.365792,8169
1588.762293,256.958626,215.476917,8172
1588.796217,111.954208,70.522667,8179
1588.805246,122.014375,80.538208,8178
1588.818306,296.971792,255.173334,8173
1588.839460,77.131250,35.395791,8182
1588.893277,292.110876,247.697625,8176
1588.921293,125.044500,83.398000,8183
1588.929206,123.939375,83.115083,8184
1588.941301,318.947125,277.579750,8177
1588.989195,95.894458,54.900417,8187
1589.000294,306.003250,265.001041,8180
1589.028311,106.988000,66.188500,8188
1589.048368,332.979500,292.009083,8181
1589.091222,102.008375,60.505958,8191
1589.105297,286.959750,245.378291,8185
1589.121242,120.911583,79.212584,8192
1589.148245,308.759500,267.642375,8186
1589.179122,73.801000,32.685916,8196
1589.213263,122.009125,81.297708,8195
1589.253318,105.032958,63.606083,8198
1589.271152,341.924625,300.807208,8189
1589.289394,110.254083,69.505334,8199
1589.312285,98.991959,57.997334,8200
1589.334303,80.943625,39.241417,8201
1589.345303,403.960083,361.184250,8190
1589.390281,100.844042,59.609959,8203
1589.402330,373.986084,332.703875,8193
1589.415350,103.032125,61.272750,8204
1589.438344,389.929458,348.491792,8194
1589.484226,362.955833,321.788834,8197
1589.521129,249.951917,209.403251,8202
1589.536219,133.857791,92.296166,8208
1589.536221,145.902166,105.219334,8207
1589.588147,253.817083,212.641042,8205
1589.592998,29.085000,28.662958,8212
1589.653289,307.946625,266.720416,8206
1589.691153,275.767042,235.159458,8209
1589.707741,98.296042,97.713292,8213
1589.718508,58.613917,58.132958,8214
1589.758193,319.810167,277.328041,8210
1589.832142,347.877541,306.509584,8211
1589.849740,77.578959,77.071750,8217
1589.856504,70.390542,69.629875,8218
1589.857560,182.452959,181.905209,8215
1589.931933,41.307583,40.771500,8220
1589.942077,69.040417,68.585417,8219
1589.947890,251.366792,250.749625,8216
1589.999590,102.323958,101.665083,8221
1590.067977,59.571750,58.962167,8222
1590.154527,43.381916,43.027542,8223
1590.171711,52.185000,51.633167,8224
1590.249208,41.571834,40.944459,8225
1590.269614,39.009833,38.551917,8226
1590.417889,76.197334,75.756333,8227
1590.538104,85.271958,84.437208,8228
1590.580086,90.105167,88.685333,8229
1590.644336,80.223500,79.321375,8230
1590.718659,97.724958,96.704417,8231
1590.780726,105.579250,104.811292,8232
1590.793400,105.252292,104.279292,8233
1590.876554,97.190041,96.259916,8234
1590.881048,94.900458,92.432958,8235
1590.976323,79.055959,78.451333,8236
1591.065927,57.011792,56.597917,8237
1591.122167,68.961083,68.310958,8238
1591.184815,65.317875,64.552542,8239
1591.195517,54.719875,53.909917,8241
1591.196321,73.204250,72.749834,8240
1591.269412,38.792250,38.331125,8242
1591.351189,36.334375,35.690667,8243
1591.391337,49.587708,48.965292,8244
1591.453292,35.500500,35.002625,8245
1591.491592,65.192458,64.666000,8246
1591.494110,41.266459,40.708500,8247
1591.599664,35.747833,35.182583,8248
1591.711713,36.686125,36.262917,8249
1591.810126,34.758208,34.170500,8250
1591.846499,60.314042,59.705625,8251
1591.878959,49.469583,48.906667,8252
1591.932109,58.706083,58.165625,8253
1591.955144,57.875125,56.970083,8254
1591.975257,51.162708,50.485750,8255
1592.055916,47.518625,46.904667,8256
1592.157941,69.346958,68.833334,8257
1592.163298,43.832834,43.430625,8258
1592.204261,66.897834,66.481625,8259
1592.216234,59.269875,58.555292,8260
1592.253272,83.990959,83.403833,8261
1592.273244,42.618916,42.022167,8262
1592.311499,75.394083,74.749208,8263
1592.382107,40.400500,39.910792,8264
1592.462307,46.018584,45.662750,8265
1592.521694,68.831875,68.078792,8266
1592.543210,37.485584,37.052458,8267
1592.607136,43.208958,42.517125,8268
1592.731408,49.894834,49.409500,8270
1592.734526,59.445750,58.825375,8269
1592.758795,51.912875,51.248167,8271
1592.790575,25.369167,24.896959,8272
1592.829169,43.012084,42.464334,8273
1592.871908,41.116250,40.636750,8274
1592.979595,82.354709,81.865292,8275
1593.074465,66.094292,65.477709,8276
1593.166502,46.994500,46.537459,8277
1593.217235,47.531750,47.051375,8278
1593.293889,63.282333,62.943709,8279
1593.316292,53.652083,53.056500,8280
1593.335357,38.268417,37.826833,8281
1593.366841,25.111042,24.611708,8282
1593.403754,35.698250,35.022458,8283
1593.488421,35.604042,35.100917,8284
1593.600269,36.327667,35.614541,8285
1593.679475,43.882709,43.445500,8286
1593.692320,48.398584,47.842375,8287
1593.741622,66.520125,65.956042,8288
1593.774619,43.295000,42.949958,8289
1593.846183,50.676792,49.793625,8291
1593.858965,72.772875,72.184292,8290
1593.860220,46.552625,46.176375,8292
1593.926346,29.080917,28.627375,8293
1593.974931,45.265791,44.617416,8295
1593.975088,50.335250,49.663833,8294
1594.058619,50.244833,49.734125,8296
1594.164413,44.948458,44.610125,8297
1594.216770,41.462750,40.986750,8298
1594.280685,50.066334,49.443333,8299
1594.386941,45.262875,44.904417,8300
1594.452539,71.673000,70.950541,8301
1594.493505,40.681958,40.205375,8302
1594.551346,45.539667,45.067166,8303
1594.624777,60.848375,60.288667,8304
1594.692235,60.701375,60.041042,8305
1594.728125,53.127375,52.484250,8306
1594.755629,52.312459,51.709875,8307
1594.772403,66.729833,65.919292,8308
1594.828369,42.230709,41.675084,8309
1594.916282,43.024917,42.532875,8310
1594.974499,77.235376,76.487542,8311
1595.041558,33.184375,32.681833,8313
1595.055237,71.114750,70.789833,8312
1595.123540,64.860833,64.171625,8314
1595.137238,77.036750,76.713000,8315
1595.139046,69.195583,68.625375,8316
1595.170471,50.974291,50.256500,8317
1595.252340,48.424250,47.728333,8318
1595.276326,45.728083,45.213292,8319
1595.306630,58.344417,57.752041,8321
1595.312150,71.446083,70.744041,8320
1595.421565,79.820416,79.092125,8322
1595.534558,81.713042,81.202042,8323
1595.654429,90.476750,89.737667,8324
1595.668245,86.598751,85.714709,8325
1595.744095,68.946791,68.203042,8326
1595.878893,101.507000,100.357834,8327
1595.888060,101.873916,101.254417,8328
1595.986100,130.455500,129.520417,8329
1596.018843,121.527583,120.095208,8330
1596.059723,138.595333,136.493875,8331
1596.079222,89.343042,88.634292,8333
1596.090761,158.538334,157.855833,8332
1596.153660,59.433500,58.685083,8336
1596.153950,145.036208,144.539791,8334
1596.177381,92.816791,92.481959,8335
1596.214501,95.046000,94.086417,8337
1596.219455,61.776458,61.101834,8339
1596.262064,31.461500,30.744000,8340
1596.269323,119.511583,118.762291,8338
1596.312592,40.490042,39.709542,8341
1596.354811,55.602167,55.029625,8342
1596.365838,42.912334,42.375375,8343
1596.400465,58.743417,58.089500,8344
1596.499692,46.900583,46.158584,8345
1596.606809,42.872666,42.368375,8346
1596.660529,38.125208,37.623250,8347
1596.690630,40.212666,39.722958,8348
1596.722492,39.050666,38.264042,8350
1596.756525,81.439167,80.888791,8349
1596.855944,69.816834,69.137833,8351
1596.923466,41.750333,41.134625,8352
1596.942885,45.609375,45.000375,8353
1597.047035,44.528166,43.991500,8354
1597.060433,52.073875,51.428125,8355
1597.130241,41.524583,40.896625,8356
1597.167608,74.641291,73.779708,8357
1597.173058,53.533083,52.904250,8358
1597.208147,68.833041,68.288792,8359
1597.272367,41.764625,41.309041,8360
1597.378416,36.706250,36.285083,8361
1597.457588,44.108167,43.560125,8362
1597.495252,42.424084,41.692292,8364
1597.496394,52.993792,52.417167,8363
1597.565691,43.108625,42.506625,8365
1597.601789,37.815167,37.059167,8366
1597.639731,42.017208,41.454875,8367
1597.684126,41.718833,41.058209,8368
1597.713695,38.605584,38.061625,8369
1597.778245,41.332667,40.590084,8370
1597.804510,49.265125,48.727292,8371
1597.851475,65.334208,64.726958,8372
1597.864292,35.775250,35.147584,8373
1597.940182,42.918750,42.445667,8374
1598.059727,51.358708,50.702458,8375
1598.062138,34.869625,34.267917,8376
1598.105092,35.692125,34.988041,8377
1598.155597,36.111541,35.442750,8378
1598.238349,41.088542,40.709666,8379
1598.266540,35.959875,35.400458,8380
1598.368997,27.285125,26.611375,8382
1598.381850,64.996750,64.549333,8381
1598.495134,42.312959,41.712417,8383
1598.504879,47.765667,47.255542,8384
1598.577945,61.175334,60.502458,8385
1598.603730,39.800542,39.251334,8386
1598.676748,33.533792,33.082292,8387
1598.721321,46.262125,45.488042,8388
1598.744725,45.518375,44.966833,8389
1598.774185,64.808333,64.052625,8390
1598.794528,79.293083,78.604458,8391
1598.832831,46.670458,46.068167,8392
1598.937463,40.196916,39.891833,8393
1598.972761,34.187125,33.821375,8395
1598.977194,51.883417,51.291334,8394
1599.030502,50.817958,50.203125,8396
1599.052690,44.332167,43.753791,8397
1599.101902,42.428459,42.044042,8398
1599.140173,61.427333,60.665792,8399
1599.166858,47.365500,46.825917,8400
1599.290545,59.944792,59.254417,8401
1599.324957,40.804458,40.393792,8402
1599.379160,37.446791,36.988875,8404
1599.411450,76.251000,75.763917,8403
1599.517705,64.892333,64.207500,8405
1599.604311,40.395250,39.971166,8406
1599.623850,43.985375,43.349250,8407
1599.724387,49.297209,47.566458,8408
1599.729710,52.999333,52.614917,8409
1599.765489,56.186959,55.545583,8410
1599.823551,37.376209,36.736584,8411
1599.911648,28.571375,28.136500,8412
1599.965271,68.009083,67.346417,8413
1599.978587,45.878292,45.249166,8414
1599.996329,31.597416,31.003292,8416
1600.034587,71.508500,71.043875,8415
1600.052718,44.350833,43.900500,8417
1600.147507,28.045209,27.521375,8418
1600.258497,27.901125,27.419291,8419
1600.292063,39.999459,39.210208,8420
1600.398185,84.753667,83.541500,8421
1600.464911,123.184542,122.605000,8422
1600.488230,119.597333,118.658750,8423
1600.500835,116.178709,115.691917,8424
1600.570786,117.971000,117.450667,8425
1600.645230,80.935750,79.978500,8426
1600.731815,83.968209,82.518041,8427
1600.757728,81.584417,80.867500,8428
1600.871367,85.157334,84.554750,8429
1600.896061,82.436083,81.429542,8430
1600.991623,94.373708,93.831208,8431
1601.019064,92.296750,91.560583,8432
1601.077417,68.714333,67.945500,8433
1601.165915,46.448792,45.892875,8434
1601.284551,53.949875,53.323959,8435
1601.403562,61.850542,61.395833,8436
1601.465381,67.983709,67.501000,8437
1601.495653,49.426708,48.885083,8438
1601.508392,55.614416,55.092334,8439
1601.627993,64.046208,63.400458,8440
1601.678484,43.118250,42.483583,8441
1601.721120,46.035208,45.498833,8442
1601.817664,31.510500,31.036541,8443
1601.847872,53.543875,52.858167,8444
1601.950934,53.655291,53.148083,8445
1602.051298,42.903000,42.183750,8446
1602.156182,36.674167,36.203708,8447
1602.269808,39.229458,38.758708,8448
1602.333994,40.871541,40.356458,8449
1602.383352,41.645042,41.172833,8450
1602.497611,44.800000,44.326625,8451
1602.535162,58.093584,57.509083,8452
1602.591170,27.216584,26.658042,8453
1602.720793,45.707083,45.198709,8454
1602.847419,61.252917,60.727625,8455
1602.908209,39.454625,38.870708,8456
1602.965360,68.112333,67.486417,8457
1603.050063,41.685000,41.329458,8458
1603.144472,25.000792,24.485417,8459
1603.257105,57.848583,57.129625,8460
1603.273689,43.058167,42.363417,8461
1603.338884,74.774584,74.144292,8462
1603.382297,36.608833,35.922833,8464
1603.394634,52.913000,52.337833,8463
1603.453471,41.518167,40.916750,8465
1603.499125,46.285166,45.607042,8466
1603.610847,46.914584,46.091500,8468
1603.620664,59.509041,59.079125,8467
1603.651903,60.409417,59.831625,8469
1603.710671,35.589458,34.915708,8470
1603.762671,35.809083,35.165959,8471
1603.823649,37.511250,37.202375,8472
1603.892137,40.954083,40.582500,8473
1603.971437,74.164125,73.492708,8474
1604.048929,40.557709,39.923625,8475
1604.094327,36.925583,36.271375,8476
1604.124073,47.130709,46.451708,8477
1604.154945,35.453833,34.838708,8478
1604.217239,35.049584,34.549083,8479
1604.257365,44.571625,44.003750,8480
1604.295981,65.405667,64.866375,8481
1604.328086,41.552000,40.939500,8482
1604.338777,37.407708,36.807750,8483
1604.382436,40.717834,40.266625,8484
1604.485539,53.593750,52.932833,8485
1604.491620,38.759583,38.116166,8486
1604.518269,38.831917,38.278333,8487
1604.609096,45.193458,44.605458,8488
1604.627143,36.828459,36.333791,8489
1604.695561,52.342500,51.870875,8490
1604.726565,47.445126,46.874334,8492
1604.739105,64.039209,63.384417,8491
1604.821402,35.249958,34.602166,8493
1604.849786,52.328791,51.638125,8494
1604.877496,56.250833,55.615291,8495
1604.945794,48.524583,48.154167,8496
1605.061493,53.108125,52.574958,8497
1605.172758,53.274959,52.766875,8498
1605.282992,52.367875,51.922208,8499
1605.361922,57.344291,56.827750,8500
1605.422918,81.169083,80.316250,8501
1605.499591,93.638125,92.687291,8502
1605.546818,104.318667,102.782167,8503
1605.563960,111.157666,110.427625,8504
1605.632668,68.722208,68.097458,8505
1605.767984,92.887667,90.185375,8506
1605.793366,90.985125,90.504167,8507
1605.850748,64.099000,63.518000,8508
1605.940102,96.197792,95.375875,8509
1605.977645,80.327042,79.579791,8510
1606.082574,74.104625,73.313917,8511
1606.163115,43.588708,42.470458,8514
1606.169715,70.467542,69.764042,8512
1606.185617,71.342250,70.729167,8513
1606.270940,40.361417,39.993042,8515
1606.298300,48.198792,47.516291,8516
1606.327177,52.839500,52.325583,8517
1606.406813,65.102916,64.601833,8518
1606.499181,46.399209,45.908333,8519
1606.544097,64.028708,63.229833,8520
1606.563054,49.756584,49.145833,8521
1606.601170,37.242625,36.746792,8523
1606.603239,55.381375,54.672333,8522
1606.723164,48.140750,47.584542,8524
1606.741715,41.633084,41.066667,8525
1606.828449,42.297791,41.674792,8526
1606.888419,41.731959,41.093500,8527
1606.924567,27.289792,26.822834,8528
1606.985498,37.677500,37.111958,8529
1607.011335,52.809167,51.975583,8530
1607.060174,51.794750,51.070541,8531
1607.158925,39.429250,38.992916,8532
1607.271354,40.734750,40.170959,8533
1607.304719,51.323417,50.779458,8534
1607.377163,35.451500,34.906667,8535
1607.426852,42.984958,42.413875,8536
1607.460398,55.550250,54.961958,8537
1607.520927,68.124292,67.538334,8538
1607.595548,31.644667,31.008250,8539
1607.623571,28.184625,27.494250,8540
1607.703095,28.073209,27.536833,8541
1607.826681,40.554791,40.202458,8542
1607.924879,27.590209,27.103708,8543
1608.051922,43.535333,43.023166,8544
1608.110118,46.671916,46.027625,8545
1608.166786,47.318250,46.817459,8546
1608.236200,52.604708,52.026333,8547
1608.261198,47.571125,46.916625,8548
1608.276439,45.860792,45.145625,8549
1608.313836,41.881292,41.338791,8550
1608.380154,38.432916,37.921333,8551
1608.395566,31.883834,31.243916,8552
1608.488160,35.311500,34.778334,8553
1608.588786,48.876625,48.273459,8554
1608.608029,44.060916,43.509958,8555
1608.700412,25.334167,24.822000,8556
1608.775380,24.992333,24.493583,8557
1608.821360,35.213500,34.520500,8558
1608.880365,40.599709,39.881625,8559
1608.938103,40.884959,40.334875,8560
1609.048352,43.596291,42.868000,8561
1609.055533,47.128666,46.513542,8562
1609.156293,36.804833,36.278667,8563
1609.278642,48.046542,47.558875,8564
1609.400540,58.840541,58.339458,8565
1609.415900,38.487167,37.918125,8567
1609.422920,70.840583,70.367500,8566
1609.496633,43.824958,43.291791,8569
1609.504910,85.225000,84.470750,8568
1609.537501,76.709500,75.983833,8570
1609.543779,74.111042,73.613458,8571
1609.588322,43.903125,43.479625,8572
1609.624624,28.180250,27.728750,8574
1609.632446,68.510167,67.598126,8573
1609.656226,27.266167,26.736208,8575
1609.734315,59.219416,58.505125,8577
1609.742512,67.784500,67.340000,8576
1609.769129,90.288041,89.355292,8578
1609.832147,49.655958,49.207958,8579
1609.834679,48.540917,48.040708,8580
1609.975426,78.157917,77.449458,8581
1610.065848,57.473500,56.999834,8582
1610.067647,44.528750,43.964958,8583
1610.116598,40.837416,40.466125,8584
1610.164513,45.026917,44.415000,8585
1610.259366,28.774083,28.326084,8586
1610.425572,95.503625,93.459334,8587
1610.436808,95.079542,94.390917,8588
1610.532512,78.828458,78.076834,8589
1610.590047,89.411000,88.656167,8590
1610.641345,92.849750,92.290042,8591
1610.673496,108.324417,107.353750,8592
1610.735805,94.611416,93.772875,8593
1610.777575,102.507416,101.982125,8594
1610.826588,107.042833,106.268167,8595
1610.904970,117.892834,117.440750,8596
1610.912640,122.354750,119.804417,8597
1610.975656,111.830250,111.093208,8598
1610.987662,90.433000,89.711417,8599
1611.085991,77.522375,76.142208,8600
1611.154719,35.247333,34.773958,8601
1611.276131,45.821125,45.162542,8603
1611.290440,59.868958,59.394125,8604
1611.303039,72.969459,72.483833,8602
1611.325023,37.920458,37.418500,8606
1611.357355,116.375583,115.524208,8605
1611.386491,44.772000,43.992958,8607
1611.493129,40.307167,39.677750,8608
1611.614502,50.562167,49.842333,8609
1611.725772,50.738042,50.177750,8611
1611.730200,55.178375,54.675834,8610
1611.807343,42.111125,41.715625,8612
1611.857862,71.725500,71.059916,8613
1611.924305,27.038667,26.742917,8614
1612.040499,35.312083,34.779500,8615
1612.070711,62.322750,61.807958,8616
1612.090479,45.451583,44.949917,8618
1612.126233,81.344084,80.920875,8617
1612.160573,57.664542,57.120000,8620
1612.167638,84.746666,84.073209,8619
1612.185604,66.121708,65.384959,8621
1612.224114,102.780417,102.112208,8622
1612.258692,54.764791,54.023959,8623
1612.278071,47.491500,46.931208,8624
1612.324209,42.365750,41.762000,8625
1612.383512,41.798459,41.176334,8626
1612.526593,73.793125,73.224083,8627
1612.604972,41.022041,40.513083,8628
1612.705948,30.882541,30.533416,8629
1612.773457,32.924500,32.442375,8631
1612.786515,82.429958,81.681833,8630
1612.820145,33.986167,33.480417,8632
1612.882545,79.339459,78.579667,8633
1612.944568,47.293166,46.855375,8634
1612.992148,57.049125,56.399875,8635
1613.073923,65.571334,65.213750,8636
1613.123732,62.923292,62.325084,8637
1613.125997,36.872791,36.210417,8638
1613.183631,64.188834,63.555625,8639
1613.231640,44.867084,44.202958,8640
1613.275177,44.543916,43.875417,8641
1613.280314,45.811500,45.276584,8642
1613.381487,39.790625,39.298291,8644
1613.394609,64.409625,63.926625,8643
1613.499656,46.862666,46.172875,8645
1613.580822,41.934084,41.289792,8647
1613.587639,62.606250,61.924625,8646
1613.609496,45.571459,44.880500,8648
1613.647102,43.500334,43.131958,8649
1613.665170,50.481958,49.846417,8650
1613.712957,37.852209,37.362500,8651
1613.759574,40.937459,40.300166,8653
1613.766028,53.360125,52.768334,8652
1613.837051,54.235125,53.796167,8654
1613.861777,74.065541,73.363500,8656
1613.867299,81.141667,80.742958,8655
1613.899241,92.960875,92.101333,8657
1613.934738,37.475375,36.903416,8658
1614.014989,69.905792,69.386042,8659
1614.037606,39.991875,39.280208,8660
1614.067782,51.556167,50.828750,8662
1614.072923,64.557208,63.903583,8661
1614.157597,38.110917,37.652417,8663
1614.205753,41.137250,40.676125,8664
1614.284557,53.942000,53.042792,8665
1614.410461,68.732125,68.116125,8666
1614.504180,51.361042,51.077834,8667
1614.571392,47.961084,47.166291,8668
1614.625378,61.457667,60.824459,8669
1614.634745,68.651625,67.541250,8670
1614.637816,47.160459,46.219541,8671
1614.714623,39.565459,39.128833,8672
1614.819963,36.052334,35.618625,8673
1614.842360,56.193375,55.562208,8674
1614.954893,57.622833,56.935666,8675
1615.047445,39.059708,38.409000,8676
1615.106940,64.890583,64.223834,8677
1615.146806,27.307875,26.841792,8678
1615.209464,41.649709,41.048292,8679
1615.276769,46.173458,45.509625,8680
1615.424098,82.400792,81.753875,8681
1615.522609,69.759375,69.052959,8682
1615.574121,81.791500,81.086250,8683
1615.682173,131.023958,130.378208,8684
1615.704112,140.182000,139.326833,8685
1615.713975,139.854459,139.496291,8686
1615.766632,90.767250,89.893125,8687
1615.912990,126.829792,126.396375,8688
1615.937863,126.846126,126.164792,8690
1615.942830,133.734417,133.260458,8689
1616.012074,114.802625,112.385291,8691
1616.058969,116.232084,115.645542,8693
1616.125382,116.471541,114.728250,8694
1616.127392,214.927416,214.281083,8692
1616.177466,70.905916,69.410833,8695
1616.178436,58.973250,57.860834,8696
1616.243181,41.734875,41.155041,8697
1616.267823,37.233584,36.663667,8698
1616.381540,39.821834,39.223333,8699
1616.485045,32.225375,31.717000,8700
1616.560729,53.262417,52.742375,8701
1616.611346,47.417708,47.004417,8702
1616.617549,41.580583,41.111000,8703
1616.705151,30.121291,29.605041,8704
1616.824866,38.712916,38.095458,8705
1616.865257,47.839458,47.113792,8706
1616.947534,58.337417,57.815042,8707
1616.959254,62.032833,61.620417,8708
1616.977286,75.459708,74.609208,8709
1617.032383,37.112834,36.662792,8710
1617.059444,51.032041,50.429750,8711
1617.164825,45.346583,44.945833,8712
1617.226505,61.238334,60.802000,8714
1617.229589,67.998292,67.459583,8713
1617.249041,54.076167,53.378792,8715
1617.271427,44.782792,44.412084,8716
1617.304919,74.312292,73.902500,8717
1617.387455,45.731583,44.950208,8719
1617.390657,67.701375,67.050375,8718
1617.418641,69.899084,69.367375,8720
1617.499113,46.280792,45.695417,8721
1617.520267,53.555541,52.826084,8722
1617.605537,41.580583,40.898958,8723
1617.712317,37.256625,36.899333,8724
1617.757123,60.447041,59.820833,8725
1617.767813,36.694875,36.229375,8726
1617.835788,49.651875,49.223417,8727
1617.862169,38.447791,37.710166,8728
1617.921257,49.387625,48.902000,8729
1617.958320,61.072958,60.526959,8730
1617.996431,42.844667,42.219625,8731
1618.025819,55.923292,55.376125,8732
1618.062055,53.681250,53.001083,8733
1618.158346,38.850584,38.478125,8734
1618.218875,73.361750,72.598750,8735
1618.278504,47.905958,47.246208,8736
1618.378090,36.407000,36.103958,8737
1618.495214,42.444792,42.006417,8738
1618.618204,54.292583,53.752417,8739
1618.688098,46.820083,45.327626,8740
1618.726910,51.844333,50.967292,8742
1618.727331,68.789000,68.238334,8741
1618.836243,50.103958,49.562042,8743
1618.917356,45.820541,45.359125,8744
1618.946897,49.653042,49.107042,8745
1618.982950,69.615583,68.768875,8746
1619.012249,39.276417,38.636208,8747
1619.052223,28.916417,28.221084,8749
1619.090962,82.603209,81.967375,8748
1619.156650,37.192750,36.733667,8750
1619.310428,79.832083,79.117208,8751
1619.415496,73.787292,73.294084,8752
1619.476989,33.818458,33.187291,8753
1619.506029,53.189209,52.454209,8754
1619.623689,59.759000,58.866500,8755
1619.705730,30.693833,30.011042,8756
1619.822729,36.581125,36.178041,8757
1619.956130,58.839375,58.139083,8758
1620.042210,51.433375,50.754667,8759
1620.051872,43.505875,42.917000,8760
1620.159460,39.909916,39.273792,8762
1620.163964,51.924250,51.422875,8761
1620.292203,61.635000,61.014042,8763
1620.422570,80.871000,80.412792,8764
1620.506343,89.159292,88.541833,8765
1620.544130,90.525750,89.911500,8766
1620.622103,121.809333,120.220917,8767
1620.664911,132.154459,131.703833,8768
1620.665108,100.966250,100.386417,8769
1620.743244,67.865292,67.139625,8770
1620.861247,74.932959,74.384625,8771
1620.991434,124.402541,123.924500,8772
1620.996295,119.380625,118.662833,8773
1621.033326,135.150458,134.313083,8774
1621.093690,184.765291,184.149292,8775
1621.105055,96.064208,95.250167,8777
1621.135682,165.892708,164.043250,8776
1621.182240,172.990125,172.470375,8778
1621.183804,64.313083,63.803834,8779
1621.304544,73.941583,72.846375,8780
1621.327404,59.186167,58.586500,8782
1621.327779,60.918083,60.491375,8781
1621.369923,28.195708,27.812167,8783
1621.480123,27.304376,26.779083,8784
1621.592496,47.422375,46.718000,8785
1621.608342,44.432208,43.852958,8786
1621.715970,40.939208,40.577834,8787
1621.759380,64.740667,64.188250,8788
1621.799381,44.416167,43.929958,8789
1621.848064,61.916166,61.364625,8790
1621.856616,51.204125,50.409042,8792
1621.867912,69.920958,69.267625,8791
1621.933126,35.861583,35.197167,8793
1621.977272,43.568292,42.896583,8794
1622.015523,27.596333,27.149208,8795
1622.076610,68.202458,67.412334,8796
1622.153805,34.317208,33.860167,8797
1622.194872,24.796333,24.344833,8798
1622.274343,43.763125,43.203417,8799
1622.315292,44.366292,43.870459,8800
1622.348771,58.977333,58.483833,8801
1622.407932,75.832750,75.238041,8802
1622.407967,66.234875,65.535458,8803
1622.419600,65.612458,64.790541,8804
1622.486147,33.382417,32.679208,8806
1622.487567,73.687833,73.156125,8805
1622.553399,27.130250,26.550125,8807
1622.590754,46.747750,45.926125,8808
1622.611293,47.353542,46.753000,8809
1622.716497,41.391292,41.006291,8810
1622.800663,82.282959,81.272334,8811
1622.832161,46.021500,45.449542,8812
1622.858896,62.057334,61.448042,8814
1622.878281,82.191375,81.507709,8813
1622.906329,59.002709,58.107583,8815
1622.936104,38.829875,38.286792,8816
1623.044282,35.907084,35.379750,8817
1623.143656,30.433084,29.664833,8818
1623.168038,48.853583,48.269666,8819
1623.200781,81.249292,80.673250,8820
1623.305614,74.994791,74.340000,8821
1623.354666,38.972500,38.581375,8822
1623.400902,59.153500,58.437167,8823
1623.480371,27.544709,26.709958,8824
1623.580934,33.060125,32.519667,8825
1623.645142,81.185708,80.379833,8826
1623.725177,50.095209,49.525000,8827
1623.739158,57.589000,57.019666,8828
1623.764184,70.691250,70.091584,8829
1623.816858,45.293792,44.625584,8831
1623.822435,54.263417,53.844000,8830
1623.862447,76.304667,75.772083,8832
1623.876332,50.722584,50.286250,8833
1623.921522,46.172875,45.565333,8834
1623.941961,44.701708,44.227167,8835
1623.979227,61.193708,60.531916,8836
1624.031044,62.286000,61.775292,8837
1624.089548,81.179000,80.619000,8838
1624.156941,37.472750,36.512000,8839
1624.224640,28.666458,27.483458,8840
1624.259567,39.607459,38.984167,8841
1624.286898,56.294000,55.428334,8843
1624.296785,71.320376,70.488542,8842
1624.341837,52.418625,51.907334,8844
1624.392570,50.837208,50.416333,8846
1624.406197,66.160208,65.387292,8845
1624.433884,71.187959,70.527625,8847
1624.467498,89.413041,88.981958,8848
1624.536521,83.706584,83.216291,8849
1624.538946,64.569458,64.147709,8850
1624.543955,52.857875,52.153791,8851
1624.605402,41.463916,40.823708,8854
1624.606697,81.126209,80.538208,8852
1624.647062,100.503667,99.743875,8853
1624.726086,51.040500,50.385417,8855
1624.779239,55.640375,54.896042,8857
1624.786756,43.729583,43.204292,8858
1624.795324,78.474375,77.677250,8856
1624.836912,50.771875,45.840666,8860
1624.862437,46.670750,46.005166,8861
1624.869977,104.520500,103.971292,8859
1624.939248,41.983667,41.535083,8862
1625.043376,34.967625,34.506500,8863
1625.120973,35.064750,34.663125,8864
1625.158096,35.756000,35.187250,8866
1625.200303,51.400417,49.954917,8868
1625.230147,110.639667,109.977000,8865
1625.231183,107.720083,107.029708,8867
1625.238239,42.664417,42.081667,8869
1625.281156,30.291625,29.681750,8871
1625.315725,85.113000,84.650708,8870
1625.339812,78.866084,78.040083,8872
1625.364085,72.221625,70.674041,8873
1625.446765,102.181042,101.436125,8875
1625.458378,116.684750,116.300916,8874
1625.547462,122.301375,121.369791,8876
1625.586506,133.644875,132.813333,8877
1625.601993,136.539084,136.021083,8878
1625.658854,94.916209,94.055792,8879
1625.764819,89.721625,88.973209,8880
1625.787695,84.372167,83.928250,8881
1625.859419,73.178584,72.684500,8882
1625.950562,96.137708,95.522292,8883
1626.004545,107.228916,105.863917,8884
1626.006229,106.510250,105.942959,8885
1626.099152,90.747417,89.827208,8888
1626.102416,183.758458,182.831250,8886
1626.183694,259.564084,258.725250,8887
1626.189919,69.513208,68.785500,8889
1626.206030,58.580666,58.148709,8890
1626.302523,71.922667,71.395333,8891
1626.308816,40.498500,40.008500,8893
1626.310183,67.458125,66.920875,8892
1626.377677,35.959292,35.391417,8894
1626.506456,53.641875,53.132625,8895
1626.533780,77.580417,77.002625,8896
1626.534446,78.193791,77.402791,8897
1626.560362,86.500458,85.753209,8898
1626.606985,60.234416,59.533541,8899
1626.620994,73.394125,72.830916,8900
1626.644572,80.632708,79.893917,8901
1626.690829,118.245750,117.752250,8902
1626.735685,86.938250,86.144916,8903
1626.738519,69.273459,68.757792,8904
1626.750396,75.326125,74.636334,8905
1626.839397,51.040792,50.528333,8907
1626.854779,68.619541,68.236000,8906
1626.877503,80.289708,79.678375,8908
1626.888565,74.898833,74.091791,8909
1626.938624,41.344334,40.476625,8911
1626.961128,128.223666,127.588417,8910
1626.971480,65.089500,64.657250,8912
1627.045542,37.163000,36.680875,8913
1627.082428,53.002542,52.289126,8914
1627.111821,55.185083,54.543417,8915
1627.177963,57.190875,56.660334,8917
1627.182739,63.226625,62.691709,8916
1627.193411,68.618375,68.147333,8918
1627.223048,95.055334,94.523333,8919
1627.281867,53.104625,52.577291,8922
1627.297355,66.740333,65.933583,8923
1627.299085,158.277875,157.486875,8920
1627.372233,69.973750,29.068666,8928
1627.373416,205.511250,204.737166,8921
1627.408519,66.812375,66.160792,8929
1627.420187,184.054500,183.193500,8924
1627.444220,72.044292,71.454250,8930
1627.501349,246.102792,245.457042,8925
1627.516248,107.567834,66.367583,8931
1627.537781,84.963666,84.149042,8933
1627.541485,62.763167,62.092042,8934
1627.551574,288.516083,287.705542,8926
1627.615651,337.108625,336.422334,8927
1627.659336,95.450834,53.970000,8938
1627.689351,134.816208,93.443000,8937
1627.711148,300.562792,258.168167,8932
1627.734993,64.492459,63.607250,8941
1627.757250,82.152001,40.769458,8942
1627.762982,247.742251,247.005209,8935
1627.821345,103.752834,62.873126,8943
1627.826970,40.747875,40.148792,8945
1627.830213,85.208959,43.794333,8944
1627.873250,351.445792,310.236209,8936
1627.880339,309.501208,308.753667,8939
1627.887176,58.555583,57.964667,8946
1627.951155,53.948125,53.568959,8947
1627.967320,51.124500,50.453375,8948
1627.992230,410.834667,369.661833,8940
1628.007192,86.248750,85.587833,8949
1628.046929,71.351875,70.091583,8951
1628.052917,123.164708,119.164500,8950
1628.082263,73.899000,72.738459,8952
1628.089821,59.733625,59.134542,8953
1628.138385,51.141125,50.412541,8954
1628.188979,72.279959,71.520166,8955
1628.210608,91.105292,90.283083,8956
1628.222374,76.717667,76.163209,8957
1628.233844,66.024291,65.448250,8958
1628.278579,47.957583,47.261375,8959
1628.288233,43.607375,42.874709,8960
1628.355429,49.213209,48.496000,8961
1628.392871,51.110208,50.469125,8963
1628.409353,68.823708,67.913709,8962
1628.432897,65.157750,64.761958,8964
1628.467294,65.046625,64.319792,8965
1628.488898,65.112251,64.746500,8966
1628.519464,66.628917,65.933292,8967
1628.560209,57.689625,57.210125,8969
1628.584127,72.488500,72.047208,8970
1628.589786,136.097209,135.485583,8968
1628.624181,60.248416,59.595375,8971
1628.637603,63.893667,63.208250,8972
1628.719487,44.426375,43.638583,8974
1628.730299,63.406292,62.713583,8973
1628.771922,61.166292,60.175208,8975
1628.785322,71.880667,71.036000,8976
1628.794705,61.333708,60.896792,8977
1628.836959,50.835750,50.073917,8981
1628.839432,90.173125,89.548375,8978
1628.882112,126.997500,125.684708,8979
1628.936859,168.487666,167.771333,8980
1628.965069,67.798792,67.256875,8982
1628.975112,72.109916,71.532708,8983
1629.002338,74.778083,74.272625,8984
1629.042995,56.613083,56.068250,8988
1629.059813,51.424625,50.720542,8989
1629.061810,130.747750,130.079833,8985
1629.122823,189.758334,189.247625,8986
1629.146050,66.685500,66.070958,8990
1629.180563,231.459959,229.133333,8987
1629.183062,86.091542,85.314834,8991
1629.223392,53.917792,53.086542,8993
1629.223580,104.075709,103.440750,8992
1629.287316,56.729167,56.007291,8994
1629.393338,51.624708,51.204125,8995
1629.407099,41.781250,41.076875,8996
1629.492619,39.816875,39.226250,8998
1629.500531,75.988209,75.467583,8997
1629.544917,47.736208,47.286166,8999
1629.571567,46.790042,45.941000,9000
1629.602729,72.859792,71.980417,9001
1629.603434,39.545917,39.131167,9002
1629.699161,41.847459,41.318375,9003
1629.741284,44.426083,43.769250,9005
1629.753317,78.235792,77.480083,9004
1629.782112,57.614959,57.057292,9006
1629.839374,53.218375,52.727500,9007
1629.921939,61.560042,60.906708,9008
1629.934264,72.326042,71.744458,9009
1629.941029,71.920917,71.253584,9010
1629.977133,107.818375,107.239417,9011
1630.034143,154.886958,154.053084,9012
1630.042781,65.988708,65.330709,9014
1630.069806,172.527250,171.792250,9013
1630.082302,73.962583,73.334625,9015
1630.161504,42.042000,41.536542,9016
1630.275524,48.143667,47.489750,9018
1630.292876,62.303209,61.612541,9019
1630.305105,80.892583,80.301666,9017
1630.321190,45.080292,44.604584,9021
1630.403222,136.594208,135.901500,9020
1630.451710,118.804000,118.189458,9023
1630.505939,174.004250,172.390750,9022
1630.561119,224.487084,223.860583,9024
1630.588334,135.508626,92.051750,9030
1630.681531,170.035834,128.634917,9031
1630.695184,353.448667,351.088792,9025
1630.712787,151.643625,110.277125,9032
1630.812200,459.326292,458.408126,9026
1630.861144,179.594333,138.154625,9034
1630.872047,176.785875,133.754250,9035
1630.923166,562.056542,561.303751,9027
1631.033630,651.442750,650.849208,9028
1631.046199,174.114500,130.104917,9039
1631.052713,191.545375,148.056708,9038
1631.193215,777.667042,736.175417,9029
1631.215310,181.639208,140.849333,9041
1631.236304,190.072750,147.703208,9042
1631.281308,692.936417,652.059333,9033
1631.298290,105.031792,63.934792,9044
1631.325205,109.854501,68.733875,9045
1631.335203,622.372042,580.751501,9036
1631.391180,92.849750,51.641625,9048
1631.396337,114.979959,74.161792,9047
1631.403317,591.080000,550.276417,9037
1631.467252,544.042626,497.289042,9040
1631.482182,85.806000,45.108000,9052
1631.500361,109.080708,68.368708,9051
1631.522238,469.488834,428.002459,9043
1631.578288,96.068292,54.731833,9055
1631.579223,111.932916,70.382375,9054
1631.593400,357.050750,315.211750,9046
1631.635303,310.056834,268.734667,9049
1631.687135,108.813541,67.976125,9058
1631.703289,124.032417,82.700625,9059
1631.721245,386.005667,344.648500,9050
1631.772293,368.942000,327.237750,9053
1631.815204,128.053917,86.839083,9062
1631.819370,318.967833,277.761459,9056
1631.831358,128.029125,86.566084,9063
1631.870289,348.026583,306.820500,9057
1631.915291,95.869958,54.170375,9067
1631.928335,113.105417,71.752333,9066
1631.934266,340.827375,299.580750,9060
1631.993184,357.846709,316.358875,9061
1632.010141,94.818209,53.119792,9070
1632.033316,104.946334,63.972709,9071
1632.058246,336.978542,294.977376,9064
1632.106289,333.954833,292.500542,9065
1632.115338,122.129000,81.412917,9073
1632.121158,110.996667,70.007583,9074
1632.170324,338.923667,297.292042,9068
1632.223220,352.896833,311.744125,9069
1632.228156,121.833833,79.414417,9077
1632.235364,119.986708,78.202833,9078
1632.277340,343.046959,301.795667,9072
1632.336271,108.093417,66.900458,9082
1632.340284,117.043792,76.257416,9081
1632.343245,309.886791,267.627208,9075
1632.418304,360.035667,318.522459,9076
1632.422329,82.016084,40.354125,9086
1632.465195,128.891000,88.128542,9085
1632.465195,344.014708,303.486167,9079
1632.504148,333.783917,292.446875,9080
1632.533153,114.818375,73.718166,9088
1632.579267,343.882000,302.838959,9083
1632.580179,114.977041,74.144583,9090
1632.612216,108.046750,67.334458,9092
1632.627292,349.913083,308.231000,9084
1632.693224,113.932292,71.607959,9094
1632.695355,115.150292,74.095000,9095
1632.705348,362.063042,321.010084,9087
1632.760243,337.869875,294.896000,9089
1632.792228,96.840625,55.961500,9099
1632.796159,102.895625,62.092042,9098
1632.829293,364.074376,322.533751,9091
1632.862136,101.856708,59.428250,9101
1632.885302,352.121875,311.354167,9093
1632.897232,104.958000,63.749291,9102
1632.940294,110.970708,69.769875,9104
1632.948290,336.030333,294.600834,9096
1632.968319,106.157917,64.860834,9105
1632.993298,365.968459,324.431917,9097
1633.043233,337.841583,296.344125,9100
1633.065325,124.992000,83.891792,9108
1633.066223,117.894291,76.247208,9109
1633.121299,325.114125,283.553666,9103
1633.143305,100.050709,58.592333,9112
1633.152143,86.787750,45.871583,9113
1633.175239,289.898000,248.302541,9106
1633.223280,101.943917,60.292458,9115
1633.231226,333.974083,292.743792,9107
1633.262215,118.867291,76.165250,9116
1633.266222,297.864584,256.231208,9110
1633.329282,335.946042,294.895416,9111
1633.335294,111.974042,71.052917,9119
1633.345411,114.155416,72.816916,9120
1633.367305,301.066500,258.243708,9114
1633.430272,278.110292,236.771792,9117
1633.461301,125.967042,84.218459,9124
1633.467263,137.936167,97.084458,9123
1633.473257,297.996709,257.021917,9118
1633.515308,253.057292,211.481375,9121
1633.538161,107.851333,66.524791,9127
1633.563249,101.906583,60.698167,9128
1633.573238,306.990250,266.052500,9122
1633.626196,110.856084,69.868167,9131
1633.634172,288.726083,247.233292,9125
1633.637111,98.928375,57.032209,9132
1633.718126,91.901833,50.865500,9135
1633.723279,355.935416,314.140750,9126
1633.725295,91.101792,50.056417,9136
1633.782134,314.833458,273.490583,9129
1633.819323,101.170417,60.080708,9138
1633.850265,376.992291,336.266583,9130
1633.851672,65.552667,64.919750,9140
1633.891181,134.654042,93.583584,9139
1633.911292,348.019000,307.031667,9133
1633.947290,95.576250,54.226084,9144
1633.958235,384.955084,344.081208,9134
1633.998367,107.160959,66.118792,9145
1634.022350,111.018250,69.511166,9146
1634.042306,84.040834,43.274000,9148
1634.052143,377.096125,336.031208,9137
1634.105303,102.547084,61.662125,9149
1634.126153,335.799042,295.222376,9141
1634.139150,116.762042,74.756792,9150
1634.187329,101.271625,60.533959,9152
1634.207324,101.971917,60.365666,9153
1634.208117,388.756083,345.346459,9142
1634.250310,70.210875,69.501250,9155
1634.254203,403.909333,361.788584,9143
1634.311336,120.922959,79.520291,9156
1634.317167,369.847334,328.180417,9147
1634.350285,307.947792,266.386750,9151
1634.370314,119.959875,78.320375,9159
1634.406219,94.840375,52.479291,9161
1634.411343,285.173875,244.431834,9154
1634.460288,109.973792,68.604375,9163
1634.463342,92.980708,51.261875,9164
1634.496219,89.957000,48.956250,9165
1634.507290,281.327667,238.789834,9158
1634.555317,91.941208,50.141875,9168
1634.562323,102.004875,60.790041,9167
1634.573327,319.081000,277.376167,9160
1634.627318,310.130917,269.054042,9162
1634.638305,75.940083,34.199083,9172
1634.681307,125.953625,85.183000,9171
1634.685253,477.890875,436.272084,9157
1634.753286,125.927667,79.631125,9174
1634.753286,341.924042,301.055708,9166
1634.768308,93.235625,51.852500,9175
1634.796311,300.046834,258.460417,9169
1634.861199,107.895666,66.441375,9178
1634.871286,117.966625,76.638625,9179
1634.877232,369.899834,328.474417,9170
1634.941096,79.884875,39.363625,9182
1634.965344,391.971125,350.931000,9173
1634.980311,108.994375,67.639250,9183
1635.003306,314.133167,272.461001,9176
1635.057308,361.397750,320.231333,9177
1635.066131,100.082792,58.909958,9186
1635.068212,127.103375,85.833125,9185
1635.107145,338.799125,296.646875,9180
1635.167134,100.983167,59.021959,9190
1635.168223,371.874416,330.299375,9181
1635.180250,122.908917,81.502750,9189
1635.220451,323.171917,281.953875,9184
1635.257327,269.044417,225.528917,9187
1635.300125,132.971416,92.465334,9193
1635.300202,291.806084,250.147917,9188
1635.305237,103.605250,62.817708,9194
1635.355354,50.282459,49.555916,9197
1635.384341,308.758042,266.846417,9191
1635.431256,128.702000,128.156291,9196
1635.496483,377.017667,335.358042,9192
1635.519353,135.488500,134.845958,9200
1635.558827,114.783375,114.134125,9202
1635.586437,355.826334,355.120208,9195
1635.705152,185.784667,144.550292,9205
1635.712348,153.496875,112.444208,9206
1635.742319,436.354917,395.124333,9198
1635.836526,494.799958,494.212542,9199
1635.875356,162.970500,120.616125,9209
1635.876153,170.979083,129.708541,9208
1635.952309,555.471583,555.058875,9201
1635.993317,156.766750,113.918584,9211
1636.060424,185.042375,143.458292,9212
1636.106609,653.788333,610.328833,9203
1636.122085,169.752625,127.252125,9214
1636.232277,171.832792,130.162084,9216
1636.240317,743.792292,701.911875,9204
1636.248257,141.615250,100.318750,9217
1636.293342,706.880126,665.094500,9207
1636.345294,602.937125,561.458042,9210
1636.357368,125.048583,84.242958,9219
1636.372209,131.860458,90.794667,9220
1636.388315,512.124667,468.897626,9213
1636.443216,449.865500,408.545084,9215
1636.454261,108.923792,67.589959,9223
1636.454263,96.854042,55.013292,9224
1636.492290,370.175751,328.571833,9218
1636.547137,103.902459,62.832875,9227
1636.552329,304.033042,262.463250,9221
1636.584436,130.133209,88.774000,9229
1636.615164,321.795250,280.785458,9222
1636.640310,93.148125,52.131333,9231
1636.659283,106.911000,65.775500,9232
1636.672297,300.056750,258.326542,9225
1636.700297,85.106583,44.165042,9234
1636.743287,354.930625,313.999583,9226
1636.761307,120.952416,79.541292,9235
1636.770214,110.904500,70.324334,9236
1636.800262,345.984334,305.011292,9228
1636.836244,92.917417,51.894792,9239
1636.858128,365.807167,322.099167,9230
1636.899127,137.776917,92.185334,9240
1636.905169,320.689250,278.354417,9233
1636.949289,91.136500,50.499750,9244
1636.966250,165.952500,125.116250,9242
1636.993315,320.978583,279.302625,9237
1637.036236,86.913750,45.990000,9247
1637.061312,360.977167,319.123292,9238
1637.068416,102.138166,61.324084,9248
1637.100160,329.907667,289.138209,9241
1637.150204,88.860333,48.233792,9251
1637.152145,115.889667,75.069458,9250
1637.163227,326.959500,286.433583,9243
1637.204153,305.008375,263.554959,9245
1637.249266,99.022292,57.608542,9254
1637.267259,362.073833,321.066958,9246
1637.276311,124.137709,82.067125,9255
1637.315301,321.945750,280.564375,9249
1637.359150,109.849541,69.064333,9258
1637.371218,302.746208,261.198291,9252
1637.374227,106.940166,65.504542,9259
1637.408227,308.045500,267.011500,9253
1637.473267,114.091542,73.193459,9262
1637.476294,105.043167,64.069542,9263
1637.488233,324.970916,283.891708,9256
1637.548239,344.066625,303.053625,9257
1637.574336,98.009333,57.046792,9267
1637.592156,315.805875,274.201667,9260
1637.607197,133.893667,91.404542,9266
1637.632316,316.972542,275.541584,9261
1637.660159,111.895000,71.293250,9269
1637.696278,121.786292,80.452750,9270
1637.704291,330.024334,281.351001,9264
1637.734230,101.877708,60.826792,9273
1637.763335,103.154334,62.176333,9274
1637.780343,372.090250,330.851209,9265
1637.813222,116.899125,74.782750,9275
1637.844156,109.906709,69.443209,9277
1637.857342,369.068001,327.283833,9268
1637.910123,129.742959,88.415542,9279
1637.913151,99.892625,58.943209,9280
1637.922254,330.069833,288.659000,9271
1637.978202,370.977542,329.913208,9272
1638.010217,100.071125,59.039750,9283
1638.031331,118.154458,76.561042,9284
1638.035215,330.891458,289.835875,9276
1638.056342,78.107167,37.132375,9286
1638.111212,100.953708,60.026167,9287
1638.119273,355.868042,314.999416,9278
1638.135305,103.936583,61.255250,9288
1638.176141,331.961291,291.184834,9281
1638.219277,108.024583,66.413083,9291
1638.230322,372.948333,331.767042,9282
1638.254341,135.049251,93.403333,9292
1638.274284,352.004917,310.846959,9285
1638.311339,92.031917,50.694584,9295
1638.347297,312.051834,270.771375,9289
1638.367137,136.780292,95.351375,9296
1638.367137,92.818542,52.056083,9298
1638.398302,341.918209,300.629292,9290
1638.435164,87.841250,46.538042,9300
1638.459156,91.999541,51.022125,9302
1638.480158,344.831084,296.131792,9293
1638.515235,80.045583,39.492250,9304
1638.539199,140.859833,99.482542,9303
1638.562231,386.069833,344.836042,9294
1638.572308,92.125250,50.857917,9306
1638.619206,103.929000,62.273458,9307
1638.629173,374.799250,332.472292,9297
1638.631367,92.126708,51.195666,9308
1638.669318,357.943833,316.809500,9299
1638.731296,102.083625,60.427500,9312
1638.738203,371.050458,330.017042,9301
1638.743311,124.063625,82.342459,9311
1638.797314,338.131208,296.678958,9305
1638.832291,94.047041,53.209916,9316
1638.858289,296.034083,254.832959,9309
1638.885132,153.797584,112.651000,9315
1638.902303,329.953167,289.162708,9310
1638.919138,121.782791,80.143292,9318
1638.961388,329.977084,285.747000,9313
1638.999302,114.141126,72.905292,9321
1639.002282,143.951500,102.677751,9320
1639.024278,354.917792,313.480709,9314
1639.061241,99.818250,58.880791,9324
1639.080134,336.786626,295.532709,9317
1639.106138,106.799291,66.258208,9325
1639.137327,113.005667,71.704500,9327
1639.170297,337.976334,296.579792,9319
1639.186201,106.042125,64.541458,9329
1639.214382,108.224083,67.460458,9330
1639.236336,333.989834,292.527958,9322
1639.294266,375.107542,334.362292,9323
1639.299324,113.089667,71.746500,9333
1639.300273,129.932833,88.885417,9332
1639.332149,329.830958,287.578375,9326
1639.388186,326.923042,285.962250,9328
1639.402101,102.739583,62.070750,9337
1639.421148,126.846417,85.299958,9336
1639.442215,304.837167,263.949000,9331
1639.499125,284.719750,243.975667,9334
1639.519238,117.118458,75.999875,9341
1639.519260,131.049625,90.191791,9340
1639.577141,340.764083,300.006292,9335
1639.597261,98.111709,56.886083,9344
1639.629337,110.077625,69.230000,9345
1639.637252,336.942375,294.459375,9338
1639.685284,353.108584,311.934000,9339
1639.697184,120.025208,79.277625,9347
1639.712158,114.862709,73.091667,9348
1639.737253,316.088208,275.304167,9342
1639.793121,107.799417,66.887625,9351
1639.808148,110.946500,70.452084,9352
1639.808207,365.958834,321.253042,9343
1639.856243,336.973875,292.146750,9346
1639.885109,91.967750,51.063833,9355
1639.907300,99.125833,58.098250,9356
1639.925307,295.928209,254.709584,9349
1639.985205,128.940292,87.071542,9358
1639.998136,360.864292,319.125334,9350
1640.004384,119.245292,78.432375,9359
1640.021320,309.141292,267.960291,9353
1640.075240,90.005125,48.678000,9362
1640.082244,344.974584,304.115291,9354
1640.110185,112.032083,69.790000,9363
1640.134297,326.076917,284.458417,9357
1640.164234,88.960666,47.648709,9366
1640.211189,128.925125,87.934291,9367
1640.213359,306.015208,265.074834,9360
1640.231324,96.990542,56.000583,9369
1640.267308,341.969541,300.955667,9361
1640.312287,98.883458,57.622834,9372
1640.322291,317.863583,276.506709,9364
1640.337149,125.932042,84.585667,9371
1640.370603,349.236709,307.409375,9365
1640.454432,344.227917,302.705084,9368
1640.469390,147.055708,105.675500,9376
1640.501253,188.925626,148.215959,9375
1640.585214,420.960167,379.338167,9370
1640.611520,157.059875,115.474333,9379
1640.632307,162.878333,121.430166,9380
1640.697389,466.029084,424.510917,9373
1640.755406,170.169709,128.966250,9382
1640.780999,169.449584,127.727250,9383
1640.816344,549.010000,507.605875,9374
1640.915157,159.713458,118.468583,9386
1640.932312,595.140584,554.195542,9377
1640.947160,166.117000,123.531625,9387
1641.044116,673.479917,627.371500,9378
1641.083291,168.108209,127.171917,9389
1641.121875,189.534626,147.404250,9390
1641.153507,652.225000,610.623417,9381
1641.205072,160.937292,118.759959,9392
1641.243303,159.973333,118.681500,9393
1641.277310,644.956084,602.932459,9384
1641.298081,92.971083,92.195250,9396
1641.313297,615.871084,574.580417,9385
1641.363367,120.023750,79.078125,9397
1641.374161,557.802000,516.948542,9388
1641.381923,83.805750,83.073959,9399
1641.420144,472.965792,430.941875,9391
1641.466254,102.850125,61.844125,9401
1641.487327,105.364583,64.276916,9403
1641.494214,372.308125,331.559667,9394
1641.570203,416.667708,375.270000,9395
1641.572386,106.104250,64.605625,9405
1641.579365,91.995750,50.314833,9406
1641.604298,326.945208,286.143959,9398
1641.656237,342.901417,301.521500,9400
1641.680139,109.922167,68.871833,9408
1641.689337,116.911375,75.329917,9409
1641.740185,83.916584,42.663834,9412
1641.750155,375.972042,334.080542,9402
1641.778347,98.183167,57.246875,9413
1641.797303,377.133459,333.768750,9404
1641.847223,107.015417,66.364666,9415
1641.858320,364.065917,322.724209,9407
1641.859095,108.919125,67.821541,9416
1641.886139,306.737083,265.020875,9410
1641.951303,92.939584,52.001833,9420
1641.957327,352.989001,311.981250,9411
1641.968234,120.968166,79.368917,9419
1641.995307,305.937625,264.285000,9414
1642.058284,106.950083,65.615084,9423
1642.066153,287.778167,246.500334,9417
1642.076288,118.917750,76.797875,9424
1642.105366,308.021000,266.756291,9418
1642.153288,94.964917,53.379083,9427
1642.167286,101.108583,59.773000,9428
1642.182328,323.211875,282.489959,9421
1642.227252,73.932833,32.320167,9431
1642.254213,368.048042,327.065375,9422
1642.288382,121.055666,79.847250,9432
1642.325292,356.998541,315.608125,9425
1642.332260,104.987167,63.043167,9434
1642.353354,99.100167,58.030292,9435
1642.392312,396.975834,355.313291,9426
1642.437324,105.032667,63.443625,9438
1642.440325,114.990458,73.270167,9437
1642.458329,382.001084,339.834833,9429
1642.503238,397.837126,356.559875,9430
1642.555221,372.855292,331.813125,9433
1642.562159,124.797458,83.967916,9441
1642.572223,131.855208,90.476458,9442
1642.627139,338.720083,296.947583,9436
1642.656333,94.133375,53.294208,9446
1642.671292,116.048916,74.433625,9445
1642.679272,325.875959,280.955209,9439
1642.714166,87.011167,46.330083,9448
1642.760313,103.939208,62.566583,9449
1642.775332,382.970584,341.809125,9440
1642.787171,107.874084,65.719500,9451
1642.812242,353.878292,312.484666,9443
1642.872210,111.864375,70.443333,9453
1642.877177,373.917250,333.065250,9444
1642.894323,118.946334,77.199209,9454
1642.937148,364.896583,322.721292,9447
1642.981227,104.024084,60.613000,9458
1642.986313,114.078708,72.884875,9457
1643.022212,350.877917,309.655208,9450
1643.084332,370.148041,328.546750,9452
1643.106155,119.815209,78.805125,9462
1643.125147,143.882666,102.633417,9461
1643.144305,357.110251,315.264542,9455
1643.180138,95.771375,54.661833,9464
1643.221140,408.879334,368.469792,9456
1643.232153,125.982792,84.783417,9465
1643.246323,101.972208,61.131292,9467
1643.276329,381.974542,340.629042,9459
1643.305314,84.147875,43.544959,9469
1643.335156,102.988083,62.084167,9470
1643.359302,422.126542,380.665834,9460
1643.395301,118.937292,78.082375,9472
1643.417147,111.801083,70.916125,9473
1643.431143,408.894209,364.349126,9463
1643.479237,119.889583,78.587833,9475
1643.485332,360.158751,318.686959,9466
1643.501320,105.979417,65.154542,9476
1643.536319,356.153584,315.041416,9468
1643.581115,334.756041,293.366792,9471
1643.593315,107.940583,66.393833,9480
1643.610308,131.029500,89.336916,9479
1643.642294,307.117416,265.796708,9474
1643.673271,256.104625,214.981083,9477
1643.702380,121.240000,80.132792,9483
1643.710252,116.902333,76.010084,9484
1643.727296,296.125375,255.565042,9478
1643.770269,96.969250,55.491333,9487
1643.791290,289.930083,247.944083,9481
1643.799348,96.925208,55.852125,9488
1643.833293,296.935042,255.219125,9482
1643.886151,115.856125,75.089292,9491
1643.887239,95.914292,54.317376,9492
1643.905301,294.952875,253.485750,9485
1643.968219,325.898125,284.461042,9486
1643.978317,92.140125,50.637708,9495
1643.983232,95.962417,54.456208,9496
1644.043333,333.057376,292.153167,9489
1644.054363,76.008041,75.191375,9499
1644.084300,116.058250,74.732583,9498
1644.123318,395.978625,354.893000,9490
1644.127458,73.054333,70.423500,9502
1644.153300,109.830583,68.229292,9501
1644.206323,406.929251,365.131959,9493
1644.232215,108.859625,67.558166,9504
1644.252288,124.790458,81.804625,9505
1644.265154,431.824167,389.221292,9494
1644.317337,85.089958,43.876875,9508
1644.322350,115.971917,74.743667,9507
1644.335148,429.815166,388.264917,9497
1644.385319,402.046750,359.052166,9500
1644.418334,100.961291,59.168083,9511
1644.444222,121.827417,79.736708,9512
1644.452158,367.820833,326.410000,9503
1644.473366,88.016250,46.994500,9514
1644.524180,370.844834,329.512167,9506
1644.524233,105.873250,64.357417,9515
1644.562149,309.827292,268.808458,9509
1644.569235,124.984125,83.528958,9516
1644.620363,96.156667,54.870667,9519
1644.625238,360.058125,318.798084,9510
1644.659238,324.073750,282.302125,9513
1644.679168,116.995666,76.101958,9521
1644.713304,92.902542,50.991500,9523
1644.717049,243.653084,242.342042,9518
1644.721168,268.987834,228.214292,9517
1644.767214,107.954875,66.589833,9525
1644.807143,127.934625,87.454500,9526
1644.819315,295.070125,253.981584,9520
1644.850340,115.082041,74.125334,9529
1644.872181,104.952458,63.767666,9530
1644.894277,325.014959,280.615709,9522
1644.905154,80.850292,39.752416,9532
1644.938300,313.017250,271.661834,9524
1644.939644,42.403083,41.475000,9533
1644.989842,272.769000,272.234958,9528
1644.990211,276.871583,235.499250,9527
1645.033559,48.672458,48.003667,9534
1645.053382,45.049959,44.523208,9535
1645.098145,290.980666,248.647000,9531
1645.102814,87.387125,86.422292,9536
1645.104571,46.015959,45.551334,9537
1645.173863,67.465417,66.815583,9538
1645.188689,69.260333,68.868917,9539
1645.197653,74.561375,73.956167,9540
1645.235223,95.289542,94.691626,9541
1645.280563,50.012375,49.611625,9543
1645.299659,143.895208,143.209501,9542
1645.303694,68.749333,68.203625,9544
1645.423439,81.721792,80.870125,9545
1645.496955,109.505958,108.855250,9546
1645.575189,121.391667,114.993375,9547
1645.583859,113.798417,112.823667,9548
1645.658599,122.600041,121.854542,9550
1645.695970,216.301166,215.289375,9549
1645.730260,131.733583,131.103000,9553
1645.814070,138.606708,135.451459,9554
1645.822359,257.767708,254.421125,9551
1645.873322,133.565250,130.498958,9558
1645.952183,387.286084,384.582042,9552
1645.991322,177.208792,136.037417,9560
1646.071331,197.990625,156.404500,9562
1646.080234,369.499083,368.599584,9555
1646.093230,140.764167,98.661209,9563
1646.208041,494.900292,493.600042,9556
1646.238147,157.878292,116.449667,9566
1646.239238,167.862041,125.417250,9565
1646.245144,524.022626,522.799375,9557
1646.300900,514.132792,513.546250,9559
1646.334304,126.233333,85.290625,9568
1646.372289,134.115916,92.918583,9569
1646.391251,90.333542,49.313250,9572
1646.434288,610.533292,566.570667,9561
1646.448142,113.803666,72.251084,9573
1646.456245,83.914541,42.522375,9574
1646.495142,502.546625,461.739834,9564
1646.523297,88.964750,48.034292,9576
1646.560334,112.165083,70.882292,9577
1646.596280,503.024083,461.185959,9567
1646.598333,103.157542,61.543416,9579
1646.633321,109.979042,68.425000,9580
1646.668274,429.002001,387.545667,9570
1646.678275,117.901584,76.878667,9581
1646.693303,96.980042,54.302792,9582
1646.724138,478.969459,437.766584,9571
1646.768271,99.955042,58.477125,9585
1646.786145,107.857167,65.993375,9586
1646.787298,396.023250,355.213542,9575
1646.837245,380.967709,339.228750,9578
1646.882248,96.078209,55.003375,9590
1646.883072,114.767333,73.638541,9589
1646.900320,301.943542,260.691375,9583
1646.962220,328.870208,287.658583,9584
1646.984377,101.280083,60.519958,9594
1646.987175,104.889750,63.807625,9593
1647.022137,328.797291,286.987459,9587
1647.065202,80.771542,39.318125,9597
1647.082148,357.988167,317.181667,9588
1647.090248,128.009000,86.642500,9596
1647.141155,353.821417,311.260833,9591
1647.189220,107.053042,65.783375,9601
1647.192338,127.093167,85.508500,9600
1647.194138,356.870791,315.674333,9592
1647.240307,339.943625,298.551458,9595
1647.297289,310.085416,268.741375,9598
1647.299143,109.902625,68.505208,9604
1647.322253,129.879166,88.280209,9605
1647.365302,343.139708,301.877041,9599
1647.412210,114.879042,74.303542,9608
1647.419143,119.977959,77.923708,9609
1647.459439,369.166292,328.184500,9602
1647.493152,351.973708,311.145334,9603
1647.516044,63.200083,62.440875,9611
1647.528239,334.086083,292.257292,9606
1647.547104,55.552000,54.906542,9612
1647.591151,350.807333,309.329126,9607
1647.592092,28.154583,27.637167,9614
1647.614950,273.233042,272.489583,9610
1647.645055,150.957917,150.356500,9613
1647.702353,27.312833,26.837708,9615
1647.826582,54.772667,54.140041,9616
1647.847367,61.199834,60.464833,9617
1647.852682,59.598875,58.890708,9618
1647.871270,57.940750,57.093750,9619
1647.915482,72.054209,71.333500,9620
1647.941055,43.748542,42.825708,9621
1647.985817,61.733583,61.004708,9622
1648.005108,50.705958,50.091125,9624
1648.040402,87.568834,86.773459,9623
1648.043800,87.063083,86.628208,9625
1648.080423,72.084542,71.478751,9626
1648.102214,74.034333,73.249750,9627
1648.145421,88.347291,87.117917,9628
1648.178133,103.057500,102.456667,9629
1648.186109,81.943459,81.223333,9630
1648.214704,95.207291,94.637667,9631
1648.283123,52.511958,51.924250,9632
1648.297864,58.837333,58.159500,9633
1648.304320,42.698833,42.128042,9634
1648.363452,47.060709,46.365375,9635
1648.392954,58.439500,58.013083,9636
1648.395821,54.116125,53.433917,9637
1648.447957,44.845500,44.348791,9638
1648.504422,51.592042,51.011916,9640
1648.517436,49.649250,49.031208,9641
1648.523098,73.500875,72.931542,9639
1648.560071,81.589959,80.759000,9642
1648.599086,71.612041,70.646625,9643
1648.617302,53.383167,52.651666,9645
1648.620637,62.540917,61.830417,9644
1648.645697,28.916417,28.470750,9646
1648.698104,39.907583,39.391042,9647
1648.735203,60.170834,59.538500,9648
1648.757136,40.638209,40.087833,9649
1648.836938,50.785583,50.114750,9650
1648.924782,27.516417,27.050916,9651
1649.032931,37.446208,37.013958,9652
1649.085489,77.105583,76.414625,9653
1649.110961,47.180875,46.596375,9654
1649.147625,38.896958,38.466166,9655
1649.176861,57.364708,56.898334,9656
1649.267330,36.729000,36.279250,9658
1649.288199,59.382459,58.657375,9657
1649.352569,49.182583,48.612958,9659
1649.385807,44.099708,43.613500,9660
1649.500754,47.904792,47.198959,9661
1649.547174,53.738125,52.977458,9662
1649.607995,44.081916,43.319500,9663
1649.703083,48.995917,48.279291,9664
1649.720378,41.808959,41.153000,9666
1649.747347,72.297458,71.626042,9665
1649.829807,43.646750,43.208666,9667
1649.851635,35.035584,34.422792,9668
1649.910466,53.379083,52.786416,9669
1649.928416,31.138042,30.447667,9670
1649.997975,44.357834,43.685833,9671
1650.045571,37.192750,36.540875,9672
1650.095706,30.539833,30.021833,9673
1650.153934,34.418708,33.790167,9674
1650.278515,47.915292,47.407500,9675
1650.440600,98.884625,98.420000,9676
1650.457312,92.661041,92.029292,9677
1650.535215,82.127792,81.500417,9678
1650.557245,90.754125,89.950583,9679
1650.638296,74.230042,73.464708,9680
1650.751152,76.003083,75.294042,9681
1650.877612,86.180501,85.407875,9683
1650.881653,95.284584,94.234292,9682
1650.972924,116.850708,116.231500,9684
1651.000231,102.870542,101.960541,9685
1651.049525,119.377708,118.629000,9686
1651.080085,71.584042,70.828333,9687
1651.159753,40.242417,39.841083,9688
1651.180171,53.033167,52.420958,9689
1651.199801,32.795875,32.375292,9690
1651.233132,49.363125,48.400333,9691
1651.279887,52.650208,52.060167,9692
1651.283403,52.819958,52.317125,9693
1651.389087,47.355583,46.856834,9694
1651.496086,43.289458,42.745500,9695
1651.627499,63.585375,61.988500,9698
1651.628466,74.410583,73.738583,9696
1651.636391,73.058416,72.566084,9697
1651.690349,115.582834,114.913750,9699
1651.723076,48.033417,47.544584,9701
1651.748503,131.945917,131.364042,9700
1651.833396,47.240375,46.769917,9702
1651.862399,63.066500,62.313417,9703
1651.943888,58.225125,57.759333,9705
1651.953678,72.891000,72.410625,9704
1651.969032,71.733375,71.147125,9706
1651.999638,51.726208,50.879208,9708
1652.005335,89.236875,88.592875,9707
1652.054369,46.029959,45.571459,9709
1652.188755,69.295916,68.783458,9710
1652.247481,60.796750,60.010417,9711
1652.266516,35.924291,35.284083,9712
1652.390577,35.094792,34.523125,9714
1652.400463,58.735542,58.094458,9713
1652.490508,37.686542,37.170583,9715
1652.600703,36.779750,36.164333,9716
1652.690385,56.896000,56.362250,9717
1652.722883,47.853167,47.432583,9718
1652.743679,45.922625,45.386834,9719
1652.815465,29.281292,28.574000,9720
1652.925114,27.845417,27.324209,9721
1653.044213,39.185709,38.713500,9722
1653.074415,66.021375,65.331583,9723
1653.166996,47.483333,46.638958,9724
1653.198387,46.706042,46.198542,9725
1653.235828,43.696625,42.910875,9726
1653.269599,62.081250,61.285583,9727
1653.282816,46.410875,45.957625,9729
1653.302187,71.587250,71.043584,9728
1653.385310,43.606500,42.933625,9730
1653.510126,57.333792,56.839416,9731
1653.638482,74.526375,73.774459,9732
1653.716150,41.062292,40.565000,9733
1653.852032,65.853375,65.169416,9734
1653.943801,46.579167,46.074292,9735
1654.034101,47.536709,47.020458,9736
1654.058578,50.175416,49.490292,9737
1654.119134,42.605500,42.007291,9738
1654.180428,36.005083,35.306834,9740
1654.184784,65.310875,64.821750,9739
1654.306945,76.322167,75.644334,9741
1654.390519,73.128417,72.704042,9742
1654.406785,65.055667,64.169291,9743
1654.416753,66.111791,65.536625,9744
1654.442698,55.329166,54.873584,9745
1654.483227,48.613250,47.871250,9746
1654.498922,46.099375,44.396625,9748
1654.524893,74.394833,73.717875,9747
1654.592437,46.505667,46.008375,9749
1654.606729,42.784292,42.070000,9750
1654.715309,40.221417,39.517042,9751
1654.836048,49.902125,49.523542,9752
1654.944642,41.764917,41.139292,9754
1654.963338,66.092250,65.423458,9753
1655.002960,41.166708,40.587459,9755
1655.051667,43.262917,42.624167,9756
1655.073693,28.908250,28.398709,9757
1655.111261,47.892833,47.186417,9758
1655.147513,28.046083,27.533917,9759
1655.267706,37.086292,36.417791,9760
1655.431125,89.384458,88.793250,9761
1655.448590,84.987584,84.100916,9762
1655.529551,76.692000,76.127917,9763
1655.639463,75.505792,74.867042,9764
1655.748579,73.413959,72.625876,9765
1655.861140,74.891542,72.909375,9766
1655.989330,91.973000,91.122208,9767
1656.027864,106.021125,105.153125,9768
1656.046944,121.001125,120.392125,9769
1656.051868,120.423917,119.999250,9770
1656.127280,118.938459,118.097000,9771
1656.195145,75.660084,74.876667,9772
1656.280121,57.426250,52.310708,9773
1656.299399,68.764500,68.155209,9774
1656.306536,64.399709,63.822500,9775
1656.322636,68.011708,67.193583,9776
1656.418336,76.623459,75.917334,9777
1656.514134,61.313291,60.668125,9778
1656.524767,57.510541,56.970375,9779
1656.592205,90.949250,90.305833,9780
1656.602106,52.181791,51.669042,9781
1656.622058,58.169125,57.699833,9782
1656.635462,71.226167,69.993000,9783
1656.671023,43.932875,43.283041,9784
1656.753838,78.769250,78.098708,9785
1656.803764,46.106083,45.610250,9786
1656.844909,58.741083,58.051583,9787
1656.935605,38.319750,37.804375,9788
1657.016248,43.516084,43.025500,9789
1657.050522,42.145250,41.513791,9791
1657.058847,61.500250,60.906417,9790
1657.198649,79.177583,78.591334,9792
1657.211536,42.103542,41.601000,9793
1657.229998,47.460875,46.846042,9794
1657.279119,36.153542,35.524708,9796
1657.306660,62.758208,61.909750,9797
1657.313753,83.160583,82.553334,9795
1657.376323,52.698333,52.130459,9798
1657.377590,35.885500,35.167417,9799
1657.424979,35.710208,35.194541,9800
1657.494495,41.677125,41.212792,9801
1657.508155,51.446792,50.885625,9802
1657.643077,79.125666,78.374333,9803
1657.734115,59.071541,58.372417,9804
1657.761410,52.572625,52.080291,9805
1657.821939,35.788375,35.156334,9806
1657.921939,36.789958,36.474083,9807
1657.957020,59.720792,59.221459,9808
1658.052427,44.030875,43.456000,9809
1658.091624,37.180500,36.672416,9810
1658.151547,32.074292,31.702125,9811
1658.197717,66.727208,66.047625,9812
1658.231032,36.721416,36.344584,9813
1658.274920,44.160375,43.599209,9815
1658.291115,60.443541,59.761625,9814
1658.369443,27.759958,27.374666,9816
1658.411398,67.081292,66.238667,9817
1658.418054,42.664708,42.011375,9818
1658.495258,42.460250,41.926791,9819
1658.606110,42.175583,41.632792,9820
1658.708992,33.885250,33.270417,9821
1658.828980,42.820750,42.319958,9822
1658.847925,46.530459,45.931958,9823
1658.916230,49.467542,48.848625,9824
1658.939254,61.639375,61.237167,9825
1658.961544,75.975667,75.494708,9826
1658.970613,73.341041,72.736709,9827
1659.062376,53.975542,53.376166,9828
1659.073542,49.031500,48.622875,9829
1659.158980,40.231333,39.565750,9831
1659.178219,68.169792,67.652375,9830
1659.214750,95.286917,94.343958,9832
1659.255788,25.186291,24.738583,9833
1659.367771,26.062166,25.535125,9834
1659.496435,43.615833,43.043583,9835
1659.598444,51.495208,50.802500,9836
1659.601457,37.512125,36.892041,9837
1659.664708,27.464792,26.991416,9838
1659.722257,47.166292,46.620000,9839
1659.833743,47.588333,46.902333,9840
1659.856792,57.629542,56.999250,9841
1659.881994,62.688500,61.925208,9842
1659.939159,41.894125,41.247208,9843
1659.965103,35.947916,35.502250,9844
1660.004696,53.925958,52.785541,9845
1660.038547,30.174666,29.531834,9846
1660.104798,32.146625,31.633000,9847
1660.155262,35.801791,35.262791,9848
1660.268508,37.912584,37.408875,9849
1660.420315,78.596000,77.882583,9850
1660.504412,81.808416,81.359833,9851
1660.537162,84.281750,83.389542,9852
1660.631154,67.162667,66.372542,9853
1660.737962,62.864958,62.035750,9854
1660.861165,75.007917,74.206416,9855
1660.922716,83.294750,81.866458,9856
1660.983719,100.615083,99.696334,9857
1660.995979,98.589458,97.861750,9858
1661.036704,28.238000,27.778333,9859
1661.095530,25.698750,25.132625,9860
1661.159482,39.994791,39.470083,9861
1661.177162,55.739542,55.182167,9862
1661.241542,44.815459,44.396625,9863
1661.293931,63.345916,62.784167,9864
1661.383578,41.849791,41.124417,9865
1661.425760,42.231875,41.548792,9866
1661.506020,53.216042,52.700375,9867
1661.612955,49.005833,48.404417,9868
1661.643884,41.458084,40.826917,9869
1661.709938,34.886542,34.096709,9871
1661.718528,51.820417,51.154541,9870
1661.830125,43.971959,43.314542,9872
1661.830837,43.116500,42.630583,9873
1661.922886,25.639542,25.278750,9874
1662.058555,50.183291,49.592375,9875
1662.070113,42.289625,41.553167,9876
1662.115083,27.345209,26.870959,9877
1662.160996,41.529833,41.108083,9878
1662.201651,37.730583,37.160958,9879
1662.250589,73.030125,72.520000,9880
1662.284706,54.099208,53.506541,9881
1662.326373,38.189958,37.763542,9882
1662.383710,66.786417,65.988708,9883
1662.401849,60.144292,59.612292,9884
1662.415980,61.561792,61.011125,9885
1662.505673,52.858167,52.188792,9886
1662.576058,44.641625,44.090375,9887
1662.598969,35.016333,34.311958,9888
1662.730104,59.714958,59.345417,9889
1662.739370,64.329417,63.934501,9890
1662.776240,89.717833,89.209458,9891
1662.787936,55.686167,55.314000,9892
1662.818760,48.124125,47.446000,9893
1662.862976,76.873417,76.274042,9894
1662.876056,52.453041,51.844625,9895
1662.909149,81.192417,80.409584,9896
1662.956868,59.653417,59.129292,9897
1663.004817,63.184625,62.426584,9898
1663.050096,41.732833,41.262666,9899
1663.156213,45.530042,44.977625,9900
1663.164264,44.771416,44.261583,9901
1663.295210,64.591042,64.088792,9902
1663.304818,70.060667,69.461583,9903
1663.313625,64.844500,64.153250,9904
1663.352343,84.798875,83.965000,9905
1663.378527,58.700542,58.201791,9906
1663.396449,54.770625,54.083750,9907
1663.498229,45.412792,44.921916,9908
1663.586458,39.417000,38.949459,9909
1663.601829,37.867958,37.153959,9910
1663.728143,53.069334,52.483375,9911
1663.787655,25.956292,25.442375,9912
1663.816125,29.927042,29.191167,9913
1663.911701,45.507291,44.988417,9914
1663.938240,40.985875,40.370458,9915
1664.039379,30.979666,30.455833,9916
1664.083317,52.983875,52.430583,9917
1664.140651,39.900292,39.430417,9918
1664.168913,49.405417,48.799333,9919
1664.263659,52.573500,51.864166,9921
1664.269190,59.724292,59.389167,9920
1664.287709,57.120584,56.624458,9922
1664.383491,41.762875,41.145708,9923
1664.442118,48.081833,47.513958,9924
1664.461049,46.633417,45.857584,9925
1664.501072,48.306709,47.680792,9926
1664.508576,46.011875,45.416584,9927
1664.630905,66.983000,66.416875,9928
1664.707597,32.496042,31.829583,9929
1664.825990,39.835251,39.168500,9930
1664.933543,36.274292,35.814041,9931
1665.005538,47.386500,46.811917,9932
1665.046023,37.669917,37.142584,9933
1665.123406,38.474625,37.775791,9934
1665.178289,58.812541,58.405667,9935
1665.297194,66.580208,65.927459,9936
1665.431148,89.440458,88.610958,9937
1665.463865,91.459083,90.888875,9938
1665.539567,86.622959,85.995292,9939
1665.578824,71.399709,70.788084,9940
1665.654565,90.607709,89.699167,9941
1665.715880,88.003125,87.209500,9942
1665.761852,86.744292,86.180208,9943
1665.872739,85.524834,83.248083,9945
1665.878658,92.473208,91.092167,9944
1665.984745,124.345084,123.924792,9946
1666.021378,123.487292,122.744708,9947
1666.040688,135.560250,134.974000,9948
1666.097565,89.223459,86.935917,9949
1666.157396,57.529208,56.970666,9951
1666.175232,103.397584,102.572750,9950
1666.188520,68.852583,68.337792,9952
1666.263928,33.338083,32.665792,9953
1666.347511,43.943375,43.306375,9954
1666.389108,49.259292,48.631042,9955
1666.397498,55.780084,54.215583,9956
1666.502484,42.393750,41.820625,9958
1666.506392,53.552916,52.922625,9957
1666.563363,49.199500,48.469167,9959
1666.594672,57.729875,56.804416,9961
1666.610361,75.072375,74.455792,9960
1666.620062,56.163042,55.581167,9962
1666.676742,111.444958,110.889916,9963
1666.710658,35.596166,35.044334,9964
1666.793326,39.951333,39.654125,9965
1666.822840,36.671250,35.855167,9966
1666.931943,60.834959,60.208167,9967
1666.944730,47.473417,46.835542,9968
1667.038594,30.189542,29.571500,9970
1667.057481,57.252417,56.638750,9969
1667.165795,46.278166,45.670916,9971
1667.197554,43.868708,43.121459,9972
1667.230362,43.187375,42.522666,9973
1667.282428,51.825375,51.264792,9974
1667.391735,50.094333,49.564667,9975
1667.394194,34.872833,34.256250,9976
1667.488369,51.345584,50.773625,9977
1667.504618,51.796792,51.124209,9978
1667.593831,50.530667,49.881125,9979
1667.614765,50.804251,50.319209,9980
1667.623193,39.588209,38.758709,9981
1667.714752,39.706334,39.104041,9982
1667.811188,25.014208,24.542875,9983
1667.894598,41.008041,40.408083,9984
1667.925897,47.549833,46.917792,9985
1667.939243,42.022166,41.614125,9986
1668.036567,27.720292,27.445541,9988
1668.077090,68.670291,68.113209,9987
1668.086635,38.687541,38.075916,9989
1668.169418,49.932750,49.361375,9990
1668.264388,40.411875,39.861500,9991
1668.286139,55.505625,54.604084,9992
1668.373797,32.089750,31.706208,9993
1668.457921,32.224791,31.675000,9994
1668.497112,44.280834,43.497125,9995
1668.503458,46.724125,46.076041,9996
1668.546429,34.173125,33.693917,9998
1668.568350,63.522083,62.990958,9997
1668.606962,43.047958,42.444500,9999
1668.624508,48.884500,48.304084,10000
1668.647879,26.467292,25.826208,10001
1668.710135,35.096833,34.532167,10003
1668.720073,48.710958,48.138417,10002
1668.843668,57.475541,56.777875,10004
1668.914553,38.146791,37.678959,10005
1668.941299,43.998500,43.580250,10006
1669.009637,84.484750,83.495417,10007
1669.010436,74.520251,73.765125,10008
1669.017096,69.687625,69.221542,10009
1669.062157,38.322958,37.634041,10013
1669.068388,97.244584,96.560042,10010
1669.092849,106.788208,106.152959,10011
1669.127635,119.249084,118.582333,10012
1669.161808,42.319084,41.749750,10014
1669.290346,59.755500,59.127542,10015
1669.377893,78.923250,78.392125,10016
1669.384822,43.128750,42.595291,10017
1669.404645,61.394958,60.819500,10018
1669.513742,60.921291,60.100833,10019
1669.519378,65.157750,64.470584,10020
1669.532398,60.433625,59.770083,10021
1669.582176,52.537625,51.902958,10022
1669.628512,31.379542,30.821583,10024
1669.633453,69.542375,68.923750,10023
1669.682573,36.237250,35.787500,10025
1669.726916,51.816917,51.044001,10026
1669.791434,36.171916,35.518000,10027
1669.826641,40.512500,39.960959,10028
1669.869893,58.190417,57.386000,10029
1669.940387,43.111250,42.618042,10030
1669.986567,38.522167,37.863000,10031
1670.084226,75.841209,75.186125,10032
1670.175902,56.419125,55.981042,10033
1670.252524,44.805542,44.349958,10035
1670.261893,65.407417,64.737459,10034
1670.281351,50.696042,49.970375,10036
1670.422395,80.707958,80.084084,10037
1670.514322,61.472250,60.818334,10038
1670.631145,67.108416,66.162250,10039
1670.774031,108.072708,106.675334,10040
1670.774297,99.209250,98.715459,10041
1670.902151,157.937500,156.928625,10042
1670.916657,129.813542,128.790375,10043
1670.930687,133.910000,133.046375,10044
1671.002226,104.968500,103.427042,10045
1671.021938,110.679917,108.479583,10046
1671.100492,91.649542,90.682375,10048
1671.102590,175.311209,174.443500,10047
1671.114332,60.824750,60.110459,10050
1671.146397,134.251250,133.683959,10049
1671.176860,57.404375,56.671125,10051
1671.269450,38.873625,38.384500,10053
1671.288477,57.914209,57.426250,10052
1671.405439,63.707000,62.953625,10054
1671.414553,39.438292,38.972208,10055
1671.517994,65.178458,64.651709,10056
1671.573644,41.707166,41.114208,10057
1671.639738,75.774125,74.989833,10058
1671.708382,33.296667,32.840500,10059
1671.749352,61.976250,61.370750,10060
1671.840814,54.639959,54.004126,10061
1671.883491,25.118042,24.818791,10062
1671.919504,58.092709,57.326208,10063
1671.933735,36.481375,35.952000,10064
1672.055262,46.857125,46.338542,10065
1672.194555,75.069458,74.511500,10066
1672.222502,48.058500,47.608459,10068
1672.239397,68.512792,67.925667,10067
1672.277587,49.967167,49.446542,10070
1672.281319,75.726291,75.152291,10069
1672.338832,108.216500,102.384333,10071
1672.341373,98.293709,97.657584,10072
1672.350474,69.271417,66.942458,10074
1672.369362,120.748833,120.073625,10073
1672.424733,83.014167,82.207125,10075
1672.445626,27.948667,27.399458,10076
1672.494105,41.261209,40.512792,10077
1672.550361,43.084416,42.588000,10078
1672.605365,44.174667,43.628667,10079
1672.618573,54.637625,53.944042,10080
1672.676178,40.516291,39.849833,10081
1672.710484,35.403959,34.869625,10082
1672.823410,37.253125,36.605916,10083
1672.934916,37.670500,37.160959,10084
1672.973569,37.588542,36.885041,10085
1673.055266,32.968250,32.485833,10087
1673.058229,49.898625,49.392291,10086
1673.155338,47.845875,47.434333,10088
1673.174717,55.239625,54.730667,10089
1673.192690,43.203709,42.564083,10090
1673.277797,47.183500,46.590833,10091
1673.348106,38.684333,38.134833,10092
1673.392430,50.692834,50.145083,10093
1673.495951,43.126417,42.438375,10094
1673.604718,56.785167,56.344167,10095
1673.605914,41.989500,41.405291,10096
1673.679126,65.137042,64.429459,10097
1673.689637,68.855791,68.193708,10099
1673.696483,76.429791,75.830416,10098
1673.728366,53.322792,52.518083,10100
1673.740927,42.335417,41.799917,10101
1673.828299,43.740666,43.358000,10102
1673.848464,62.325667,61.705584,10103
1673.860469,48.239916,47.579875,10104
1673.941905,44.648333,44.180500,10105
1674.063989,55.607416,55.181000,10106
1674.156546,37.080166,36.562750,10107
1674.262489,31.891125,31.430584,10108
1674.372538,30.841125,30.482667,10109
1674.420046,66.250333,65.435416,10110
1674.491351,38.531792,38.014958,10111
1674.549962,42.343875,41.848333,10112
1674.603155,39.221292,38.523917,10113
1674.669851,35.702917,35.113750,10114
1674.710760,35.667625,35.100625,10115
1674.833484,47.352083,46.885416,10116
1674.917079,44.668167,44.207625,10117
1674.950577,53.286917,52.718167,10118
1674.970294,48.414334,47.953791,10119
1675.056855,48.493083,48.032250,10120
1675.070401,46.223917,45.521583,10121
1675.138608,45.996709,45.380125,10122
1675.168351,48.858542,48.076291,10123
1675.283368,52.756667,52.147083,10124
1675.424494,82.792500,82.220833,10125
1675.473151,84.531125,83.619666,10126
1675.533984,80.752000,80.160500,10127
1675.637588,89.719000,88.948708,10128
1675.654835,90.873416,90.284250,10129
1675.767240,92.204583,91.758333,10130
1675.793280,91.143500,90.591083,10131
1675.848410,62.148042,61.436375,10132
1675.961844,86.886041,86.416750,10133
1676.000925,102.880750,101.347459,10134
1676.093755,122.236626,121.526708,10135
1676.107548,115.748791,115.015250,10136
1676.118241,109.872875,108.955000,10137
1676.146666,73.874208,72.578333,10138
1676.164091,44.622667,44.021250,10139
1676.309773,79.178166,78.673583,10140
1676.393442,51.737291,51.344417,10141
1676.447866,69.596917,68.980041,10142
1676.487262,34.435917,33.801833,10143
1676.611102,28.988458,28.417959,10145
1676.632089,68.156667,67.414667,10144
1676.677341,41.731375,41.313125,10146
1676.754358,79.264501,78.479042,10147
1676.813801,58.940584,58.295125,10148
1676.818700,32.551458,32.014500,10149
1676.925322,41.549958,40.877084,10150
1676.937368,40.073250,39.588208,10151
1677.073919,65.544208,64.870458,10152
1677.142699,48.461000,47.817000,10153
1677.162376,42.887833,42.287000,10154
1677.198836,59.264042,58.464875,10155
1677.272143,41.549375,40.868042,10156
1677.325489,43.112709,42.557083,10157
1677.378436,36.714417,36.266709,10158
1677.494484,41.700167,41.144833,10159
1677.600622,36.664250,36.172500,10160
1677.700865,25.847208,25.333875,10161
1677.818873,32.688833,32.073708,10162
1677.866676,71.825250,71.049709,10163
1677.925429,28.161875,27.544417,10164
1677.980423,28.255500,27.538000,10165
1678.039929,31.537625,30.910833,10166
1678.058957,47.728333,47.136542,10167
1678.141379,48.810125,48.416667,10168
1678.162069,56.307708,55.493083,10169
1678.173454,53.958041,53.190083,10170
1678.294573,63.991958,63.524709,10171
1678.416800,75.115542,74.439167,10172
1678.496269,43.476417,42.760375,10173
1678.601800,43.055250,42.470167,10175
1678.628282,75.551292,74.854500,10174
1678.631468,70.335709,69.760833,10176
1678.673328,109.428667,107.302125,10177
1678.710713,44.763542,44.178750,10178
1678.726264,51.217834,50.633334,10179
1678.828305,42.152833,41.462459,10180
1678.933378,36.108334,35.380041,10181
1678.976911,36.176000,35.543084,10182
1679.039688,50.101042,49.512750,10183
1679.046363,37.977917,37.392833,10184
1679.149787,72.523500,71.827291,10185
1679.160825,41.326542,40.921708,10186
1679.280445,44.195667,43.693417,10188
1679.284500,53.862667,53.260667,10187
1679.335938,79.032042,78.302291,10189
1679.392378,50.643541,50.080917,10190
1679.478218,25.396584,24.830167,10191
1679.589082,25.155375,24.583708,10192
1679.619342,24.721083,24.377209,10193
1679.709061,34.580292,34.168750,10194
1679.735726,60.692333,60.062334,10195
1679.821903,35.744917,35.246459,10196
1679.875924,24.864875,24.356500,10197
1679.928600,31.354458,30.919292,10198
1680.041507,33.100667,32.549125,10199
1680.144395,24.889375,24.403167,10200
1680.277670,47.073542,46.249292,10201
1680.453056,111.307875,106.233166,10202
1680.476535,112.166833,111.708917,10203
1680.526848,134.522792,133.725084,10204
1680.539621,107.506583,106.407583,10205
1680.619012,164.631541,163.526416,10206
1680.674075,109.924500,109.134375,10207
1680.704371,113.978666,113.236083,10208
1680.751633,76.612375,76.213375,10209
1680.856979,91.692417,91.078750,10210
1680.873049,86.343541,85.689917,10211
1680.972041,88.202333,86.645125,10212
1680.989501,91.296041,90.504458,10213
1681.076128,67.692625,66.094875,10214
1681.158776,39.283417,38.532667,10215
1681.251826,32.914875,32.466000,10216
1681.309596,78.982166,78.229084,10217
1681.411277,69.604500,69.072792,10218
1681.454519,24.668875,24.383334,10219
1681.503548,50.672125,49.842625,10220
1681.509327,45.900167,45.281541,10221
1681.587563,50.677667,50.047375,10222
1681.614038,50.091417,49.554167,10223
1681.685298,48.364458,47.677875,10224
1681.691971,52.082041,51.285792,10225
1681.725509,50.426833,49.795666,10226
1681.788921,48.667792,48.242833,10227
1681.812283,40.572583,39.897666,10228
1681.838139,52.005625,51.398375,10229
1681.881426,43.304917,42.691834,10230
1681.938948,50.299375,49.694166,10232
1681.950583,65.724750,65.234458,10231
1681.975721,78.459500,77.871209,10233
1682.065390,56.991375,56.244709,10234
1682.178526,59.016709,58.501333,10235
1682.304620,74.003125,73.399084,10236
1682.382188,40.479542,39.914291,10238
1682.383105,63.116083,62.599834,10237
1682.429451,30.083083,29.543208,10239
1682.454908,30.418208,29.800167,10240
1682.533151,80.306042,79.499000,10241
1682.623631,59.681417,59.005916,10242
1682.628746,37.648042,37.138792,10243
1682.675072,45.851750,45.375750,10244
1682.720364,45.324125,44.871167,10245
1682.846364,60.217500,59.647292,10246
1682.938301,41.035167,40.456500,10248
1682.945385,56.487667,55.930875,10247
1683.048803,28.675209,28.086041,10250
1683.085655,77.280584,76.600416,10249
1683.087349,49.816666,48.968792,10251
1683.131116,42.323750,41.618500,10253
1683.133631,56.116083,55.389542,10252
1683.171876,52.387709,51.791542,10254
1683.200562,54.093958,53.543583,10255
1683.259082,28.428750,27.688500,10256
1683.291536,28.372459,27.715334,10257
1683.378439,36.696916,36.230542,10258
1683.431027,54.879125,54.140625,10259
1683.496885,44.044000,43.516375,10260
1683.530933,45.273375,44.579500,10261
1683.565502,42.495250,41.911917,10262
1683.600096,47.473708,46.872583,10263
1683.615747,51.813417,51.127125,10264
1683.678304,69.866417,69.248083,10265
1683.716181,47.180292,46.741917,10266
1683.720790,45.736834,45.042375,10267
1683.775502,36.722292,36.413417,10268
1683.816676,72.544209,69.802250,10269
1683.824581,60.786250,60.082167,10270
1683.841951,66.871875,64.710916,10271
1683.879664,93.488208,92.767791,10272
1683.934363,137.569834,136.959666,10273
1683.971095,73.837167,73.403458,10275
1683.980186,54.504042,53.846625,10276
1684.013496,206.595667,205.556458,10274
1684.029230,45.185292,44.191583,10281
1684.081252,131.834500,129.909792,10277
1684.096941,48.503875,47.839167,10283
1684.115212,106.765750,65.935333,10282
1684.140490,186.895333,186.369750,10279
1684.202295,120.446958,79.149000,10286
1684.205407,252.039083,251.102833,10278
1684.215233,95.785375,54.671750,10287
1684.269102,315.019833,314.349584,10280
1684.297308,94.975416,53.587625,10290
1684.318481,263.986042,261.681291,10284
1684.322242,91.639625,50.742416,10291
1684.380246,91.202125,50.458333,10293
1684.432303,376.610501,334.983834,10285
1684.446223,104.494542,63.348834,10295
1684.449200,112.288750,70.798875,10294
1684.486147,77.190459,36.217125,10297
1684.492300,368.451709,326.977292,10288
1684.549233,104.436792,63.622709,10298
1684.567325,426.800792,385.784875,10289
1684.586244,131.145000,90.138125,10299
1684.610290,90.531000,49.333375,10301
1684.634442,89.058084,88.552042,10302
1684.641515,59.508459,58.590875,10304
1684.648164,404.046417,360.979501,10292
1684.661343,260.558959,259.983500,10296
1684.683521,36.746500,36.129333,10305
1684.720432,211.807166,211.258250,10300
1684.732331,57.271958,56.688917,10306
1684.809280,245.388500,204.354208,10303
1684.827182,36.187083,35.399000,10308
1684.835347,49.219041,48.516417,10307
1684.899913,47.498208,46.881334,10309
1684.943463,46.186000,45.405500,10310
1684.978265,45.709417,45.203958,10311
1684.983268,47.292584,46.697291,10312
1685.036067,29.940167,29.519292,10313
1685.073358,65.010167,64.433541,10314
1685.091942,59.748209,59.119376,10315
1685.137373,52.759000,52.241292,10316
1685.169359,55.291250,54.558292,10317
1685.176471,56.978833,56.069125,10318
1685.257941,37.518250,36.911584,10319
1685.307852,77.254917,76.554333,10320
1685.452446,110.732708,110.015500,10321
1685.486518,115.044417,113.947750,10322
1685.522704,125.932042,125.202000,10323
1685.551891,107.447959,106.577917,10324
1685.647967,201.054000,200.179000,10325
1685.704578,140.180541,139.359209,10329
1685.725289,137.669000,136.859334,10330
1685.774360,324.366292,322.084875,10326
1685.847623,122.317417,121.275876,10335
1685.888803,184.189833,140.000584,10334
1685.915490,461.963834,460.433167,10328
1685.958510,110.868042,110.045250,10337
1686.047405,594.937000,588.010500,10327
1686.054155,165.331250,124.360250,10338
1686.123291,164.760750,123.301792,10340
1686.146606,477.121167,474.504042,10331
1686.211236,163.807875,119.245292,10341
1686.250165,126.849333,85.378417,10343
1686.250169,575.096667,574.510417,10332
1686.280142,68.873292,28.226625,10345
1686.354324,669.442084,628.027750,10333
1686.356125,105.947042,64.934625,10346
1686.370253,120.073041,79.450583,10347
1686.390349,615.950417,574.602001,10336
1686.439212,523.692750,478.375041,10339
1686.460344,105.979708,65.022709,10349
1686.464236,108.087583,67.413208,10350
1686.493310,439.129834,398.563375,10342
1686.523296,376.649292,335.294458,10344
1686.574317,294.148458,252.970667,10348
1686.586143,146.909876,105.531709,10353
1686.604300,143.915334,102.391333,10354
1686.617304,247.029417,205.175542,10351
1686.671241,96.887292,55.465375,10358
1686.683218,292.824876,252.110542,10352
1686.685383,99.211875,58.006083,10359
1686.711302,247.043417,205.822167,10355
1686.775240,281.895833,240.138209,10356
1686.781151,109.876959,67.526666,10362
1686.790258,106.994416,65.670208,10363
1686.830224,306.889042,265.127042,10357
1686.897288,111.134042,69.980750,10367
1686.900289,125.025541,83.444084,10366
1686.911229,306.892834,266.100625,10360
1686.976247,358.906042,317.692958,10361
1687.007091,109.771667,68.700333,10370
1687.026301,125.973167,84.535500,10371
1687.047211,361.784208,320.524750,10364
1687.093216,116.947833,75.457959,10373
1687.108312,101.198708,59.486291,10374
1687.126293,414.958542,373.245834,10365
1687.202224,108.988250,67.915167,10377
1687.210310,404.694501,363.289208,10368
1687.212362,104.004542,62.920667,10378
1687.256197,425.925500,384.600709,10369
1687.317126,106.779750,65.786875,10381
1687.317203,114.961875,73.604125,10380
1687.324264,413.006708,370.631334,10372
1687.404309,377.967333,331.213459,10375
1687.423283,106.134000,65.079875,10384
1687.434244,117.033875,75.827500,10385
1687.451247,403.999750,363.384875,10376
1687.509295,85.971375,44.526125,10388
1687.517235,112.881416,71.786167,10387
1687.520183,393.858500,352.544792,10379
1687.571671,71.894375,71.236959,10390
1687.575308,362.904500,321.281625,10382
1687.628164,112.804125,71.489250,10391
1687.640312,384.074833,342.439416,10383
1687.662986,39.841958,39.314333,10393
1687.682325,340.606875,299.147334,10386
1687.742203,289.394875,248.075625,10389
1687.742217,67.171708,66.763958,10394
1687.748754,184.876125,184.333333,10392
1687.799293,77.632916,76.649417,10395
1687.816920,68.055750,67.433042,10396
1687.822110,63.007875,62.178083,10397
1687.861032,46.507125,45.895500,10400
1687.881035,94.894917,94.286792,10398
1687.881726,41.750042,40.691001,10401
1687.919335,132.403250,131.672333,10399
1687.976091,78.840125,77.890459,10402
1688.020251,62.588167,61.728916,10404
1688.029771,79.191583,78.506750,10403
1688.089870,92.279541,91.640500,10405
1688.091679,46.197958,43.543500,10408
1688.098374,90.054417,89.359667,10406
1688.137355,127.059625,126.354375,10407
1688.173596,95.379375,94.733042,10409
1688.178576,59.088750,58.217833,10410
1688.270724,55.123834,54.262542,10411
1688.290692,60.086833,59.360583,10412
1688.302481,70.697083,70.145542,10413
1688.330407,65.529916,65.042542,10414
1688.386816,69.064333,68.454750,10415
1688.394979,53.316083,52.717000,10417
1688.404334,68.315625,67.684750,10416
1688.492322,39.482625,38.988834,10418
1688.596909,35.098875,34.614125,10419
1688.642303,78.335833,77.482417,10420
1688.661256,27.983958,27.499792,10421
1688.728819,52.884708,52.290583,10423
1688.728855,53.772250,53.353417,10422
1688.788285,74.537167,73.813541,10424
1688.809064,68.663292,67.840791,10425
1688.824155,67.390459,66.725458,10426
1688.841823,47.530292,46.967959,10428
1688.896327,110.178833,109.639542,10427
1688.939103,41.858250,41.370000,10429
1689.049478,41.094958,40.716666,10430
1689.079733,40.227542,39.687083,10431
1689.109265,56.419709,54.217042,10432
1689.135696,65.286375,64.584042,10433
1689.166505,94.147084,93.354042,10434
1689.168063,48.586417,47.937166,10435
1689.223617,40.238042,39.823583,10436
1689.271382,40.807375,40.284417,10437
1689.359560,43.299083,42.828334,10438
1689.392695,50.948042,50.367041,10439
1689.410542,53.194166,52.557167,10440
1689.431519,62.261500,61.784916,10441
1689.480153,45.513125,45.090792,10442
1689.513996,31.411042,30.880208,10444
1689.526436,73.634750,73.023125,10443
1689.583044,71.351875,70.396375,10445
1689.610888,46.959792,46.110458,10446
1689.649150,33.720750,33.322042,10447
1689.681174,46.035792,45.381584,10448
1689.737389,62.405000,61.982375,10449
1689.747714,65.344708,64.699250,10450
1689.762859,72.023291,71.510541,10451
1689.855626,54.708500,54.081416,10453
1689.858346,72.201792,71.764000,10452
1689.881817,80.634458,80.119959,10454
1689.926255,111.574458,110.783459,10455
1689.931128,71.912750,71.434125,10456
1689.963117,72.775208,72.045750,10457
1689.988221,91.002042,90.524000,10458
1690.035547,76.321876,75.767125,10460
1690.046577,73.109750,72.547417,10462
1690.059977,150.668292,150.050834,10459
1690.116604,69.873708,69.214250,10464
1690.130191,70.522959,69.909000,10465
1690.139361,177.611875,176.914792,10461
1690.164826,45.382750,44.890416,10467
1690.209537,201.148209,200.417875,10463
1690.272664,65.152500,64.186500,10469
1690.280165,219.633750,219.209375,10466
1690.287744,61.513959,61.075584,10470
1690.361622,237.262084,236.533792,10468
1690.452663,110.955834,110.114084,10472
1690.492086,261.476541,259.928084,10471
1690.519277,148.449583,145.579292,10473
1690.575884,190.139542,188.106333,10474
1690.587551,133.303917,132.740417,10477
1690.677064,112.775833,111.574750,10479
1690.725824,322.915542,311.516333,10475
1690.746576,147.789250,146.762876,10480
1690.785384,109.336209,108.941583,10482
1690.840990,411.702084,410.592583,10476
1690.913544,127.355958,126.649250,10486
1690.966675,482.416376,481.190500,10478
1690.972334,180.792792,139.211917,10487
1691.070868,398.407917,396.837583,10481
1691.072517,158.939375,117.739417,10489
1691.143890,177.194500,133.721583,10490
1691.174174,481.649875,480.858000,10483
1691.233317,162.417500,120.250375,10492
1691.288134,144.223917,102.872875,10494
1691.290208,588.043750,545.887708,10484
1691.317304,83.944584,42.254917,10496
1691.343269,616.529375,574.940042,10485
1691.385208,94.966375,53.813375,10498
1691.395150,106.993834,66.268417,10497
1691.417237,574.554750,533.411083,10488
1691.476277,503.901708,462.400750,10491
1691.501413,116.182500,74.571292,10501
1691.535141,139.970833,99.050000,10502
1691.542363,469.818417,428.468834,10493
1691.575194,98.877042,58.014250,10504
1691.617238,443.027376,398.519334,10495
1691.627245,125.807500,84.402500,10505
1691.640254,105.074667,62.603625,10506
1691.684292,366.945250,325.550750,10499
1691.730229,112.972125,72.181083,10509
1691.739218,111.942250,71.331750,10510
1691.750306,407.009751,365.713834,10500
1691.808228,390.966042,342.506792,10503
1691.838145,107.898292,66.392375,10513
1691.857289,118.035750,76.518750,10514
1691.864148,321.750917,280.783416,10507
1691.890344,82.075875,41.167584,10516
1691.940128,364.910000,324.105833,10508
1691.947143,108.975708,68.399042,10517
1691.963190,105.875583,65.065292,10518
1691.998308,358.013542,316.711500,10511
1692.031144,83.977833,42.771167,10522
1692.041149,101.000083,59.565916,10521
1692.061283,376.952333,335.401791,10512
1692.095359,64.197001,63.820167,10525
1692.106144,107.800000,66.631833,10524
1692.120147,369.803583,328.852417,10515
1692.167878,72.495500,71.840709,10528
1692.177169,312.999167,271.744667,10519
1692.208286,102.120958,61.147916,10529
1692.243188,352.795917,312.077500,10520
1692.281382,104.185667,63.249958,10532
1692.284419,116.498084,75.380375,10531
1692.318305,355.086084,313.299292,10523
1692.336311,93.082500,52.354458,10534
1692.367214,85.792000,44.487334,10535
1692.400280,359.103500,318.080001,10526
1692.411298,92.946875,51.367458,10537
1692.433294,96.942125,54.966042,10538
1692.447305,385.980000,342.972000,10527
1692.504233,92.902542,51.943500,10541
1692.515354,115.033917,74.065834,10540
1692.525143,404.975959,363.222709,10530
1692.570366,362.055167,320.988792,10533
1692.618237,113.984500,72.889542,10544
1692.630274,114.873500,71.850041,10545
1692.640196,355.726583,314.647083,10536
1692.680378,313.058958,271.744666,10539
1692.744285,126.024791,84.679875,10548
1692.744285,310.948459,269.414542,10542
1692.750318,120.004209,78.907500,10549
1692.778170,330.827584,290.049083,10543
1692.820332,75.977125,35.103542,10552
1692.841274,96.923459,55.488126,10553
1692.846417,321.248376,280.273584,10546
1692.882163,311.758417,269.533834,10547
1692.913209,272.989792,230.473250,10550
1692.963236,142.863875,100.608666,10556
1692.964381,283.964917,242.729667,10551
1693.004309,253.945417,211.643250,10554
1693.006354,165.050375,123.649166,10557
1693.054205,90.928834,49.746958,10561
1693.056156,277.963000,237.401500,10555
1693.098149,93.799125,52.351833,10563
1693.102275,255.819083,214.071667,10558
1693.141209,86.962459,45.848542,10565
1693.168152,285.967208,244.927666,10559
1693.192137,93.966250,52.828708,10567
1693.221285,118.967333,77.230125,10568
1693.234291,321.042750,279.625500,10560
1693.265313,97.133458,56.380625,10570
1693.288351,96.187584,55.349583,10571
1693.311162,346.737708,304.306625,10562
1693.348122,341.732125,300.171667,10564
1693.367367,133.026833,91.801500,10573
1693.384134,118.784459,77.243250,10574
1693.427094,370.919500,330.100458,10566
1693.427198,79.058583,37.687125,10577
1693.467321,99.914209,58.371833,10578
1693.477168,335.923875,294.897750,10569
1693.525281,98.163334,56.951709,10580
1693.530170,102.940250,62.253042,10581
1693.547330,326.001375,284.739292,10572
1693.602292,313.898084,272.678001,10575
1693.638232,112.913208,71.517834,10584
1693.653288,123.092375,81.573333,10585
1693.670147,358.961750,317.824208,10576
1693.690145,87.816458,46.522583,10587
1693.735122,350.966875,310.580375,10579
1693.739303,101.045291,59.678792,10588
1693.774147,120.824667,79.736708,10589
1693.803338,335.977834,294.410666,10582
1693.855304,378.114333,336.712833,10583
1693.857312,117.968083,76.272292,10593
1693.857312,122.161959,81.116000,10592
1693.881153,333.794417,292.926667,10586
1693.945250,275.082500,233.630250,10590
1693.957325,101.979792,60.534833,10596
1693.965338,108.000375,66.303416,10597
1693.993170,303.002292,262.126083,10591
1694.046139,100.868541,59.639708,10600
1694.062176,104.808667,63.424667,10601
1694.071338,297.162250,248.582250,10594
1694.097221,293.839875,252.609000,10595
1694.153187,90.990083,50.455708,10605
1694.163242,117.085500,75.520084,10604
1694.167311,309.957667,267.463584,10598
1694.229247,348.069167,306.804750,10599
1694.262131,108.908626,67.398334,10608
1694.269303,106.038625,64.640917,10609
1694.302232,336.853417,286.958584,10602
1694.336327,107.037875,65.688875,10611
1694.361342,368.142542,326.613875,10603
1694.378253,116.099375,74.937917,10612
1694.404342,332.962584,291.323375,10606
1694.430174,127.901083,87.294958,10614
1694.463136,101.735084,59.327917,10616
1694.474311,377.051209,335.369709,10607
1694.532282,364.937417,323.767792,10610
1694.538153,133.772333,91.721875,10618
1694.540443,110.247667,69.205209,10619
1694.581139,311.807709,270.705750,10613
1694.640284,303.914625,263.045417,10615
1694.658143,125.795833,85.090833,10622
1694.663352,125.174000,82.914709,10623
1694.685285,306.996958,265.418417,10617
1694.757214,294.051917,252.499917,10620
1694.759119,100.955458,60.529291,10627
1694.772241,131.916167,90.456917,10626
1694.799290,324.944375,283.013792,10621
1694.861147,320.687500,278.826041,10624
1694.871329,114.072583,72.672834,10630
1694.879366,120.220626,74.468042,10631
1694.906320,325.156125,284.190375,10625
1694.959204,98.037042,56.966000,10634
1694.970296,306.906250,266.014292,10628
1694.979345,107.976167,66.983583,10635
1695.040282,354.968833,313.383584,10629
1695.072289,113.065750,71.998208,10638
1695.091246,120.915083,79.783958,10639
1695.096143,323.883000,280.295750,10632
1695.140297,340.966208,299.338084,10633
1695.158273,117.951167,76.346958,10641
1695.177320,104.998250,63.385291,10642
1695.199310,319.909333,278.960500,10636
1695.249242,342.882166,301.424083,10637
1695.272241,131.918792,90.832292,10645
1695.283375,125.064625,83.990667,10646
1695.297219,317.834417,276.924667,10640
1695.336293,245.024500,203.394625,10643
1695.408221,158.940541,118.176042,10649
1695.408575,136.313917,94.985041,10650
1695.410261,314.094375,273.267458,10644
1695.516167,338.813125,297.270750,10647
1695.582245,173.991417,132.159708,10654
1695.589335,180.747875,139.194709,10655
1695.611250,411.911209,370.342876,10648
1695.726578,443.170583,401.242917,10651
1695.734782,152.496459,150.389166,10658
1695.756756,167.390416,125.751500,10659
1695.847542,112.732958,111.674209,10662
1695.869408,572.070917,531.245459,10652
1695.932469,205.865917,163.123625,10661
1695.973291,636.971417,595.428458,10653
1696.010993,163.429875,119.715167,10664
1696.103242,170.731458,128.711625,10666
1696.111043,700.749292,658.563501,10656
1696.142561,169.251250,127.248333,10667
1696.222359,706.161167,665.140000,10657
1696.264209,160.883042,119.329875,10669
1696.279248,667.972376,627.361000,10660
1696.282190,171.129292,128.969167,10670
1696.319241,562.468667,521.521876,10663
1696.380263,510.822084,469.601125,10665
1696.389299,125.051500,83.844250,10673
1696.410293,399.266292,357.924292,10668
1696.412209,132.920667,91.995459,10674
1696.492223,349.635126,307.579125,10671
1696.495165,114.865334,74.235875,10677
1696.496316,106.976333,65.255458,10678
1696.530140,307.741001,266.423209,10672
1696.593222,310.992208,270.096166,10675
1696.609277,117.024833,75.508125,10681
1696.611256,116.063791,75.547208,10682
1696.640315,321.052083,279.896167,10676
1696.697275,104.020000,63.187250,10685
1696.704143,293.812750,252.555917,10679
1696.715351,106.052917,65.153375,10686
1696.758217,345.962166,304.987375,10680
1696.806280,108.967542,67.994208,10689
1696.806280,309.925875,268.216958,10683
1696.819495,115.327042,74.012750,10690
1696.874136,343.974750,303.003167,10684
1696.902257,95.935292,54.702083,10694
1696.946108,334.834500,285.322042,10687
1696.949398,143.089917,100.607792,10693
1696.973311,332.954417,291.881042,10688
1696.982319,108.144167,66.820833,10696
1697.039212,323.820584,282.771126,10691
1697.046255,100.129459,58.898292,10698
1697.066377,116.945500,75.854917,10699
1697.116337,358.088792,316.878917,10692
1697.146224,106.989750,64.730167,10702
1697.170200,123.902917,82.380375,10703
1697.181328,361.791209,320.615750,10695
1697.209306,92.923542,51.543334,10705
1697.258217,111.957125,71.085000,10706
1697.259187,356.909292,315.898626,10697
1697.290260,120.027250,78.474084,10707
1697.316211,342.860000,301.477458,10700
1697.367265,384.908125,343.473375,10701
1697.377323,118.113042,76.899667,10711
1697.389321,131.082583,90.039542,10710
1697.428226,361.812792,320.800375,10704
1697.468328,90.960625,49.869458,10715
1697.484307,117.001500,75.914125,10714
1697.499152,317.789500,276.783500,10708
1697.521109,92.851500,50.684375,10717
1697.561228,76.882750,35.825709,10719
1697.576143,366.799708,325.670333,10709
1697.593216,124.846167,82.967792,10718
1697.653273,362.986459,321.779208,10712
1697.659152,138.028334,96.822833,10721
1697.678245,116.999751,75.957584,10722
1697.726315,410.060292,368.666083,10713
1697.735305,76.124709,34.890917,10726
1697.779232,389.873459,348.392333,10716
1697.789304,135.992209,94.252375,10725
1697.808292,309.113001,268.235917,10720
1697.847180,271.017250,230.335584,10723
1697.860238,133.885208,92.997917,10728
1697.885356,106.097542,65.047208,10730
1697.928281,335.022917,293.639209,10724
1697.949296,89.032125,47.919083,10734
1697.952331,105.113750,64.092000,10733
1698.001271,323.001292,281.648792,10727
1698.016221,87.901917,46.514709,10736
1698.036208,86.870875,45.831042,10737
1698.057140,321.794959,279.541792,10729
1698.103127,86.874084,45.444584,10740
1698.114151,112.844958,71.562750,10739
1698.119328,329.984083,288.980125,10731
1698.167293,358.962042,317.531375,10732
1698.216241,113.092292,71.829917,10743
1698.233236,347.843125,306.470791,10735
1698.241300,127.129041,85.366750,10744
1698.287265,334.893416,293.877500,10738
1698.310205,93.926292,52.736833,10747
1698.323306,90.047125,49.325500,10748
1698.381346,94.040917,53.050375,10750
1698.383292,347.044542,305.962417,10741
1698.401257,91.006417,49.793042,10751
1698.440220,383.056333,341.577250,10742
1698.489215,105.886084,64.942208,10754
1698.502301,382.932375,340.079251,10745
1698.508819,127.435875,85.624584,10753
1698.560170,392.839126,351.814459,10746
1698.578178,88.926833,48.170500,10757
1698.599300,96.959041,55.828792,10758
1698.610136,368.809001,327.996958,10749
1698.683297,123.095875,81.679792,10760
1698.684100,360.759001,319.615626,10752
1698.690249,112.042875,71.457167,10761
1698.735275,333.982250,292.781125,10755
1698.770314,86.986083,46.079541,10764
1698.806254,365.988875,324.568417,10756
1698.817174,133.056291,91.823666,10765
1698.845187,109.885125,68.885833,10767
1698.858297,349.426875,307.855333,10759
1698.913327,96.121375,54.990833,10770
1698.919315,319.973208,278.404583,10762
1698.947312,141.016458,99.594833,10769
1698.960299,350.143500,308.828041,10763
1699.022126,108.767166,67.586167,10773
1699.024108,333.821542,290.444000,10766
1699.027374,108.010291,66.261708,10774
1699.061199,290.845625,248.726917,10768
1699.102277,78.153542,37.091542,10778
1699.133242,111.099917,69.589334,10777
1699.139333,294.121917,252.738501,10771
1699.185283,82.965166,40.570834,10781
1699.200333,341.996667,300.761417,10772
1699.227268,94.000084,51.997458,10782
1699.272199,324.847833,274.641500,10775
1699.288165,102.854500,62.037208,10784
1699.315309,354.974958,314.002209,10776
1699.336296,135.927458,94.724875,10785
1699.369146,341.730084,300.996501,10779
1699.375149,102.914875,62.037208,10787
1699.443329,382.108417,340.744834,10780
1699.445355,130.012167,88.023250,10789
1699.451167,114.837625,73.815584,10790
1699.479301,339.921750,298.798500,10783
1699.546228,102.861500,61.434917,10793
1699.547087,101.707667,60.129125,10794
1699.563307,335.998250,294.544834,10786
1699.623304,335.118875,293.433000,10788
1699.653313,106.209542,65.529625,10798
1699.676150,306.985291,266.305667,10791
1699.699309,153.057333,111.674208,10797
1699.725145,349.972875,309.397958,10792
1699.745396,122.047041,80.655750,10800
1699.786094,109.927709,69.210167,10802
1699.796321,345.123626,303.448250,10795
1699.826255,101.082917,59.817625,10804
1699.853143,107.698792,67.095292,10805
1699.866201,386.858501,345.711334,10796
1699.913263,349.916584,308.536667,10799
1699.919346,133.232458,91.191042,10806
1699.938215,111.912500,70.843792,10808
1699.978211,324.863584,283.843584,10801
1700.016329,96.938625,55.608583,10812
1700.036152,122.859042,81.545333,10811
1700.055322,355.970417,309.633917,10803
1700.077299,99.042417,57.713250,10814
1700.110294,93.923667,52.473459,10815
1700.127160,330.799584,289.552959,10807
1700.173183,137.002250,96.541667,10816
1700.182143,104.810125,63.939166,10818
1700.208313,355.144708,304.222917,10809
1700.244314,378.072042,336.973875,10810
1700.282300,109.079833,67.923916,10821
1700.308296,126.126000,84.876167,10822
1700.318164,379.916250,330.586958,10813
1700.360228,115.877708,74.422542,10824
1700.370394,315.028292,273.779625,10817
1700.397738,115.400542,71.763125,10825
1700.470921,360.587209,316.887375,10819
1700.531234,160.794667,118.703958,10829
1700.548231,187.978584,147.181708,10828
1700.569064,441.877333,399.905917,10820
1700.698133,166.858416,125.361250,10832
1700.700281,152.005584,110.331958,10833
1700.713412,505.055834,459.747167,10823
1700.816235,507.905125,466.521417,10826
1700.870511,170.205583,128.492875,10836
1700.890682,192.518958,150.812959,10835
1700.921691,603.499751,560.779625,10827
1701.047289,176.752334,133.021583,10839
1701.054690,656.923458,614.520375,10830
1701.073302,182.571083,140.886959,10840
1701.166280,695.314376,653.777542,10831
1701.222230,174.912792,133.811125,10842
1701.234296,179.580917,138.010833,10843
1701.256145,687.044459,645.287125,10834
1701.323319,101.064541,59.875375,10846
1701.324087,610.642958,569.089208,10837
1701.344194,109.862958,67.907583,10847
1701.373297,557.035500,511.494959,10838
1701.429350,507.616083,465.086417,10841
1701.440169,116.063500,73.764542,10850
1701.443282,119.927500,78.946292,10849
1701.472307,398.970250,357.369542,10844
1701.514277,84.887542,43.870750,10853
1701.553295,113.096667,71.886792,10854
1701.562141,395.825500,354.540958,10845
1701.611315,96.999000,54.215291,10857
1701.613331,357.163333,316.231417,10848
1701.650287,306.064792,263.581791,10851
1701.660296,106.958542,65.479458,10858
1701.715109,341.776750,300.659917,10852
1701.717368,106.011209,64.733958,10860
1701.754295,103.968667,62.575625,10862
1701.764329,321.019417,278.930750,10855
1701.812310,97.176625,56.115792,10864
1701.820280,347.932083,306.248250,10856
1701.836317,118.900541,77.952583,10865
1701.853387,291.219250,250.375125,10859
1701.914126,101.780584,60.607167,10868
1701.925320,105.014584,63.863042,10869
1701.933323,319.959792,278.346833,10861
1701.977361,317.023292,276.022834,10863
1702.019306,105.153708,63.639042,10872
1702.026286,100.929500,59.635625,10873
1702.042310,287.977084,246.460958,10866
1702.120197,100.854250,58.555584,10876
1702.125157,98.843500,57.262333,10877
1702.125226,360.854667,319.623792,10867
1702.172324,335.965000,294.702334,10870
1702.232287,107.047208,65.345000,10881
1702.237210,383.785792,342.426291,10871
1702.245271,125.043917,84.106750,10879
1702.284302,350.937125,309.722875,10874
1702.339285,102.037542,60.573917,10884
1702.345342,367.938958,326.916333,10875
1702.346168,113.840417,71.356250,10883
1702.381147,338.802625,298.222167,10878
1702.427224,81.851583,40.264875,10888
1702.445303,105.978542,64.997042,10887
1702.471292,346.114125,302.428875,10880
1702.515317,88.070792,46.983125,10891
1702.539239,93.900042,52.348917,10892
1702.540242,367.881209,326.248417,10882
1702.598262,352.965958,312.030542,10885
1702.606293,90.932625,49.427292,10894
1702.632359,348.009376,306.553625,10886
1702.678291,332.089917,286.905500,10889
1702.701301,162.035125,121.139959,10895
1702.704310,323.137208,281.776542,10890
1702.741116,142.835000,100.799417,10897
1702.757312,285.977417,245.175001,10893
1702.781339,103.006750,61.725709,10900
1702.816106,275.832084,234.948001,10896
1702.833251,131.907708,90.652917,10901
1702.852311,111.170792,70.262792,10903
1702.865218,258.887417,216.583500,10898
1702.925140,109.015667,68.406917,10906
1702.933189,99.916250,58.911709,10907
1702.933230,300.823250,259.014000,10899
1702.969316,264.965167,223.007167,10902
1703.022290,97.125875,55.765209,10910
1703.031224,273.867417,233.054208,10904
1703.050322,117.108833,76.160584,10911
1703.074308,292.935125,251.595167,10905
1703.130142,107.814292,65.602834,10914
1703.130161,98.910584,57.611167,10915
1703.155144,302.792292,261.105542,10908
1703.221302,356.039542,314.468000,10909
1703.253297,123.129709,82.367542,10918
1703.262254,132.078042,91.415917,10919
1703.274329,341.085500,300.119167,10912
1703.319195,349.845709,308.214959,10913
1703.337272,115.929334,74.981667,10921
1703.354353,100.966542,60.160917,10922
1703.378155,327.796292,285.691584,10916
1703.432218,94.908042,53.719167,10926
1703.442256,367.917083,326.434500,10917
1703.443115,123.901167,82.744667,10925
1703.497302,342.132584,301.033834,10920
1703.551125,288.833709,246.743583,10923
1703.556129,113.853250,71.932292,10930
1703.565147,132.912500,91.773209,10929
1703.622289,347.920708,306.214125,10924
1703.654310,98.159542,56.866250,10934
1703.669322,118.173125,77.250833,10933
1703.684295,329.907375,288.419834,10927
1703.738368,116.038416,74.850417,10936
1703.749309,371.133000,329.754250,10928
1703.763344,108.994375,67.369166,10937
1703.797377,354.174333,312.820958,10931
1703.843296,345.950208,304.969000,10932
1703.863347,124.938917,83.913958,10940
1703.876154,126.805584,86.067041,10941
1703.896305,331.137334,290.306916,10935
1703.959131,289.742250,247.927459,10938
1703.960308,116.980208,75.248250,10944
1703.960308,96.919959,54.238916,10945
1703.994312,309.986251,268.919583,10939
1704.052265,91.929250,50.358000,10950
1704.056203,292.693917,251.119458,10942
1704.082366,123.207000,82.475750,10948
1704.096138,298.727626,257.134792,10943
1704.152187,95.949000,54.597375,10953
1704.162314,286.133750,245.319667,10946
1704.165273,112.970959,70.856917,10952
1704.237230,340.889792,296.177292,10947
1704.259239,107.017750,65.650083,10956
1704.262429,100.075500,59.266083,10957
1704.294115,333.789750,291.972625,10949
1704.334319,97.064334,55.992417,10959
1704.358212,98.953167,58.285209,10960
1704.376309,381.894333,340.689708,10951
1704.380318,86.177583,45.171583,10962
1704.438248,103.889917,62.424542,10963
1704.451322,368.918083,327.570250,10954
1704.468291,110.046708,68.650458,10964
1704.517148,78.866958,37.433083,10967
1704.530293,434.129792,392.867708,10955
1704.574286,122.917959,81.907291,10968
1704.581409,416.109750,374.999917,10958
1704.610377,93.204125,52.208625,10970
1704.645196,382.735209,332.554542,10961
1704.659210,84.887834,44.116917,10972
1704.679301,97.852125,56.450917,10973
1704.698244,321.904334,281.246292,10965
1704.760212,114.996876,73.698334,10975
1704.768262,387.907042,346.442542,10966
1704.787143,127.915375,85.585209,10976
1704.806219,337.880667,296.979667,10969
1704.868191,107.937666,66.441375,10979
1704.878137,347.810167,306.258750,10971
1704.881330,113.032208,71.386584,10980
1704.951270,340.848083,299.344792,10974
1704.957857,278.525334,276.816750,10977
1704.960389,92.156750,51.037583,10983
1704.989142,110.987917,69.669834,10984
1705.029373,71.482833,70.485625,10987
1705.044318,93.005208,51.961584,10986
1705.064311,366.039625,324.924541,10978
1705.131276,101.873042,60.408833,10990
1705.146310,359.139958,317.214917,10981
1705.149134,104.780958,63.761250,10991
1705.200169,393.915959,352.781625,10982
1705.244249,97.902875,56.935958,10994
1705.244262,112.962500,71.841291,10993
1705.252368,370.987750,329.466959,10985
1705.301291,340.870833,299.372208,10988
1705.350318,106.049417,64.045917,10997
1705.354358,365.190875,324.476250,10989
1705.370356,126.080500,82.473125,10998
1705.425138,360.792542,318.298750,10992
1705.512294,161.937125,119.605209,11001
1705.540292,391.132875,350.364875,10995
1705.552354,197.963791,154.991375,11002
1705.670558,158.231792,116.682125,11005
1705.673287,473.089750,431.714500,10996
1705.702291,161.398709,118.910750,11006
1705.780534,528.130750,484.463584,10999
1705.843361,170.046042,128.518541,11009
1705.845288,174.705125,132.810125,11008
1705.877365,576.030584,533.513459,11000
1706.003178,632.790084,591.628916,11003
1706.011344,167.955375,124.729792,11012
1706.024320,178.994667,136.906583,11013
1706.098580,673.419251,631.477584,11004
1706.177807,174.608875,133.091583,11015
1706.190264,178.880917,135.558501,11016
1706.210287,657.891500,616.351167,11007
1706.277325,87.040625,46.315792,11020
1706.292333,590.009584,549.088167,11010
1706.306145,128.317584,86.578917,11019
1706.325303,544.739708,503.237876,11011
1706.388289,95.916917,54.990541,11023
1706.395293,117.924042,76.329166,11022
1706.399321,521.918542,480.271167,11014
1706.426304,401.941751,360.588084,11017
1706.474251,78.921208,37.267417,11027
1706.495292,396.688542,355.654250,11018
1706.507342,119.022167,77.370417,11026
1706.548288,337.970209,296.128584,11021
1706.571271,96.988208,55.601875,11030
1706.609155,113.827292,72.349375,11031
1706.628388,322.210583,280.330459,11024
1706.653315,104.989208,64.257375,11033
1706.669319,98.021000,57.031917,11034
1706.711358,82.911500,41.853875,11036
1706.713154,387.813125,347.150417,11025
1706.747299,347.941417,306.163083,11028
1706.778184,124.836542,83.821500,11037
1706.819141,107.747792,66.137167,11039
1706.829231,402.888792,361.627292,11029
1706.870192,122.865459,80.620458,11041
1706.896157,117.954084,77.023334,11042
1706.905330,397.944750,357.047250,11032
1706.963237,93.021833,52.288542,11045
1706.967162,137.896500,96.914416,11044
1706.969296,360.115584,315.215833,11035
1707.003306,333.943459,293.009792,11038
1707.066227,99.042125,57.393875,11049
1707.079309,366.132376,324.729126,11040
1707.087315,124.044666,83.104000,11048
1707.133245,314.084166,273.221666,11043
1707.188125,121.877875,80.465000,11052
1707.188150,108.817041,67.548834,11053
1707.195307,299.125459,257.960500,11046
1707.249310,343.939750,302.159375,11047
1707.303190,115.041791,73.749375,11056
1707.310265,122.101000,74.592583,11057
1707.312248,342.924166,301.823083,11050
1707.372146,368.804334,326.645083,11051
1707.411226,323.882708,283.056958,11054
1707.423345,120.115917,77.758333,11060
1707.436300,125.995917,84.422042,11061
1707.464300,331.025334,289.923084,11055
1707.512118,100.871750,59.529167,11064
1707.525299,329.951709,287.826292,11058
1707.540337,116.949001,76.077750,11065
1707.599118,86.983459,46.377333,11068
1707.608293,358.946292,317.591750,11059
1707.631266,105.931000,64.609417,11069
1707.662298,350.020417,309.091417,11062
1707.699422,100.277916,59.436416,11071
1707.718146,109.829708,68.385625,11072
1707.743298,371.131542,329.965126,11063
1707.781143,118.806625,77.193375,11074
1707.794328,94.872458,53.470375,11075
1707.798203,361.858875,319.785667,11066
1707.849312,384.972292,343.991083,11067
1707.858247,114.911417,73.116750,11077
1707.881296,100.129458,58.611291,11078
1707.903335,362.954666,321.648542,11070
1707.929901,298.610959,297.889666,11073
1707.969372,120.019958,78.295000,11081
1707.969488,39.553792,35.139417,11085
1707.988166,129.897250,88.603083,11082
1708.044283,326.057084,285.323209,11076
1708.071138,101.731583,60.394834,11086
1708.083381,113.859084,72.295708,11087
1708.108227,313.873292,273.046084,11079
1708.144332,100.012500,58.423750,11089
1708.180315,109.153625,67.874917,11090
1708.181197,382.958625,341.868333,11080
1708.182901,74.659958,74.239667,11092
1708.240217,95.844292,54.959334,11093
1708.246162,63.242375,62.505042,11096
1708.254315,372.989750,332.091959,11083
1708.340129,99.877750,59.085542,11097
1708.342350,438.972042,392.525000,11084
1708.344246,98.058334,57.243959,11098
1708.423333,435.142459,388.031583,11088
1708.430303,87.916209,47.127500,11101
1708.451141,110.992875,69.695208,11100
1708.467234,383.812917,342.927084,11091
1708.515263,91.890459,50.309875,11103
1708.543215,112.886958,65.827709,11104
1708.543215,362.861333,314.611500,11094
1708.598325,417.093541,375.468042,11095
1708.618139,102.841959,62.027875,11107
1708.646250,391.906084,350.929833,11099
1708.648140,104.905500,63.957833,11108
1708.708211,363.945459,322.368375,11102
1708.709213,110.852875,69.874584,11110
1708.719156,100.997750,59.915042,11111
1708.764327,313.161042,272.365917,11105
1708.804311,96.066833,54.386209,11114
1708.824139,356.886250,315.709334,11106
1708.851296,142.045750,100.742541,11115
1708.880363,116.000500,75.012292,11117
1708.909290,366.032042,319.647709,11109
1708.924110,99.951542,59.393542,11119
1708.964208,112.877334,71.998792,11120
1708.991263,344.994125,304.075333,11112
1709.022319,98.182584,57.600667,11123
1709.031288,121.954583,80.649625,11122
1709.051288,403.123875,361.756500,11113
1709.103299,112.006417,70.502834,11125
1709.115150,395.970167,354.821834,11116
1709.120424,98.059792,56.289917,11126
1709.167209,362.856667,320.941834,11118
1709.215142,111.806916,70.741125,11129
1709.230153,114.980833,73.860208,11130
1709.230172,349.776875,308.912334,11121
1709.269198,304.953541,262.803916,11124
1709.307150,91.991084,50.390083,11133
1709.344344,114.167958,72.930667,11134
1709.347223,315.898916,273.541041,11127
1709.376304,107.065875,65.609833,11136
1709.396284,344.949500,303.575708,11128
1709.433245,126.073791,84.686875,11137
1709.455146,110.774417,68.554208,11138
1709.482314,361.853333,320.376875,11131
1709.490299,93.973250,52.334625,11141
1709.537359,370.108375,329.112583,11132
1709.552306,97.139875,56.150208,11143
1709.569352,136.083209,95.055334,11142
1709.572197,342.014167,300.797875,11135
1709.633215,285.945042,244.909583,11139
1709.654298,101.953250,60.391042,11147
1709.657153,119.767959,78.869584,11146
1709.677316,300.970250,259.435459,11140
1709.735296,102.042208,60.584708,11150
1709.748146,265.789417,224.238000,11144
1709.761402,107.062375,66.138334,11151
1709.797306,306.967500,265.193542,11145
1709.848126,112.793917,70.397250,11154
1709.860294,112.127167,71.358000,11155
1709.867309,297.918542,256.461917,11148
1709.937287,365.052042,324.233875,11149
1709.961280,100.944958,60.204375,11159
1709.963286,115.138041,74.112208,11158
1709.995355,338.181958,293.333542,11152
1710.045148,367.804500,326.988375,11153
1710.058152,120.830208,80.042375,11161
1710.078297,316.851792,275.029708,11156
1710.096158,134.840416,92.751458,11162
1710.143228,85.056125,42.814916,11166
1710.153308,355.961667,314.361833,11157
1710.154202,109.032292,67.853041,11165
1710.181299,313.944167,270.975250,11160
1710.234210,270.886875,227.514875,11163
1710.247237,93.893917,52.542000,11170
1710.257147,113.897000,71.668916,11169
1710.307131,311.743542,270.988667,11164
1710.345416,111.183334,69.798750,11173
1710.362214,114.956625,74.219542,11174
1710.390200,83.046833,42.576916,11176
1710.399739,321.407626,278.501709,11167
1710.514466,169.016167,128.067625,11177
1710.535205,172.972042,131.205375,11178
1710.537322,441.141750,398.973458,11168
1710.602729,448.496708,405.206084,11171
1710.669990,105.952000,105.096542,11181
1710.682806,501.467167,459.611834,11172
1710.795115,136.605000,135.969167,11182
1710.806452,130.944333,130.221875,11183
1710.835377,578.204375,537.364917,11175
1710.924692,534.464583,492.251083,11179
1710.977389,524.571834,516.601167,11180
1710.980308,82.989667,82.030667,11185
1711.055493,268.401875,267.938417,11184
1711.089250,80.337250,79.683625,11186
1711.168362,70.932459,70.229250,11187
1711.183455,63.922542,63.147875,11188
1711.250994,35.525583,34.946625,11189
1711.276951,46.355750,45.676167,11190
1711.364486,35.039375,34.572416,11191
1711.382798,41.056166,40.280625,11192
1711.517716,64.914792,64.425083,11193
1711.525117,43.932583,43.280417,11194
1711.591377,27.446125,26.955541,11195
1711.717089,42.037042,41.490750,11196
1711.834956,48.775708,48.177792,11197
1711.940240,42.954041,42.308875,11198
1712.069351,53.891542,53.228000,11201
1712.077207,68.846167,68.392625,11199
1712.081639,71.385708,70.684250,11200
1712.106906,67.111042,66.588959,11202
1712.148274,107.466333,106.932875,11203
1712.174697,55.206375,54.476333,11204
1712.254836,56.596167,55.904916,11206
1712.257966,61.933958,61.527084,11205
1712.308139,77.547166,76.905791,11207
1712.335838,42.985542,42.402792,11208
1712.369248,27.518750,27.068708,11209
1712.498044,45.194041,44.597291,11210
1712.598822,34.893250,34.435917,11211
1712.724811,49.772334,49.077875,11212
1712.734867,36.929958,36.355375,11213
1712.801718,38.332292,37.878166,11214
1712.828620,42.466083,41.779792,11215
1712.864523,27.999708,27.400333,11216
1712.935395,53.493708,52.760167,11217
1712.937726,40.432292,39.901750,11218
1712.996964,53.112208,52.423291,11219
1713.044879,36.497417,36.033958,11220
1713.164404,44.941167,44.406833,11221
1713.265253,34.649709,34.236417,11223
1713.282629,55.560167,55.039834,11222
1713.322880,63.820167,63.195125,11224
1713.386970,45.263167,44.503375,11225
1713.489547,36.721417,36.248041,11226
1713.517414,61.715792,61.206250,11227
1713.600561,36.649375,36.133708,11228
1713.717915,42.801208,42.418833,11229
1713.838173,52.023125,51.561125,11230
1713.939703,42.401041,41.890917,11232
1713.940764,48.927667,48.402083,11231
1714.057859,49.485333,48.867583,11233
1714.116354,70.639333,70.020417,11234
1714.167533,61.957291,61.455041,11235
1714.196238,55.303208,54.693042,11237
1714.201748,82.273917,81.642458,11236
1714.228649,74.517917,73.827250,11238
1714.273566,42.973584,42.186375,11239
1714.369843,28.132416,27.661958,11240
1714.413280,47.835666,47.021333,11241
1714.489022,56.456167,55.532459,11242
1714.495298,42.448875,41.919500,11243
1714.582244,33.988208,33.504917,11244
1714.610387,46.447625,45.880333,11245
1714.732033,56.992834,56.052500,11246
1714.777287,42.848459,41.794959,11247
1714.827984,41.808083,41.253334,11248
1714.935411,38.144167,37.622666,11249
1714.971152,47.513667,46.854208,11250
1715.035831,27.458083,26.990542,11251
1715.109028,37.121875,36.506459,11252
1715.155805,36.321834,35.902126,11253
1715.224230,69.136375,68.310667,11254
1715.277878,47.293458,46.830000,11255
1715.415536,73.826083,73.189667,11256
1715.521765,68.919083,68.265750,11257
1715.633150,69.100792,68.069167,11258
1715.741071,93.616542,92.813292,11259
1715.785981,110.851708,109.596958,11260
1715.805543,121.775208,120.876875,11261
1715.863336,77.195708,75.496750,11262
1715.983255,85.757584,84.851375,11264
1715.984885,96.355000,95.605125,11263
1716.057327,48.654666,48.018542,11265
1716.090809,34.501834,33.845583,11266
1716.163585,44.090375,43.655500,11267
1716.200352,59.737125,58.949333,11268
1716.307260,76.637167,75.923167,11269
1716.407743,66.075917,65.460791,11270
1716.440161,37.093875,36.486042,11271
1716.487885,35.057166,34.644459,11272
1716.604826,40.899833,40.278000,11273
1716.620438,48.459834,47.863667,11274
1716.728436,53.344084,52.993792,11275
1716.827255,41.094083,40.753709,11276
1716.949129,51.861250,51.316417,11277
1717.054512,46.106667,45.460042,11278
1717.179741,60.231792,59.552208,11279
1717.301469,70.869459,70.352334,11280
1717.330882,41.750916,41.417834,11281
1717.387666,45.963750,45.500583,11282
1717.518647,65.829459,65.237375,11283
1717.528568,48.426292,47.869209,11284
1717.602154,38.276875,37.729416,11286
1717.624339,69.246917,68.653375,11285
1717.721481,46.429833,45.804792,11287
1717.837440,51.311167,50.765166,11288
1717.879193,52.012625,51.302125,11289
1717.893407,42.679875,41.987750,11290
1717.934731,37.464000,36.915958,11291
1717.985134,28.370417,27.694625,11292
1718.016414,30.274709,29.791708,11293
1718.050155,41.754708,41.043625,11294
1718.100726,41.082708,40.587750,11295
1718.193842,74.334167,73.671209,11296
1718.216939,39.144583,38.486000,11297
1718.263070,45.941000,45.599459,11298
1718.292430,49.756584,49.075250,11300
1718.316072,49.912333,49.338333,11301
1718.317359,86.761500,86.026792,11299
1718.351413,84.411542,83.760542,11302
1718.391389,117.239791,116.660250,11303
1718.398290,56.585375,55.828791,11304
1718.505720,52.913875,52.423583,11305
1718.596130,43.660750,43.091125,11306
1718.631814,67.878125,67.173167,11308
1718.644093,84.742000,83.972876,11307
1718.663164,43.806292,43.316001,11309
1718.710721,41.084750,40.603208,11311
1718.718560,75.209750,74.625833,11310
1718.741074,66.010000,65.343833,11312
1718.822659,36.503834,36.040667,11313
1718.941079,44.629375,43.995291,11314
1718.945245,47.986459,47.614584,11315
1718.993990,43.618458,42.965417,11316
1719.045559,37.207917,36.698083,11317
1719.112902,39.776042,39.360709,11318
1719.141145,51.034667,50.495375,11319
1719.163591,44.114875,43.533291,11320
1719.262364,45.005042,44.491708,11321
1719.285173,54.583083,53.931500,11323
1719.310667,82.712583,82.138291,11322
1719.363167,42.485334,41.911625,11324
1719.386374,44.636084,44.091834,11325
1719.480297,27.477917,26.949709,11326
1719.578380,55.443209,54.817584,11327
1719.584367,46.745708,46.361000,11328
1719.626286,62.312542,61.573167,11329
1719.654607,58.324875,57.619333,11330
1719.725118,50.080625,49.375083,11331
1719.755378,47.206541,46.524625,11332
1719.793439,55.635125,51.566959,11333
1719.802394,63.463458,62.654083,11334
1719.838580,48.712125,48.202875,11336
1719.851830,65.691791,65.034375,11335
1719.944735,47.479542,46.879000,11337
1720.061492,53.068167,52.398792,11338
1720.160954,41.472083,40.951459,11339
1720.267920,37.324291,36.688750,11340
1720.328904,39.602500,39.155375,11341
1720.395436,106.099875,104.763458,11342
1720.446748,115.665084,114.417916,11344
1720.456444,136.866625,136.218833,11343
1720.527406,108.810625,107.597584,11347
1720.532938,201.718708,200.379083,11345
1720.649206,307.494250,305.700791,11346
1720.678061,132.399750,131.418583,11350
1720.693727,162.740666,161.133292,11349
1720.736799,283.958209,283.184417,11348
1720.816903,252.935376,252.054833,11351
1720.874223,88.071083,87.302250,11353
1720.911064,235.588500,234.625125,11352
1720.988579,91.233625,90.471500,11354
1721.008695,82.507834,81.962417,11355
1721.088403,79.924834,79.377083,11356
1721.142145,81.714500,81.285750,11357
1721.169188,49.467541,48.796417,11358
1721.264913,35.854583,35.505167,11359
1721.300088,69.487833,68.777916,11360
1721.378103,36.343125,35.867417,11361
1721.426780,47.744083,47.063625,11362
1721.489951,37.132666,36.642375,11363
1721.537951,52.678209,51.932417,11364
1721.602167,38.233125,37.680708,11365
1721.718173,43.132833,42.507791,11366
1721.800611,51.112542,50.670667,11367
1721.835876,53.092958,52.375167,11368
1721.859741,73.586333,72.902958,11369
1721.880582,70.530833,69.855917,11370
1721.939418,118.322167,117.751667,11371
1721.945596,48.301750,47.556833,11372
1722.049956,41.550834,41.052667,11373
1722.160498,41.040417,40.584542,11374
1722.251433,48.507375,47.931916,11375
1722.301101,70.520041,70.000583,11376
1722.392985,51.272667,50.853250,11377
1722.440796,38.716708,38.275709,11379
1722.467676,67.892125,67.370625,11378
1722.478613,50.829042,50.031917,11380
1722.526640,73.806542,72.935041,11381
1722.604681,40.755166,40.110583,11382
1722.716067,39.832917,39.282541,11384
1722.737673,62.584666,61.910625,11383
1722.761198,64.094333,63.394333,11385
1722.838321,52.180625,51.794458,11386
1722.919517,56.234500,55.811000,11387
1722.948998,51.723000,51.068500,11388
1722.990453,42.413875,41.942833,11389
1723.043326,59.233125,58.484709,11390
1723.049643,41.257125,40.610792,11391
1723.151720,32.256292,31.664208,11393
1723.180478,65.332166,64.715875,11392
1723.197356,43.249792,42.774375,11394
1723.310451,79.818958,79.194500,11395
1723.384403,42.671125,42.011083,11396
1723.415774,48.710375,48.239333,11397
1723.513173,60.330375,59.628333,11398
1723.527190,41.220667,40.691875,11399
1723.609307,45.380708,44.642500,11400
1723.712166,37.122750,36.473792,11401
1723.823173,37.011917,36.359459,11402
1723.911755,41.942833,41.358041,11403
1723.942735,59.013208,58.517084,11404
1723.947966,50.722292,50.057875,11405
1724.022688,55.808084,55.274041,11406
1724.023722,40.624500,40.056916,11407
1724.094802,86.074917,85.340500,11408
1724.129238,34.587875,34.161167,11409
1724.150609,31.129583,30.503084,11410
1724.260596,49.763876,49.244709,11411
1724.268092,37.491417,36.847416,11412
1724.393966,52.279208,51.735250,11413
1724.400749,44.322834,43.648792,11414
1724.480148,27.307584,26.826333,11415
1724.600769,36.857333,36.342250,11416
1724.694584,48.219791,47.797167,11417
1724.735720,60.674834,60.053584,11418
1724.803173,49.972708,49.213208,11419
1724.830503,44.353458,43.724916,11420
1724.863923,73.847083,73.122000,11421
1724.942926,45.656625,45.378667,11422
1725.058330,49.947625,49.448875,11424
1725.071816,76.560167,76.040125,11423
1725.090352,67.615917,67.074583,11425
1725.160662,56.536667,55.835209,11427
1725.165239,72.794167,72.300375,11426
1725.179283,59.795458,59.167791,11428
1725.213444,59.726917,58.949041,11429
1725.275468,44.893334,44.228042,11430
1725.439762,98.051917,96.961375,11431
1725.493986,90.635125,89.882625,11432
1725.527966,75.093375,74.437125,11433
1725.626398,62.412583,61.812917,11434
1725.749482,103.224625,101.939542,11435
1725.772550,97.294459,96.912959,11436
1725.816271,105.143208,104.265875,11437
1725.880612,92.933166,92.150042,11438
1725.912795,79.415875,76.215125,11439
1725.964349,66.887625,66.033625,11440
1726.063433,54.948834,54.153459,11441
1726.165233,45.770083,45.368750,11442
1726.187383,44.101167,43.537959,11443
1726.225341,35.096250,34.646500,11444
1726.290158,59.534708,58.823042,11445
1726.382998,41.265291,40.806209,11446
1726.471163,39.504791,38.904833,11447
1726.493683,40.851416,40.068000,11448
1726.600154,36.226166,35.903292,11449
1726.722016,46.928875,46.627000,11450
1726.773819,47.627125,47.127208,11451
1726.823117,44.153959,43.444333,11452
1726.825300,39.167625,38.656625,11453
1726.937170,39.876084,39.193584,11455
1726.944302,50.006833,49.355542,11454
1727.078464,70.056875,69.444667,11456
1727.168317,48.810708,48.154166,11457
1727.183185,41.438833,40.707917,11458
1727.252426,50.752334,50.290042,11460
1727.271569,63.363708,62.768417,11461
1727.277840,77.473375,76.784167,11459
1727.323577,92.989167,92.467083,11462
1727.381520,39.825917,39.477666,11463
1727.490350,37.535458,37.001417,11464
1727.599440,35.498459,35.014000,11465
1727.628935,51.786875,51.027958,11466
1727.667937,35.773209,35.270083,11467
1727.708752,33.691875,33.019583,11468
1727.802315,37.417917,37.102041,11469
1727.839600,53.417875,52.725166,11470
1727.936851,28.796542,28.245000,11472
1727.954318,57.031917,56.439250,11471
1728.070421,62.061417,61.397000,11473
1728.110696,27.631625,26.979166,11474
1728.140401,34.353083,33.707625,11475
1728.178857,59.369917,58.596708,11476
1728.189891,46.482625,45.879750,11477
1728.274570,44.932417,44.284042,11478
1728.281053,50.392125,49.747250,11479
1728.321456,49.609875,48.827333,11480
1728.343920,45.803333,45.205708,11481
1728.373917,47.527083,46.903500,11482
1728.398599,56.885500,56.163625,11483
1728.474747,59.270750,58.753333,11484
1728.492373,39.564875,39.164417,11485
1728.596488,32.518208,31.861375,11487
1728.614514,53.216917,52.747625,11486
1728.639237,44.552958,43.821750,11488
1728.713028,38.002708,37.493750,11489
1728.825498,39.338834,38.978625,11490
1728.848923,48.338791,47.643458,11491
1728.879261,58.054792,57.569458,11492
1728.942751,45.483959,44.887500,11493
1729.040430,32.057667,31.597709,11494
1729.083362,51.888084,51.273250,11495
1729.094592,52.780583,52.129875,11496
1729.159450,39.970875,39.510917,11497
1729.283576,52.985042,52.303125,11498
1729.379631,37.947583,37.439208,11499
1729.500151,47.326709,46.918375,11500
1729.619924,55.991833,55.342875,11501
1729.650786,49.924292,49.308875,11502
1729.707364,32.323375,31.861958,11503
1729.735412,59.062500,58.653584,11504
1729.822478,36.324750,35.667334,11505
1729.872867,27.036041,26.547209,11506
1729.950865,53.594625,53.088875,11507
1730.037191,28.820167,28.348833,11508
1730.098838,37.596708,37.237084,11509
1730.138749,66.386250,65.666708,11510
1730.161461,41.983666,41.495125,11511
1730.218106,40.797458,40.397875,11512
1730.268313,37.711917,37.303000,11513
1730.305255,51.989291,51.363083,11514
1730.420362,87.425917,86.825666,11515
1730.432612,90.864375,89.376875,11516
1730.530099,76.998834,76.172833,11517
1730.649534,85.160250,84.444792,11518
1730.757983,82.887875,82.410417,11519
1730.773761,88.379375,87.910083,11520
1730.858460,71.801042,71.236084,11521
1730.984155,88.475042,87.757542,11522
1730.987326,90.002208,89.145000,11523
1731.069353,72.510375,71.694292,11524
1731.073752,65.317875,64.598042,11525
1731.157962,38.445458,37.783666,11526
1731.190376,45.666250,45.094583,11527
1731.274482,55.092916,54.331375,11528
1731.289886,59.257333,58.844041,11529
1731.300775,56.998959,56.383834,11530
1731.388154,46.470667,46.001667,11531
1731.389642,36.381334,35.897750,11532
1731.523277,70.454125,70.053666,11533
1731.606542,42.608708,41.912500,11534
1731.650933,27.181584,26.725125,11535
1731.732366,57.305208,56.804416,11536
1731.815681,54.494708,54.103000,11537
1731.836156,50.007708,49.512750,11538
1731.878507,87.376917,86.927167,11539
1731.914898,46.118917,45.711167,11540
1731.938363,41.118001,40.717834,11541
1732.035340,26.912958,26.450083,11542
1732.181294,61.808250,61.072083,11543
1732.266093,35.522666,35.009333,11544
1732.346329,35.294292,34.826750,11545
1732.419899,78.166667,77.630583,11546
1732.458890,39.340000,38.678791,11547
1732.501977,49.141458,48.480833,11548
1732.621161,57.221500,56.646334,11549
1732.655196,32.274375,31.633583,11551
1732.685267,65.403625,64.778583,11550
1732.741994,66.952666,66.269583,11552
1732.758168,53.721792,52.475792,11553
1732.784737,67.341166,66.920875,11554
1732.802139,45.174500,44.329250,11556
1732.820922,81.269125,80.591875,11555
1732.851348,65.216083,64.626334,11558
1732.872217,97.900834,97.331500,11557
1732.937788,40.523292,40.175625,11559
1733.057226,47.037083,46.442083,11561
1733.063714,55.318959,54.727750,11560
1733.174177,54.670000,53.957750,11562
1733.267349,36.753500,36.290042,11563
1733.339553,36.852667,36.290042,11565
1733.352106,57.355959,56.573417,11564
1733.369285,27.595167,27.185958,11566
1733.423910,43.387458,42.841750,11567
1733.478523,42.583625,41.885958,11568
1733.505165,52.311291,51.632000,11569
1733.592731,38.467625,38.159041,11570
1733.606400,42.466083,41.841042,11571
1733.689068,56.895709,56.345625,11572
1733.714082,39.042209,38.355333,11573
1733.750231,50.362083,49.696208,11574
1733.864068,77.883167,77.170042,11575
1733.933477,46.589666,46.081000,11576
1733.933583,36.290916,35.634667,11577
1734.035340,26.952042,26.598833,11578
1734.119939,40.280041,39.727333,11579
1734.150796,31.282417,30.759458,11580
1734.177876,51.007833,50.383666,11581
1734.262233,31.606458,31.116166,11582
1734.378229,36.495083,35.722458,11584
1734.404548,68.578417,67.916042,11583
1734.531802,78.978666,78.296166,11585
1734.607067,43.150333,42.621542,11587
1734.610224,62.411125,61.915583,11586
1734.704319,29.256792,28.651000,11589
1734.716424,73.766583,73.110917,11588
1734.810981,24.803917,24.335791,11590
1734.884813,43.656959,43.194667,11592
1734.893668,53.762333,53.228875,11591
1734.942576,41.658458,41.174583,11594
1734.949906,52.617250,52.130459,11593
1735.049348,40.967208,40.502584,11595
1735.198250,78.791416,78.145958,11596
1735.273897,43.349250,42.847291,11597
1735.459448,124.473125,123.983417,11598
1735.472440,130.722375,130.286334,11600
1735.475192,133.890750,132.964709,11599
1735.530033,76.561625,75.854917,11601
1735.607429,97.519333,96.374833,11603
1735.627480,162.950083,162.086750,11602
1735.670191,105.526750,104.850959,11604
1735.760808,85.709458,85.297625,11605
1735.865084,78.864042,78.188542,11606
1735.914376,77.905917,77.060667,11607
1735.977185,79.769959,78.108625,11608
1736.108662,99.843042,99.109792,11609
1736.115039,79.441251,78.738042,11610
1736.128085,90.645042,89.773542,11611
1736.165250,39.004000,38.461792,11613
1736.173454,53.970000,53.358958,11612
1736.239697,39.471541,38.959958,11614
1736.277650,47.028625,46.402125,11615
1736.285078,50.913333,50.191167,11616
1736.416196,74.464541,73.759000,11617
1736.475672,47.253500,46.715375,11618
1736.504843,52.043250,51.331875,11619
1736.600322,36.394750,35.882000,11620
1736.713045,37.939416,37.449417,11621
1736.817912,31.746750,31.274250,11622
1736.943130,45.864000,45.158750,11623
1737.008318,46.566916,45.879166,11624
1737.062144,66.492709,65.984042,11625
1737.068274,57.661333,57.225875,11627
1737.089130,80.793709,39.725000,11626
1737.142084,46.499541,45.878000,11628
1737.175446,34.136667,33.473125,11630
1737.180882,61.387667,60.921292,11629
1737.267774,37.202083,36.688750,11631
1737.321129,41.435041,40.850542,11632
1737.335766,38.037708,37.295416,11633
1737.383407,41.696083,41.072792,11634
1737.447687,83.164958,82.604959,11635
1737.489740,36.918292,36.272833,11636
1737.629996,66.087584,65.493167,11637
1737.749163,74.137292,73.528583,11638
1737.831953,45.795167,45.204542,11639
1737.946569,49.306542,48.687625,11640
1737.962072,46.280208,45.705042,11641
1738.042737,34.338208,33.716083,11643
1738.056135,57.647041,57.091708,11642
1738.161669,58.920458,58.255167,11644
1738.165673,46.210792,45.698041,11645
1738.267441,36.846542,36.404084,11646
1738.311182,27.073375,26.756625,11647
1738.365269,58.981708,58.419959,11648
1738.403033,61.315917,60.677458,11649
1738.481793,49.109083,48.564250,11650
1738.490384,37.624125,37.103500,11651
1738.596146,32.218375,31.693958,11652
1738.710910,35.872959,35.202416,11653
1738.826952,40.800083,40.317375,11654
1738.869475,40.100667,39.528125,11655
1738.939515,42.245000,41.557834,11656
1738.980487,47.011708,46.458125,11657
1739.037257,69.896750,69.157666,11658
1739.043076,34.702792,34.045666,11659
1739.148090,28.628250,28.094208,11660
1739.215537,79.022125,78.259709,11661
1739.275865,45.262292,44.592334,11662
1739.314186,27.074834,26.779958,11663
1739.377705,36.000125,35.525000,11664
1739.432666,35.846417,35.271541,11665
1739.477874,25.081875,24.512250,11666
1739.588593,24.688125,24.389750,11667
1739.704092,30.702583,30.222791,11668
1739.754540,79.476541,78.877750,11669
1739.839536,53.401833,52.831917,11670
1739.953414,56.172667,55.810708,11671
1739.967407,47.419458,46.749791,11672
1740.042285,33.882042,33.231625,11673
1740.072717,28.250250,27.579417,11674
1740.162069,42.560875,41.916291,11675
1740.246054,50.818250,50.110083,11676
1740.276570,61.109708,59.556291,11678
1740.308081,77.511292,76.808959,11679
1740.318898,104.187125,103.481000,11677
1740.335282,58.356667,57.693708,11680
1740.415687,73.981834,73.109167,11681
1740.526677,73.874500,73.203084,11682
1740.639523,75.455042,74.759125,11683
1740.729454,92.717916,92.000416,11685
1740.741737,114.562875,113.654625,11684
1740.793403,117.440750,116.587333,11686
1740.836257,97.552875,96.383875,11687
1740.872552,86.413833,85.711500,11688
1740.975059,77.716042,77.185208,11689
1741.080042,119.269792,118.782709,11690
1741.090106,112.154875,111.499500,11691
1741.099980,116.051251,115.206875,11692
1741.132801,124.142375,123.525500,11693
1741.166351,108.240417,107.604000,11694
1741.185652,66.208625,65.552083,11695
1741.209614,29.505584,28.948792,11696
1741.271275,40.661542,40.048167,11698
1741.292977,67.980792,67.405042,11697
1741.324764,65.217250,64.572958,11699
1741.389271,47.555375,47.102125,11700
1741.512846,60.046584,59.558041,11701
1741.523510,65.201500,64.575583,11703
1741.533558,75.910042,75.124875,11702
1741.632942,68.960209,68.231333,11704
1741.655882,37.375333,36.812417,11705
1741.681513,42.956375,42.327250,11706
1741.716183,41.104583,40.652792,11707
1741.750739,51.689167,51.140251,11708
1741.822145,35.980000,35.283500,11709
1741.886413,33.109708,32.597250,11710
1741.952048,54.751959,54.185250,11711
1741.976557,67.142833,66.368750,11713
1741.988579,87.952083,87.110625,11712
1742.007351,64.209833,63.568459,11714
1742.066778,29.052334,28.518583,11716
1742.078754,70.396958,69.975500,11715
1742.165533,46.026458,45.570583,11717
1742.215368,44.424333,43.937541,11718
1742.302654,72.083667,71.409916,11719
1742.367712,26.026583,25.505084,11720
1742.415921,55.610625,54.782000,11721
1742.449507,38.234000,37.751584,11722
1742.473549,51.963916,51.216083,11723
1742.495928,43.107167,42.652167,11724
1742.541715,41.567166,40.936875,11725
1742.612065,66.353292,65.786875,11726
1742.636425,87.818500,87.101583,11727
1742.649112,85.164625,84.644584,11729
1742.661985,104.778333,104.159417,11728
1742.691920,125.807208,125.073375,11730
1742.733837,58.770250,58.126834,11731
1742.819121,57.730750,57.011792,11732
1742.843262,58.957500,58.473625,11733
1742.846671,60.507125,59.881500,11734
1742.908198,59.544334,59.025458,11735
1742.924034,52.548125,51.858042,11736
1742.935769,38.493291,37.935042,11737
1743.020658,50.043291,49.615125,11738
1743.074677,66.274833,65.648334,11739
1743.087027,73.740625,72.927458,11741
1743.093792,83.645625,83.095542,11740
1743.147623,28.154583,27.710959,11742
1743.268494,42.774667,42.157500,11743
1743.274123,43.536208,43.042125,11744
1743.356597,42.175583,41.512916,11746
1743.365835,61.324083,60.799667,11745
1743.392520,50.815625,50.162584,11747
1743.508967,56.147292,55.456041,11748
1743.534935,65.103500,64.431792,11749
1743.543389,72.785417,72.349958,11750
1743.606344,42.420000,41.867000,11751
1743.661975,57.712375,57.163750,11752
1743.698490,60.919250,60.334458,11753
1743.727203,52.160500,51.640750,11754
1743.743023,58.466625,57.771583,11755
1743.824092,37.910834,37.187792,11756
1743.880578,29.310458,28.841167,11757
1743.961773,28.672000,28.267750,11759
1743.973766,76.485208,75.884375,11758
1744.052266,43.933458,43.553708,11760
1744.081434,28.633208,28.077292,11762
1744.098339,63.790708,63.112875,11761
1744.170488,50.987125,50.474667,11763
1744.218956,28.184625,27.480250,11764
1744.269144,38.535875,37.865333,11765
1744.279249,45.538209,44.788917,11766
1744.318264,45.901917,45.553083,11767
1744.379045,37.334792,36.838084,11768
1744.430138,49.017209,48.459833,11769
1744.445243,46.629917,46.037833,11770
1744.521307,50.850625,50.125542,11773
1744.523484,70.634375,70.080792,11771
1744.568307,99.307834,98.583333,11772
1744.574822,83.692001,83.220376,11774
1744.598294,58.839666,58.422000,11776
1744.615221,106.725500,106.143916,11775
1744.673510,58.541292,57.917125,11778
1744.678871,114.950500,114.427541,11777
1744.699094,52.012042,51.323125,11779
1744.716716,41.667209,41.081542,11780
1744.825198,39.036958,38.509333,11781
1744.862909,60.473875,59.710875,11782
1744.902934,31.954709,31.273667,11783
1744.930922,33.639375,33.084625,11784
1745.053757,45.385666,44.857167,11785
1745.080571,46.573333,45.942458,11786
1745.159753,40.246500,39.594041,11788
1745.171542,55.872250,55.372917,11787
1745.286507,55.934959,55.286583,11789
1745.314257,47.642000,47.026875,11790
1745.454923,116.398625,115.687250,11791
1745.469638,127.915083,127.066333,11792
1745.532433,152.829250,152.176791,11793
1745.568123,115.303416,114.539250,11794
1745.605606,122.970458,122.332291,11795
1745.664475,100.522041,99.649666,11797
1745.673308,150.952375,149.293667,11796
1745.762211,87.132500,86.411500,11798
1745.777804,95.494291,94.880916,11799
1745.884632,111.680917,111.242833,11800
1745.936730,150.124042,148.894958,11801
1745.938467,148.496542,146.805167,11802
1746.014587,124.572001,123.910500,11803
1746.060924,113.770708,112.423208,11806
1746.083599,140.807333,140.347375,11805
1746.112157,214.284583,213.420667,11804
1746.223522,83.913958,83.389250,11810
1746.225983,217.385000,216.850083,11807
1746.234266,114.740500,114.143459,11809
1746.279735,49.125125,48.419875,11811
1746.282652,253.542042,252.287875,11808
1746.343536,53.737834,53.153917,11812
1746.383685,47.916750,47.429083,11813
1746.385916,44.174375,43.436166,11814
1746.425220,32.340583,31.795167,11816
1746.465358,74.228584,73.701250,11815
1746.489790,36.964375,36.272542,11817
1746.582498,72.180208,69.991542,11819
1746.587365,65.262167,64.488083,11820
1746.593074,84.503709,83.979000,11818
1746.626307,62.407334,61.787251,11821
1746.670897,64.587250,63.666167,11822
1746.690374,44.283167,43.772167,11823
1746.719429,44.445042,43.845375,11824
1746.743464,38.314792,37.781334,11825
1746.817190,67.326875,66.583125,11826
1746.837572,59.305750,58.894500,11827
1746.849780,63.639625,62.966167,11828
1746.935457,42.878500,42.532875,11829
1746.947619,50.359167,49.758625,11830
1747.047760,39.385500,38.721667,11831
1747.125806,76.500958,75.874167,11832
1747.138741,41.276375,40.734458,11833
1747.171553,52.101875,51.460208,11834
1747.275170,44.569291,44.024167,11835
1747.378355,36.633042,36.166959,11836
1747.418520,37.092417,36.587541,11837
1747.468797,39.822125,39.274083,11838
1747.503482,50.650250,49.854875,11839
1747.525476,67.883958,67.309959,11840
1747.615156,51.219000,50.666875,11841
1747.724841,49.841750,49.314125,11842
1747.780236,45.295542,44.628500,11843
1747.811572,74.961542,74.494583,11844
1747.812437,64.467959,63.907667,11845
1747.843129,85.674167,84.883750,11846
1747.879803,29.437625,28.722750,11848
1747.910720,124.566167,123.904958,11847
1747.941731,44.520875,43.949208,11849
1748.044561,59.192584,58.564042,11850
1748.065236,56.874125,56.226917,11851
1748.079639,70.191334,69.734583,11852
1748.130969,73.865458,72.979958,11853
1748.170440,55.708333,55.092625,11854
1748.171611,52.124042,51.470417,11855
1748.215852,44.548875,44.085708,11856
1748.271721,41.137834,40.781709,11857
1748.292964,61.544583,61.100959,11858
1748.379156,49.703791,49.082250,11859
1748.403777,62.037500,61.461458,11860
1748.410679,55.584667,54.922875,11861
1748.451032,39.541833,39.000208,11863
1748.505333,46.702833,46.102583,11865
1748.515806,107.002292,106.305500,11862
1748.516898,64.105125,63.558542,11864
1748.585513,36.747084,36.074209,11869
1748.624134,149.185750,144.017709,11866
1748.628092,87.053459,86.326625,11868
1748.646948,54.697417,54.049334,11871
1748.670803,180.169500,179.458125,11867
1748.717156,153.258876,152.796876,11870
1748.730685,55.620542,54.849083,11872
1748.777265,47.618958,46.978750,11873
1748.786445,52.710000,52.327041,11874
1748.843658,77.488250,76.867292,11875
1748.849745,75.350625,74.709834,11876
1748.863647,77.521209,76.591667,11878
1748.884060,100.990750,100.405375,11877
1748.937021,39.764083,39.461625,11879
1748.996631,41.512916,40.983250,11880
1749.056962,70.591791,68.370166,11881
1749.075448,67.125917,66.534709,11882
1749.077374,48.567167,47.782875,11883
1749.109440,34.070750,33.508125,11885
1749.130325,89.758958,88.794708,11884
1749.151376,31.896667,31.497667,11886
1749.202268,36.776834,36.203708,11888
1749.208688,61.045542,60.481750,11887
1749.262376,31.789333,31.259667,11890
1749.274953,64.092875,63.421750,11889
1749.337358,81.235584,80.364375,11891
1749.386641,60.923333,60.288375,11892
1749.414616,78.082376,77.256375,11893
1749.414620,72.889250,72.102042,11894
1749.430115,42.296917,41.756458,11895
1749.479697,67.598708,66.919416,11896
1749.524135,73.469959,72.568708,11897
1749.527738,63.045792,59.518375,11899
1749.536716,83.911333,83.312542,11898
1749.581846,90.857958,90.120333,11900
1749.612337,48.418708,47.841208,11903
1749.630792,124.516875,120.486917,11901
1749.692930,60.147208,59.371083,11905
1749.693725,81.570125,81.099375,11904
1749.711958,201.998416,200.680375,11902
1749.758788,64.102792,63.258417,11908
1749.770626,75.211500,74.545917,11909
1749.776161,101.101583,100.267708,11907
1749.846242,86.191291,85.617291,11913
1749.846774,171.896083,169.209834,11906
1749.890573,193.045125,192.381875,11910
1749.902319,116.202042,74.742208,11914
1749.928054,65.725917,65.063250,11916
1749.989204,279.020000,238.023917,11911
1749.998303,132.113625,90.136958,11917
1750.006274,267.583166,266.892208,11912
1750.041582,75.649291,74.951917,11919
1750.069423,61.021333,60.321333,11920
1750.074991,236.646667,235.885417,11915
1750.142807,245.594125,245.037333,11918
1750.171137,51.666709,51.286084,11923
1750.214554,194.476625,193.853042,11921
1750.217217,67.360708,65.388458,11924
1750.250242,64.787917,64.033083,11926
1750.275818,246.742417,246.268750,11922
1750.314770,89.409833,88.781292,11927
1750.321897,46.667542,46.109875,11929
1750.340422,176.296750,175.782250,11925
1750.466605,132.104584,131.292292,11930
1750.469904,239.289167,238.613083,11928
1750.494699,152.809125,150.823750,11931
1750.610021,267.599792,266.622125,11932
1750.650312,165.769625,124.279167,11937
1750.663998,168.960750,125.928833,11939
1750.749826,387.368625,383.950875,11933
1750.774484,164.424167,119.235083,11940
1750.817235,166.879709,125.376125,11941
1750.867478,471.960417,471.232709,11934
1750.907288,157.429125,115.194333,11943
1750.998741,599.502750,597.609834,11935
1750.999270,182.020125,140.249375,11945
1751.035301,167.782125,126.055416,11946
1751.134694,681.739917,679.892792,11936
1751.159486,160.702500,119.161291,11948
1751.173450,174.164083,131.677000,11949
1751.266187,777.132417,735.437500,11938
1751.292236,157.504084,114.457292,11951
1751.294145,134.623417,93.931542,11952
1751.327179,663.139751,621.182625,11942
1751.368315,102.086541,60.973209,11954
1751.377452,85.195250,43.785291,11955
1751.389327,614.798917,573.544125,11944
1751.414230,506.907625,465.490084,11947
1751.468311,99.955333,59.017000,11958
1751.483096,447.769000,406.824250,11950
1751.486572,109.081292,65.169417,11959
1751.523271,349.803417,308.269792,11953
1751.580248,286.087667,245.354375,11956
1751.582266,113.922083,72.499292,11962
1751.589365,106.241917,64.711209,11963
1751.617307,290.094292,249.350501,11957
1751.674279,91.993125,50.393292,11967
1751.690311,110.037083,68.479833,11966
1751.695490,306.117875,264.340709,11960
1751.737295,323.038334,281.532417,11961
1751.784245,93.900042,53.017417,11971
1751.785225,110.913541,69.350167,11970
1751.812213,116.664917,74.513250,11972
1751.880283,96.015208,54.759250,11974
1751.887330,364.037917,323.196417,11965
1751.903326,118.070458,76.245167,11975
1751.937203,347.798208,305.389875,11968
1751.974238,93.912583,52.500875,11977
1752.001113,113.753791,72.613916,11978
1752.013234,395.890834,354.369458,11969
1752.038146,100.906750,59.876542,11980
1752.093317,119.037917,74.051250,11981
1752.094121,607.506667,565.133042,11964
1752.096353,95.211084,54.003250,11982
1752.165304,427.969500,386.435000,11973
1752.214322,120.965251,79.868542,11985
1752.215096,120.948625,79.471000,11986
1752.225304,413.047250,372.129917,11976
1752.276153,372.785875,330.693126,11979
1752.333296,118.932917,77.764459,11989
1752.338327,123.207000,81.008958,11990
1752.341358,328.101667,287.395209,11983
1752.389367,351.194667,310.103500,11984
1752.451324,117.987041,76.461875,11993
1752.459149,120.786166,76.480833,11994
1752.462347,365.955334,325.140667,11987
1752.514147,348.808834,307.799334,11988
1752.557279,98.110542,56.487667,11998
1752.564332,112.968334,71.978375,11997
1752.584145,358.808625,317.557042,11991
1752.625290,349.116250,308.282625,11992
1752.670310,105.933041,64.373458,12002
1752.675370,118.049458,77.116375,12001
1752.700254,358.845375,316.399708,11995
1752.765220,375.810750,331.657083,11996
1752.768346,97.997375,56.379167,12005
1752.783334,107.921334,66.418917,12006
1752.801215,338.824792,297.047625,11999
1752.859227,93.962167,52.354458,12008
1752.872245,358.076250,316.991792,12000
1752.896397,127.994417,86.508916,12009
1752.924179,340.012167,298.915166,12003
1752.970295,98.023917,57.172500,12013
1752.980317,121.061792,79.808750,12012
1752.983288,357.959584,316.465625,12004
1753.031172,330.883583,289.491708,12007
1753.074190,103.858125,61.461458,12016
1753.093127,309.758459,268.682167,12010
1753.107315,126.954333,85.403500,12017
1753.141226,339.973667,298.682125,12011
1753.165144,90.918625,49.883459,12020
1753.200311,107.164458,65.387000,12021
1753.251186,354.750667,312.330958,12014
1753.252198,110.949125,69.740417,12023
1753.276204,111.037500,69.981625,12024
1753.281160,356.960917,315.941791,12015
1753.342311,358.980709,318.337833,12018
1753.354337,103.110291,62.211917,12026
1753.374290,122.059583,80.746458,12027
1753.390286,359.096500,317.833541,12019
1753.458191,103.810875,63.161291,12031
1753.459163,351.808041,310.431625,12022
1753.464319,121.968000,80.360875,12030
1753.525305,324.954875,282.459333,12025
1753.571334,113.103667,71.560709,12034
1753.581414,122.227875,81.081875,12035
1753.583285,307.051500,265.774250,12028
1753.619154,337.971084,295.635959,12029
1753.668359,96.986459,55.797001,12038
1753.679262,304.936625,263.783334,12032
1753.681624,100.177583,99.128458,12039
1753.735290,344.976334,303.314083,12033
1753.774212,94.928750,52.235458,12043
1753.791437,123.037542,81.831167,12042
1753.812113,347.757667,303.973833,12036
1753.833278,97.949834,56.389375,12045
1753.852253,78.019667,37.373875,12046
1753.881301,355.956708,313.754875,12037
1753.929125,116.993916,75.156375,12048
1753.936315,352.999500,311.998166,12040
1753.954326,121.011917,79.888958,12049
1753.995293,376.113208,334.780542,12041
1754.002823,73.680250,73.116458,12052
1754.011488,329.838833,328.388375,12044
1754.044236,107.885750,66.548709,12053
1754.076654,73.812084,73.158750,12056
1754.084951,293.474417,292.787542,12047
1754.108304,96.783750,55.443208,12057
1754.152840,67.861500,67.032583,12060
1754.190201,113.507333,72.373583,12059
1754.191099,338.827708,297.592750,12050
1754.219133,337.793458,296.303000,12051
1754.242137,287.784000,286.874292,12054
1754.295147,104.919209,64.165500,12063
1754.299355,146.470626,104.860291,12062
1754.335186,339.857292,298.158292,12055
1754.398224,98.832417,57.402625,12068
1754.402142,106.978666,65.935333,12067
1754.414229,369.966042,328.620250,12058
1754.461301,352.956042,311.580501,12061
1754.491201,92.958250,51.950208,12070
1754.503223,101.056083,59.498250,12071
1754.528232,337.112125,295.827000,12064
1754.563288,101.947416,60.860333,12073
1754.584309,365.152084,323.787625,12065
1754.600314,109.075750,67.964750,12074
1754.613337,371.161000,370.250126,12066
1754.660286,96.958750,55.323625,12077
1754.672149,143.897250,102.518500,12076
1754.684171,348.965458,306.853167,12069
1754.724343,310.069084,268.935916,12072
1754.738315,99.826708,58.636084,12080
1754.781379,69.018542,68.032125,12082
1754.786245,282.970333,242.197375,12075
1754.797344,122.257333,80.352709,12081
1754.826255,241.913875,200.338250,12078
1754.850852,64.173375,63.872375,12084
1754.861095,74.939958,74.449083,12083
1754.901164,300.820041,260.049709,12079
1754.909311,87.374291,86.584458,12085
1754.946586,43.943958,43.440250,12087
1754.966882,69.593125,68.996667,12086
1754.993809,64.305209,63.795084,12088
1755.032455,49.203000,48.602750,12089
1755.054064,35.011083,34.110125,12091
1755.076807,68.423542,67.862958,12090
1755.117743,64.843334,63.942375,12092
1755.162086,42.593833,42.018667,12093
1755.194417,52.955292,52.235750,12094
1755.242817,56.604917,56.110833,12095
1755.272465,41.848625,41.365042,12096
1755.295538,45.855542,45.301083,12097
1755.374083,73.409000,72.916375,12098
1755.445874,124.326708,122.980666,12099
1755.456147,127.432958,126.453542,12100
1755.499997,162.684084,161.798292,12101
1755.603390,147.219042,105.325208,12108
1755.607193,265.527500,264.841500,12102
1755.614153,168.257834,127.277792,12107
1755.732413,381.345708,380.744000,12103
1755.772211,164.985042,123.358084,12111
1755.781306,177.874667,136.089625,12110
1755.881249,148.819416,106.322709,12113
1755.931372,150.026334,108.259083,12115
1755.935452,545.843667,544.861334,12105
1755.943746,171.509042,128.360750,12114
1756.115181,183.770708,142.561125,12117
1756.117230,717.201042,675.992626,12106
1756.117316,181.827333,137.075750,12118
1756.216296,711.633417,669.804042,12109
1756.268128,152.925209,111.787667,12120
1756.268166,150.920000,109.706042,12121
1756.291357,677.177958,634.617959,12112
1756.291729,921.402709,920.553959,12104
1756.378283,110.106208,68.782000,12125
1756.379208,111.063750,69.182458,12124
1756.400315,519.041250,477.637417,12116
1756.460230,516.447167,475.167875,12119
1756.499264,120.943084,79.867959,12128
1756.500091,120.858792,79.356667,12129
1756.526321,408.986375,367.852334,12122
1756.540205,79.934750,38.786125,12131
1756.577278,360.942750,318.747334,12123
1756.601306,102.019458,60.879875,12132
1756.606296,106.187083,64.286542,12133
1756.637147,345.752459,304.266084,12126
1756.699225,121.909375,80.724583,12136
1756.702325,100.979375,60.015084,12137
1756.713365,421.607958,380.410333,12127
1756.783235,382.888333,336.789541,12130
1756.804155,101.793417,60.208167,12141
1756.814331,115.085542,73.485416,12140
1756.829341,302.982459,261.110209,12134
1756.867232,326.986625,285.451542,12135
1756.907376,103.195750,62.411125,12144
1756.916320,133.057459,91.561459,12143
1756.925297,318.958500,277.721792,12138
1756.971271,104.007750,62.519917,12147
1756.979160,341.992000,301.420000,12139
1757.007338,99.921208,58.710458,12148
1757.031295,317.877000,276.164875,12142
1757.055291,76.103417,35.135625,12152
1757.093265,121.962167,80.532375,12151
1757.113156,298.788583,257.907708,12145
1757.129442,98.109376,57.065167,12154
1757.162257,106.934626,65.300958,12155
1757.166159,336.780792,295.760501,12146
1757.219298,125.993875,84.747250,12156
1757.229332,99.862291,58.661750,12158
1757.230168,313.816417,272.407917,12149
1757.264319,338.981708,297.680250,12150
1757.313331,93.990167,52.926709,12161
1757.316146,308.766500,267.459500,12153
1757.343324,113.966709,72.342959,12162
1757.365307,252.125708,210.607542,12157
1757.422258,108.886459,67.610667,12165
1757.430141,267.869000,226.965375,12159
1757.430217,114.048958,72.668166,12166
1757.508279,85.982458,44.457875,12169
1757.509105,342.925333,302.248333,12160
1757.525319,95.155667,54.147625,12170
1757.576331,346.144167,304.381875,12163
1757.623192,358.831667,317.825375,12164
1757.634248,125.124125,84.302750,12173
1757.640191,131.878250,91.080500,12172
1757.662311,318.953834,277.069042,12167
1757.709174,343.823375,302.403791,12168
1757.737225,113.995292,72.815750,12176
1757.741302,107.033500,65.651833,12177
1757.765167,334.938625,293.969958,12171
1757.805367,96.152875,55.089708,12180
1757.845116,319.757959,276.633000,12174
1757.851424,114.171167,73.434375,12181
1757.875254,110.053709,69.173709,12183
1757.890306,313.926959,272.155042,12175
1757.941114,300.901417,259.499625,12178
1757.970314,125.174291,83.860875,12185
1757.972149,120.690500,78.882709,12186
1758.017283,354.932084,313.463209,12179
1758.049209,108.070958,67.512083,12189
1758.077293,106.930833,65.427834,12190
1758.102142,360.798667,318.858459,12182
1758.130145,112.825417,71.977791,12192
1758.174275,125.025834,82.862208,12193
1758.180404,78.227041,37.379417,12195
1758.195332,389.900875,348.469042,12184
1758.244313,369.038250,327.449209,12187
1758.289200,114.883709,73.770083,12197
1758.295220,114.774625,73.443125,12198
1758.310290,419.943709,378.416792,12188
1758.391212,101.974542,60.884542,12201
1758.393187,421.012667,380.166791,12191
1758.404292,109.035209,68.068000,12202
1758.457280,379.948917,338.569583,12194
1758.487159,95.911084,54.213833,12204
1758.496408,103.177959,62.102542,12205
1758.524143,393.982167,352.953125,12196
1758.557183,99.869001,58.977626,12207
1758.582474,387.109625,342.544126,12199
1758.615257,128.078125,87.198708,12208
1758.628253,104.082709,62.181875,12210
1758.639137,394.781917,352.415875,12200
1758.699201,83.903459,42.640208,12213
1758.702362,392.026542,350.297209,12203
1758.705320,122.804791,81.318708,12212
1758.737327,333.012750,292.404292,12206
1758.797137,94.742958,49.043167,12217
1758.807340,108.096917,67.071666,12216
1758.812173,315.721875,274.453375,12209
1758.875297,318.090792,276.719625,12211
1758.886331,78.960584,37.121875,12221
1758.927231,130.074292,89.122541,12220
1758.937333,309.034542,267.353333,12214
1758.985225,109.892125,68.951458,12223
1758.986259,99.904875,58.787750,12224
1758.995340,356.176333,315.323166,12215
1759.053169,347.823583,303.972375,12218
1759.082318,97.067833,56.189000,12227
1759.093393,107.032917,64.901667,12228
1759.114295,376.928709,335.339667,12219
1759.163136,109.942000,68.771208,12230
1759.164258,352.055375,311.402875,12222
1759.190320,107.956334,66.778250,12231
1759.209368,282.113125,241.180916,12225
1759.268197,330.820875,289.925125,12226
1759.273358,110.195750,69.434459,12234
1759.287305,123.008667,81.410292,12235
1759.317318,321.932917,280.051625,12229
1759.364244,96.016083,55.092917,12238
1759.382171,108.768625,66.106834,12239
1759.382191,288.765459,247.465459,12232
1759.418304,303.973834,262.468792,12233
1759.480145,115.864875,74.277292,12242
1759.488337,297.978042,256.038125,12236
1759.506363,124.147917,82.794834,12244
1759.516171,306.768875,265.606250,12237
1759.577239,97.072209,56.201833,12246
1759.586160,298.820666,258.019416,12240
1759.612299,123.918083,82.450083,12247
1759.634236,316.873667,275.395750,12241
1759.693228,311.026916,266.710500,12243
1759.698372,121.103792,79.861834,12250
1759.705268,119.086917,77.961625,12251
1759.729259,310.927166,269.773292,12245
1759.781274,274.858792,233.160958,12248
1759.796155,102.909042,61.046708,12254
1759.796714,280.527333,273.622417,12249
1759.818242,119.833000,78.035125,12255
1759.887203,91.019834,49.636709,12259
1759.894382,282.035250,240.447667,12252
1759.916170,134.859375,94.091667,12258
1759.937152,302.895250,261.382625,12253
1759.979258,273.966583,230.969667,12256
1760.013241,118.808958,77.054833,12263
1760.018345,131.099500,89.107083,12262
1760.048259,68.960791,27.984542,12266
1760.053202,323.916834,282.451167,12257
1760.085619,288.871042,288.004792,12260
1760.103327,84.933917,43.307541,12268
1760.145295,132.022625,90.674209,12267
1760.174212,355.943876,313.912667,12261
1760.199294,113.647917,72.285500,12271
1760.232281,86.955458,45.919417,12273
1760.255307,339.108291,295.536792,12264
1760.271298,97.053542,55.848334,12274
1760.314273,377.096417,336.330750,12265
1760.317210,117.879417,76.515250,12275
1760.338341,106.035708,65.122458,12276
1760.366285,317.987833,276.489792,12269
1760.466183,151.872000,110.798625,12279
1760.489740,172.511208,131.306584,12280
1760.494255,441.017500,399.668209,12270
1760.606163,502.794251,461.299125,12272
1760.630820,164.608792,122.922625,12283
1760.676204,186.426625,144.572458,12284
1760.699340,443.993667,402.622208,12277
1760.758585,152.403125,111.515250,12286
1760.810229,538.900542,497.619500,12278
1760.849362,173.114667,130.451417,12288
1760.950153,607.936584,567.088083,12281
1760.957646,199.031875,157.136875,12290
1760.972320,162.057583,120.900500,12291
1761.057383,691.061000,647.897833,12282
1761.115689,165.522583,123.652084,12293
1761.124450,166.755750,125.331209,12294
1761.170301,676.022084,634.282833,12285
1761.266195,635.334000,593.154625,12287
1761.273297,148.804251,107.412667,12298
1761.281208,165.492250,123.502167,12297
1761.299292,599.907875,558.201875,12289
1761.361419,511.941500,471.015709,12292
1761.384201,117.968083,76.678875,12300
1761.384233,110.913250,69.553458,12301
1761.398311,425.966626,384.718542,12295
1761.451141,393.743876,352.993959,12296
1761.472157,110.697417,69.407917,12304
1761.486155,101.917375,61.223459,12305
1761.533127,362.791917,321.379917,12299
1761.556322,105.163042,63.759500,12308
1761.561423,89.237458,47.627708,12309
1761.618128,84.982917,44.482084,12311
1761.620363,339.119375,297.605583,12302
1761.638228,81.863542,40.216167,12312
1761.668215,368.882500,327.873875,12303
1761.698290,80.136875,39.614167,12314
1761.726295,105.887833,61.845584,12315
1761.742345,358.096667,317.040208,12306
1761.770323,102.066417,60.455792,12317
1761.799232,100.903250,59.600334,12318
1761.821133,422.782500,381.961417,12307
1761.858141,115.767166,74.445292,12320
1761.877157,106.795500,65.191583,12321
1761.884310,398.133459,357.211750,12310
1761.911287,90.127333,48.949250,12323
1761.964141,105.979708,64.866958,12324
1761.966293,404.822542,361.803750,12313
1761.979198,102.021208,60.788584,12325
1762.008147,369.897209,327.854042,12316
1762.070133,105.968917,64.915375,12328
1762.070258,103.948542,62.709792,12329
1762.092299,365.963792,324.491125,12319
1762.162294,92.017334,50.821459,12333
1762.171213,371.956084,330.274292,12322
1762.180256,110.105625,68.551583,12332
1762.208223,323.873667,283.120542,12326
1762.262200,90.948958,49.553292,12336
1762.281308,118.974917,78.280708,12335
1762.287182,375.852459,334.322042,12327
1762.329308,350.081083,308.662667,12330
1762.378299,116.074875,75.163375,12339
1762.387305,379.133709,338.050417,12331
1762.389280,107.925708,66.459458,12340
1762.427274,334.935125,293.692000,12334
1762.479303,100.963917,59.855250,12343
1762.491309,311.025458,269.756959,12337
1762.500178,112.830375,71.507333,12344
1762.547365,339.098959,293.918916,12338
1762.579270,292.058375,251.074541,12341
1762.591216,111.874583,70.247917,12347
1762.608236,116.890083,75.870084,12348
1762.650291,320.942417,279.793209,12342
1762.696218,116.913417,75.238334,12351
1762.704158,112.905334,71.829917,12352
1762.720141,330.832542,288.126125,12345
1762.792302,365.001292,324.024167,12346
1762.797353,93.170000,51.860958,12356
1762.801322,105.080209,64.242209,12355
1762.848220,348.015792,302.768667,12349
1762.902240,104.844833,62.518750,12359
1762.906367,358.963500,317.450001,12350
1762.919236,126.888125,85.765459,12358
1762.957319,349.063459,306.047292,12353
1763.003259,352.926584,311.603833,12354
1763.010260,107.984042,66.390042,12362
1763.042254,322.093333,280.954041,12357
1763.043092,136.680250,95.288959,12363
1763.092242,290.880334,245.882000,12360
1763.146200,297.940125,256.861209,12361
1763.148232,144.936167,103.273917,12366
1763.152302,142.013667,101.119667,12367
1763.228309,309.032208,267.530959,12364
1763.251292,105.052500,63.665583,12371
1763.277222,319.869084,278.392333,12365
1763.297131,148.883584,107.598167,12372
1763.301258,258.983375,218.152666,12368
1763.336227,107.882250,66.784666,12374
1763.390216,112.960751,71.646750,12376
1763.391196,348.089875,307.537417,12369
1763.399329,102.169958,60.708958,12377
1763.480289,388.022834,346.584583,12370
1763.502304,111.085625,70.257541,12381
1763.504308,114.069959,72.701417,12380
1763.548204,395.864292,354.312583,12373
1763.575294,94.964042,52.458583,12383
1763.604224,101.881500,60.593167,12384
1763.620375,369.040000,328.006875,12375
1763.682212,133.971833,92.686708,12386
1763.682344,107.013667,66.219417,12387
1763.685165,383.885542,342.454000,12378
1763.748212,411.958458,370.496583,12379
1763.790140,107.784833,67.185416,12391
1763.799153,116.921583,76.327417,12390
1763.803166,403.797333,363.041291,12382
1763.843211,338.863875,297.621917,12385
1763.900153,100.979083,60.011000,12395
1763.901207,296.968583,255.782916,12388
1763.912360,122.195208,81.168500,12394
1763.952290,331.888083,290.130458,12389
1764.000246,99.023167,58.123333,12399
1764.010267,110.093375,69.220375,12398
1764.025211,340.018583,298.013917,12392
1764.056256,308.010791,267.154417,12393
1764.111324,308.135917,263.782750,12396
1764.129310,129.039751,88.313750,12402
1764.131175,120.884167,79.856875,12403
1764.156370,313.126334,272.069583,12397
1764.214315,301.910876,260.428584,12400
1764.227117,115.759000,75.187000,12406
1764.243162,113.822625,72.518542,12407
1764.265136,312.808417,271.724542,12401
1764.316325,89.188750,48.125000,12411
1764.333149,118.799625,77.506042,12410
1764.344314,319.059709,276.581375,12404
1764.384241,327.964292,286.690250,12405
1764.439222,122.874500,81.934709,12414
1764.440161,308.961333,268.077541,12408
1764.446368,113.191459,72.391666,12415
1764.487204,330.796667,289.761500,12409
1764.518257,78.060500,36.801041,12419
1764.556217,313.038834,272.014459,12412
1764.572147,132.908125,92.059917,12418
1764.583370,96.108833,55.090583,12421
1764.625299,360.142416,318.849709,12413
1764.646139,89.900125,47.060709,12423
1764.684522,112.348250,70.567875,12424
1764.700289,355.940375,314.665458,12416
1764.737297,111.956834,70.541625,12426
1764.748214,102.050375,61.378916,12427
1764.778148,393.884750,352.662625,12417
1764.799293,98.963084,58.165916,12429
1764.829152,91.819876,51.258083,12430
1764.840240,393.838959,349.551417,12420
1764.880305,101.273666,60.452875,12432
1764.907297,107.964209,66.530333,12433
1764.929287,100.109917,58.555583,12434
1764.964333,124.058375,83.179541,12435
1765.005309,97.983084,57.104250,12437
1765.013264,429.840834,388.415417,12425
1765.034206,104.878375,63.350000,12438
1765.053312,368.746292,327.390000,12428
1765.114290,108.936333,67.412916,12440
1765.132208,383.968084,342.610917,12431
1765.137338,124.035041,82.573459,12441
1765.181306,663.003542,622.026125,12422
1765.227267,112.946166,72.361041,12444
1765.241315,360.967834,319.199708,12436
1765.245255,113.003334,70.720708,12445
1765.277317,312.937042,271.525333,12439
1765.328229,293.982500,252.939750,12442
1765.332273,104.965291,63.308291,12448
1765.356540,303.188375,260.506750,12443
1765.372298,130.937042,88.446750,12449
1765.461295,323.915667,280.692417,12446
1765.488670,158.331542,117.056625,12452
1765.508890,167.130542,124.408958,12453
1765.571497,118.631042,117.625084,12454
1765.592435,411.084333,369.188750,12447
1765.598323,115.087000,114.261292,12455
1765.692177,446.879709,406.281750,12450
1765.716197,144.671333,103.243583,12459
1765.798635,123.503625,122.887625,12460
1765.816296,531.076292,489.542667,12451
1765.822539,133.979708,133.133000,12461
1765.888071,369.093958,368.440917,12456
1765.926567,127.899625,86.205583,12464
1766.021794,483.668208,482.252458,12457
1766.035869,138.554208,137.808708,12466
1766.053300,155.113875,113.150625,12467
1766.136986,573.002791,571.619709,12458
1766.199293,177.460500,134.629542,12469
1766.220294,184.406251,141.728125,12470
1766.268205,551.937167,510.913375,12462
1766.307148,107.819833,65.333333,12473
1766.337294,588.563500,546.628542,12463
1766.361292,140.967750,99.368500,12474
1766.376177,559.848042,518.999542,12465
1766.379324,111.076291,70.043458,12475
1766.426334,84.627084,42.950542,12477
1766.426334,484.678250,442.135167,12468
1766.474315,420.976209,380.067917,12471
1766.479481,77.743458,77.139417,12478
1766.521254,106.512583,64.901375,12479
1766.528150,391.105458,346.098375,12472
1766.568387,57.867834,56.947917,12481
1766.580149,265.036916,221.662583,12476
1766.581111,63.583917,62.870208,12482
1766.587477,134.640625,133.887834,12480
1766.631361,86.558500,86.086292,12483
1766.671901,120.982459,120.369667,12484
1766.686563,69.446709,68.688958,12486
1766.710524,146.620541,145.852875,12485
1766.733107,58.045167,57.479917,12487
1766.776136,75.318542,74.528417,12488
1766.833394,47.238625,46.601625,12489
1766.891598,30.731167,30.188376,12491
1766.924501,69.189167,68.841792,12490
1766.943172,45.896958,45.363208,12492
1767.061921,53.565750,53.054750,12493
1767.123715,44.996292,44.606333,12494
1767.200188,80.654292,80.011750,12495
1767.238373,54.346250,53.896791,12497
1767.249795,67.003125,66.353875,12496
1767.301883,93.239709,92.682917,12498
1767.306810,97.752666,97.174875,12499
1767.323799,75.111458,74.618834,12501
1767.368992,138.409834,136.819083,12500
1767.387464,63.694750,63.111125,12503
1767.408392,76.367083,75.705583,12504
1767.432524,173.796583,167.279291,12502
1767.449529,57.441125,56.845542,12507
1767.470466,128.751291,124.679333,12505
1767.502113,153.183917,152.655125,12506
1767.503156,50.387750,49.855458,12508
1767.596314,53.413500,52.949167,12509
1767.614306,50.367042,49.889584,12510
1767.635396,50.747375,50.185042,12511
1767.694636,45.727500,45.203958,12512
1767.719880,44.836458,44.039334,12513
1767.749854,68.659208,67.918667,12514
1767.839160,53.006916,52.334333,12515
1767.853014,63.109375,62.356875,12516
1767.867895,75.722208,75.219083,12517
1767.910818,34.155917,33.441625,12518
1767.936253,53.837875,53.096458,12519
1767.961451,64.190875,63.203292,12520
1767.980682,49.176167,48.517875,12521
1768.057232,48.860875,48.172833,12522
1768.144580,34.208125,33.688083,12523
1768.179673,60.202041,59.563583,12524
1768.216179,41.283958,40.802125,12525
1768.271493,40.898959,40.448042,12526
1768.346156,61.226959,60.621459,12527
1768.377207,35.486209,34.823542,12528
1768.491790,38.969875,38.457709,12529
1768.529144,57.619917,56.842333,12530
1768.546597,50.331750,49.821916,12531
1768.584901,78.632167,77.907959,12532
1768.606016,79.987250,79.252542,12533
1768.610218,67.240542,66.558917,12534
1768.670420,47.509000,46.624959,12537
1768.675182,54.294333,53.797916,12536
1768.678179,114.301833,113.666000,12535
1768.723137,48.108084,47.480416,12538
1768.823341,37.210542,36.664250,12539
1768.937566,43.860541,43.231125,12540
1768.942285,44.986666,44.159500,12541
1768.986181,39.977584,39.614167,12542
1769.052205,43.850916,43.319209,12543
1769.085419,63.147292,62.384583,12544
1769.103560,39.687084,38.984750,12545
1769.158229,38.772125,38.127834,12546
1769.189460,37.128875,36.357708,12547
1769.207614,30.409458,29.889125,12548
1769.272154,41.525167,40.895458,12549
1769.421117,79.387875,78.707125,12550
1769.457192,37.713959,37.128292,12551
1769.501819,48.981625,48.472667,12552
1769.507976,38.609375,38.210958,12553
1769.595640,31.719042,31.024583,12554
1769.660207,75.325542,74.579459,12555
1769.708924,33.901000,33.538167,12556
1769.782543,61.544875,60.858291,12557
1769.824734,71.076250,70.530542,12558
1769.835258,58.759458,58.196250,12559
1769.846897,60.755625,60.097916,12560
1769.908965,121.467500,120.755542,12561
1769.968378,71.118250,70.324625,12562
1770.047352,38.907750,38.449250,12563
1770.158686,39.216917,38.791667,12565
1770.174815,63.548333,62.900833,12564
1770.257462,61.161041,60.638375,12566
1770.265413,34.832292,34.253625,12567
1770.422839,81.119792,80.498250,12568
1770.514826,62.013875,61.313292,12569
1770.619538,77.681333,76.966750,12570
1770.657848,93.722125,92.748250,12571
1770.771931,96.691584,96.021042,12572
1770.795721,119.064750,118.192667,12573
1770.856767,157.916791,157.221167,12574
1770.889132,173.630917,172.606875,12575
1770.916808,120.619333,119.839125,12577
1770.994639,208.504625,205.628500,12576
1771.019457,121.269750,120.088208,12580
1771.084127,252.589167,251.830250,12578
1771.091580,116.526375,115.955001,12581
1771.128219,276.818209,276.160500,12579
1771.173609,198.506875,197.610001,12582
1771.187132,67.622916,66.831625,12584
1771.211089,200.453459,198.442126,12583
1771.228571,98.417666,97.005125,12585
1771.251585,85.041542,84.288167,12586
1771.286464,55.887708,55.309042,12587
1771.387356,45.696875,45.203958,12588
1771.493496,40.657750,40.178541,12589
1771.613068,49.137083,48.582916,12590
1771.667556,37.291917,36.897584,12591
1771.741964,66.936334,66.318000,12593
1771.742342,82.057500,81.487584,12592
1771.752408,54.822542,54.283833,12594
1771.846294,60.113958,59.567375,12595
1771.938272,41.006000,40.543708,12596
1772.083618,75.268375,74.886875,12597
1772.097179,33.535834,33.069459,12598
1772.135149,39.416417,38.918250,12599
1772.165819,46.344667,45.943041,12600
1772.199783,41.970250,41.420459,12601
1772.271570,40.962833,40.511625,12602
1772.332647,31.614917,31.247125,12603
1772.394291,57.020542,56.471917,12605
1772.404452,70.698542,70.108208,12604
1772.415579,73.924083,73.350958,12606
1772.513727,60.881917,60.183958,12607
1772.605587,41.654083,41.148625,12608
1772.721166,46.145750,45.535292,12609
1772.825844,39.686209,39.260959,12610
1772.938773,41.507667,40.915583,12611
1773.059514,51.125958,50.542917,12612
1773.067237,35.037334,34.353375,12613
1773.161469,41.982792,41.486375,12614
1773.208318,47.750209,46.931208,12615
1773.265815,35.263083,34.753542,12616
1773.371065,29.351291,28.897167,12617
1773.438159,36.091709,35.413875,12618
1773.488899,36.100750,35.580125,12619
1773.522759,41.695209,41.114208,12620
1773.601509,37.554709,36.836333,12621
1773.674582,37.106125,36.428292,12622
1773.700393,25.328916,24.819958,12623
1773.811065,24.907167,24.397625,12624
1773.870358,35.529959,34.787375,12625
1773.933825,37.291917,36.761375,12626
1773.947927,50.663375,50.207792,12627
1774.030104,46.466875,45.778834,12630
1774.044701,63.621834,63.011958,12629
1774.060686,81.898834,81.260958,12628
1774.101362,96.821375,96.158125,12631
1774.163458,54.419750,54.002958,12634
1774.169183,67.841375,67.458417,12633
1774.181452,173.083167,172.609500,12632
1774.221508,45.770958,45.142709,12638
1774.222673,104.863209,104.280167,12635
1774.274952,155.461542,154.917875,12636
1774.278717,48.123250,47.476917,12639
1774.311442,182.756583,182.118125,12637
1774.407374,65.665542,64.984792,12640
1774.430597,41.572709,40.997250,12641
1774.450682,42.868292,42.236542,12642
1774.488216,35.392583,34.857666,12643
1774.514806,51.010166,50.374917,12644
1774.545083,36.450167,35.681625,12645
1774.605885,41.981042,41.267333,12646
1774.702056,39.754166,39.162667,12647
1774.749034,61.174750,60.312292,12650
1774.750637,75.567917,75.115542,12648
1774.795196,41.581166,40.873292,12652
1774.813646,127.840708,127.155292,12649
1774.814216,106.406125,105.797708,12651
1774.861515,100.923959,100.331292,12653
1774.910555,124.427917,123.629042,12654
1774.945500,48.231458,47.478958,12655
1775.077199,68.824584,68.085500,12656
1775.090081,35.539583,34.994166,12657
1775.168099,61.859583,61.172709,12658
1775.192923,73.417167,72.528750,12659
1775.203205,73.042375,72.221333,12660
1775.229463,68.721625,68.138584,12661
1775.276425,45.843584,45.388584,12662
1775.429179,87.434667,86.659125,12663
1775.509642,56.787792,56.101500,12664
1775.636890,83.090292,82.406625,12665
1775.665589,101.342208,100.667583,12666
1775.762917,87.763375,87.021084,12667
1775.775827,96.650750,95.795000,12668
1775.881053,94.842416,92.435000,12669
1775.953515,143.186458,142.364542,12670
1775.970356,139.519625,138.856375,12671
1775.988697,157.691042,156.030000,12672
1776.082957,185.498833,184.698500,12673
1776.123201,114.716584,114.120708,12674
1776.133430,114.098250,113.097833,12675
1776.176524,57.045917,56.261041,12676
1776.236452,62.405875,61.803292,12677
1776.245750,63.298083,62.923000,12678
1776.259518,61.904208,61.180583,12679
1776.287817,57.195834,56.516542,12680
1776.320048,28.450042,27.953625,12681
1776.352899,25.028208,24.618416,12682
1776.388319,46.576250,45.838625,12683
1776.482294,29.475541,29.054083,12684
1776.597131,33.201583,32.424875,12685
1776.647988,25.649167,25.034334,12686
1776.713290,38.270750,37.749541,12687
1776.801486,37.695292,37.334209,12688
1776.838361,52.189083,51.704042,12689
1776.854299,51.801167,51.440375,12690
1776.940273,54.006167,53.472125,12692
1776.957424,73.782042,73.116166,12691
1776.957651,60.427792,59.811792,12693
1777.048583,40.231041,39.626708,12695
1777.061491,58.387000,57.844500,12694
1777.155851,36.341083,35.886667,12696
1777.266600,41.915417,41.274916,12698
1777.266780,59.716708,59.325000,12697
1777.292911,62.395083,61.862792,12699
1777.351109,49.029167,48.488417,12700
1777.380254,38.542876,37.997459,12701
1777.494096,39.019750,38.414250,12703
1777.504771,51.956042,51.130625,12702
1777.529610,27.396250,26.990250,12704
1777.612291,48.390125,47.696542,12705
1777.619238,41.501833,40.863084,12706
1777.711791,36.791125,36.225291,12707
1777.764547,27.051500,26.600292,12708
1777.822643,42.675500,42.224875,12709
1777.838245,52.066583,51.636083,12710
1777.919065,72.305334,71.859667,12711
1777.937574,40.301333,39.554667,12712
1777.966151,36.033083,35.521791,12713
1778.049508,41.109542,40.515708,12714
1778.100108,34.444666,33.801250,12715
1778.124384,39.290709,38.495916,12716
1778.165885,46.377917,45.663916,12717
1778.178071,49.244708,48.505041,12718
1778.236393,33.259042,32.567792,12719
1778.274416,43.819125,43.129625,12720
1778.389842,48.130542,47.459125,12721
1778.452309,43.764583,43.282459,12722
1778.486346,63.331042,62.764917,12723
1778.496533,43.731625,42.982917,12724
1778.572726,51.921333,51.260417,12725
1778.601115,37.159792,36.477875,12726
1778.718430,43.376959,42.763000,12727
1778.829176,42.995458,42.324917,12728
1778.924281,58.407416,57.795792,12730
1778.926258,64.941333,64.492459,12729
1778.938121,67.666375,67.012458,12731
1778.957422,81.942000,81.323084,12732
1778.996434,99.174250,98.462000,12733
1779.048404,66.280375,65.600209,12734
1779.050515,52.450709,50.901958,12735
1779.055416,47.035333,46.512375,12736
1779.145184,67.558167,67.004875,12737
1779.161321,41.848917,41.364166,12738
1779.187091,52.904833,52.160209,12739
1779.265528,34.932042,34.364167,12740
1779.379245,37.545667,36.907209,12741
1779.481113,28.272125,27.720000,12742
1779.622138,58.222208,57.753500,12743
1779.648156,45.282708,44.624125,12744
1779.719649,44.542750,44.102333,12745
1779.787322,37.575125,36.987708,12746
1779.827520,41.347541,40.669708,12747
1779.843860,54.884958,54.274792,12748
1779.895413,41.328583,40.708209,12749
1779.924487,27.187708,26.677584,12750
1780.037671,29.270500,28.791292,12751
1780.104218,75.374833,74.674542,12752
1780.151359,31.849709,31.239834,12753
1780.257936,27.331208,27.038958,12754
1780.442890,101.182958,99.923250,12755
1780.498576,121.196542,120.638291,12756
1780.543785,132.361250,131.648708,12757
1780.563579,110.744959,109.073709,12758
1780.645104,81.064666,80.520125,12759
1780.799097,123.854500,122.833666,12760
1780.814708,127.496542,127.023166,12761
1780.849295,131.813209,130.157125,12762
1780.893737,107.374459,104.988042,12763
1780.992911,95.608042,94.906000,12764
1781.013663,92.589584,91.796250,12765
1781.096861,77.814917,77.015167,12767
1781.104234,95.433916,94.876541,12766
1781.164959,45.455667,44.794166,12768
1781.263955,33.363167,32.802291,12769
1781.319543,77.074666,76.513792,12770
1781.369829,28.091875,27.360666,12771
1781.498895,46.043666,45.209792,12772
1781.541147,66.008250,65.146375,12773
1781.548359,62.237000,61.672917,12774
1781.549770,40.216459,39.574208,12775
1781.605619,41.687334,41.091750,12776
1781.630322,25.104042,24.558042,12777
1781.700071,24.994375,24.596833,12778
1781.784960,31.221458,30.658250,12779
1781.822349,36.193500,35.472500,12780
1781.933297,36.012667,35.332500,12781
1782.049664,41.281334,40.866291,12782
1782.116246,43.862875,43.347209,12783
1782.132164,53.409417,52.610834,12784
1782.158621,39.120083,38.406667,12785
1782.265645,35.042583,34.405001,12786
1782.295261,51.110501,50.634208,12787
1782.371854,30.168541,29.677083,12788
1782.408555,43.381917,42.566708,12790
1782.410941,60.847208,60.239375,12789
1782.518024,65.199458,64.631583,12791
1782.604497,57.219167,56.713416,12792
1782.620890,56.973000,56.375375,12793
1782.643911,32.380833,32.047458,12794
1782.723255,48.223583,47.583958,12795
1782.823422,37.270625,36.803958,12796
1782.863520,38.564750,37.902667,12797
1782.931113,33.849083,33.308917,12798
1782.992418,42.501959,41.712125,12799
1783.019377,57.923834,56.574000,12800
1783.052269,74.911958,74.232667,12801
1783.064852,56.432833,55.876625,12802
1783.082363,51.902958,51.413834,12803
1783.169096,49.609875,48.901417,12804
1783.191050,45.057542,44.330709,12805
1783.291876,61.282959,60.616791,12806
1783.384750,43.006834,42.361666,12808
1783.387575,57.083833,56.563500,12807
1783.463664,61.534666,60.917500,12809
1783.464620,48.143375,47.665334,12810
1783.496192,43.348958,42.588583,12811
1783.591936,28.021875,27.591667,12812
1783.654146,70.418542,69.773084,12813
1783.709315,35.494667,34.830541,12814
1783.737722,62.650584,62.139292,12815
1783.802563,66.141833,65.216084,12816
1783.811234,46.365666,45.652250,12817
1783.840564,54.437833,53.710417,12818
1783.931531,48.531584,47.990833,12819
1783.957189,66.444291,65.474500,12820
1783.958740,61.508125,61.035041,12821
1784.024889,54.362000,53.871125,12822
1784.060830,52.474917,51.858042,12824
1784.072593,72.924541,72.510083,12823
1784.085518,70.957541,70.269209,12825
1784.131488,101.023708,100.261000,12826
1784.151396,31.903375,31.347458,12827
1784.189092,52.707375,52.198417,12828
1784.201063,36.555166,36.026958,12829
1784.293329,62.754708,62.195291,12830
1784.406396,64.682917,64.250666,12831
1784.444658,52.913875,52.350083,12832
1784.486265,49.100333,48.398583,12833
1784.506086,68.707042,68.106500,12834
1784.525785,72.944667,72.145500,12835
1784.608902,44.923375,44.438625,12836
1784.719246,44.129167,43.582292,12837
1784.749660,62.991250,62.353666,12838
1784.812686,43.445792,42.878500,12839
1784.829933,43.743000,43.135750,12840
1784.940437,43.176000,42.671125,12841
1785.046463,38.061334,37.260708,12842
1785.106637,75.084334,74.531917,12843
1785.176131,56.629708,56.018667,12844
1785.261338,30.734375,30.101167,12845
1785.286649,50.823792,50.248625,12846
1785.394862,92.038917,91.369250,12847
1785.424573,82.878250,82.156959,12848
1785.504864,51.561125,50.763125,12849
1785.646828,82.820791,82.078208,12850
1785.708345,102.182208,101.515458,12851
1785.769400,93.354042,91.736459,12853
1785.773497,133.507209,132.797000,12852
1785.863373,172.058250,171.565917,12854
1785.888188,101.977458,101.425917,12855
1785.949363,125.402667,124.763625,12856
1786.033410,134.730750,132.365042,12858
1786.034707,144.287500,142.942917,12857
1786.084203,120.976042,120.303167,12859
1786.109895,100.573667,99.624292,12860
1786.167660,48.169625,47.414791,12861
1786.183502,56.331625,55.690833,12862
1786.206629,60.824750,60.291583,12863
1786.270530,39.955125,39.275250,12865
1786.289488,91.198625,90.532167,12864
1786.295362,50.806000,50.198750,12866
1786.363851,52.652833,52.000375,12867
1786.383286,57.517250,56.818709,12868
1786.400989,59.281833,58.615667,12869
1786.445719,77.169751,76.606251,12870
1786.464351,42.748417,42.210875,12871
1786.520910,68.084042,67.555250,12872
1786.604797,40.868333,40.323500,12874
1786.610996,51.485583,51.007250,12873
1786.677494,44.836750,44.191584,12875
1786.711388,36.355375,35.927792,12876
1786.824140,43.280125,42.802083,12877
1786.830734,44.561125,43.926167,12878
1786.930634,51.184875,50.633625,12879
1786.964158,66.906000,66.260834,12880
1786.967210,63.093625,62.556959,12881
1787.038829,30.429292,29.970208,12882
1787.094908,27.360375,26.895750,12883
1787.149277,29.791125,29.302583,12884
1787.178590,52.614625,51.803792,12885
1787.210462,42.471625,41.850083,12886
1787.282581,51.952542,51.123625,12887
1787.294946,54.957875,54.585708,12888
1787.319577,64.875125,64.240166,12889
1787.367736,39.851875,39.176375,12890
1787.410667,68.920541,68.290833,12891
1787.492449,39.626125,39.101709,12892
1787.572128,64.550500,63.989333,12893
1787.606792,42.854875,42.274166,12894
1787.684674,49.312667,48.892083,12895
1787.718969,43.905459,43.368208,12896
1787.837535,51.398084,50.826126,12897
1787.927261,29.983333,29.528916,12898
1787.962944,43.180083,42.562625,12899
1788.030146,58.430750,57.906917,12900
1788.058029,49.642250,49.141167,12901
1788.151693,42.116666,41.527208,12902
1788.164208,44.719792,44.245250,12903
1788.230833,78.586375,78.008875,12904
1788.284490,53.889208,53.567208,12905
1788.302860,46.249875,45.660125,12906
1788.396294,56.485041,55.732541,12907
1788.418536,76.825583,74.195625,12908
1788.426656,72.499000,71.911292,12909
1788.445530,41.016500,40.604958,12910
1788.472716,41.671875,41.185959,12911
1788.501173,48.372333,47.556250,12912
1788.543396,27.836375,27.361542,12913
1788.599227,35.310625,34.848917,12915
1788.607741,83.013292,82.386792,12914
1788.631859,47.010250,46.162958,12916
1788.682354,71.332917,70.791000,12917
1788.716488,41.416375,40.884666,12918
1788.811936,25.756500,25.126209,12919
1788.902413,26.482750,26.116417,12920
1788.959160,61.848208,61.092500,12921
1789.041516,33.122833,32.653833,12922
1789.110523,42.597917,42.079625,12923
1789.160207,40.725709,40.391458,12924
1789.221697,61.909750,61.280333,12925
1789.259308,28.709042,28.321708,12926
1789.364071,72.379708,71.730458,12927
1789.399877,45.775333,45.215625,12929
1789.408789,67.097625,66.456542,12928
1789.465518,76.996792,76.208125,12930
1789.492406,39.577416,38.979208,12931
1789.508320,38.142416,37.638708,12932
1789.590069,42.604042,42.080500,12933
1789.605633,41.685875,41.272875,12934
1789.668714,40.821667,40.524458,12935
1789.723748,48.708334,48.038667,12936
1789.851361,65.184000,64.671833,12937
1789.905466,53.840208,53.160333,12938
1789.946859,49.581876,48.830833,12939
1790.047405,39.025291,38.519834,12940
1790.161750,42.269500,41.601875,12941
1790.289514,58.942334,58.323417,12942
1790.414380,72.682750,71.978958,12943
1790.503936,88.356042,86.424333,12944
1790.534601,81.681542,81.039584,12945
1790.646525,82.483625,81.900584,12946
1790.716212,88.215750,87.548126,12947
1790.773553,98.372459,97.693750,12948
1790.814911,85.691959,84.959000,12949
1790.877023,87.047625,86.007250,12950
1790.950804,88.344375,87.686667,12951
1790.979674,81.260667,80.410458,12952
1791.040109,84.983792,84.112584,12953
1791.085297,76.823250,76.139875,12954
1791.161898,42.388208,41.745375,12955
1791.168446,44.655042,43.941333,12956
1791.267854,57.994125,57.435584,12957
1791.291804,61.195459,60.470667,12958
1791.293138,61.609334,60.889792,12959
1791.406383,64.670959,64.153250,12960
1791.519993,67.145750,66.586333,12961
1791.528135,38.413958,37.750125,12962
1791.606760,42.809958,42.239167,12963
1791.648338,65.534875,64.793750,12964
1791.668621,54.660375,54.212375,12965
1791.700299,83.591667,82.826334,12966
1791.725163,98.673458,92.635666,12967
1791.745352,70.283791,69.421625,12969
1791.748078,105.736458,105.327541,12968
1791.772906,84.067958,83.617333,12970
1791.811141,24.989709,24.511959,12971
1791.934642,37.381458,36.691666,12972
1791.998732,25.793542,25.257750,12973
1792.034085,25.704584,25.060001,12974
1792.132087,39.943458,39.302083,12975
1792.174553,55.053250,54.403125,12976
1792.193452,30.641042,30.070542,12977
1792.266640,36.043291,35.378584,12978
1792.397924,56.187834,55.443500,12979
1792.433995,42.721000,42.108792,12980
1792.461082,42.374208,41.845709,12981
1792.496842,44.032625,43.461250,12982
1792.575608,33.417125,32.883083,12983
1792.628102,64.144500,63.383833,12984
1792.656247,30.291625,29.764584,12986
1792.699720,84.300709,83.568041,12985
1792.714537,39.436250,38.885875,12988
1792.722350,58.490834,58.165625,12987
1792.867258,81.104625,80.426792,12989
1792.891184,40.791917,40.257000,12990
1792.910131,44.548875,43.993833,12991
1792.965560,68.260792,67.578291,12992
1793.028525,51.579500,51.064125,12994
1793.029044,52.357083,51.903833,12993
1793.081929,73.581375,72.703458,12995
1793.154870,35.380625,34.927083,12996
1793.266282,35.683667,35.077583,12997
1793.377129,35.417958,34.764041,12998
1793.494339,41.515834,41.024958,12999
1793.541710,48.073084,47.451541,13000
1793.604523,40.592708,40.069166,13001
1793.669210,37.046625,36.483417,13002
1793.712470,37.404208,36.729875,13003
1793.808371,39.901458,39.372667,13004
1793.839984,53.790333,53.168209,13005
1793.896970,43.793167,43.154709,13007
1793.904260,67.492250,57.120000,13006
1793.930821,74.230625,73.626875,13008
1793.940578,43.358292,42.744041,13010
1793.952572,77.920209,77.038500,13009
1794.019925,82.467292,81.659667,13011
1794.051955,43.586958,42.958417,13012
1794.093588,43.115042,42.653917,13013
1794.187889,68.417125,67.823001,13014
1794.281740,48.276375,47.660958,13016
1794.292720,62.126750,61.362000,13015
1794.314329,53.615917,53.170250,13017
1794.390962,33.897209,33.263125,13019
1794.422149,80.437875,79.740500,13018
1794.495513,42.722167,42.219334,13020
1794.537770,62.394500,61.916750,13021
1794.581632,50.745625,50.337875,13022
1794.620853,56.883458,56.254042,13023
1794.712145,39.835833,39.353417,13024
1794.735620,60.588208,60.102584,13025
1794.816981,30.832666,30.380292,13026
1794.847578,58.727959,58.083959,13027
1794.873481,43.788209,43.067208,13028
1794.939684,42.417375,41.755875,13029
1795.084682,76.284834,75.694792,13030
1795.115256,40.408959,39.921875,13031
1795.138772,51.081917,50.378708,13032
1795.178587,62.140750,61.661250,13033
1795.192076,72.621209,71.958250,13034
1795.196893,67.390459,66.313042,13035
1795.221833,75.884666,75.161042,13036
1795.296200,65.594083,65.141708,13037
1795.356817,69.606833,68.999875,13038
1795.420042,78.316875,77.715166,13039
1795.520355,67.536000,66.730709,13040
1795.673716,125.538292,124.820500,13041
1795.674906,118.549667,117.679042,13042
1795.703622,141.628375,140.848458,13043
1795.761327,196.769708,194.695375,13044
1795.779334,103.788125,103.212959,13045
1795.856091,69.703958,69.229709,13046
1795.943497,92.939000,92.136917,13047
1796.020058,122.744417,117.093375,13048
1796.037551,116.127375,115.710000,13049
1796.092030,129.614042,128.443000,13051
1796.114764,187.109125,186.485250,13050
1796.156191,100.223958,99.495666,13054
1796.165093,165.692041,161.908250,13052
1796.193527,185.148541,184.170875,13053
1796.207422,87.927875,87.083791,13055
1796.296922,51.303000,50.668041,13057
1796.305501,74.898833,74.455500,13056
1796.330426,64.171334,63.612500,13058
1796.377722,36.008875,35.403666,13059
1796.497383,44.547416,43.965542,13060
1796.610041,46.105500,45.638250,13061
1796.653642,53.299750,52.670333,13062
1796.716751,41.656709,41.227667,13063
1796.746898,64.169875,63.380625,13064
1796.822757,36.572375,36.116500,13065
1796.975428,78.135750,77.395501,13066
1797.011266,44.466041,43.852375,13067
1797.068447,60.059125,59.575542,13068
1797.074706,54.915583,54.299291,13069
1797.100672,73.101000,72.427833,13070
1797.137922,54.942125,54.295209,13071
1797.158878,59.422708,58.627334,13072
1797.184843,65.340625,64.668917,13073
1797.207410,38.274250,37.643375,13074
1797.260877,48.271417,47.848500,13075
1797.278965,48.374959,47.790458,13076
1797.380104,38.380417,37.689750,13077
1797.488517,35.699416,35.027125,13078
1797.606495,42.564667,41.892667,13079
1797.634769,48.314292,47.823709,13080
1797.667311,43.738333,43.003916,13081
1797.712347,37.230959,36.544083,13082
1797.769282,39.444417,38.901042,13083
1797.794491,37.695875,36.969334,13084
1797.845991,59.815292,59.190542,13085
1797.859949,50.220042,49.583916,13086
1797.940121,42.859542,42.303917,13087
1798.057261,48.875167,48.415791,13088
1798.102152,49.802667,49.035000,13089
1798.113739,38.767458,38.139209,13090
1798.175378,55.913958,55.143958,13091
1798.219463,52.085833,51.323708,13092
1798.267750,37.151333,36.470292,13093
1798.420152,78.420709,77.676084,13094
1798.504491,51.651834,50.977209,13095
1798.547707,38.936625,38.493292,13096
1798.591604,27.673625,27.322167,13098
1798.628452,83.741000,82.902167,13097
1798.651653,32.446750,32.050084,13099
1798.747555,72.462833,71.960875,13100
1798.828251,42.070875,41.683833,13101
1798.858790,61.799792,61.208875,13102
1798.941499,44.254875,43.725500,13103
1798.950903,40.104750,39.604834,13104
1799.001552,58.660000,57.966708,13105
1799.056495,48.093209,47.409250,13106
1799.151429,31.921167,31.442250,13107
1799.262161,31.547250,31.114417,13108
1799.411562,69.840459,69.197334,13109
1799.440247,43.485750,42.750750,13110
1799.465264,67.217791,66.618416,13111
1799.499694,46.867042,45.986208,13112
1799.516555,61.789875,61.359084,13113
1799.602926,38.970167,38.237209,13114
1799.723357,48.278417,47.753417,13115
1799.758138,51.912001,51.412958,13116
1799.779233,41.051209,40.444250,13117
1799.821426,47.223459,46.377041,13118
1799.829890,43.728708,43.231125,13119
1799.871233,42.210292,41.621125,13120
1799.944808,47.506666,46.842541,13121
1800.001029,36.807750,36.348959,13122
1800.048599,40.197208,39.489333,13124
1800.062269,59.018459,58.498417,13123
1800.095348,52.635916,51.905583,13125
1800.165980,46.519375,46.053291,13126
1800.186129,42.411250,41.696666,13127
1800.258931,53.988667,53.401542,13128
1800.269438,38.815583,38.298166,13129
1800.311264,50.213625,49.475708,13130
1800.368497,81.886292,80.854667,13131
1800.420782,79.066167,78.631000,13132
1800.510781,57.898166,57.316292,13133
1800.652951,92.323000,91.302167,13134
1800.662458,97.926500,97.393917,13135
1800.753121,78.068958,76.344333,13136
1800.813129,75.330208,74.534833,13137
1800.861241,75.000042,74.018583,13138
1800.964095,66.734500,65.538959,13139
1801.061225,41.275208,40.597084,13141
1801.080785,71.579375,71.034833,13140
1801.156633,37.149292,36.485166,13142
1801.241822,28.624459,28.189875,13143
1801.304709,74.074000,73.269000,13144
1801.341783,59.027791,58.628208,13145
1801.352563,59.586917,59.109167,13146
1801.369088,51.084250,50.333208,13147
1801.401280,59.586625,59.089917,13148
1801.454171,103.970125,103.198375,13149
1801.504794,51.986375,51.439208,13150
1801.611576,47.639958,47.292875,13151
1801.731818,56.771167,56.238875,13152
1801.749763,51.105250,50.609708,13153
1801.829955,43.793750,43.248625,13154
1801.871846,48.914542,48.191500,13155
1801.896902,64.528041,63.972417,13156
1801.924604,63.816958,63.274750,13157
1801.954097,91.822792,91.180250,13158
1801.967386,70.138250,69.565416,13160
1801.998176,129.570292,128.955750,13159
1802.001675,59.283875,58.532833,13162
1802.046314,37.952541,37.429875,13163
1802.052976,154.140875,153.344334,13161
1802.160837,41.370583,40.689250,13165
1802.161599,47.182042,46.780417,13164
1802.196193,44.170291,43.353625,13166
1802.241188,51.800875,51.259834,13167
1802.278722,48.118292,45.999917,13169
1802.288654,60.963000,60.342333,13168
1802.390223,48.513792,47.992583,13170
1802.502141,49.324917,48.673625,13171
1802.607449,43.519291,42.844375,13172
1802.644435,49.641958,48.909875,13173
1802.661324,33.561792,32.889791,13174
1802.714771,39.741042,39.407959,13175
1802.747949,46.338542,45.723125,13176
1802.848644,62.459542,61.772666,13177
1802.851991,41.125875,40.622167,13178
1802.976934,79.729708,79.063833,13179
1803.056619,48.220958,47.525917,13180
1803.165414,45.903959,45.454208,13181
1803.197241,52.390041,51.699375,13182
1803.234764,34.251000,33.659792,13183
1803.275062,44.449417,43.561583,13185
1803.275977,59.397333,58.804958,13184
1803.326527,37.107000,36.581708,13186
1803.355461,56.327833,55.647958,13187
1803.374366,32.648875,31.825500,13188
1803.508434,59.476375,57.234334,13189
1803.509400,56.574000,55.938458,13191
1803.548572,96.440750,95.790625,13190
1803.548840,92.187667,91.493209,13192
1803.563898,46.141958,45.660417,13194
1803.606461,120.360625,119.713708,13193
1803.614435,50.522208,49.916416,13196
1803.648578,126.845250,126.035000,13195
1803.715956,40.930167,40.504625,13197
1803.797627,50.856750,50.404959,13199
1803.807948,63.326667,62.900250,13198
1803.830962,44.860958,44.234750,13200
1803.937409,40.135667,39.666375,13201
1803.965874,53.296542,52.842125,13202
1803.995193,76.301459,75.418000,13203
1804.077168,68.796000,68.133917,13204
1804.095291,30.218416,29.814167,13205
1804.199805,80.315083,79.730000,13206
1804.224766,28.158667,27.604500,13207
1804.271701,65.029417,64.309583,13208
1804.272873,42.274167,41.877208,13209
1804.386997,45.306917,44.883125,13210
1804.427609,77.613083,76.883625,13212
1804.437353,92.277500,91.739666,13211
1804.439853,42.185209,41.606250,13213
1804.510917,58.118958,57.710625,13214
1804.512904,48.359500,47.762459,13215
1804.536390,50.486333,49.809666,13216
1804.591410,67.270291,66.497667,13217
1804.606260,60.054750,59.523333,13218
1804.613476,49.586250,49.091875,13219
1804.720996,45.967833,45.459458,13220
1804.833471,47.313875,46.804625,13221
1804.944892,47.618959,47.154333,13222
1804.995280,43.293833,42.736750,13224
1804.999949,64.403792,63.859833,13223
1805.038209,29.938125,29.532125,13226
1805.042209,66.517792,65.781333,13225
1805.154694,35.210584,34.759958,13227
1805.239253,34.794958,34.294458,13228
1805.305577,74.981083,74.286625,13229
1805.453337,111.613542,111.087666,13230
1805.463194,107.730000,107.013958,13231
1805.530714,111.749458,110.380375,13232
1805.551461,126.104417,125.397708,13233
1805.678249,249.339125,248.638250,13234
1805.683080,119.038208,117.393209,13236
1805.717045,132.899958,131.082292,13237
1805.802872,349.502709,300.510291,13235
1805.833086,112.831250,112.088667,13242
1805.873656,252.395208,251.719125,13238
1805.891432,104.373792,103.445708,13243
1805.962256,309.679125,308.899792,13239
1806.003867,106.574125,105.631166,13244
1806.088352,426.378459,425.648417,13240
1806.142312,133.945292,133.407459,13245
1806.166749,150.637959,149.957208,13246
1806.206589,62.052375,61.153750,13250
1806.208984,533.897000,533.287709,13241
1806.260778,30.191000,29.422166,13251
1806.285962,253.131666,250.264583,13247
1806.331783,56.544541,56.035583,13252
1806.344473,68.140625,67.280208,13253
1806.353945,258.192958,256.600458,13248
1806.401815,48.219208,47.650458,13256
1806.411458,72.387875,71.446959,13254
1806.416982,297.481042,296.931542,13249
1806.465738,49.250542,48.778042,13257
1806.474777,133.047833,132.420167,13255
1806.522046,45.649625,44.969458,13259
1806.524320,71.483709,70.756291,13258
1806.612850,48.920666,48.346958,13260
1806.679375,51.704041,51.114292,13262
1806.686092,63.759500,63.085459,13261
1806.697484,55.301750,54.873000,13263
1806.751729,76.731958,76.079792,13264
1806.846978,60.824750,60.314333,13265
1806.945815,48.541500,47.837708,13266
1806.973437,52.602666,52.020208,13268
1806.981280,61.601458,60.829708,13267
1807.024445,47.174750,46.689708,13269
1807.080703,72.304166,71.760500,13270
1807.113146,68.513958,67.898250,13271
1807.118529,69.081250,68.566167,13272
1807.153376,62.590209,62.089125,13273
1807.155816,36.320959,35.880542,13274
1807.202502,40.032125,39.515583,13275
1807.228177,59.093417,58.299500,13276
1807.264393,53.082750,52.515167,13277
1807.299491,63.865667,62.960625,13279
1807.302918,72.356667,71.930250,13278
1807.349743,99.453958,98.828333,13280
1807.383666,41.983959,41.249833,13283
1807.401215,123.716541,123.130292,13281
1807.412054,72.023875,71.485167,13282
1807.487184,33.795125,33.155208,13285
1807.509256,56.436042,56.093333,13284
1807.552098,45.594791,45.088459,13286
1807.571594,49.847000,49.223708,13287
1807.596401,65.570458,64.631000,13288
1807.630443,66.561833,65.966542,13289
1807.663918,49.169167,48.409375,13291
1807.665420,68.913250,68.367833,13290
1807.721839,46.781000,45.811500,13294
1807.735835,108.738000,108.201333,13292
1807.743849,89.939208,89.250000,13293
1807.793193,53.420792,52.941584,13295
1807.828306,42.167417,41.609167,13297
1807.839856,70.081667,69.346375,13296
1807.940970,43.696625,43.059333,13298
1807.945582,44.039625,43.442875,13299
1807.985877,42.208541,41.381667,13300
1808.027412,44.838208,44.313208,13301
1808.072310,63.929542,63.191917,13302
1808.194180,74.699916,74.050667,13303
1808.295381,64.787042,64.059917,13304
1808.391945,64.179500,63.609875,13305
1808.396253,54.537584,53.827667,13306
1808.415784,69.810417,69.069000,13307
1808.446434,46.095000,45.298750,13308
1808.472883,48.724667,48.210459,13309
1808.510901,28.151084,27.735167,13311
1808.514072,61.254084,60.503625,13310
1808.632299,68.350917,67.673083,13312
1808.704319,37.928917,37.279375,13313
1808.742347,46.291292,45.762791,13315
1808.750529,75.483917,74.935000,13314
1808.766250,59.320333,58.476250,13316
1808.809540,73.231375,72.781625,13317
1808.838243,75.140334,74.473000,13318
1808.862317,88.032292,87.276876,13319
1808.869790,83.647376,83.020584,13320
1808.914364,114.561709,113.955334,13321
1808.935064,85.488375,84.805583,13323
1808.959416,132.214541,130.743375,13322
1808.960792,63.524125,62.890041,13324
1809.007159,58.216667,57.475250,13325
1809.070321,77.282916,73.813250,13326
1809.079183,70.816375,70.286417,13328
1809.079223,82.073833,81.370625,13327
1809.091708,59.066000,58.482667,13329
1809.147786,75.008209,74.436250,13330
1809.176352,64.726375,64.052042,13331
1809.177508,60.422250,59.765709,13332
1809.219304,99.835459,98.180542,13333
1809.266209,123.403583,122.525958,13334
1809.269920,67.261250,66.782042,13338
1809.278529,76.201708,75.721916,13337
1809.306486,136.402875,135.680417,13335
1809.377196,85.870166,44.915791,13342
1809.380494,208.638791,207.833500,13336
1809.393299,51.550042,50.926167,13344
1809.429285,87.676458,87.096333,13343
1809.476792,246.192042,245.617459,13340
1809.477103,264.815833,222.748459,13339
1809.555318,102.450542,101.598001,13347
1809.556181,317.325167,276.096334,13341
1809.558958,206.289126,205.746334,13345
1809.582689,94.223792,93.418209,13348
1809.636811,72.858333,72.376500,13350
1809.640264,263.029375,222.189333,13346
1809.643612,137.730834,136.982126,13349
1809.693117,112.286708,111.739542,13351
1809.743488,82.500833,81.946667,13352
1809.745163,70.072625,69.282208,13353
1809.753743,61.026000,60.355750,13354
1809.816588,119.863625,119.218167,13355
1809.842612,56.441584,52.596833,13359
1809.861131,78.058750,77.444208,13358
1809.872750,147.005834,146.365041,13356
1809.910340,168.664125,168.004375,13357
1809.959182,61.910625,61.414792,13363
1809.969697,164.964042,164.258792,13360
1809.974714,80.146500,79.225709,13362
1810.018887,212.067042,211.452500,13361
1810.072255,63.874417,63.067083,13366
1810.076957,128.212583,127.386875,13364
1810.088127,83.662542,83.108375,13365
1810.142135,109.782750,108.922917,13367
1810.186688,84.980000,84.336583,13369
1810.187892,68.410709,67.775750,13370
1810.204283,166.495000,165.902042,13368
1810.243698,85.994126,85.295292,13371
1810.263983,69.513501,68.971000,13373
1810.297864,67.314333,66.635333,13374
1810.323485,161.799458,161.028292,13372
1810.361562,78.662500,77.963959,13377
1810.381796,82.285292,81.517334,13379
1810.412750,179.089750,178.483375,13375
1810.503992,243.579583,242.806666,13376
1810.587491,125.325375,124.519500,13384
1810.591681,138.748167,137.000208,13383
1810.614520,324.750709,323.931708,13378
1810.706877,389.148375,388.360000,13380
1810.729426,141.899333,98.207667,13387
1810.795332,120.260875,118.955667,13388
1810.829210,122.231666,120.652291,13389
1810.882299,551.679917,510.012708,13381
1810.997155,167.096708,125.052667,13392
1811.000527,658.798001,616.060083,13382
1811.033216,167.766959,126.177334,13393
1811.069846,592.048333,590.622958,13385
1811.154255,157.062500,114.203833,13395
1811.187305,186.753292,144.684459,13396
1811.223314,702.873209,661.071250,13386
1811.273204,118.906959,77.758334,13399
1811.276205,544.134792,541.645417,13390
1811.285258,97.914250,57.096375,13400
1811.335297,59.066875,58.184875,13403
1811.351668,564.937334,559.729626,13391
1811.385333,112.090416,70.336875,13402
1811.440247,104.909291,63.249084,13405
1811.442275,559.938167,518.537250,13394
1811.476301,124.606125,83.428917,13406
1811.487139,453.888458,412.220667,13397
1811.553285,112.994875,71.676208,13408
1811.562375,492.486750,449.347209,13398
1811.563317,110.453875,68.751958,13409
1811.600317,376.960791,335.614417,13401
1811.663287,109.962708,68.336917,13412
1811.666347,381.054625,338.805250,13404
1811.670268,106.323292,65.189250,13413
1811.690587,59.754042,59.161375,13414
1811.704322,318.948000,276.204542,13407
1811.725343,54.842666,54.385041,13415
1811.754300,277.963875,234.591292,13410
1811.797305,100.592625,58.860084,13417
1811.812218,325.054626,283.819375,13411
1811.830486,71.530375,70.920500,13419
1811.830486,66.507875,65.707833,13420
1811.877331,202.239042,160.733125,13416
1811.902574,183.639458,183.107750,13418
1811.941152,96.994042,56.240625,13426
1811.941212,110.714917,69.568917,13425
1811.965767,199.403166,198.722125,13421
1811.994320,91.705541,50.873375,13428
1812.051321,85.513166,44.638708,13431
1812.068330,127.150625,85.644708,13429
1812.072333,295.260292,253.951250,13422
1812.120145,322.803250,279.943417,13423
1812.156322,344.063417,300.132292,13424
1812.186123,134.775958,93.665250,13433
1812.194246,300.490167,259.448583,13427
1812.207152,138.793083,96.651625,13434
1812.246436,46.620292,46.084792,13437
1812.267288,321.487833,279.806916,13430
1812.328301,116.149834,71.303750,13438
1812.345185,98.725667,53.755625,13441
1812.363305,356.716792,314.826167,13432
1812.371264,252.890167,251.998833,13435
1812.440211,98.819583,58.006667,13443
1812.460356,340.182792,298.468042,13436
1812.484288,139.078917,98.350875,13444
1812.512318,297.794000,256.865875,13439
1812.519113,108.443709,67.522292,13446
1812.559298,106.454542,64.977500,13447
1812.560227,344.469417,303.120417,13440
1812.592208,324.884292,283.884126,13442
1812.603932,40.025417,39.337958,13450
1812.645150,124.602917,83.450500,13449
1812.663316,299.843542,258.608000,13445
1812.676666,66.155833,64.175416,13453
1812.701154,224.793625,181.847166,13448
1812.706810,129.161083,128.688000,13451
1812.742343,67.311125,66.905708,13454
1812.750929,151.211958,150.402291,13452
1812.752205,55.786500,55.032250,13455
1812.804587,73.810625,72.975583,13456
1812.839206,53.066708,52.491542,13458
1812.862100,50.883292,50.234041,13459
1812.862157,82.807667,82.171250,13457
1812.907319,41.034292,40.004416,13461
1812.911068,56.933625,56.165083,13460
1812.951509,54.274792,53.593167,13463
1812.971367,60.453167,59.614333,13464
1812.973677,80.289416,79.650959,13462
1813.048213,65.771417,63.321125,13465
1813.053946,46.654125,46.220125,13466
1813.092495,84.175292,83.528084,13467
1813.127061,67.586167,66.189083,13468
1813.137666,76.018250,75.677584,13469
1813.163100,40.199833,39.549708,13471
1813.192538,46.820084,46.166458,13472
1813.202089,82.638500,81.886000,13470
1813.236392,39.956000,39.386083,13473
1813.269810,39.203792,38.634750,13474
1813.290085,50.282458,49.738208,13475
1813.349708,93.361333,92.714708,13476
1813.356141,50.534167,49.782250,13478
1813.403279,100.446500,99.841000,13477
1813.420169,60.962125,60.400083,13480
1813.443417,66.449541,65.678375,13481
1813.483039,141.293542,140.303042,13479
1813.504341,57.640042,57.161709,13483
1813.531435,78.603875,77.725666,13484
1813.548219,146.451083,145.808250,13482
1813.579380,62.505625,61.741166,13487
1813.618315,158.907584,158.086833,13485
1813.626905,62.974042,62.142209,13488
1813.643314,61.231042,60.615042,13490
1813.690162,228.223917,227.380125,13486
1813.735293,161.573417,160.991250,13489
1813.763425,76.324792,75.555375,13492
1813.765104,90.022625,89.217917,13491
1813.786099,78.170458,77.383541,13493
1813.818660,32.537167,31.877708,13495
1813.830567,53.380542,52.876541,13494
1813.875323,48.878083,48.078042,13496
1813.946623,49.372458,48.804875,13497
1813.999574,34.344917,33.929000,13499
1814.045903,57.364708,56.524417,13500
1814.046820,88.121541,86.583875,13498
1814.079181,70.709333,70.095958,13502
1814.097118,46.905250,46.224208,13503
1814.114752,125.093208,124.489750,13501
1814.184399,86.711625,86.162125,13505
1814.189294,69.815083,69.251292,13506
1814.190491,138.003834,132.391292,13504
1814.224853,50.526584,49.761250,13507
1814.272171,96.079666,95.377625,13508
1814.278748,71.747666,71.106292,13509
1814.308351,77.723042,76.851834,13510
1814.358259,64.290042,63.623000,13511
1814.399188,48.650291,48.162042,13514
1814.422350,84.079625,83.448458,13512
1814.448501,106.784125,105.770000,13513
1814.463106,109.449083,108.888500,13515
1814.497851,75.801250,75.127500,13519
1814.539869,158.511501,157.902208,13516
1814.564250,111.474708,70.349417,13521
1814.582328,80.760458,39.804625,13523
1814.598070,204.673876,204.048542,13517
1814.653297,89.364042,47.804458,13525
1814.661432,266.862751,264.694792,13518
1814.679323,65.518833,64.861125,13526
1814.692102,60.610375,60.051542,13527
1814.728479,282.162708,281.483125,13520
1814.771911,51.634041,50.956500,13529
1814.813864,63.458500,63.041125,13530
1814.832296,362.708791,321.074541,13522
1814.837131,50.977500,50.111833,13531
1814.892175,369.750208,328.710375,13524
1814.894577,219.512125,218.849459,13528
1814.936785,63.201833,62.634542,13532
1814.956624,59.379250,58.992500,13533
1814.962146,59.801583,59.144750,13534
1815.039153,45.194917,44.559667,13535
1815.044104,35.762125,35.332792,13536
1815.084187,40.155500,39.783625,13538
1815.110177,69.451958,68.694792,13537
1815.171391,51.880209,51.206458,13539
1815.219417,50.019667,49.612209,13540
1815.247971,46.932375,46.387834,13541
1815.273613,42.974458,42.182292,13542
1815.391491,83.220667,82.525041,13543
1815.477601,140.091875,139.410250,13544
1815.493413,151.646834,150.632417,13545
1815.504119,143.495625,142.933292,13546
1815.588070,222.253500,220.645834,13547
1815.675383,134.090250,133.630000,13551
1815.681877,129.522750,128.554417,13552
1815.740914,321.822958,320.367833,13548
1815.849271,173.853751,132.253334,13556
1815.853719,414.675917,412.345209,13549
1815.865254,183.344000,141.439084,13557
1815.989297,535.859917,533.493626,13550
1816.021437,167.674500,125.391000,13560
1816.037302,188.004542,145.799791,13559
1816.096884,536.870542,536.113084,13553
1816.160592,138.289375,137.513542,13563
1816.162327,172.999750,125.647958,13562
1816.213225,649.318250,648.465709,13554
1816.283398,122.772417,121.599042,13566
1816.297143,709.040501,667.855708,13555
1816.303320,140.970084,100.281708,13567
1816.324206,583.251667,541.950792,13558
1816.385123,101.712333,60.473292,13569
1816.391413,526.132250,483.307125,13561
1816.394390,97.219500,56.459667,13570
1816.432319,394.977917,353.273083,13564
1816.492285,107.135875,65.940875,13573
1816.496198,104.751791,63.601125,13574
1816.501258,404.337500,360.710292,13565
1816.525317,312.059709,270.980500,13568
1816.575316,271.966334,230.863209,13571
1816.609235,113.008000,71.593083,13578
1816.618304,125.978125,84.734126,13577
1816.632290,308.050459,266.455292,13572
1816.664370,89.014625,48.191792,13581
1816.688320,293.892958,251.484333,13575
1816.735258,302.900792,261.439209,13576
1816.746242,136.990291,95.887459,13582
1816.755345,123.013916,81.653250,13584
1816.805299,304.016709,262.841542,13579
1816.835313,89.051375,47.475167,13588
1816.839173,103.893125,62.604500,13587
1816.879110,353.757250,312.776041,13580
1816.895336,89.998417,49.155750,13590
1816.917129,81.790042,40.469917,13591
1816.957213,338.866792,297.819375,13583
1816.976287,97.152416,56.183167,13593
1817.005326,340.913708,297.917375,13585
1817.014147,118.773667,77.430500,13594
1817.065284,108.029833,66.310709,13596
1817.071241,382.892708,341.964583,13586
1817.089167,112.846708,70.772917,13597
1817.131306,375.919250,328.822375,13589
1817.174214,334.990542,293.569500,13592
1817.184219,118.894125,77.622125,13600
1817.210325,139.057917,98.293709,13601
1817.239296,322.144667,280.448583,13595
1817.269318,95.081875,53.960959,13604
1817.281300,275.926000,234.666542,13598
1817.316218,302.046501,257.936875,13599
1817.326221,141.965251,101.187042,13605
1817.375277,286.087958,244.483751,13602
1817.380261,140.932167,100.152792,13607
1817.415261,99.002750,57.456583,13610
1817.420306,288.967584,247.785417,13603
1817.471287,90.993875,49.863041,13613
1817.487308,111.937584,70.859250,13612
1817.491331,280.963666,239.704208,13606
1817.527139,257.789292,215.936292,13608
1817.579127,107.814583,66.741792,13616
1817.589258,101.925250,60.795292,13617
1817.595352,314.010667,273.093916,13609
1817.658294,332.046166,291.411750,13611
1817.683298,104.152416,63.298083,13620
1817.725120,135.839958,94.621041,13621
1817.730334,315.046959,273.914375,13614
1817.749142,90.818875,49.739667,13623
1817.814280,89.137125,47.901583,13625
1817.820392,400.045334,358.240459,13615
1817.840384,110.005000,69.223000,13626
1817.876331,384.961209,343.253167,13618
1817.921248,106.925584,64.967875,13628
1817.928333,107.903834,66.451583,13629
1817.942312,415.146376,374.166042,13619
1817.995254,399.865667,358.444626,13622
1818.025292,341.951750,341.066542,13624
1818.034270,112.977958,71.323875,13632
1818.042258,113.892916,72.550334,13633
1818.071787,46.461041,45.565334,13636
1818.089323,94.028084,52.953250,13635
1818.138279,389.107834,347.505667,13627
1818.173303,101.476959,60.719459,13639
1818.208287,118.917750,77.436625,13640
1818.219362,378.940042,337.883584,13630
1818.254306,115.986791,75.006750,13641
1818.303292,129.958791,89.272166,13642
1818.306147,429.776375,388.759000,13631
1818.313155,93.762084,52.857291,13644
1818.348309,405.962083,365.312208,13634
1818.395154,88.992167,48.311959,13647
1818.417146,113.815334,73.050833,13646
1818.423475,389.171709,347.938208,13637
1818.476300,434.015167,392.758916,13638
1818.518272,123.095000,82.426458,13650
1818.525177,108.005916,66.570583,13651
1818.537215,328.882166,287.474541,13643
1818.581139,326.795000,285.518042,13645
1818.634278,321.101667,279.531000,13648
1818.659282,140.971834,99.570042,13654
1818.660229,135.024750,93.421126,13655
1818.686152,337.811542,296.961292,13649
1818.753220,93.902958,52.515166,13659
1818.763133,128.819542,87.612292,13658
1818.772331,348.824875,307.418126,13652
1818.791757,315.423500,314.692875,13653
1818.861234,98.085459,56.893958,13663
1818.864175,110.937750,70.139417,13662
1818.884209,346.954417,305.402126,13656
1818.919307,338.143167,297.501459,13657
1818.938200,74.009833,73.639125,13667
1818.967191,28.978833,28.458208,13670
1818.971172,310.907917,270.169666,13660
1818.978314,117.054000,76.115375,13666
1819.066128,98.923708,58.363667,13671
1819.066163,379.992083,339.108583,13661
1819.079342,108.138625,67.396583,13672
1819.129167,356.794959,315.539292,13664
1819.141134,349.354541,347.450833,13665
1819.194313,128.161542,86.981417,13674
1819.203143,136.971625,95.642167,13675
1819.230261,346.024000,305.090625,13668
1819.285198,90.850958,50.151791,13679
1819.308490,389.141667,347.298291,13669
1819.312260,109.097334,67.975542,13680
1819.371210,85.995292,44.952542,13682
1819.383331,404.982667,362.601750,13673
1819.402276,93.738458,52.503209,13683
1819.430298,350.911459,309.490708,13676
1819.483292,112.058041,70.512750,13685
1819.500197,116.823292,75.681375,13686
1819.501183,371.998375,331.137917,13677
1819.561144,419.993876,376.245333,13678
1819.587340,104.008042,63.183167,13689
1819.604223,103.989667,62.406167,13690
1819.623213,392.925167,352.176709,13681
1819.672292,111.117709,70.040542,13692
1819.682256,94.882083,53.986334,13693
1819.690322,378.022750,336.847292,13684
1819.741296,338.980250,297.658958,13687
1819.772260,89.978584,48.895583,13697
1819.788214,115.882667,75.182917,13696
1819.825278,83.943125,42.544250,13699
1819.853350,423.009125,381.727500,13688
1819.857312,85.016459,43.596292,13700
1819.913208,412.007459,369.586000,13691
1819.919195,130.949000,89.561792,13701
1819.934341,109.020333,68.010833,13702
1819.979304,375.048625,331.656208,13694
1820.028214,108.998459,67.821541,13706
1820.030237,117.000917,76.458083,13705
1820.039261,416.019917,375.110751,13695
1820.066247,375.889208,334.846459,13698
1820.119330,91.091000,49.831250,13709
1820.141240,110.971584,69.786208,13710
1820.153327,299.947084,258.836375,13703
1820.194218,336.863334,295.767792,13704
1820.246134,126.770000,86.251083,13713
1820.254349,319.956001,279.167584,13707
1820.265342,124.082583,83.207833,13714
1820.294252,314.916876,272.030792,13708
1820.326312,287.023625,244.896750,13711
1820.378177,123.655292,82.018125,13718
1820.388363,142.202375,100.893041,13717
1820.412209,345.935625,304.320334,13712
1820.541494,153.082417,111.454583,13723
1820.550333,396.964750,355.310958,13715
1820.550815,172.619709,130.650917,13722
1820.628265,434.010792,392.545416,13716
1820.718308,176.772458,135.401000,13725
1820.726164,175.331626,133.037042,13727
1820.740333,474.953792,433.269375,13719
1820.850318,556.042084,515.515001,13720
1820.905253,179.069041,137.174917,13730
1820.910385,192.036542,150.994083,13729
1820.957303,630.950542,589.557500,13721
1821.068609,163.318459,121.300666,13733
1821.085258,174.701333,133.046375,13734
1821.090328,678.084167,636.430667,13724
1821.204168,653.800000,608.238459,13726
1821.243367,158.082166,116.946083,13737
1821.244125,175.501958,134.778583,13736
1821.290246,86.050125,44.863584,13739
1821.291244,662.960959,621.248834,13728
1821.328310,587.938458,545.720292,13731
1821.357142,113.742125,72.957792,13740
1821.395305,105.038792,64.261750,13742
1821.396221,545.881000,504.510417,13732
1821.446257,117.906834,77.016042,13744
1821.460339,502.998709,461.500375,13735
1821.467334,110.166001,68.815251,13745
1821.494344,403.970000,362.423542,13738
1821.554201,107.903250,67.044541,13748
1821.555209,311.063375,269.347167,13741
1821.562219,101.845917,60.916333,13749
1821.618322,327.038833,285.628292,13743
1821.664198,108.959958,67.127375,13753
1821.671314,117.069750,75.451833,13752
1821.676293,280.957542,239.293833,13746
1821.723140,326.889500,285.552167,13747
1821.772291,108.051709,66.870709,13756
1821.776198,104.853000,62.544125,13757
1821.780411,313.026292,271.934833,13750
1821.830145,335.768708,294.656250,13751
1821.889127,326.882208,285.598833,13754
1821.889224,116.898833,75.495583,13760
1821.897279,121.053625,79.643958,13761
1821.971151,352.789792,310.652708,13755
1821.998337,109.080125,67.951917,13765
1822.004329,115.181500,74.104625,13764
1822.011350,335.024667,293.867583,13758
1822.073215,102.025291,59.844167,13767
1822.084170,361.006916,320.277708,13759
1822.098170,99.796375,59.039750,13768
1822.163251,382.788584,341.789001,13762
1822.175302,102.069042,60.738125,13771
1822.203312,119.123667,77.543667,13772
1822.211139,380.967417,339.983875,13763
1822.263235,365.929958,324.853376,13766
1822.294216,289.863583,248.453917,13769
1822.309202,145.910041,104.251292,13774
1822.323310,147.981167,107.136750,13775
1822.330192,318.798083,277.444417,13770
1822.371158,272.969375,230.545000,13773
1822.414287,105.049291,63.659458,13780
1822.418314,124.055167,82.991125,13779
1822.430240,226.891583,185.735083,13776
1822.469146,257.985875,217.079334,13777
1822.514263,99.939000,58.354625,13784
1822.530323,267.051459,226.023583,13778
1822.538313,119.957833,78.624875,13785
1822.596298,272.944875,228.447333,13781
1822.623315,109.026750,67.897958,13788
1822.647139,116.782458,74.435666,13789
1822.659327,329.095959,287.626208,13782
1822.725285,354.102875,312.981666,13783
1822.733302,136.902791,95.472417,13791
1822.738341,114.978209,74.137875,13792
1822.756296,326.032875,284.510917,13786
1822.811299,342.126459,300.805750,13787
1822.849321,123.996834,82.591542,13795
1822.864304,130.963000,89.603792,13796
1822.879301,340.955417,299.530875,13790
1822.945256,298.091500,256.977583,13793
1822.949287,137.944917,96.457958,13799
1822.953334,103.972750,62.802833,13800
1822.970348,310.980542,270.037834,13794
1823.018192,279.816542,238.708750,13797
1823.039259,93.975291,52.888208,13803
1823.057101,107.787750,62.708917,13804
1823.094290,76.078917,35.198917,13807
1823.094335,338.003459,296.766750,13798
1823.140103,82.982958,42.054250,13809
1823.165158,125.877208,85.206625,13808
1823.165284,300.954792,260.018500,13801
1823.208089,67.967084,26.605541,13812
1823.219406,340.063791,298.883375,13802
1823.246347,81.134959,40.099792,13813
1823.302325,348.948542,307.988917,13805
1823.308248,100.135000,59.376917,13815
1823.319354,99.903125,58.660000,13816
1823.375285,404.864250,363.635417,13806
1823.412159,103.875041,61.774708,13819
1823.420275,117.916167,76.597500,13818
1823.440416,346.101875,305.333000,13810
1823.506292,130.963875,89.638209,13821
1823.510153,97.973751,57.268167,13822
1823.520330,425.979167,384.778625,13811
1823.572320,407.001875,364.757458,13814
1823.621264,111.084458,67.859750,13826
1823.627322,380.933876,339.874500,13817
1823.635361,129.027500,88.046291,13825
1823.655312,335.912792,295.045042,13820
1823.719131,298.836417,257.420334,13823
1823.743242,121.948458,81.113083,13829
1823.750151,122.797500,80.317708,13830
1823.778239,337.788792,296.446501,13824
1823.794285,75.126333,34.146291,13833
1823.838319,95.051833,54.354417,13834
1823.851302,330.925583,289.737584,13827
1823.887151,108.889958,68.196041,13836
1823.911139,338.779584,297.100708,13828
1823.938323,99.903125,58.979083,13838
1823.972315,120.973125,80.023709,13839
1823.975231,339.828125,297.559500,13831
1823.998318,87.154958,46.080125,13841
1824.032258,93.901500,52.817042,13842
1824.049316,76.960334,35.380042,13843
1824.072301,416.945375,376.110292,13832
1824.097206,347.031125,346.399083,13835
1824.105144,106.790834,65.209375,13845
1824.152307,120.009166,78.578500,13846
1824.166418,94.084667,52.966958,13848
1824.224182,429.860959,388.371084,13837
1824.252253,99.913917,58.546251,13851
1824.263146,96.688667,55.321583,13852
1824.287210,400.039209,358.866959,13840
1824.336120,111.918333,69.560458,13853
1824.346300,371.021875,329.702625,13844
1824.357321,105.040250,63.762125,13854
1824.400208,350.858083,309.591042,13847
1824.428739,331.496375,320.115542,13849
1824.430280,94.133375,52.690750,13857
1824.491290,144.945209,103.279750,13858
1824.507345,402.176250,361.468625,13850
1824.514335,114.102334,71.855875,13860
1824.542315,279.148625,238.466083,13855
1824.594132,306.892833,265.944000,13856
1824.615203,107.814875,66.417750,13864
1824.616227,124.899250,83.654083,13863
1824.643308,285.952042,244.467125,13859
1824.703213,272.894417,231.277666,13862
1824.710353,95.110167,53.604834,13868
1824.724153,130.000500,88.581209,13867
1824.747211,318.432334,273.663250,13861
1824.806208,291.839625,251.092625,13865
1824.815262,112.011959,70.420875,13871
1824.830347,119.947625,78.325333,13872
1824.874300,331.944666,291.017416,13866
1824.914235,107.989875,66.533250,13875
1824.926280,310.017167,267.838375,13869
1824.938271,122.987667,81.405334,13876
1824.953130,78.689626,37.363083,13878
1824.996256,352.914042,311.768917,13870
1825.022308,108.035083,66.852334,13879
1825.039148,314.978709,274.220917,13873
1825.051372,124.990250,83.894125,13880
1825.098342,351.087917,309.925000,13874
1825.114237,117.956417,76.698708,13883
1825.154305,131.954959,91.139125,13884
1825.164305,333.932959,292.380667,13877
1825.207138,92.869875,51.078708,13888
1825.218334,119.949375,78.739209,13887
1825.234153,295.860833,254.877000,13881
1825.284143,330.992084,289.604875,13882
1825.310336,103.171833,62.246333,13891
1825.351815,133.448583,85.784125,13892
1825.351843,312.681542,266.518000,13885
1825.408324,124.155791,81.655291,13894
1825.432302,380.900625,338.830333,13886
1825.495585,185.200166,144.105791,13895
1825.561243,406.901250,363.853291,13889
1825.562986,154.630583,112.917292,13898
1825.636366,140.737333,99.119709,13900
1825.662479,498.131958,456.145667,13890
1825.714589,153.325084,111.391875,13901
1825.786800,552.626376,509.962250,13893
1825.791077,154.668208,111.986000,13903
1825.895796,181.168458,138.738542,13905
1825.905288,553.435750,512.098709,13897
1825.940306,153.482292,112.616583,13906
1826.036194,684.356459,642.018709,13896
1826.059303,153.989500,112.926625,13909
1826.091150,195.316625,153.881291,13908
1826.157309,724.976876,684.104167,13899
1826.216253,180.030666,138.433166,13911
1826.227232,167.885083,126.795667,13912
1826.255345,692.304375,649.880584,13902
1826.309273,92.982167,52.109750,13915
1826.319246,91.978250,50.777708,13916
1826.332135,669.626125,627.894167,13904
1826.390264,599.164709,556.441375,13907
1826.402281,83.010666,42.097417,13919
1826.426241,116.930042,75.722500,13918
1826.467342,526.996167,481.277126,13910
1826.487368,97.070459,55.529250,13921
1826.507313,416.138917,374.031001,13913
1826.528245,125.927084,84.970958,13922
1826.573203,105.816958,65.080166,13924
1826.575220,417.870834,375.265042,13914
1826.600205,112.784584,71.390083,13925
1826.652109,396.729083,356.090000,13917
1826.672301,99.054375,57.495083,13928
1826.688232,112.967750,71.621959,13929
1826.730242,398.083000,356.617042,13920
1826.753141,101.013500,58.877291,13931
1826.769259,96.925792,55.964417,13932
1826.807109,380.834709,339.258500,13923
1826.845283,115.000084,73.605875,13934
1826.866186,113.024917,71.843917,13935
1826.871142,363.802541,322.434000,13926
1826.922254,115.120542,73.703875,13937
1826.937315,409.029542,367.457125,13927
1826.955163,109.843708,67.200875,13938
1826.984305,384.066958,342.558125,13930
1827.037244,114.958083,73.322667,13941
1827.043360,106.008292,64.928500,13942
1827.044206,355.938042,315.062125,13933
1827.081320,312.035500,271.415084,13936
1827.143280,106.010625,64.816500,13945
1827.147247,281.033667,240.219875,13939
1827.162332,118.931750,75.402833,13946
1827.175310,304.138917,263.512667,13940
1827.242176,286.988625,246.513459,13943
1827.258284,114.963625,73.511375,13949
1827.260324,113.040958,72.008125,13950
1827.283301,298.950167,257.696833,13944
1827.348283,304.052875,260.461250,13947
1827.352372,110.163375,69.437083,13953
1827.370262,111.936708,71.164916,13954
1827.391241,309.885333,268.744875,13948
1827.439134,276.766291,235.595500,13951
1827.462406,114.078417,72.835584,13957
1827.482284,129.875083,88.268833,13958
1827.497141,321.785917,280.394625,13952
1827.539326,278.959042,238.023042,13955
1827.558291,105.468708,64.038042,13961
1827.582146,298.811041,256.727625,13956
1827.589041,44.693833,44.006083,13962
1827.627354,63.420583,62.758500,13963
1827.667236,296.940583,255.207750,13959
1827.671430,68.338083,67.645084,13964
1827.713399,85.773042,82.987334,13966
1827.736326,61.267501,60.418750,13967
1827.748299,357.035584,315.571375,13960
1827.749167,142.739917,142.018334,13965
1827.798334,56.042583,55.388083,13968
1827.821164,35.063292,34.536250,13969
1827.896660,67.998291,67.324542,13970
1827.906336,49.887834,49.421167,13971
1827.968214,70.959583,70.261041,13972
1827.978590,61.682542,60.839625,13974
1827.987160,74.168792,73.466166,13973
1828.032853,51.110500,50.556917,13975
1828.050907,42.542500,42.067958,13976
1828.163264,43.759042,43.155291,13978
1828.164065,52.723709,52.311000,13977
1828.272148,41.532166,40.835667,13979
1828.316224,36.747375,36.287417,13980
1828.380382,38.669167,38.192292,13981
1828.424130,40.624791,40.181750,13983
1828.428293,55.476458,54.759833,13982
1828.491975,39.180750,38.750541,13984
1828.560555,52.383625,51.923375,13985
1828.608998,45.068334,44.549167,13986
1828.715379,40.355000,39.902625,13987
1828.755237,52.556000,51.824500,13988
1828.798968,58.202375,57.694000,13989
1828.833641,47.453000,46.850708,13990
1828.934550,37.284917,36.635666,13991
1829.046921,38.554541,37.923083,13992
1829.076917,47.155500,46.399792,13993
1829.157651,38.188500,37.723292,13994
1829.266494,44.598459,43.760208,13995
1829.273252,42.611625,41.930292,13996
1829.323913,54.807083,54.139166,13997
1829.390134,48.416375,47.661833,13999
1829.410593,57.899917,57.066041,14000
1829.411183,75.102709,74.536291,13998
1829.448429,76.697250,75.973333,14001
1829.500035,47.207125,46.703709,14002
1829.600128,36.188833,35.645459,14003
1829.635483,41.352208,40.817875,14004
1829.727741,52.677625,52.212125,14005
1829.753452,76.012709,75.470208,14006
1829.758763,71.412542,70.623875,14007
1829.788419,89.650750,89.215583,14009
1829.829501,130.879875,125.048584,14008
1829.833795,47.684000,47.073833,14010
1829.941222,43.955042,43.438500,14011
1829.959129,39.456375,38.886166,14012
1830.028301,40.618375,40.168333,14013
1830.061313,52.934000,52.164000,14014
1830.103844,39.817458,39.151875,14016
1830.108750,53.061166,52.514875,14015
1830.171841,57.946000,57.501792,14018
1830.175346,76.062000,75.467875,14017
1830.194552,75.000625,74.349917,14020
1830.212928,93.464292,92.752042,14019
1830.301878,71.303750,70.803834,14021
1830.433362,97.166125,96.430542,14022
1830.443415,101.708250,100.979667,14023
1830.539985,87.117333,86.474500,14024
1830.562442,91.310042,90.890042,14025
1830.634297,70.309166,69.459834,14026
1830.744595,69.352792,68.859000,14027
1830.855966,69.755875,68.886125,14028
1830.953424,87.579625,86.943208,14029
1830.979638,82.275083,81.493708,14030
1831.084355,85.924416,85.164625,14031
1831.098696,90.294750,89.462334,14032
1831.108071,78.869875,78.382500,14033
1831.166991,47.524459,47.240667,14034
1831.310258,79.706959,79.182834,14035
1831.369708,53.812208,53.280500,14036
1831.394275,52.621042,52.084958,14037
1831.481350,28.514792,27.988042,14038
1831.549463,48.251875,47.650750,14039
1831.620733,56.784583,56.188125,14040
1831.725811,50.742416,50.063708,14041
1831.731840,49.107333,48.407625,14042
1831.800191,41.267042,40.732416,14043
1831.858886,72.738458,72.175541,14044
1831.934793,41.164959,40.553042,14045
1831.968512,71.260000,70.567291,14046
1832.045673,37.302416,36.756708,14047
1832.085655,59.685792,59.115292,14048
1832.088948,47.782875,47.230167,14049
1832.146578,27.097875,26.642000,14050
1832.186951,25.115416,24.588667,14051
1832.266671,36.106584,35.448292,14052
1832.385101,43.411083,42.853708,14053
1832.400974,39.226250,38.628916,14054
1832.488718,35.899792,35.239167,14055
1832.554212,35.971542,35.289333,14056
1832.591189,27.288042,26.985292,14057
1832.665354,34.441750,33.973042,14058
1832.716052,74.309666,73.815875,14059
1832.718222,49.763583,49.334250,14060
1832.753130,78.130792,77.566125,14061
1832.781356,100.230083,99.790250,14062
1832.788346,57.266125,56.631459,14064
1832.827155,41.024958,40.384750,14065
1832.850364,143.816750,143.312167,14063
1832.948889,51.620042,51.063250,14068
1832.950641,67.325417,66.786708,14067
1832.951808,75.000333,74.434500,14066
1832.996098,53.955708,53.284584,14069
1833.055736,47.332542,46.872000,14070
1833.079562,45.234875,44.467500,14071
1833.131822,45.113833,44.491417,14073
1833.150265,94.491250,53.545625,14072
1833.174731,55.236708,54.573166,14074
1833.280427,49.798584,49.345917,14076
1833.301268,71.788792,71.129334,14075
1833.302274,59.958501,59.537626,14077
1833.345947,36.389209,36.094042,14078
1833.408924,67.177250,66.614917,14079
1833.489440,36.619917,36.192625,14080
1833.608913,45.527709,45.073583,14081
1833.613919,50.001000,49.470750,14082
1833.718299,43.266708,42.783125,14084
1833.721969,54.839167,54.338375,14083
1833.823280,34.979583,34.534500,14086
1833.848239,62.115667,61.539917,14085
1833.951073,53.790333,53.187166,14087
1834.075719,67.327167,66.521875,14088
1834.077571,43.874541,43.245417,14090
1834.116946,83.248666,82.418875,14089
1834.155780,36.322417,35.866250,14091
1834.276528,45.932833,45.464125,14092
1834.343271,45.083208,42.676083,14093
1834.372464,55.957125,55.340833,14094
1834.401288,77.285834,73.379833,14096
1834.407640,87.385666,86.155125,14095
1834.456549,114.831209,114.147250,14097
1834.501958,49.135042,48.465083,14098
1834.568726,41.943417,41.446125,14099
1834.621553,57.611458,57.020542,14100
1834.712978,37.942042,37.391083,14101
1834.751258,46.528416,45.853209,14102
1834.831380,45.219709,44.685959,14103
1834.836471,43.657834,43.168125,14104
1834.918893,48.675083,48.253625,14105
1834.946843,49.567000,49.039667,14106
1834.974617,49.634375,48.993000,14107
1835.008639,42.735291,42.329000,14108
1835.060035,51.609834,50.830500,14109
1835.068207,38.071833,37.628208,14110
1835.117225,49.192208,48.670125,14111
1835.150623,31.110042,30.641042,14112
1835.273449,42.830667,42.153709,14113
1835.405320,80.535001,79.025333,14114
1835.436197,94.447500,93.660584,14115
1835.517368,64.430916,63.652750,14116
1835.652176,88.212250,87.659250,14117
1835.720182,100.531959,99.242208,14118
1835.780159,127.180375,125.139292,14119
1835.827269,151.314916,150.677042,14120
1835.851483,115.994666,115.579625,14122
1835.879647,177.164166,175.941500,14121
1835.973785,228.088875,226.783667,14123
1835.993274,95.902625,95.056208,14126
1836.057116,270.437708,269.595375,14124
1836.100945,92.269334,91.705542,14127
1836.149623,356.715042,356.041292,14125
1836.171641,74.724417,74.067875,14128
1836.189154,68.499083,67.753583,14129
1836.284183,53.592000,53.051250,14130
1836.305137,42.551834,41.774250,14131
1836.383345,41.620833,41.032834,14132
1836.493332,40.485959,39.769917,14133
1836.557283,36.986542,36.446958,14134
1836.591144,27.198500,26.676125,14135
1836.721726,46.689417,45.966083,14136
1836.756361,43.885333,43.252417,14137
1836.849896,63.734417,63.329584,14138
1836.903247,42.134750,41.556375,14139
1836.951349,57.713250,56.933041,14140
1836.956852,59.583709,58.926875,14141
1836.991858,62.892959,62.247791,14142
1837.037777,47.618666,46.914000,14143
1837.045388,37.006666,36.556334,14144
1837.166806,47.311833,46.961250,14145
1837.215247,40.808542,40.362291,14146
1837.286314,55.734291,55.318375,14147
1837.310284,51.205875,50.669792,14148
1837.400790,59.079417,58.548000,14149
1837.508469,55.653792,55.039542,14150
1837.599142,35.191916,34.697250,14151
1837.714444,39.333000,38.802458,14152
1837.821058,34.930292,34.623458,14153
1837.891767,35.146125,34.865542,14154
1837.927386,35.792458,35.147875,14155
1837.986309,61.455333,60.754750,14157
1837.987494,90.244875,89.684875,14156
1838.000941,72.446209,71.984208,14158
1838.075459,40.991709,40.414208,14160
1838.077441,69.121208,68.685167,14159
1838.159710,45.452167,44.826833,14161
1838.174778,55.291542,54.725708,14162
1838.285411,54.807959,54.110583,14163
1838.290803,40.349750,39.795000,14164
1838.378490,36.764291,36.311334,14165
1838.490076,37.254000,36.703625,14167
1838.490880,50.252125,49.708750,14166
1838.603054,39.071666,38.497375,14168
1838.711488,36.438208,35.974167,14169
1838.828791,42.612208,42.046666,14170
1838.860252,53.055625,52.278625,14171
1838.920491,56.854875,56.143792,14172
1838.927795,57.304041,56.746959,14173
1838.968724,71.460667,70.655667,14174
1839.040975,48.441458,47.828667,14175
1839.053360,44.969750,44.244958,14176
1839.164197,44.714833,44.178459,14177
1839.185655,45.608500,44.810792,14178
1839.221541,37.946708,37.169417,14179
1839.267916,37.316125,36.689917,14180
1839.319888,37.065583,36.439667,14181
1839.378958,37.251084,36.625750,14182
1839.448164,36.866375,36.310167,14183
1839.463868,42.084292,41.457792,14184
1839.519663,66.831625,66.065708,14185
1839.613136,49.226625,48.663708,14186
1839.672179,57.397084,56.716917,14187
1839.715348,40.255250,39.794709,14188
1839.776156,38.062500,37.576875,14189
1839.827822,41.683833,41.213958,14190
1839.925176,27.882458,27.421625,14191
1839.992142,30.118667,29.738625,14192
1840.041660,33.281500,32.748042,14193
1840.159662,48.169042,47.737084,14194
1840.169328,49.835041,49.259875,14195
1840.239406,96.708500,95.942875,14196
1840.260141,29.553709,28.969792,14197
1840.326162,42.467833,41.978125,14198
1840.333760,46.711292,46.083042,14199
1840.416486,74.742500,74.064666,14200
1840.529373,76.560458,75.907417,14201
1840.557468,73.886458,71.955041,14202
1840.632457,68.529416,67.923041,14203
1840.757867,82.700916,82.019000,14204
1840.830621,93.791542,93.056542,14205
1840.870278,118.041584,117.484500,14206
1840.889867,103.542542,102.880750,14207
1840.984809,119.178209,116.286042,14208
1841.006531,137.068750,136.154375,14209
1841.028640,131.373084,130.016251,14210
1841.113324,191.820709,191.069084,14211
1841.115429,106.620792,105.925167,14212
1841.145134,86.993958,86.314958,14213
1841.157220,37.740208,37.297167,14214
1841.200678,41.542958,40.887292,14215
1841.297539,66.965791,66.392375,14216
1841.386603,44.876709,44.452042,14217
1841.421719,46.793542,46.296833,14218
1841.489824,36.984500,36.564500,14219
1841.515202,58.554709,58.071709,14220
1841.609816,49.305959,48.958292,14221
1841.621807,57.875417,57.321541,14222
1841.650666,49.810250,49.073791,14223
1841.716280,37.109916,36.309583,14225
1841.721279,46.158000,45.552208,14224
1841.825429,39.270000,38.492125,14226
1841.841528,44.995417,44.286083,14227
1841.899545,48.354542,47.715209,14228
1841.947384,50.126417,49.637292,14229
1841.966459,46.586458,46.153333,14230
1842.000763,64.510542,64.135459,14231
1842.018831,49.305375,48.724083,14232
1842.053523,45.169250,44.626750,14233
1842.172442,52.958208,52.023709,14234
1842.193721,59.636208,59.099541,14235
1842.202284,63.016041,62.369125,14236
1842.271839,41.262083,40.771500,14237
1842.405844,64.134583,63.630584,14238
1842.519783,66.968709,66.413375,14239
1842.582368,60.494292,60.008375,14240
1842.609146,45.216500,44.605750,14241
1842.683718,56.113459,55.683541,14242
1842.737976,62.927084,62.329750,14243
1842.810481,53.652958,53.016542,14244
1842.849910,74.735500,74.090042,14245
1842.864049,77.882000,77.291666,14247
1842.864149,88.718000,88.285167,14246
1842.927499,30.240583,29.833709,14249
1842.928450,110.474292,109.868500,14248
1843.081826,67.623792,66.906000,14251
1843.082140,73.765417,73.477834,14250
1843.100928,80.238376,79.552084,14252
1843.135518,104.392750,99.627500,14253
1843.177751,60.638375,60.157125,14255
1843.186362,142.321667,141.731334,14254
1843.220940,101.420666,100.767041,14256
1843.224722,92.747083,92.055542,14257
1843.264553,43.047084,42.494958,14258
1843.284221,53.648292,52.893459,14259
1843.317301,43.346916,42.759500,14260
1843.377286,39.872875,39.517042,14261
1843.398461,56.724209,55.898792,14262
1843.480813,28.012542,27.500083,14263
1843.607689,43.789958,43.260000,14264
1843.704816,29.703917,29.089667,14265
1843.813687,51.105541,50.623709,14266
1843.837877,46.458125,45.882083,14268
1843.847053,60.856541,60.202917,14267
1843.887171,43.660458,43.200209,14269
1843.943825,46.566625,46.286041,14270
1844.047405,44.200625,43.669209,14271
1844.053635,45.165459,44.473625,14272
1844.167851,48.392750,48.040417,14273
1844.187501,57.193208,56.546292,14274
1844.240396,49.527042,48.843375,14275
1844.259910,29.251833,28.555625,14276
1844.308142,37.503083,37.026208,14277
1844.382691,40.963125,40.502000,14278
1844.494244,41.439417,40.916750,14280
1844.497303,61.243292,60.589959,14279
1844.582464,55.038083,54.586875,14281
1844.595255,43.038333,42.635542,14282
1844.628991,65.056250,64.556041,14283
1844.658990,62.260333,61.774417,14284
1844.709601,34.564833,34.097583,14285
1844.761664,40.221709,39.794416,14286
1844.799420,61.186417,60.444417,14287
1844.817849,42.917292,42.502542,14288
1844.855035,68.824292,68.089292,14289
1844.925180,40.377750,39.888041,14290
1844.955085,57.796083,56.985250,14291
1845.052386,44.033792,43.525709,14292
1845.153861,57.752625,57.008583,14293
1845.173374,53.855959,53.298292,14294
1845.190759,70.000000,69.426000,14295
1845.281451,63.122791,62.564542,14296
1845.292565,69.682958,69.030791,14297
1845.302959,74.247834,73.667125,14298
1845.357936,127.371417,126.862167,14299
1845.433533,91.822209,91.154000,14302
1845.452100,181.357458,180.732709,14300
1845.582972,144.820084,144.091792,14303
1845.585396,296.504250,294.905042,14301
1845.602507,149.715417,147.006125,14304
1845.653713,154.658292,152.665625,14305
1845.759649,194.291125,193.593458,14306
1845.812070,136.984458,135.663209,14307
1845.814109,124.835375,124.230167,14308
1845.870175,150.413084,146.227958,14309
1845.959431,173.291417,172.726459,14310
1845.983169,85.902250,85.169291,14311
1846.104654,96.220250,95.470666,14312
1846.153026,104.052083,103.176500,14314
1846.155096,112.645167,112.035000,14313
1846.181982,111.260625,110.680500,14315
1846.238568,132.310792,129.949458,14316
1846.261258,58.101750,57.395625,14319
1846.288889,167.784458,167.096416,14318
1846.296791,66.210375,65.494917,14320
1846.333922,212.923083,212.172333,14317
1846.358455,46.289250,45.626875,14322
1846.384883,43.164333,42.510709,14323
1846.393736,144.955125,144.514709,14321
1846.452149,36.803375,36.303167,14324
1846.489691,36.866375,36.084708,14325
1846.624542,60.637208,59.914459,14326
1846.656512,43.596584,42.894541,14327
1846.713252,38.149709,37.466042,14328
1846.750128,50.690500,50.149167,14329
1846.832782,46.645959,46.277000,14330
1846.867223,47.720458,47.188458,14331
1846.879404,43.537375,43.041250,14332
1846.936410,37.247584,36.865500,14334
1846.954726,57.460083,56.805292,14333
1846.979346,36.686708,35.995750,14335
1847.033265,24.876542,24.517208,14336
1847.082613,35.238292,34.780084,14337
1847.153203,57.665417,57.215083,14338
1847.177859,48.010959,47.303958,14340
1847.187448,67.951334,67.357791,14339
1847.281277,50.701000,50.391542,14341
1847.291574,45.133375,44.535459,14342
1847.369346,37.443584,36.936667,14343
1847.398626,56.889875,56.098000,14344
1847.407096,44.034959,43.272541,14345
1847.477771,24.930791,24.393542,14346
1847.554956,25.046000,24.514875,14347
1847.599088,35.121625,34.543833,14348
1847.642318,39.864708,39.153334,14349
1847.712561,37.514458,36.844500,14350
1847.818812,67.767292,62.922125,14351
1847.851779,65.624125,64.946000,14354
1847.857100,79.362208,78.680000,14352
1847.859416,78.810084,78.117083,14353
1847.935037,37.772000,37.234750,14355
1848.045178,36.788791,36.351291,14357
1848.081390,73.735666,73.124625,14356
1848.182184,62.720291,62.257417,14358
1848.234083,45.914167,45.370500,14359
1848.270110,39.516750,39.082167,14361
1848.302429,86.592625,85.833416,14360
1848.385570,43.880666,43.507917,14362
1848.451668,73.601208,72.986667,14363
1848.482929,30.101750,29.806000,14364
1848.560259,45.916208,45.414833,14365
1848.617174,53.243750,52.560375,14366
1848.715752,40.715208,40.252917,14367
1848.827197,41.023500,40.629166,14368
1848.947969,50.698084,49.999833,14369
1848.971815,42.314708,41.818000,14370
1849.006354,50.050875,49.504875,14371
1849.079067,70.687166,69.972583,14372
1849.133380,42.641958,42.174709,14373
1849.163101,43.592208,43.079458,14374
1849.205802,53.939375,53.358959,14375
1849.257680,47.620708,47.097458,14376
1849.290271,53.126792,52.457125,14378
1849.309608,79.030000,78.207500,14377
1849.382563,28.247041,27.731958,14380
1849.421961,80.271625,79.850750,14379
1849.444429,41.129958,40.452708,14381
1849.489911,26.887875,26.474583,14383
1849.517511,64.679709,64.064291,14382
1849.626802,62.875750,62.371458,14384
1849.630511,57.059333,56.437209,14385
1849.659290,62.692291,61.928709,14386
1849.734602,59.562417,59.057834,14387
1849.831853,45.696000,45.231958,14388
1849.937286,40.005292,39.614750,14389
1850.025068,49.823375,49.344458,14390
1850.051510,39.879000,39.130875,14392
1850.063234,54.852292,54.370458,14391
1850.183080,63.570209,62.860584,14393
1850.271471,40.424417,39.834959,14395
1850.284286,53.692042,52.967833,14394
1850.385961,71.234917,70.845541,14396
1850.421141,79.386709,78.762542,14397
1850.492661,73.873916,73.212708,14398
1850.532081,78.792292,76.423958,14399
1850.590085,73.757542,72.883708,14400
1850.648620,84.613375,83.818292,14401
1850.793879,116.641000,113.830792,14402
1850.799474,119.547459,118.849208,14403
1850.832691,129.093709,128.098250,14404
1850.893277,170.286667,168.689500,14405
1850.969713,131.231041,130.119792,14408
1851.002332,141.409916,140.747834,14409
1851.016476,265.398876,260.708292,14406
1851.105457,114.555875,113.407875,14411
1851.151095,364.987584,364.278250,14407
1851.163378,154.750458,152.852583,14412
1851.186667,67.159166,66.555708,14414
1851.233320,336.059208,335.009792,14410
1851.279798,49.200959,48.662250,14416
1851.286595,72.561125,72.048083,14415
1851.290923,218.325625,216.685000,14413
1851.366577,24.872167,24.404042,14417
1851.477450,24.636500,24.123750,14418
1851.571222,30.675166,30.135000,14419
1851.615736,51.770833,51.004333,14420
1851.681792,70.702625,70.143209,14421
1851.687180,44.446209,43.929958,14422
1851.721804,46.731125,46.097625,14423
1851.837228,51.040792,50.345167,14425
1851.837255,52.619875,52.276291,14424
1851.891660,70.625916,70.020125,14426
1851.938269,36.072459,35.519458,14428
1851.971476,74.181042,73.661292,14427
1851.989994,64.191750,63.438375,14429
1852.022809,89.400208,88.598125,14430
1852.069195,59.450417,58.646583,14432
1852.073671,65.282584,64.475834,14431
1852.138748,41.335584,41.038375,14433
1852.167513,48.026709,47.363167,14434
1852.213951,72.181667,71.594250,14435
1852.228218,59.290875,58.582416,14436
1852.238257,61.258750,60.540958,14437
1852.279820,49.275042,48.785917,14438
1852.383632,41.925041,41.406459,14439
1852.397374,54.621000,54.089291,14440
1852.481245,28.426709,27.867000,14441
1852.531192,71.091709,70.440708,14442
1852.557953,35.914667,35.346208,14444
1852.570348,56.020125,55.470917,14443
1852.612413,48.499208,47.892250,14445
1852.624673,36.527166,36.122041,14446
1852.691401,26.624209,25.950458,14447
1852.728591,53.551458,53.062333,14448
1852.746616,44.590584,44.104958,14449
1852.826716,40.591542,40.065083,14450
1852.843775,45.153792,44.545084,14451
1852.934378,37.114000,36.723750,14452
1853.045534,37.150458,36.596583,14454
1853.045675,47.292000,46.640125,14453
1853.154389,34.928250,34.484625,14455
1853.263881,38.808000,38.357959,14456
1853.289670,59.041792,58.427250,14457
1853.313725,43.477584,42.801208,14458
1853.369099,27.368542,26.750208,14459
1853.487063,39.556125,39.055917,14460
1853.495929,43.089959,42.377417,14461
1853.603138,39.201458,38.679084,14462
1853.709844,34.797292,34.121500,14463
1853.785898,37.461958,36.785291,14464
1853.826665,40.502583,39.837292,14465
1853.855084,58.746625,58.024459,14466
1853.962701,46.708667,46.038417,14469
1853.970897,73.640583,72.902666,14467
1853.987678,73.674708,73.048208,14468
1854.025409,102.751542,102.137875,14470
1854.056866,82.674666,81.825625,14471
1854.065436,57.063416,56.511000,14472
1854.168331,48.820334,48.235250,14473
1854.184982,41.850958,41.297375,14474
1854.198244,44.774625,44.132958,14475
1854.285360,54.785209,54.194292,14476
1854.383976,42.268042,41.734583,14477
1854.430388,66.827250,66.094000,14478
1854.499496,46.670750,46.246083,14479
1854.506439,38.559792,37.833541,14480
1854.623768,59.834541,59.482208,14481
1854.711369,36.315125,35.688333,14483
1854.728106,75.328750,74.719750,14482
1854.839226,53.072542,52.563583,14484
1854.886939,58.189833,57.369083,14485
1854.887244,54.173583,53.542125,14486
1854.931423,59.469083,58.989000,14487
1854.965650,74.053000,73.369917,14488
1854.968481,71.204292,70.405417,14489
1854.989253,37.179042,36.460666,14490
1855.035132,78.636541,77.955792,14491
1855.052896,44.541292,43.965541,14492
1855.160150,40.661833,40.123125,14493
1855.233089,36.643833,36.018500,14494
1855.295382,39.956292,39.415250,14496
1855.324760,94.118500,93.254292,14495
1855.324779,49.649250,49.122208,14497
1855.381674,80.064250,79.290167,14498
1855.430634,88.652667,88.019167,14499
1855.496126,87.608209,86.699375,14500
1855.539366,86.514750,85.646166,14501
1855.620142,109.785667,108.861084,14502
1855.633663,109.698750,109.260959,14503
1855.683544,119.609001,118.985417,14504
1855.723772,149.806417,147.181126,14505
1855.758719,83.496000,82.543416,14506
1855.856485,70.332791,69.604500,14507
1855.960226,62.900834,62.405000,14508
1856.054281,103.724542,102.125917,14509
1856.064751,99.038041,97.152417,14510
1856.102993,94.548708,93.015709,14511
1856.153573,34.102833,33.696250,14512
1856.226551,41.640958,41.141625,14513
1856.272772,42.207667,41.686458,14514
1856.289982,49.105875,48.569208,14515
1856.376377,34.682083,34.266459,14517
1856.395874,72.746625,72.147834,14516
1856.496382,43.558084,43.048250,14518
1856.594354,30.395167,29.914209,14519
1856.678890,35.493792,35.185500,14520
1856.727139,47.854625,47.201292,14522
1856.736347,61.271875,60.549708,14521
1856.774579,49.512458,49.085167,14523
1856.827487,41.329167,40.873583,14524
1856.834081,47.924625,47.496750,14525
1856.911872,75.213250,74.526959,14526
1856.938319,41.027000,40.471375,14527
1857.042578,34.195875,33.905958,14528
1857.135041,53.923625,53.342625,14529
1857.149457,63.974750,63.392292,14530
1857.186729,67.231500,66.395584,14531
1857.212426,56.532584,55.883334,14532
1857.217501,31.088458,30.698792,14533
1857.291523,60.990417,60.366834,14534
1857.307171,37.742542,37.145500,14535
1857.355532,51.524375,50.855875,14536
1857.406072,64.388333,63.560000,14537
1857.511802,58.996000,58.554416,14539
1857.511802,34.991833,34.350750,14540
1857.531606,82.539334,82.019875,14538
1857.564399,33.769750,33.252333,14541
1857.605017,51.159792,50.658416,14542
1857.608441,44.440375,43.617875,14543
1857.716286,41.242250,40.777042,14544
1857.744759,46.978751,46.494583,14545
1857.782678,34.685875,34.149500,14546
1857.832377,46.200875,45.505250,14547
1857.882734,49.730625,49.363125,14548
1857.926432,60.088291,59.267833,14550
1857.939558,83.428625,82.686333,14549
1857.945797,48.573292,48.106625,14551
1858.054115,45.720791,45.090209,14552
1858.158340,38.829875,38.087000,14553
1858.276607,46.010125,45.528000,14554
1858.350140,40.544000,39.861500,14555
1858.383455,41.728166,41.021166,14556
1858.422842,44.362500,43.610000,14557
1858.484643,31.826083,31.245667,14558
1858.592238,28.310625,27.612959,14559
1858.699049,29.509375,29.075958,14560
1858.729133,54.104167,53.453166,14561
1858.813590,27.420459,26.798625,14563
1858.847695,79.979375,79.310000,14562
1858.900837,43.755833,42.929250,14564
1858.944142,36.433833,35.862167,14567
1858.953946,59.602667,59.190250,14565
1858.979387,82.123125,81.452000,14566
1859.045101,36.724042,36.208083,14568
1859.165480,42.235667,41.508542,14570
1859.167705,48.225626,47.701208,14569
1859.226817,47.761583,47.266625,14571
1859.283926,53.328917,52.657792,14572
1859.380899,64.154708,63.644584,14573
1859.382593,40.897500,40.360541,14574
1859.496409,56.122209,55.702208,14575
1859.505888,53.058541,52.354167,14576
1859.516622,48.449333,47.824583,14577
1859.598405,34.476750,33.826625,14579
1859.607316,55.918041,55.350750,14578
1859.667868,57.558083,57.264666,14580
1859.690890,50.825833,50.200792,14582
1859.698625,76.496875,75.742041,14581
1859.728555,53.468625,52.718167,14583
1859.770463,84.148167,83.573000,14584
1859.821743,39.740750,39.155375,14585
1859.864588,78.453084,77.706708,14586
1859.904479,33.341291,32.710417,14587
1859.974164,76.892959,76.135209,14588
1860.047972,39.599000,38.937208,14589
1860.158234,38.775042,38.130166,14590
1860.257851,27.273750,26.982958,14591
1860.327212,45.919417,45.257333,14592
1860.378652,36.924417,36.315125,14593
