timestamp,response_ms,inference_ms,request_id
53.219979,75.686916,73.865459,1
53.260306,88.017125,86.547709,2
53.419986,68.830708,66.834542,3
53.553194,76.364167,75.033584,4
53.688595,75.062166,73.665667,5
53.860546,50.381916,49.020709,6
53.875123,42.771458,41.745959,7
54.190162,33.685750,33.006750,9
54.192314,48.833750,47.624208,8
54.512658,35.847292,35.191333,10
54.851171,41.023792,40.502000,11
55.187441,43.976333,43.143042,12
55.193601,46.253083,45.640292,13
55.234565,64.408166,63.713125,14
55.298935,47.564417,47.135375,15
55.523917,47.150542,46.607166,16
55.549777,39.634292,39.020333,17
55.852996,42.880834,42.208250,18
56.175633,32.186583,31.711167,19
56.303050,31.546083,30.944083,20
56.513406,36.590458,36.038917,21
56.615174,40.428791,39.730834,23
56.628819,61.491500,61.057792,22
56.662459,56.313833,55.806041,24
56.683218,51.504250,50.986250,25
56.878176,68.078209,67.514125,26
57.077639,52.004458,51.328959,27
57.114671,36.931709,36.480791,28
57.179131,35.673167,35.126000,30
57.181494,52.357667,51.856583,29
57.300792,54.609625,54.162791,31
57.302419,42.886375,42.370125,32
57.342417,26.990542,26.551000,33
57.378692,33.406916,32.947833,34
57.422353,39.634875,39.163250,35
57.484199,57.804833,57.364708,36
57.515590,38.819084,38.324417,37
57.561564,69.859708,69.242541,38
57.610327,42.243250,41.775708,39
57.674674,46.273208,45.741500,40
57.850670,40.540208,40.113500,42
57.852678,44.537208,44.160375,41
58.169894,50.606208,50.022583,43
58.233879,90.456916,89.814083,45
58.240254,106.123208,105.442167,44
58.472102,68.776750,68.107959,46
58.568272,91.396958,90.686167,47
58.578024,91.670833,91.098875,48
58.711185,94.539375,93.852792,49
58.738349,99.379583,98.844375,50
58.772664,95.971167,94.601500,51
58.862436,52.225542,51.433375,52
58.879948,40.407209,39.708958,53
59.034328,42.470458,41.987459,54
59.047573,50.383375,49.732667,55
59.211813,68.339250,67.663167,56
59.385329,45.129291,44.514458,57
59.513320,36.556042,36.064583,58
59.619931,36.147125,35.508375,59
59.837384,27.235250,26.758376,60
60.170884,27.452250,26.982958,61
60.347488,42.979708,42.542500,62
60.391053,68.189334,67.546792,63
60.508623,31.856416,31.379250,64
60.628439,73.901333,73.392666,65
60.677933,43.783250,43.223250,66
60.853882,43.773041,43.420417,67
61.109693,27.179541,26.687792,68
61.187086,43.614958,42.951125,69
61.250550,32.421084,31.988833,70
61.288864,50.699541,50.068375,71
61.315554,31.510500,30.761791,72
61.357765,28.072333,27.455166,73
61.399503,28.100917,27.545875,74
61.489675,36.610000,36.087333,75
61.523097,46.328042,45.613167,76
61.606340,33.836542,33.414500,77
61.644092,60.772833,60.088875,78
61.839103,42.645167,42.046084,79
61.857661,47.520667,46.918375,80
62.071950,32.959208,32.434208,81
62.167345,39.799375,39.406208,82
62.193223,49.764167,49.158958,83
62.251830,59.208042,58.511834,84
62.257957,31.013792,30.595250,85
62.542589,65.794167,65.259542,86
62.551580,48.172250,47.830709,87
62.581504,69.615000,69.118583,88
62.595284,39.781000,39.078083,89
62.627119,33.183792,32.445292,91
62.655864,64.305792,63.539584,90
62.677158,30.910541,30.325458,92
62.857550,47.451250,46.748333,93
62.897533,49.301291,48.601000,94
63.115525,35.497875,34.991541,95
63.204537,61.029209,60.393084,96
63.372182,75.802125,74.997125,97
63.548097,71.281875,69.677416,98
63.654769,85.311917,84.829500,100
63.663480,95.636041,94.627750,99
63.844072,33.922000,33.375417,101
64.066559,39.051250,38.479584,102
64.141557,38.393541,37.883709,103
64.181446,37.962167,37.292500,104
64.554889,78.116500,77.739375,105
64.662046,75.824292,75.434334,106
64.864266,34.352208,33.774708,108
64.887265,77.172958,76.606833,107
65.076278,46.638958,46.337084,109
65.221699,78.240750,77.737625,110
65.283824,47.111458,46.716542,111
65.413130,40.555375,40.252333,112
65.527682,50.927917,50.420417,113
65.650347,34.452834,33.971584,114
65.836034,35.718375,35.171792,115
65.876157,66.011458,65.367167,116
65.933353,47.932500,47.265750,117
66.007446,72.987542,72.397500,118
66.153360,31.501167,31.067750,120
66.186237,42.820458,42.163042,121
66.195497,83.005709,82.354709,119
66.245089,46.813084,46.535708,122
66.524333,47.546042,46.940250,123
66.615339,46.378500,45.626000,124
66.615339,42.548916,42.177917,125
66.688366,61.487708,60.728500,126
66.742160,35.525292,35.013708,127
66.846051,35.899792,35.194833,128
67.032615,27.317500,26.835375,129
67.091426,31.569125,31.042666,130
67.180043,36.590167,36.106875,131
67.231114,42.863625,42.166833,132
67.322253,36.436458,36.017042,133
67.519495,42.706709,42.016917,134
67.850317,42.898333,42.531417,135
67.852161,41.979875,41.352209,136
67.933797,35.117250,34.755291,137
67.987691,62.646208,61.873875,138
68.023388,51.908208,51.291041,139
68.143119,65.020375,64.368791,140
68.226256,82.744376,82.008500,141
68.548339,71.560125,70.727417,142
68.648247,82.557125,82.060125,143
68.675165,92.554875,91.987000,144
68.749659,91.100042,90.693750,145
68.790250,76.031667,75.618667,146
68.796390,80.095750,79.247000,147
68.864278,54.193125,53.501583,148
69.190481,57.301417,56.819000,149
69.209949,58.668458,58.100584,151
69.218855,75.389416,74.889500,150
69.484679,37.000834,36.285666,152
69.524513,47.681958,46.897083,153
69.613059,36.946000,36.441709,154
69.698490,57.920625,57.401750,155
69.784471,68.860458,68.186125,156
69.851265,41.176334,40.560334,157
70.185138,41.666917,41.016209,158
70.430703,34.505041,33.925500,159
70.480714,36.695459,36.390375,160
70.534355,37.232709,36.810958,162
70.541674,64.908083,64.173958,161
70.630119,56.251417,55.611208,163
70.852833,60.009542,59.282417,164
70.873491,63.411833,62.877500,166
70.877432,69.229416,68.613417,165
71.033723,44.865042,44.251083,167
71.038386,39.273209,38.808875,168
71.171383,39.443833,39.134083,169
71.208674,65.177000,64.470583,170
71.452989,53.396000,52.870708,171
71.551838,75.076750,74.571875,172
71.653686,55.764042,55.041292,173
71.770479,31.828125,31.355917,174
71.861760,51.616833,50.948625,175
72.057190,46.958625,46.350209,176
72.110572,37.302417,36.650250,177
72.170640,27.189167,26.727166,178
72.239403,27.185375,26.679334,179
72.294803,39.978750,39.347000,180
72.328970,64.030750,63.333083,181
72.516169,39.365084,38.813541,182
72.552986,55.560458,55.022042,183
72.560655,46.392500,45.777375,184
72.591449,59.346000,58.647459,185
72.857141,47.018125,46.355166,186
72.880143,37.545084,36.987417,187
72.967321,48.732250,48.297083,188
72.974697,54.464083,53.963584,189
73.022359,89.080542,88.442083,190
73.080766,38.379542,38.095750,191
73.213586,70.125708,68.787250,192
73.570593,93.795041,93.403917,193
73.589990,81.996541,81.565458,194
73.728784,59.173333,58.602833,195
73.847303,37.158041,36.484584,196
73.927627,49.099750,48.646500,197
73.937374,56.514500,55.919500,198
73.996631,94.013500,93.389625,199
74.184141,40.686917,40.164250,200
74.295904,31.978042,31.545500,201
74.529673,52.888792,52.149126,202
74.554209,49.768833,49.177917,203
74.628161,42.808500,42.284666,204
74.711776,65.900917,65.339458,205
74.742312,41.561625,40.983250,206
74.884763,74.625542,74.058250,207
74.961186,50.105416,49.634083,208
75.052668,47.415958,46.933250,209
75.070162,53.750083,53.189500,210
75.193712,50.236375,49.664125,212
75.204600,64.326792,63.553876,211
75.210111,49.989626,49.223417,213
75.417986,41.125292,40.505500,214
75.457452,58.677791,58.082500,215
75.474929,45.098375,44.452041,216
75.519599,55.192667,54.306875,218
75.533953,57.167541,56.643709,219
75.542763,94.829875,94.199583,217
75.767695,43.306667,42.907667,220
75.820479,49.613667,49.065916,221
75.845852,35.734416,35.071458,223
75.858370,68.950000,68.345083,222
76.110296,41.303208,40.734459,224
76.146895,42.795959,42.167125,225
76.185325,41.853000,41.043917,226
76.319652,41.515541,40.915875,227
76.432562,36.016458,35.354667,228
76.511766,34.981917,34.512917,229
76.553879,39.524042,38.806250,230
76.596856,35.317042,34.865541,231
76.739108,54.039125,53.314625,232
76.774567,27.387209,26.940375,233
76.837384,27.299417,26.914125,234
76.895633,42.588583,42.080500,235
76.971379,43.912750,43.284792,236
76.984691,36.571209,36.173084,237
77.209013,65.596708,65.030875,238
77.388183,67.594333,66.918250,239
77.475484,63.548916,62.951583,240
77.552539,75.753417,75.068292,241
77.629164,41.844541,41.373792,242
77.707623,73.775333,73.195500,243
77.856724,42.908542,42.413583,245
77.860362,50.264375,49.666167,244
78.014345,40.541958,39.998292,246
78.130296,32.671042,31.975709,247
78.203829,60.373541,59.830750,248
78.281507,67.329500,66.920583,249
78.368927,70.531709,69.689084,250
78.573879,108.658667,106.444042,251
78.600762,123.867625,123.290417,252
78.626281,135.366583,133.041416,253
78.661097,126.115792,125.629875,254
78.737582,73.690167,72.908792,255
78.846957,36.816500,36.288583,256
79.102536,61.576084,60.906417,257
79.208687,65.237958,64.623125,258
79.220632,36.226750,35.813750,259
79.256721,30.029708,29.571792,261
79.293867,79.034958,78.434125,260
79.503160,60.125333,59.538208,262
79.542174,65.378250,64.776834,263
79.837609,27.479958,27.100500,264
80.180259,36.804542,36.334083,265
80.246152,29.300250,28.686584,266
80.526867,50.100167,49.802959,267
80.618639,58.636666,58.076958,268
80.722287,54.734459,54.098625,269
80.725190,36.506458,36.102209,270
80.855839,45.746459,45.276000,271
80.912065,45.638250,45.355041,272
81.193959,50.531833,50.056125,273
81.224347,36.803375,36.256208,274
81.363486,32.079541,31.677042,275
81.410701,62.222709,61.604375,276
81.518211,41.406167,40.761292,277
81.554893,35.242084,34.778041,278
81.667969,68.542250,68.018417,279
81.861852,51.744583,51.291333,280
82.037175,42.137666,41.707167,281
82.190869,47.417125,46.939958,282
82.518677,41.890916,41.412875,283
82.762138,36.323875,35.810833,284
82.847908,37.767042,37.130041,285
82.888897,54.287625,53.674542,286
83.005596,35.361959,34.841625,287
83.201219,57.736583,56.336875,288
83.563338,86.390792,85.792875,289
83.590765,86.279376,85.689917,290
83.851444,41.346958,40.797167,291
84.170547,27.096708,26.605250,292
84.323694,50.114458,49.535500,293
84.512749,35.961625,35.225458,294
84.846166,36.021417,35.280292,295
84.914381,35.357875,34.743917,296
85.177205,33.754875,33.206250,297
85.360889,51.975000,51.276458,298
85.384977,34.133459,33.722791,299
85.458938,53.856542,53.246667,300
85.524237,47.455041,46.959208,301
85.832941,42.295166,41.916583,302
85.871873,61.759250,61.278000,303
85.925159,35.182583,34.629292,304
86.173070,68.867167,68.138000,305
86.184209,40.748458,40.257583,306
86.288440,46.840500,46.383167,307
86.555642,78.838084,78.139250,308
86.868330,58.187792,57.637125,309
87.179404,35.918167,35.155459,310
87.513371,36.585208,36.100750,311
87.772886,41.630750,40.944458,312
87.857322,47.192834,46.686791,313
87.981897,38.787000,38.485417,314
88.091049,46.325417,45.849416,315
88.110075,48.248667,47.534084,316
88.146534,42.212625,41.649417,317
88.210548,67.090625,66.538208,318
88.410605,74.461625,73.683458,319
88.533649,83.404126,82.673500,320
88.564717,87.859917,86.652125,321
88.772400,64.919167,64.205750,322
88.855335,45.201625,44.503375,323
89.198749,55.315458,54.791625,324
89.290919,35.274166,34.802834,325
89.460386,36.171333,35.436042,326
89.535604,58.816917,58.153667,327
89.699581,40.658625,39.998875,328
89.843085,32.956000,32.251334,329
90.183588,40.138291,39.562834,330
90.382435,47.341875,46.832333,331
90.477305,40.973334,40.490041,332
90.541435,64.605333,63.853125,333
90.621365,47.281209,46.818334,334
90.846605,36.490709,36.003042,335
91.187421,43.991208,43.332917,336
91.232302,48.394500,47.739417,337
91.362138,40.476042,39.995083,338
91.498789,38.328792,37.800583,339
91.545508,68.713166,68.073834,340
91.621669,44.509208,43.841000,341
91.852522,42.399292,41.713875,342
92.033029,33.306000,32.836417,343
92.213927,70.446250,69.769291,344
92.475991,41.739250,41.342875,345
92.510526,33.750209,33.260208,346
92.852349,42.252292,41.736333,347
92.966648,64.877459,64.325625,348
93.118954,68.447458,67.753583,349
93.216513,73.071834,72.275875,350
93.548718,70.917000,69.439125,351
93.854169,44.010750,43.433834,352
94.102241,52.361751,51.805542,353
94.206295,62.838709,62.316917,354
94.524415,47.652792,47.171250,355
94.718921,52.020791,51.293375,356
94.849673,39.595500,39.292167,357
95.053180,73.183250,72.438916,358
95.194832,51.357833,50.738334,359
95.235255,36.612625,36.151500,360
95.520201,43.412542,42.696500,361
95.851606,41.529833,40.952333,362
96.170618,27.166125,26.692458,363
96.237808,34.998542,34.512333,364
96.519113,42.325209,41.780958,365
96.546050,27.140459,26.602333,366
96.840307,39.560500,39.012167,367
96.872261,51.042542,50.322416,369
96.880741,70.626208,69.924750,368
97.170622,27.171958,26.695084,370
97.453199,35.494083,34.933500,371
97.531924,55.113625,54.431709,372
97.599169,35.094208,34.628417,373
97.875984,65.858333,65.156292,374
98.076314,42.132416,41.603041,375
98.136868,44.740792,44.273250,376
98.218761,75.281208,74.558750,377
98.232401,80.502625,79.796500,378
98.558122,80.629500,79.821291,379
98.879165,69.038958,68.399625,380
98.929324,65.303292,64.697208,381
99.078371,60.705167,59.986208,382
99.194381,50.919750,50.299666,383
99.380097,56.020125,55.556084,384
99.449650,28.181125,27.678875,385
99.506422,29.661334,29.132250,386
99.773854,26.824875,26.499083,387
99.829178,41.683250,41.113334,388
99.861695,51.598458,51.098250,389
99.978915,46.158875,45.731000,390
100.189342,45.889375,45.394708,391
100.532177,55.365917,54.649000,392
100.699150,62.888000,62.323916,393
100.795164,31.357084,31.033625,394
100.850385,40.281209,39.820083,395
101.190464,46.993625,46.368583,396
101.353390,35.095667,34.557834,397
101.510538,30.378250,29.786750,399
101.543886,67.124167,66.379542,398
101.694076,34.384583,33.796000,400
101.806984,39.093541,38.512834,401
101.844113,34.010084,33.518042,403
101.846929,62.598666,62.040416,402
102.168120,37.225125,36.523375,404
102.210125,66.673250,65.889541,405
102.277187,31.037708,30.382625,406
102.365536,36.219458,35.610750,407
102.503599,38.285042,37.764417,408
102.545717,68.901583,68.252041,409
102.851829,41.686459,41.286000,410
102.995781,34.844250,34.537417,411
103.220627,77.158376,76.611792,412
103.307979,70.977667,70.297791,413
103.550169,73.326167,72.571625,414
103.677031,94.827542,94.212125,415
103.708578,86.935333,86.381750,416
103.875857,65.731459,65.039042,417
104.185670,42.225750,41.612666,418
104.388692,72.360166,71.672125,419
104.541661,64.897292,64.326791,420
104.867188,57.083833,56.688916,421
104.915294,63.194542,62.535958,422
105.180237,36.785000,36.246292,423
105.278023,38.337834,37.701709,424
105.513726,36.967292,36.451917,425
105.845796,35.679584,35.030333,426
105.929371,30.703458,30.194792,427
106.131448,34.724375,34.150958,428
106.171460,28.023334,27.511750,429
106.513375,36.596875,36.221500,430
106.722978,36.348666,35.848458,431
106.853152,43.080333,42.518291,432
107.196833,53.383167,52.760750,433
107.513231,36.472917,35.956959,434
107.599858,47.396417,46.733750,435
107.855655,45.525958,45.058709,436
108.081192,52.399376,51.821875,437
108.117376,41.799042,41.262375,438
108.226625,83.189166,82.648417,439
108.553230,76.356875,75.368708,440
108.721554,38.328500,37.874958,441
108.834741,24.647583,24.333458,442
108.932424,35.655375,35.149042,443
109.115190,43.515792,42.952000,444
109.178491,35.009625,34.524584,445
109.464319,34.871084,34.491042,446
109.516897,40.078208,39.401250,447
109.537178,50.262625,49.720417,448
109.691872,40.819042,40.317958,449
109.755145,52.936042,52.204542,450
109.865152,55.055875,54.585417,451
110.185730,42.304209,41.658167,452
110.451511,32.080125,31.578458,453
110.522533,45.741792,45.172458,454
110.588133,45.785833,45.148833,455
110.823379,58.700542,58.253125,456
110.852691,42.561167,42.080500,457
111.178974,35.542500,35.143209,458
111.256322,45.754333,45.272500,459
111.425639,50.810375,50.309583,460
111.523102,46.338833,45.716125,461
111.853980,37.100583,36.596291,463
111.884094,73.963458,73.237500,462
112.190846,47.406625,47.033291,464
112.251509,47.202459,46.715959,465
112.522989,46.230625,45.500583,466
112.766470,43.715875,43.206625,467
112.849249,39.154792,38.499125,468
112.905102,24.792542,24.315375,469
113.050495,32.406500,31.718458,470
113.202388,58.935625,58.494625,471
113.549471,72.659125,71.784708,472
113.856144,45.989125,45.458875,473
114.188076,44.615083,44.049833,474
114.464527,42.960167,42.310042,475
114.518982,42.220500,41.715333,476
114.852542,42.441583,42.013125,477
114.967583,38.077666,37.601667,478
115.211843,31.977750,31.283875,480
115.213071,69.608584,69.054708,479
115.343363,40.514833,39.942292,481
115.378481,42.580709,42.002625,482
115.455148,31.868084,31.392083,483
115.519530,42.748125,42.258708,484
115.686864,49.436916,48.887417,485
115.857388,47.259625,46.794125,486
115.949125,55.237584,54.539041,487
116.184518,41.058792,40.689834,488
116.362176,66.987083,66.440500,489
116.501461,24.678208,24.186750,490
116.766598,50.250958,49.541917,491
116.874701,64.560417,63.897750,492
117.200240,56.777001,56.089251,493
117.202408,37.110792,36.600083,494
117.464145,40.490334,39.813958,495
117.481324,47.891666,47.124875,496
117.511985,35.176458,34.618792,497
117.552190,49.973875,49.150500,498
117.622619,52.238375,51.730292,499
117.767116,32.062916,31.566500,500
117.855953,45.827542,45.151458,501
118.193656,50.178625,49.596750,502
118.543618,66.465000,65.633167,503
118.880097,69.968208,69.143375,504
118.944606,54.657458,54.099209,505
118.948469,34.680625,34.235250,506
119.191358,47.890208,47.293750,507
119.264180,31.875375,31.406375,508
119.369421,38.844166,38.465000,509
119.530400,31.355333,31.010583,511
119.542879,66.101583,65.496667,510
119.730513,74.462208,73.798958,512
119.840495,30.371250,29.858208,513
120.047079,33.504625,33.056333,514
120.179694,36.241041,35.942666,515
120.263713,38.637083,38.007958,516
120.295322,44.553250,44.001125,517
120.455240,39.549709,38.999042,518
120.512206,35.462291,35.032084,519
120.540900,59.754041,59.032167,520
120.851911,41.752958,41.258000,521
121.068769,42.369542,41.693750,522
121.180657,37.197125,36.717041,523
121.276478,73.927584,73.438750,524
121.472117,57.025208,56.403375,525
121.525151,48.369125,47.826041,526
121.530020,48.450209,47.903625,527
121.713093,40.553334,40.114375,528
121.828653,79.585916,78.803958,529
121.846614,36.506459,36.004500,530
122.001348,35.062417,34.556958,531
122.116529,39.902041,39.427792,532
122.149720,53.189500,52.525666,533
122.186805,43.360917,42.670542,534
122.472272,42.370125,41.900834,535
122.491904,53.170834,52.439625,536
122.519635,42.843500,42.306834,537
122.883076,72.976167,72.363958,538
122.985650,50.318333,49.697375,539
123.219378,75.940083,75.228709,540
123.270022,104.771917,103.096875,541
123.303043,112.790417,112.014000,542
123.367403,79.958958,79.478583,543
123.428574,101.816750,101.199875,544
123.457931,110.812042,109.574500,545
123.512362,107.306500,102.524042,546
123.565553,88.667250,87.863709,547
123.729798,76.651458,75.917333,548
123.875394,70.709917,70.260167,549
123.883487,73.267250,72.604292,550
124.084411,35.017792,34.549083,551
124.151948,36.230834,35.652458,552
124.195143,51.681000,50.987708,553
124.271643,45.766875,45.047916,554
124.442415,50.361792,49.755708,555
124.453621,42.935083,42.406875,556
124.537623,60.817750,60.187458,557
124.858948,48.808375,48.345792,558
124.876571,61.462334,60.731417,559
124.895018,63.868583,63.458209,560
124.973995,67.735208,67.236750,561
125.128310,59.130750,58.438041,562
125.203242,59.766875,59.259083,564
125.207425,46.319292,45.756084,565
125.209243,72.870583,72.468666,563
125.283741,73.452166,72.943500,566
125.313364,31.397625,29.338458,568
125.342354,61.746417,61.140917,567
125.372507,46.713917,46.009833,569
125.518768,41.983375,41.339083,570
125.666458,45.663916,45.156125,571
125.751683,51.103500,50.446375,572
125.777560,48.963833,48.271708,573
125.871135,61.016666,60.352542,574
126.205436,61.963708,61.340708,575
126.226579,42.094500,41.634834,576
126.347647,35.522958,35.017500,577
126.405262,45.536750,44.981708,578
126.432064,51.949625,51.468958,579
126.434131,52.713500,51.774625,580
126.517650,43.805708,43.063708,582
126.551429,81.354291,76.946917,581
126.551530,74.748917,74.102000,583
126.580376,91.589458,90.849791,584
126.646861,38.037416,37.386708,585
126.846782,36.661625,36.113584,587
126.857205,50.630125,50.098125,586
126.929325,81.277875,80.621042,588
127.030059,41.022625,40.531750,589
127.180446,36.952125,36.471167,590
127.250654,39.854791,39.161792,591
127.314550,40.908875,40.253791,592
127.342718,49.803542,49.202417,593
127.463299,36.523958,36.101625,594
127.532478,55.711541,55.126459,595
127.761716,34.791166,34.369709,597
127.784216,60.971750,60.419042,596
127.884337,74.267375,73.744416,598
128.030648,64.305209,63.715458,599
128.056579,45.306333,44.744291,600
128.101752,36.502083,36.047667,601
128.198461,55.019125,54.296958,602
128.326731,134.834292,133.833583,603
128.334444,128.401875,126.261626,604
128.341401,112.549792,111.753251,605
128.552717,75.885250,75.082583,606
128.617150,105.221083,103.896917,607
128.619704,104.286583,103.337208,608
128.826752,93.348209,91.668792,609
128.868812,111.121500,110.337209,610
128.886507,76.389833,75.721625,612
128.896684,117.391750,116.759125,611
128.914259,103.801833,102.111917,613
128.950131,107.240000,105.061833,614
129.059166,41.162334,40.699167,615
129.132123,59.598000,58.894500,616
129.199577,56.177625,55.622000,617
129.236152,36.714708,36.281291,619
129.239126,41.082416,40.531750,618
129.321454,66.660125,65.954875,620
129.353161,47.394666,46.554375,621
129.420119,45.950334,45.382750,622
129.481684,71.646458,70.815500,623
129.509772,33.004709,32.432167,624
129.731528,49.797417,49.142625,625
129.731577,32.779251,32.162667,626
129.854370,44.278208,43.039792,627
129.893049,64.111542,63.336875,628
129.897289,58.443000,57.832542,629
129.909375,69.697833,68.892542,630
129.969207,50.058166,49.492625,631
129.970309,29.400291,28.819292,632
130.108617,70.649833,70.049000,633
130.184726,41.267625,40.875042,635
130.195921,57.187667,56.699708,634
130.301988,79.689167,79.077542,636
130.510317,33.533500,32.835250,638
130.512703,66.645250,66.172458,637
130.622060,78.656084,77.995167,639
130.865278,55.127625,54.419458,640
130.967505,39.591125,39.072250,641
131.002745,56.298666,55.772209,642
131.003841,45.803917,45.151750,643
131.202587,28.702041,28.102667,645
131.204445,60.997708,60.638375,644
131.509657,37.596125,37.189833,646
131.535364,58.557333,57.660459,647
131.845095,34.953917,34.448167,648
132.026672,34.973750,34.510875,649
132.106210,55.724959,55.177500,650
132.180748,37.263042,36.661041,651
132.359307,47.972459,47.341000,652
132.511414,34.636000,34.165542,653
132.783894,38.588375,38.243334,654
132.836021,25.928000,25.430417,655
132.949394,33.882625,33.283833,656
132.969840,46.730834,46.127083,657
133.217899,74.469500,73.104500,658
133.287502,107.520292,106.673876,659
133.295742,101.476667,100.572792,660
133.552127,75.310958,74.629625,661
133.838809,51.510084,51.096209,662
133.860314,50.121458,49.365166,663
133.892919,59.679666,58.954875,664
133.941338,63.174709,62.667792,665
133.987093,45.263167,44.729708,666
134.068393,35.039959,34.360666,668
134.077054,59.185583,58.693834,667
134.181369,40.299292,39.640125,669
134.191947,48.470334,47.839750,670
134.233782,40.358500,39.854208,671
134.276053,66.947125,66.264042,672
134.439632,41.809542,41.295333,673
134.522750,45.964042,45.245667,674
134.631922,37.414126,36.799292,676
134.640830,57.565959,56.947334,675
134.687259,41.695209,41.312833,677
134.766528,42.435166,41.828792,678
134.849956,39.828833,39.470959,679
134.951568,34.924458,34.527500,680
135.013863,75.277125,74.515875,681
135.159378,56.030042,55.507375,682
135.160147,38.942750,38.472000,683
135.209110,65.708416,65.123625,684
135.282362,47.380083,46.685042,685
135.357751,32.134958,31.593625,686
135.456309,66.506708,65.983750,687
135.506696,33.432875,32.713333,688
135.527452,50.668917,49.928958,689
135.555922,58.862125,58.233291,690
135.644127,41.000750,40.463208,691
135.845713,35.568750,34.954792,692
135.914490,42.065625,41.462458,693
135.941972,44.974416,44.441833,694
136.018109,32.036375,31.740625,695
136.158539,42.343875,41.992708,696
136.214234,70.748417,70.077000,697
136.283752,44.414708,43.928791,698
136.306145,54.371333,53.826209,699
136.380961,45.316542,44.788625,700
136.420976,56.687750,56.215833,701
136.427543,40.564708,39.964166,702
136.529452,60.615334,60.120375,703
136.534483,57.870458,57.446083,704
136.551806,75.030666,74.457250,705
136.868156,58.017458,57.348959,706
136.902145,46.234708,45.625416,707
136.938856,36.089958,35.420000,708
137.170787,27.308750,26.840042,709
137.308050,41.353375,40.677292,710
137.512468,35.732375,35.227500,711
137.713594,35.167708,34.623750,712
137.858059,47.930458,47.380375,713
137.863224,45.788459,45.281250,714
137.901876,29.910709,29.340209,715
138.039462,42.203291,41.534208,716
138.196908,53.428375,52.836583,717
138.545450,68.617792,67.624958,718
138.697477,69.819166,68.874167,719
138.813627,56.188708,55.572125,720
138.854132,44.016876,43.359459,721
139.026612,69.322167,68.623625,722
139.111849,71.410208,70.980583,723
139.152704,42.826000,42.171208,724
139.208069,64.605042,63.931000,725
139.530996,54.142084,53.382292,726
139.855688,45.563291,45.094000,727
140.123889,36.404958,35.935667,729
140.128878,58.737292,58.213167,728
140.188858,45.428542,45.152625,730
140.527906,51.097959,50.398542,731
140.548721,37.546833,37.129167,732
140.695724,46.459292,45.837750,733
140.851975,41.881584,41.415500,734
141.199185,55.758209,55.144834,735
141.294396,40.245333,39.608041,736
141.363235,79.581250,78.827291,737
141.514039,37.233583,36.456584,738
141.633340,36.629833,36.112125,739
141.851273,41.176042,40.569958,740
142.206688,63.255208,62.742166,741
142.301774,72.342958,71.838083,742
142.410217,55.083875,54.680208,743
142.418392,44.915500,44.477709,744
142.512964,44.771416,44.209083,745
142.519518,42.710792,42.152833,746
142.861374,51.278500,50.796083,747
142.971827,49.576625,48.952750,748
143.211044,67.584416,67.046000,750
143.230943,93.089791,92.505875,749
143.438903,80.792250,80.327625,751
143.487489,79.500458,78.777708,752
143.549831,72.669042,71.626334,753
143.621763,66.447500,66.000958,754
143.857289,47.151125,46.818042,755
144.172376,28.922250,28.362250,756
144.236769,68.642584,67.881916,757
144.512150,35.340959,34.809542,758
144.731873,42.469000,41.949250,759
144.763519,31.718750,31.398208,760
144.865552,55.435917,54.931334,761
144.921790,55.376125,54.863083,762
145.180622,37.195083,36.684958,763
145.364492,35.885500,35.211166,764
145.512901,36.082958,35.387333,765
145.837177,27.046833,26.557708,766
145.955898,28.141458,27.368833,767
146.093918,29.747667,29.127000,768
146.179424,35.976500,35.255500,769
146.278884,54.529125,53.878417,770
146.289419,52.422708,51.864750,771
146.316527,69.433000,69.001625,772
146.380971,69.125875,68.337791,773
146.540210,63.428167,62.899667,774
146.878427,68.260208,67.468041,775
147.025301,33.128375,32.408542,776
147.185520,42.085458,41.582333,777
147.535142,58.381458,57.635958,778
147.738204,37.438625,36.920333,779
147.861759,51.664375,50.969917,780
147.952092,45.350375,44.589416,781
148.206722,63.268042,62.609167,782
148.547959,71.072458,70.072042,783
148.813478,32.060583,31.516625,784
148.863148,52.980083,52.223500,785
149.071026,36.558958,36.233167,786
149.171910,28.433709,27.887708,787
149.245984,63.007875,62.517584,788
149.345599,44.247292,43.518708,789
149.518963,42.173250,41.665458,790
149.550221,42.659458,42.044334,791
149.755332,56.148458,55.396250,792
149.779326,39.463375,38.904250,793
149.846587,36.467958,35.932167,794
149.931226,42.329000,41.687042,795
150.039516,33.956125,33.352667,796
150.170741,27.290958,26.554791,797
150.359135,29.808917,29.127583,798
150.498329,27.382542,26.844708,799
150.553395,76.576792,75.419750,800
150.859588,49.417959,48.638042,801
151.189231,45.769500,45.083208,802
151.446527,46.889791,46.339125,803
151.551611,74.825916,73.813833,804
151.739361,54.815833,54.289083,805
151.850294,40.178541,39.174333,806
151.899472,31.989417,31.236625,807
152.026345,68.784042,67.992750,808
152.211780,68.350041,67.598417,809
152.498261,35.955791,35.126292,810
152.558115,81.326583,80.465875,811
152.707685,42.050458,41.501833,812
152.845873,45.915041,45.327625,813
152.861274,51.156000,50.262041,814
152.886863,27.480250,26.911208,815
153.023729,34.978125,34.628417,816
153.205654,62.208708,61.711125,817
153.278813,75.390291,74.574209,818
153.546143,69.303792,68.563251,819
153.859484,49.324625,48.784458,820
154.068613,36.370833,35.895416,821
154.188870,45.439333,45.060458,822
154.509516,37.004625,36.154417,823
154.527453,50.666875,50.001584,824
154.845546,35.448584,34.911041,825
155.198257,54.791916,54.353542,826
155.249154,42.295750,41.623167,827
155.422187,31.728958,31.244208,828
155.524849,48.059667,47.485375,829
155.849307,39.201459,38.888792,830
156.197970,54.498208,53.879583,831
156.513569,36.780916,36.284500,832
156.669735,35.176750,34.637458,833
156.852152,42.068833,41.510583,834
157.210759,67.330375,66.818791,835
157.519166,42.347083,41.778625,836
157.786230,32.253666,31.939833,837
157.858068,47.971292,47.474875,838
158.214537,71.081208,70.405708,839
158.553423,76.547042,75.806792,840
158.849927,39.818042,39.345541,841
159.206200,62.742167,62.199667,842
159.429078,35.827750,35.292250,843
159.461849,27.318083,26.848208,844
159.512726,35.921084,35.245875,845
159.847679,37.528166,36.879208,846
160.178530,35.095083,34.797291,847
160.530696,53.883958,53.293333,848
160.851500,50.285666,49.711375,849
160.852070,41.991250,41.571834,850
160.947465,68.285875,67.704584,851
161.185529,42.097709,41.474417,852
161.545137,68.361125,67.801708,853
161.694623,72.406250,71.807750,854
161.869459,59.310417,58.622959,855
161.989606,28.281459,27.647083,856
162.116609,28.208542,27.471500,857
162.180642,37.194792,36.572083,858
162.512631,35.870625,35.355833,859
162.845762,35.609583,34.947500,860
162.982661,33.931625,33.483042,861
163.013416,48.436500,47.824875,862
163.197478,54.029792,53.319292,863
163.442029,76.565125,75.951750,864
163.552072,75.218792,74.356625,865
163.706204,71.857625,71.116209,866
163.846638,36.490708,35.972125,867
164.184658,29.470000,28.992542,869
164.204469,61.013458,60.460167,868
164.518620,41.807500,41.291833,870
164.595354,67.797333,67.368291,871
164.654343,64.593666,63.837667,872
164.807768,44.470417,43.848000,873
164.851866,41.748875,41.293292,874
165.185226,41.754416,41.286291,875
165.271375,31.591584,31.291750,876
165.518572,41.792333,41.293875,877
165.840365,30.234167,29.802209,878
166.015381,37.252833,36.605041,879
166.171828,45.936334,45.209792,880
166.187509,44.058292,43.253583,881
166.223260,47.268375,46.915167,882
166.515427,38.666834,38.154958,883
166.545376,47.173583,46.480292,884
166.791275,44.988417,44.281709,885
166.883477,73.332292,72.661166,886
166.898189,31.742375,31.355916,887
166.938532,46.743667,45.986500,888
167.014735,45.788458,45.271334,889
167.184347,40.891667,40.531750,890
167.298111,54.001209,53.347291,891
167.518253,41.444958,40.966041,892
167.841745,31.665667,31.265208,893
168.205422,61.968958,61.310084,894
168.292844,70.563500,68.824000,895
168.547720,70.823084,70.051333,896
168.760620,98.266291,97.428333,897
168.760745,88.902042,88.055334,898
168.857588,35.719542,34.886833,900
168.861387,51.249334,50.806292,899
168.989390,42.849625,42.337167,901
169.130546,36.237833,35.741125,902
169.195553,52.122000,51.840541,903
169.439151,70.156625,69.760541,904
169.555632,78.873958,78.374917,905
169.874618,64.503541,63.990792,906
170.202450,58.998042,58.490834,907
170.519331,42.568166,42.025375,908
170.828431,67.831459,67.370041,909
170.850543,40.424417,39.902625,910
170.876902,51.828584,51.056542,911
170.991430,42.105584,41.632501,912
171.031502,55.653500,55.001916,913
171.134913,48.277541,47.779083,914
171.205631,62.178083,61.667958,915
171.432472,42.573708,42.033833,916
171.520041,43.244833,42.637000,917
171.820660,47.335750,46.700208,918
171.858269,48.168458,47.580459,919
172.179933,36.459208,35.983792,920
172.328733,28.013417,27.421917,921
172.511785,34.995625,34.604792,922
172.578136,51.485875,50.793750,923
172.753724,35.854000,35.223125,924
172.845624,35.520334,35.016041,925
173.099317,27.122666,26.642000,926
173.218513,75.089292,72.700250,927
173.262349,84.756291,83.887125,928
173.537954,72.898000,72.357542,929
173.577089,100.174959,99.301708,930
173.648500,100.253125,98.224000,931
173.661619,99.365292,98.797125,932
173.803799,48.271125,47.649875,933
173.878558,68.455333,67.977000,934
174.206865,63.411250,62.953625,935
174.334248,35.746375,35.193375,936
174.508070,31.252375,30.707250,937
174.871151,61.028041,60.361584,938
174.950738,37.176417,36.670958,939
175.180518,37.014542,36.323875,940
175.515892,39.111333,38.604708,941
175.550570,52.381875,51.659709,942
175.568346,42.207959,41.710375,943
175.852600,42.451500,41.964708,944
176.192687,49.236541,48.526917,945
176.491668,56.290792,55.769000,946
176.520656,43.849458,43.359167,947
176.807796,47.971000,47.264583,948
176.851969,41.858833,41.178375,949
177.178801,35.344750,34.824417,950
177.513498,36.735709,36.293542,951
177.557294,62.251875,61.503458,952
177.863978,53.852458,53.400666,953
178.065723,51.128292,50.505292,954
178.116250,27.500083,27.015041,955
178.208331,64.872208,64.443166,956
178.336469,67.856542,67.035792,957
178.555611,78.294416,77.506625,958
178.756872,36.637417,36.293250,959
178.850706,40.602917,40.010542,960
179.188881,45.406084,45.116166,961
179.363501,79.202376,78.536792,962
179.545051,32.733459,32.377041,964
179.557939,81.173750,80.501166,963
179.590203,40.947375,40.425875,965
179.643468,28.232750,27.726709,966
179.849369,39.272041,38.910083,967
179.993740,40.881167,40.362292,968
180.171368,27.918625,27.431542,969
180.291354,41.448459,40.924041,970
180.510141,33.333125,32.796166,971
180.819944,34.352792,33.821667,972
180.884285,74.133500,73.330834,973
181.117126,53.999750,53.294792,974
181.189153,45.682292,45.118208,975
181.376586,30.506291,30.034959,976
181.429262,75.679625,74.919542,977
181.519384,42.575459,42.106458,978
181.577545,42.135334,41.706000,980
181.584929,52.850584,52.232542,979
181.626026,35.893083,35.384708,981
181.714177,38.735375,38.193750,982
181.752550,35.847292,35.179375,983
181.837722,27.574750,27.082416,984
181.876317,48.556666,47.748167,985
182.007859,41.605959,40.942708,986
182.200781,57.346626,56.915250,987
182.217285,46.509458,46.029958,988
182.245571,38.998167,38.598000,989
182.296866,46.269416,45.724584,990
182.336950,46.630792,46.019167,991
182.454861,54.262833,53.754458,992
182.519204,42.392000,41.701333,993
182.587084,47.119333,46.571000,994
182.714789,44.493750,43.975167,995
182.775428,59.813541,59.159917,996
182.869839,59.704750,59.035667,997
183.116123,42.554458,41.805750,998
183.213239,69.812459,69.248375,999
183.423702,92.513458,91.786334,1000
183.432279,94.171584,93.477125,1001
183.521809,82.816417,81.022667,1002
183.558275,81.415542,80.836000,1003
183.852639,42.511000,41.961208,1004
183.930430,41.554625,41.033417,1005
184.185439,42.013708,41.346959,1006
184.508596,31.813834,31.315084,1007
184.583458,45.989417,45.377500,1008
184.851823,41.677125,41.356000,1009
185.121914,60.125041,59.591583,1010
185.151020,45.845042,45.223500,1011
185.189663,46.208459,45.732458,1012
185.327430,74.580042,73.871875,1013
185.521552,44.791250,44.282583,1014
185.683723,70.906792,70.332792,1015
185.804367,39.932083,39.497500,1016
185.883368,73.212708,72.624125,1017
185.990207,41.828208,41.339667,1018
186.185247,41.798166,41.328292,1019
186.385554,41.493083,41.029626,1020
186.519150,42.344166,41.635708,1021
186.857183,47.065667,46.406209,1022
186.990599,58.163875,57.653750,1023
187.129395,62.636000,62.127917,1024
187.179294,35.835042,35.550959,1025
187.471491,51.605167,50.908375,1026
187.529112,52.354750,51.801750,1027
187.600867,48.043625,47.553333,1028
187.848968,38.839500,38.354166,1030
187.850781,55.257125,54.840333,1029
187.991540,40.866875,40.510459,1031
188.209715,70.115209,69.433875,1032
188.234424,90.949833,90.076292,1033
188.390652,78.454834,77.863042,1034
188.604720,122.443709,121.491417,1037
188.607854,131.053417,130.238208,1035
188.615040,136.318000,135.463708,1036
188.688784,199.838625,199.017875,1038
188.745859,90.221833,89.349750,1040
188.777387,272.155042,270.809000,1039
188.855267,44.724458,43.915958,1041
188.922468,80.467334,79.707250,1042
189.062135,32.397166,32.005167,1043
189.115828,79.766167,79.136458,1044
189.142658,39.961541,39.549708,1045
189.180123,36.671542,36.171042,1047
189.183447,55.801959,55.243417,1046
189.529607,56.245292,55.519042,1049
189.535163,58.377084,57.755542,1050
189.538444,69.472375,69.086500,1048
189.672773,32.789458,32.330375,1051
189.706030,61.621292,60.614750,1052
189.715630,39.420791,38.756375,1053
189.759093,59.136000,58.223083,1055
189.783212,44.475958,43.997916,1056
189.791508,93.918709,93.352291,1054
189.822759,82.503459,82.021042,1057
189.862836,52.683458,52.022542,1058
189.876955,53.244917,52.572626,1059
189.952510,31.659250,31.369917,1060
190.121919,32.890667,32.381417,1061
190.176097,32.663167,32.133791,1062
190.422048,32.953666,32.300333,1063
190.508811,32.028500,31.539666,1064
190.620422,47.040000,46.517625,1065
190.650387,48.444375,47.718417,1066
190.744930,42.555042,42.055416,1067
190.780499,33.627417,33.118167,1068
190.869347,59.196375,58.661166,1069
191.021680,34.995334,34.536542,1070
191.101717,42.372459,41.795541,1071
191.170383,26.929000,26.629166,1072
191.462451,42.699709,42.101500,1073
191.464521,36.919750,36.411375,1074
191.518400,41.638625,41.363583,1075
191.655750,27.248083,26.957292,1076
191.837688,27.581166,27.166416,1078
191.840678,51.125958,50.563041,1077
191.913139,31.719917,31.356792,1079
192.024418,41.388959,41.036625,1080
192.177591,34.135791,33.673208,1081
192.269371,55.641834,54.929583,1082
192.277137,35.859542,35.437500,1083
192.340334,52.478125,52.038875,1084
192.489959,50.520166,49.970667,1085
192.517466,40.667958,40.166000,1086
192.551167,51.697333,51.061500,1087
192.647020,40.616917,40.317667,1088
192.758354,41.932917,41.318375,1089
192.783025,52.876542,52.299042,1090
192.838437,28.321125,27.670708,1091
192.880897,28.293125,27.671000,1092
192.923408,54.837709,54.222292,1093
193.028840,33.225500,32.767584,1094
193.167749,67.092375,66.381000,1095
193.266950,123.503625,123.024417,1097
193.281643,141.982459,141.426250,1096
193.297303,124.238333,123.320750,1098
193.356867,165.648583,164.751709,1099
193.566496,89.683417,88.861208,1100
193.585040,87.265208,84.964542,1101
193.850357,40.201584,39.662583,1102
193.901259,40.879709,40.418292,1103
194.128543,49.305667,48.609750,1104
194.192454,49.014000,48.409959,1105
194.275839,69.627250,69.029333,1106
194.330433,37.820416,37.458458,1107
194.497911,68.367541,67.714209,1108
194.520427,43.650834,43.085583,1109
194.703974,61.392625,60.944916,1110
194.775422,36.634500,36.157042,1111
194.846231,47.091333,46.556417,1112
194.852362,42.216416,41.721750,1113
195.076205,52.294083,51.761500,1114
195.174873,48.052083,47.592708,1115
195.199218,55.792041,55.263542,1116
195.333401,35.174417,34.654375,1117
195.436517,35.260750,34.742750,1118
195.502369,25.584708,25.051542,1119
195.807979,44.345875,43.836333,1120
195.837931,27.834042,27.129667,1121
195.875424,44.489375,43.854417,1122
195.937558,27.289792,26.910042,1123
196.087563,42.849042,42.427292,1124
196.190408,46.983709,46.490500,1125
196.287298,33.553041,33.148208,1126
196.536336,59.555709,58.921334,1127
196.654740,34.376417,33.944459,1129
196.669413,51.330417,50.701000,1128
196.839758,33.105042,32.805500,1130
196.877855,67.733167,67.116584,1131
197.099786,33.176208,32.646250,1132
197.180142,36.693125,35.961917,1133
197.218121,48.003666,47.425875,1134
197.319527,45.737125,45.276875,1135
197.442117,53.238792,52.479000,1136
197.520173,43.403792,42.972708,1137
197.689163,46.237917,45.493000,1138
197.767220,38.185000,37.709000,1139
197.845502,35.379750,34.819750,1140
197.866946,46.342333,45.591583,1141
198.115723,41.089709,40.454166,1142
198.231809,88.347291,87.679375,1143
198.264923,108.173917,107.501917,1144
198.309759,105.574292,104.253334,1145
198.419098,72.289584,71.246292,1146
198.553904,77.051625,75.911209,1147
198.793953,31.668000,31.126083,1148
198.850702,40.546333,39.902625,1149
199.025581,32.885708,32.235584,1150
199.166415,42.304209,41.693750,1151
199.188836,45.346292,44.803792,1152
199.267837,28.965709,28.520042,1154
199.309911,76.626083,76.140458,1153
199.523918,47.148500,46.860042,1155
199.851222,41.075708,40.569375,1156
199.937044,61.495584,60.725291,1157
199.953112,34.249542,33.784333,1158
200.190594,47.164250,46.685333,1159
200.353424,55.981334,55.537708,1160
200.529217,52.408125,51.885167,1161
200.691211,30.799125,30.310875,1162
200.728116,36.600667,36.058167,1163
200.846261,36.120875,35.437791,1164
200.877989,44.365416,43.639167,1165
200.943770,33.100667,32.704584,1166
201.002274,74.328333,73.546666,1167
201.170954,27.484333,26.996958,1168
201.520143,43.315708,42.625917,1169
201.606463,40.378042,39.868792,1170
201.678903,55.720292,55.061416,1171
201.846130,36.035125,35.489416,1172
202.179937,39.410292,39.032583,1173
202.195150,51.713666,51.135875,1174
202.458355,27.106042,26.629167,1175
202.530214,56.301291,55.721167,1176
202.540667,63.852250,63.097417,1177
202.552274,49.933916,49.117542,1178
202.780442,46.139334,45.532083,1179
202.861985,51.862125,51.296583,1180
203.105445,46.246083,45.795458,1181
203.212969,69.495708,68.879708,1182
203.269119,75.004708,74.067000,1183
203.543367,66.514292,65.632000,1184
203.726548,70.196292,69.418709,1185
203.878588,68.488875,67.743375,1186
204.109953,79.141708,78.515209,1187
204.181382,37.943208,37.355500,1189
204.187092,66.126375,65.510666,1188
204.222549,36.031625,35.185208,1190
204.508789,31.994958,31.498833,1191
204.852205,42.103250,41.537125,1192
204.999108,42.643125,41.890916,1193
205.186145,42.709917,42.126875,1194
205.279540,42.321708,41.644750,1195
205.517759,41.000750,40.437542,1196
205.690530,70.620667,70.252000,1197
205.743932,66.107125,65.521750,1198
205.838296,28.157792,27.607125,1199
205.965345,35.462292,34.921542,1200
206.006343,68.193416,67.643042,1201
206.181077,37.623834,37.197417,1202
206.300492,35.987000,35.316458,1203
206.363387,27.303208,26.851709,1204
206.500768,32.030833,31.291167,1205
206.523495,46.668708,46.044250,1206
206.717785,47.577834,46.941417,1207
206.852214,42.117542,41.577959,1208
207.168998,62.341417,61.629167,1209
207.192509,49.051625,48.493667,1211
207.193460,62.164083,61.562667,1210
207.527359,50.571500,49.871209,1212
207.846663,36.542333,36.047083,1213
208.208226,64.789666,62.275500,1214
208.325288,66.261708,65.583875,1215
208.547317,70.430500,69.773375,1216
208.739215,72.810792,72.335375,1217
208.868866,58.765292,58.253417,1218
209.185170,41.717375,41.213958,1219
209.316663,48.839875,48.274334,1220
209.526311,49.547750,48.976083,1221
209.568671,38.691916,38.264916,1222
209.736573,38.052584,37.599625,1223
209.837956,27.830542,27.069292,1224
210.057710,35.732959,35.210875,1225
210.179165,35.735584,35.023917,1226
210.518665,41.902000,41.458958,1227
210.578361,72.194500,71.618167,1228
210.593186,35.922833,35.275334,1229
210.780838,36.443167,35.832416,1230
210.857384,47.281792,46.862959,1231
210.873610,40.851416,40.159291,1232
210.978134,73.220875,72.547416,1233
211.114911,36.652584,36.184459,1234
211.156111,68.613708,67.885416,1235
211.179555,36.111833,35.485625,1236
211.215080,54.106500,53.394250,1237
211.518283,41.500959,41.101667,1238
211.664508,68.203625,67.522583,1239
211.772642,52.285917,51.685667,1240
211.871762,61.612833,61.049334,1241
211.916354,49.663834,49.058625,1242
212.196618,53.160333,52.466458,1243
212.444382,28.216708,27.737500,1244
212.519805,43.011791,42.403959,1245
212.558885,47.383583,46.628750,1246
212.852650,42.505750,41.823833,1247
212.935149,38.536459,37.902959,1248
212.957352,57.026083,56.348251,1249
213.168334,49.447125,48.619375,1250
213.210159,66.678208,66.067750,1251
213.511556,81.738125,81.036958,1252
213.556295,79.252250,78.321542,1253
213.612302,81.269125,80.625125,1254
213.845381,35.256667,34.724666,1255
213.964687,44.619750,43.913625,1256
214.084329,27.155333,26.684292,1257
214.170481,27.030209,26.544583,1258
214.533903,57.127875,56.451792,1259
214.863445,53.321917,52.676458,1260
215.186568,43.115334,42.400166,1261
215.525125,48.335291,47.605834,1262
215.824262,38.265500,37.863875,1263
215.861590,51.486458,50.838083,1264
215.914693,61.037375,60.283708,1265
215.996404,26.762458,26.259625,1266
216.170307,26.849083,26.541375,1267
216.330151,35.745209,35.045500,1268
216.505984,29.194667,28.652750,1269
216.646856,59.075041,58.405667,1270
216.775871,45.993791,45.515458,1271
216.884403,74.262708,73.573208,1272
217.222850,79.397209,78.715000,1273
217.552049,75.225500,74.655583,1274
217.579821,40.712000,40.085208,1275
217.756173,41.376708,40.651042,1276
217.837261,27.111000,26.652791,1277
218.043294,40.435500,39.614167,1278
218.050337,34.444375,33.808542,1279
218.103741,28.415625,27.953916,1280
218.206677,63.250834,62.722625,1281
218.445505,82.441333,81.570708,1282
218.555559,78.689334,77.967459,1283
218.847365,37.198292,36.701292,1285
218.875576,67.877542,67.398333,1284
218.927554,46.092375,45.589541,1287
218.933148,53.462792,52.926709,1286
219.054462,77.607833,77.059500,1288
219.155108,53.247250,52.671500,1289
219.186648,43.212459,42.464042,1290
219.525271,48.459833,47.764208,1291
219.805356,39.655583,39.179292,1292
219.871091,60.970875,60.615042,1293
220.105477,74.090041,73.565625,1294
220.204185,60.733167,60.054458,1295
220.524248,47.497917,46.900000,1296
220.838421,28.289042,27.696958,1297
220.914240,27.410834,27.112750,1298
221.019224,31.737708,31.195792,1299
221.181103,37.628208,37.076667,1300
221.504067,35.075542,34.505333,1301
221.522086,45.273667,44.735833,1302
221.747988,48.250416,47.513958,1303
221.796694,32.669000,32.163250,1304
221.857385,47.265458,46.649167,1305
222.179975,36.519000,36.147125,1306
222.266259,49.060375,48.556667,1307
222.522774,46.013042,45.535875,1308
222.845484,35.341833,34.637750,1309
222.966412,24.598000,24.296125,1310
223.100983,30.097958,29.645875,1311
223.151919,53.328625,52.709416,1312
223.202438,58.954583,58.109917,1313
223.550259,73.448667,72.851917,1314
223.853394,52.793708,52.030416,1315
223.855130,45.010583,44.324292,1316
224.179509,36.061959,35.502542,1317
224.503856,27.066958,26.577542,1318
224.579141,36.006834,35.454708,1319
224.851557,41.434750,40.770333,1320
225.138790,50.480500,50.122042,1321
225.192468,48.991541,48.385750,1322
225.522463,45.696584,45.404625,1323
225.613497,53.935583,53.391625,1324
225.846179,36.010916,35.373917,1326
225.850713,46.093250,45.542291,1325
226.175183,31.750250,31.427375,1327
226.403509,42.204167,41.491916,1328
226.460085,31.838042,31.529167,1329
226.519365,42.573417,42.031792,1330
226.655540,46.382875,45.874792,1331
226.853529,43.407583,42.945291,1332
227.195732,52.293791,51.708708,1333
227.504594,27.856500,27.331209,1334
227.856147,46.035791,45.423875,1335
227.869331,40.597375,39.829416,1336
228.205773,62.342583,62.036042,1337
228.312957,58.159500,57.299959,1338
228.430960,101.017583,99.855000,1339
228.468926,111.020292,110.253208,1340
228.498842,110.483625,109.597542,1341
228.551348,74.564583,73.774458,1342
228.833435,45.192875,44.588542,1343
228.860462,50.327083,49.620958,1344
229.190566,47.106791,46.427500,1345
229.191025,46.324833,45.800416,1346
229.374223,31.940125,31.449833,1347
229.483189,49.413875,48.812166,1348
229.506294,29.503542,29.059917,1349
229.560780,31.682292,31.171875,1350
229.837297,27.175458,26.632667,1351
230.187297,43.846542,43.373166,1352
230.354456,53.272041,52.588667,1353
230.509601,32.840792,32.319000,1354
230.854434,44.330417,43.739208,1355
231.205666,62.210167,61.603791,1356
231.332118,27.181875,26.852875,1357
231.379396,35.883458,35.252291,1358
231.501424,24.641750,24.160792,1359
231.854444,44.293958,43.733375,1360
232.207171,63.693000,63.101791,1361
232.512886,36.123792,35.595292,1362
232.630439,49.087208,48.572709,1363
232.859592,49.467250,48.874583,1364
233.213814,70.371292,69.713292,1365
233.550832,73.959667,73.152625,1366
233.657526,74.925375,74.442667,1367
233.861925,51.849583,51.292500,1368
234.192604,49.123667,48.492500,1369
234.356838,36.889417,36.241625,1370
234.514043,37.256625,36.515208,1371
234.634733,28.934792,28.422334,1372
234.687073,41.794083,41.067833,1373
234.845745,35.615416,35.106750,1374
234.902887,36.248625,35.578958,1375
235.057938,31.109458,30.501042,1376
235.086309,48.293875,47.894583,1377
235.180909,37.452625,36.905750,1378
235.208177,48.598667,47.880875,1379
235.526571,31.646125,30.995417,1381
235.541424,64.638583,63.988458,1380
235.846507,36.388041,35.814041,1382
235.875359,38.741792,38.203959,1383
236.015859,64.286834,63.761834,1384
236.183091,39.640125,39.099667,1385
236.521084,44.277042,43.783541,1386
236.554349,49.070584,48.531000,1387
236.636632,32.371791,31.747625,1388
236.873731,63.613667,63.028292,1389
237.190336,46.886583,46.426625,1390
237.261107,54.457375,53.885417,1391
237.530561,71.834292,71.226750,1392
237.532128,55.395667,54.966333,1394
237.534804,67.418458,66.943333,1393
237.850852,40.753708,40.245625,1395
237.902156,27.986291,27.307875,1396
238.212712,69.251292,68.572875,1397
238.565322,87.729833,86.856292,1398
238.612226,81.904084,81.179000,1399
238.747340,66.437875,65.457000,1400
238.851199,41.059959,40.522709,1401
238.999403,35.508084,34.792917,1402
239.179145,43.974292,43.385417,1403
239.181161,37.707250,37.113416,1404
239.305928,35.622125,35.140000,1405
239.375481,74.657916,73.948000,1406
239.523141,46.355167,45.763959,1407
239.533710,53.485833,53.007500,1408
239.624363,37.141417,36.725792,1409
239.780696,45.968416,45.232542,1410
239.857147,47.034459,46.488167,1411
239.946052,39.004583,38.435834,1413
239.972125,74.750667,74.208458,1412
240.191679,48.243125,47.662708,1414
240.244017,43.407292,42.899500,1415
240.459456,36.461833,35.942375,1416
240.519696,42.914958,42.272709,1417
240.611124,36.813875,36.322417,1418
240.713250,37.536625,37.079292,1420
240.729889,60.397166,59.803917,1419
240.851045,40.930167,40.528833,1421
240.984822,72.545375,72.106125,1422
240.985793,67.603375,67.086250,1423
240.991353,66.205708,65.566375,1424
241.187464,36.832541,36.088500,1426
241.191632,48.186834,47.672042,1425
241.246154,38.057541,37.691792,1427
241.264239,46.974375,46.412625,1428
241.481678,58.197417,57.739792,1429
241.542531,65.720084,64.925000,1430
241.616287,47.382125,46.814251,1431
241.674384,27.494541,26.989084,1432
241.756734,39.535708,39.027917,1433
241.811879,43.650250,42.922541,1434
241.845385,35.271541,34.710084,1435
241.923324,63.264541,62.629292,1436
241.967172,49.008167,48.409083,1437
242.018839,46.085667,45.387709,1438
242.091830,31.857000,31.534125,1439
242.189643,46.170541,45.513125,1440
242.400370,31.633583,31.160500,1441
242.474048,43.356250,42.706417,1442
242.509495,32.726458,32.211666,1443
242.663624,31.700958,31.401708,1444
242.758212,43.955333,43.403792,1445
242.859476,37.399250,36.980709,1447
242.862532,52.417166,51.828875,1446
243.082334,62.524000,61.595333,1448
243.099415,32.816000,32.264458,1449
243.206089,62.627542,62.007166,1450
243.276230,71.894375,71.175416,1451
243.454590,72.676625,71.917416,1452
243.572496,94.446042,93.710750,1453
243.587512,96.375125,95.727625,1454
243.641410,95.121541,94.414250,1455
243.850310,40.160750,39.654125,1456
243.876140,34.752083,34.072792,1458
243.880411,58.298917,57.710625,1457
243.920280,41.447875,40.703542,1459
243.952317,27.034000,26.584250,1460
244.068964,26.964292,26.647834,1461
244.185957,42.501958,41.832583,1462
244.261616,32.682125,32.288666,1463
244.472182,68.385333,67.650333,1464
244.522860,46.036958,45.502042,1465
244.540991,45.894333,45.223500,1466
244.694402,31.669459,31.371375,1467
244.746418,44.976166,44.579208,1469
244.753938,55.329166,54.660083,1468
244.862598,52.461791,52.023125,1470
244.964876,45.066292,44.377958,1471
245.013933,48.395958,47.779667,1472
245.018157,43.242208,42.765333,1473
245.185090,41.636291,41.132000,1474
245.232383,27.457792,26.934541,1475
245.342202,42.494959,41.749167,1476
245.398172,47.290833,46.771084,1477
245.491175,56.358459,55.719708,1478
245.545186,68.381250,67.489917,1479
245.574749,32.569541,32.032000,1480
245.818208,36.798417,36.292666,1481
245.856360,46.214000,45.673541,1482
246.100733,37.916375,37.389625,1483
246.151545,63.043459,62.468875,1484
246.180352,36.852959,36.234042,1485
246.215607,62.792333,62.238458,1486
246.299340,31.625709,31.175083,1487
246.362306,48.374958,47.660667,1488
246.474160,53.464834,52.806833,1489
246.519317,42.518584,42.028875,1490
246.554694,64.996458,64.442875,1491
246.852177,51.419666,51.027959,1492
246.872442,62.305250,61.520958,1493
246.876708,65.371250,64.866959,1494
247.019885,55.358042,54.942416,1495
247.159495,63.315000,62.798459,1496
247.185619,42.185500,41.654375,1497
247.324802,40.108250,39.661416,1498
247.490810,64.740959,64.153541,1499
247.518169,41.400333,40.945042,1500
247.560510,57.282167,56.745791,1501
247.718162,57.754667,57.218000,1502
247.858681,48.523416,47.903042,1503
247.884815,44.957792,44.293958,1504
248.185935,71.214500,70.409792,1505
248.235061,107.022708,106.190292,1506
248.252592,109.133209,108.521000,1507
248.312895,159.479834,158.942292,1508
248.369316,124.733000,124.048166,1510
248.385206,111.011250,110.580750,1511
248.411611,202.147167,201.370167,1509
248.477858,173.713750,172.926542,1512
248.599042,122.177709,121.676042,1514
248.605569,243.669417,241.570584,1513
248.617451,128.973251,127.474376,1515
248.743489,109.738417,108.404041,1516
248.779243,127.879500,125.623458,1517
248.779625,125.592250,124.777917,1518
248.893773,83.576500,82.752834,1519
248.947351,92.865208,92.160542,1520
248.964902,85.468250,84.891041,1521
249.121608,37.458750,36.792584,1522
249.151579,54.410709,53.723834,1523
249.172832,29.355667,28.889292,1524
249.265161,26.854917,26.555375,1525
249.333590,27.637167,27.112459,1526
249.509160,32.374417,31.823458,1528
249.527118,81.682417,81.027917,1527
249.662493,42.824250,42.141166,1529
249.685262,50.101333,49.480083,1530
249.851364,41.267042,40.773833,1531
249.988056,36.306959,35.976209,1532
250.133954,44.741083,44.328375,1533
250.218572,75.117875,74.500125,1534
250.255201,61.660958,61.154334,1537
250.257347,74.848958,74.145167,1535
250.264111,80.336375,79.603125,1536
250.416471,34.793208,33.982083,1539
250.434350,75.392916,74.943750,1538
250.440787,53.492542,53.030833,1540
250.544362,67.603084,67.058250,1541
250.690293,63.602001,62.969084,1542
250.740813,31.858167,31.366417,1543
250.842038,31.920583,31.605875,1544
251.081436,41.660500,41.179834,1545
251.179432,37.409750,36.941042,1546
251.192508,49.058333,48.529541,1547
251.257403,49.420875,49.065042,1548
251.461879,37.392542,36.691667,1549
251.509398,32.639250,32.130583,1550
251.653241,38.130750,37.469834,1551
251.691193,50.613208,49.946458,1552
251.705586,56.513625,55.822375,1553
251.851112,58.551792,57.778291,1554
251.853655,43.535042,43.031625,1555
251.882074,39.213416,38.605584,1556
251.918356,57.478458,56.797125,1557
251.991150,46.010708,45.534416,1558
252.017957,52.661000,52.109166,1559
252.186089,42.663542,42.121334,1560
252.314570,42.811125,42.234208,1561
252.518657,41.868459,41.349292,1563
252.519850,45.809750,45.280959,1562
252.765424,45.261417,44.791250,1564
252.860751,50.636250,50.169000,1565
253.197448,70.864500,70.174417,1566
253.220491,77.037916,76.328291,1567
253.427308,73.916792,71.286541,1568
253.558915,99.713251,99.241042,1569
253.591433,114.599333,114.154833,1570
253.602925,112.391416,111.691417,1571
253.791261,59.976875,59.522167,1572
253.857127,47.007333,46.302084,1573
254.184899,41.434167,40.862501,1574
254.199147,52.823458,52.116751,1575
254.292087,38.588958,37.876125,1576
254.308881,49.344750,48.642125,1577
254.437366,69.015041,68.412166,1578
254.550060,73.263458,72.494333,1579
254.672758,63.039083,62.447000,1580
254.724265,32.716541,32.269708,1581
254.850443,40.343333,39.769333,1582
255.126736,35.821917,35.223416,1584
255.134142,49.428750,48.854167,1583
255.185393,50.612334,50.048250,1585
255.193453,50.027250,49.394917,1586
255.396146,42.539291,41.844542,1587
255.448218,59.832792,59.108875,1588
255.534992,58.181958,57.658125,1589
255.662988,51.050125,50.306667,1590
255.846702,36.583458,36.224125,1591
256.193948,50.512292,50.080625,1592
256.214263,42.573125,41.976666,1593
256.517277,40.486250,39.623500,1594
256.726983,37.384667,36.420416,1595
256.797362,27.324792,26.719000,1596
256.845760,35.635250,35.104417,1597
257.113521,35.064750,34.452542,1598
257.203944,60.482333,59.444000,1599
257.268129,25.429542,24.964042,1600
257.302362,25.115709,24.699500,1601
257.355483,69.747708,68.705291,1602
257.469997,35.663250,35.141750,1603
257.530192,53.375584,52.410459,1604
257.735915,36.011208,35.254333,1605
257.850604,40.488000,39.944333,1606
257.970219,40.947084,40.289958,1607
258.057233,41.256833,40.631208,1608
258.219268,75.797167,75.044083,1609
258.362742,70.662958,69.742459,1610
258.557622,80.765125,79.969167,1611
258.599267,85.034541,84.037625,1612
258.764176,94.941875,94.364375,1613
258.798870,99.397666,98.781958,1614
258.821045,116.720625,115.857292,1615
258.834371,98.762708,97.800209,1616
258.854946,44.842000,44.189833,1617
259.170834,27.375250,26.889917,1618
259.550915,74.154500,73.635333,1619
259.738345,49.939459,49.457041,1620
259.849959,39.834375,39.211083,1621
260.198988,55.550542,55.113916,1622
260.262260,57.160542,56.565542,1623
260.523837,47.040875,46.495458,1624
260.617722,74.615042,74.116000,1625
260.679821,36.185041,35.552417,1626
260.845738,35.619208,34.994458,1627
261.097144,56.317042,55.752375,1628
261.191166,47.730376,47.212667,1629
261.276790,48.123542,47.584250,1630
261.518165,41.402084,41.108083,1631
261.596079,64.881250,64.226750,1632
261.824639,63.695333,62.789417,1633
261.849558,39.459292,38.980667,1634
262.057276,74.539500,73.960250,1635
262.181620,38.188792,37.832083,1636
262.508325,31.545208,31.096041,1637
262.882843,72.752167,72.390500,1638
263.020423,56.467834,55.799625,1639
263.218427,74.977875,74.326000,1640
263.556826,89.224042,87.903958,1641
263.580543,103.440750,102.748042,1642
263.854328,44.208209,43.607375,1644
263.857442,47.939500,47.436375,1643
263.960706,53.261251,52.571459,1645
264.217927,74.467750,73.886459,1646
264.516223,39.431000,38.810042,1647
264.679331,26.762459,26.400208,1648
264.793391,35.674333,35.053958,1649
264.838508,28.413000,28.050750,1650
265.190966,47.516583,46.851292,1651
265.530079,53.342041,52.689584,1652
265.710777,47.239791,46.559625,1653
265.857081,46.976416,46.379083,1654
265.970729,36.320666,35.859833,1655
266.074438,64.452209,63.801792,1656
266.188596,45.122583,44.441834,1657
266.516331,39.537459,39.036375,1658
266.567618,59.326750,58.639292,1659
266.852713,42.613959,42.302459,1660
267.191215,47.779375,47.239500,1661
267.193561,37.063541,36.490125,1662
267.513179,36.371125,35.605500,1663
267.538403,31.715834,31.170417,1664
267.838250,28.114916,27.478208,1665
267.931060,27.675667,27.135500,1666
268.198237,54.739125,54.026000,1667
268.320377,71.570042,70.921667,1668
268.538438,61.631208,60.675708,1669
268.774029,40.831583,40.478083,1670
268.850732,40.584250,39.876958,1671
269.178860,35.399584,34.953334,1672
269.226973,49.858375,49.099750,1673
269.337891,78.785875,78.118542,1674
269.433428,26.207416,25.691167,1675
269.494301,50.696917,49.905041,1676
269.500312,46.396000,45.663334,1677
269.535091,58.294834,57.604750,1678
269.679334,68.717833,67.984875,1679
269.845557,35.453542,35.087792,1680
270.183430,39.974375,39.383167,1681
270.198156,46.718292,46.058250,1682
270.253086,27.027292,26.547792,1683
270.520081,43.259708,42.683083,1684
270.765102,27.293875,26.754291,1685
270.847277,37.186625,36.478750,1686
270.998872,31.715833,31.125500,1687
271.050961,69.620834,68.875917,1688
271.170439,26.980333,26.431417,1689
271.555560,78.800459,78.090541,1690
271.872520,62.406458,61.788708,1691
272.085272,41.745375,41.066667,1692
272.187453,43.982459,43.542333,1693
272.429873,42.338333,41.706583,1694
272.440684,43.965833,43.423625,1695
272.523447,46.657041,45.930209,1696
272.603153,37.035833,36.369666,1697
272.850873,40.729500,40.035041,1698
273.204395,60.911084,60.234125,1699
273.549401,72.582708,72.091250,1700
273.855169,45.040042,44.523792,1701
274.222918,79.408000,78.778875,1702
274.320051,42.500791,42.106458,1703
274.377636,45.561541,45.110625,1704
274.534578,57.785000,57.117083,1705
274.872081,61.945333,61.296958,1706
275.216299,72.860084,72.422583,1707
275.524952,48.208709,47.825750,1708
275.835979,25.897667,25.275542,1709
275.998036,25.729667,25.062625,1710
276.124528,63.184916,62.488125,1711
276.137594,39.315791,38.692208,1712
276.180072,36.593958,36.087042,1713
276.269411,41.520209,40.803583,1714
276.347688,33.014333,32.507125,1715
276.518433,41.623166,41.090292,1716
276.726361,35.933625,35.219042,1717
276.786420,35.968042,35.319958,1718
276.851174,41.080666,40.544584,1719
277.198426,54.973041,54.422084,1720
277.210321,53.689708,52.967833,1722
277.216351,71.361500,70.935666,1721
277.353430,32.952208,32.456083,1724
277.367045,50.047375,49.262792,1723
277.510854,34.043916,33.517167,1725
277.856418,46.273791,45.647875,1726
278.205794,62.314291,61.647250,1727
278.544107,67.216625,66.279500,1728
278.639889,80.824626,80.015542,1729
278.694056,75.322042,74.580042,1730
278.850693,40.583083,40.170375,1731
278.981535,58.643958,58.106417,1732
279.183120,39.650625,38.934292,1733
279.204546,52.423583,51.851334,1734
279.504091,27.278708,26.739708,1735
279.882401,72.271208,71.522500,1736
280.183909,40.415958,39.954250,1737
280.461360,46.636916,46.134958,1738
280.518508,37.046042,36.547000,1740
280.534301,57.504125,56.836208,1739
280.864422,42.732083,42.014583,1742
280.865188,55.056166,54.609917,1741
281.223283,79.850750,79.288709,1743
281.439251,47.548667,46.981958,1744
281.519448,42.657417,42.136792,1745
281.727723,35.191333,34.729334,1746
281.883600,73.480459,72.805250,1747
282.029673,41.531000,41.058500,1748
282.186125,42.679292,42.007292,1749
282.550289,73.504959,72.747209,1750
282.852609,45.385667,44.664959,1751
282.853375,43.259709,42.793042,1752
283.123721,41.312250,40.689250,1753
283.211072,67.591708,67.069333,1754
283.265093,75.435791,74.609208,1755
283.395947,97.171375,96.518042,1756
283.397242,93.989875,93.259250,1757
283.545378,65.782208,65.067625,1758
283.852180,42.045791,41.497750,1759
283.973715,47.265458,46.743375,1760
284.156036,40.544875,39.948708,1761
284.214398,70.930125,70.255208,1762
284.522359,45.569417,45.056959,1763
284.862889,52.768333,52.229041,1764
284.938174,57.068375,56.572250,1765
285.100342,45.486291,44.962750,1766
285.217555,74.106667,73.433208,1767
285.270268,45.834542,45.557750,1768
285.522680,45.862833,45.348333,1769
285.875498,65.378542,64.672709,1770
285.981236,33.377167,32.886292,1771
286.087208,34.403833,33.999292,1772
286.197729,54.302208,53.848666,1773
286.521589,44.830333,44.312041,1774
286.843354,33.273041,32.828250,1775
287.174232,52.508458,52.075333,1776
287.198808,55.372042,54.726875,1777
287.524721,62.332666,61.896917,1778
287.531557,49.652458,48.914250,1780
287.549660,72.867959,72.117208,1779
287.618141,48.545000,48.063750,1781
287.689146,39.801417,39.287792,1782
287.763135,73.953250,33.365209,1783
287.842070,31.948583,31.342792,1784
287.871860,48.932042,48.122667,1785
288.196818,53.354875,52.846500,1786
288.340147,67.453167,66.938958,1787
288.558354,81.465125,80.635917,1788
288.600867,75.950000,75.403417,1789
288.878617,68.459708,67.703417,1790
289.043775,52.592750,51.927750,1791
289.185482,42.027709,41.507083,1792
289.311753,52.679959,52.176542,1793
289.519317,42.533167,41.832584,1794
289.826984,45.473167,44.784250,1795
289.854450,44.324584,43.782958,1796
290.075579,50.948333,50.346625,1797
290.090136,39.694958,39.113959,1798
290.149379,48.695791,48.220083,1799
290.201142,57.679708,57.266417,1800
290.310982,45.612875,45.105958,1801
290.521977,45.169834,44.508625,1802
290.845433,35.295459,34.822958,1803
291.147360,37.264500,36.868416,1804
291.212135,68.649584,67.852459,1805
291.364583,35.978833,35.318791,1806
291.512586,35.798583,35.288459,1807
291.814861,36.597458,36.035416,1808
291.859530,49.420000,48.858250,1809
291.915477,45.570000,45.196667,1810
291.979172,43.321250,42.830083,1811
292.041732,41.243417,40.842667,1812
292.223361,79.912292,79.291916,1813
292.531674,54.913833,54.419750,1814
292.675444,73.286209,72.695000,1815
292.686601,39.797333,39.204083,1816
292.837672,27.531875,27.120625,1817
292.893179,76.189167,75.420333,1818
293.199356,55.920375,53.094417,1819
293.314040,64.493917,63.728584,1820
293.544454,67.578875,66.554250,1821
293.691757,69.483458,67.629625,1822
293.760937,75.646375,75.156666,1823
293.837413,27.293584,26.788125,1824
294.170659,27.223000,26.801833,1825
294.385686,44.332458,43.793750,1826
294.393910,34.800500,34.410250,1827
294.520132,43.345458,42.807334,1828
294.855896,45.821708,45.287667,1829
294.964777,31.836583,31.187625,1830
295.032489,42.674042,41.980750,1831
295.176292,32.824167,32.157125,1832
295.226870,54.642875,53.890375,1833
295.369836,73.429708,72.760917,1834
295.440346,35.262792,34.806625,1835
295.512748,64.229083,63.628250,1836
295.520323,43.553125,43.143333,1837
295.651746,42.356417,41.717958,1838
295.670960,46.876084,46.251333,1839
295.852479,42.359625,41.855333,1840
296.175860,46.601041,45.791083,1841
296.189751,46.291000,45.668000,1842
296.239634,75.926958,75.115250,1843
296.519278,42.471041,41.806334,1844
296.855247,45.140084,44.586500,1845
297.186099,42.671709,42.108792,1846
297.509609,35.242084,34.873709,1847
297.527901,51.118959,50.475542,1848
297.670098,41.252458,40.673500,1849
297.879537,69.441459,68.939792,1850
297.958649,58.242625,57.664834,1851
298.210651,67.215459,66.639125,1852
298.283769,74.140500,73.615792,1853
298.394224,67.006334,66.070375,1854
298.561093,94.416875,93.783958,1855
298.562580,85.647625,84.892500,1856
298.855882,45.800417,45.324125,1857
299.181152,37.706375,37.148417,1858
299.217138,36.545542,35.793625,1859
299.419847,38.822000,38.235750,1861
299.437772,68.143542,67.635166,1860
299.513667,36.908375,36.392417,1862
299.551438,36.511417,36.023167,1863
299.849678,38.627167,38.314792,1865
299.867848,57.659000,57.218292,1864
299.929194,39.606875,39.075458,1866
300.134205,58.925125,58.303292,1867
300.199333,55.901709,55.279583,1868
300.283424,27.406750,27.107500,1869
300.409399,42.580125,42.189583,1870
300.518576,41.767833,41.290083,1871
300.867604,38.961125,38.511666,1873
300.875112,65.011625,64.476709,1872
301.193064,49.614250,48.889750,1874
301.262402,38.945083,38.489791,1875
301.263764,40.307166,39.836416,1876
301.512478,35.692709,35.011958,1877
301.697799,45.759000,45.197834,1878
301.740701,45.704750,44.921042,1879
301.820758,75.696542,75.243292,1880
301.827709,47.434917,46.878417,1881
301.862962,52.891417,52.316250,1882
301.960460,34.244292,33.892834,1883
302.100163,41.241667,40.806791,1884
302.134838,50.969917,50.327375,1885
302.157694,47.233375,46.849833,1886
302.219841,76.412292,75.802709,1887
302.509611,32.823292,32.157708,1888
302.589873,37.209667,36.521625,1889
302.842753,32.627584,32.186875,1890
302.877078,47.314459,46.585000,1891
303.084475,54.951459,54.425292,1892
303.112766,32.232375,31.826376,1893
303.206247,62.769875,62.022333,1894
303.290945,71.966708,71.018500,1895
303.440621,76.557250,75.811459,1896
303.538589,61.703250,61.016959,1897
303.772679,132.501250,131.760125,1898
303.775868,116.634875,115.944209,1899
303.783135,123.797333,123.447334,1900
303.828547,105.358167,104.502125,1901
303.850359,40.255250,39.714208,1902
303.981899,41.773958,41.257417,1903
304.127546,47.874750,47.296958,1904
304.205335,61.877083,61.462333,1905
304.310027,27.248667,26.737667,1906
304.435469,46.650333,46.184834,1907
304.450507,49.313250,48.762000,1908
304.512098,35.304209,34.871667,1909
304.526138,46.348751,45.591584,1910
304.607314,60.322500,59.613166,1911
304.724531,35.676958,35.026541,1912
304.845930,35.778750,35.243250,1913
304.893343,59.646709,59.152917,1914
304.927883,60.520542,59.934000,1915
304.931982,62.270541,61.442792,1916
305.178339,58.380000,57.789666,1917
305.186529,43.101042,42.574000,1918
305.227672,64.266417,63.639917,1919
305.381155,43.384833,42.872083,1920
305.522860,46.045708,45.571166,1921
305.665062,50.837208,50.223250,1922
305.707171,58.558791,58.013083,1923
305.730858,52.690458,52.170709,1925
305.743073,69.455458,69.117417,1924
305.823713,63.588000,62.902584,1926
305.849934,47.023375,46.440917,1928
305.873818,73.526250,73.096334,1927
305.888956,78.833125,78.080917,1929
305.924313,93.695292,92.999375,1930
305.951281,119.530251,119.082251,1931
306.075162,33.034458,32.515583,1932
306.179234,35.783125,35.247042,1933
306.232245,26.896917,26.429375,1934
306.346280,25.713042,25.181625,1935
306.419122,28.906209,28.279417,1936
306.453769,49.004375,48.550250,1937
306.475033,61.608167,60.932667,1938
306.534691,57.930250,57.334958,1939
306.556528,47.726000,47.024250,1940
306.697806,25.069625,24.591584,1941
306.866894,56.793041,55.981625,1942
306.883178,69.227083,68.414500,1943
306.886428,57.624875,56.689791,1944
306.913794,56.060958,55.350750,1945
306.990459,42.483583,41.976958,1946
307.079497,42.497584,41.823250,1947
307.140617,42.890750,42.166542,1948
307.186849,43.380750,42.875583,1949
307.447778,39.776334,39.255125,1950
307.469175,61.133625,60.468625,1951
307.515430,38.685792,38.181500,1952
307.735244,36.353333,35.779333,1953
307.857360,47.240375,46.748625,1954
307.943976,53.026458,52.321500,1955
308.055324,47.008500,46.488750,1956
308.201275,76.894125,76.316333,1957
308.242432,102.972042,102.121250,1958
308.254652,111.227959,110.534667,1959
308.550162,73.337833,72.586208,1960
308.645828,87.839208,86.073458,1961
308.690133,79.605459,78.860834,1962
308.794731,57.434708,56.947917,1963
308.846400,36.304625,35.913792,1964
309.114487,46.889792,46.360417,1965
309.197574,54.119041,53.343792,1966
309.203336,47.446292,47.020750,1967
309.519267,42.448875,41.997667,1968
309.768471,39.616208,39.080708,1970
309.793742,65.972083,65.403625,1969
309.857049,46.931208,46.403875,1971
309.895436,52.164875,51.176125,1973
309.915636,81.688250,80.760459,1972
309.919395,32.246375,31.701250,1974
310.083611,36.683792,36.206042,1975
310.166945,44.495792,43.949500,1976
310.186707,43.234042,42.629416,1977
310.222690,59.884417,59.240125,1978
310.535347,58.562583,58.059750,1979
310.593714,41.682375,41.305541,1980
310.872599,62.418708,61.727458,1981
310.902978,50.701583,50.161708,1982
310.933274,51.720084,50.956792,1983
310.961612,63.910292,63.252875,1984
310.970062,52.290000,51.898000,1985
311.036211,32.019750,31.539958,1986
311.175832,32.387250,31.973667,1987
311.223163,34.569500,33.882042,1989
311.224400,71.809208,71.294709,1988
311.294916,58.548000,57.902542,1990
311.318104,43.741834,43.315708,1991
311.453181,29.700125,29.128750,1992
311.544184,28.428459,27.995625,1994
311.550910,74.123001,73.509042,1993
311.764074,39.207583,38.638833,1995
311.867953,57.842167,57.249500,1996
311.968408,43.861125,43.333208,1997
311.989236,43.324458,42.635250,1998
312.045955,45.725458,45.270750,1999
312.187976,44.542750,44.157167,2000
312.442355,47.452708,47.155792,2001
312.555428,78.669209,78.180375,2002
312.738434,43.393292,42.814041,2003
312.748373,43.413708,42.757750,2004
312.855963,45.861667,45.309833,2005
312.890777,37.020959,36.272250,2006
312.980243,45.952375,45.398792,2007
313.211033,67.585875,67.059417,2008
313.261213,86.478292,85.530375,2009
313.366048,67.250459,66.663917,2010
313.562175,85.353041,84.516834,2011
313.602393,76.197042,75.495000,2012
313.841708,31.599458,31.191708,2013
314.175318,31.855542,31.368750,2014
314.414605,55.118291,54.559750,2015
314.489551,68.314458,67.637500,2016
314.533516,56.772042,56.142625,2017
314.661414,35.978250,35.258125,2018
314.737090,29.362667,28.870625,2019
314.851186,41.050334,40.658042,2020
314.863404,53.021208,52.530625,2021
314.953285,61.853458,61.320875,2022
315.079382,41.599250,41.120625,2023
315.216613,73.161667,72.491125,2024
315.276469,36.376667,35.925167,2025
315.479259,47.913833,47.306291,2026
315.510856,34.048583,33.385333,2028
315.532541,58.957500,58.370958,2027
315.565214,77.639042,76.867875,2029
315.685634,77.466667,76.967917,2030
315.790814,36.314250,35.837667,2031
315.863342,53.220125,52.790792,2032
315.899916,48.443792,47.887583,2033
315.996513,65.529625,64.924417,2034
316.184554,41.084750,40.625667,2035
316.298335,74.397458,73.609083,2036
316.443585,35.273291,34.650583,2038
316.451719,50.750875,50.152375,2037
316.513856,37.065000,36.702459,2039
316.615071,42.023625,41.519042,2040
316.640133,43.386000,42.807334,2041
316.857366,47.232209,46.729667,2042
316.893641,36.543208,36.068958,2043
317.083336,55.594292,54.829251,2044
317.190525,47.091333,46.609792,2045
317.291306,47.794833,47.316500,2046
317.388378,40.736792,40.331084,2047
317.441640,56.782250,55.968500,2048
317.445459,28.852833,28.263958,2049
317.517145,40.387375,39.833208,2050
317.537693,46.698458,45.953542,2051
317.613513,61.826625,61.238042,2052
317.849568,39.445292,39.145167,2053
317.994709,36.477000,36.011209,2054
318.155288,41.818292,41.437958,2055
318.218344,74.869084,74.447041,2056
318.286399,72.885750,72.319625,2057
318.357074,73.174209,72.179625,2058
318.545541,68.607000,67.135250,2059
318.862179,52.009417,51.406250,2060
318.882850,57.740083,57.103666,2062
318.885556,72.188084,71.673584,2061
319.184581,41.125000,40.619542,2063
319.511318,34.540625,34.008333,2064
319.569431,68.650167,68.005292,2065
319.851127,41.001625,40.311542,2066
319.895631,43.456292,42.932750,2067
319.913852,43.890875,43.398250,2068
320.014437,71.034250,70.364000,2069
320.185668,42.231292,41.723208,2070
320.519371,42.581292,41.875750,2071
320.609688,39.833500,39.514417,2073
320.636983,69.016792,68.309792,2072
320.681060,78.301708,77.778167,2074
320.690732,68.516000,67.792083,2075
320.696186,50.337875,49.901833,2076
320.740980,75.807666,75.317083,2077
320.773054,48.446417,47.816709,2078
320.855322,45.178292,44.710167,2079
320.976744,77.523541,77.030333,2080
321.191942,48.489291,47.822542,2081
321.316342,37.993375,37.471875,2082
321.495877,38.771833,38.314792,2083
321.549801,73.011166,72.308833,2084
321.848302,38.174208,37.410625,2085
322.140857,36.578208,36.243958,2086
322.176121,32.667250,31.916500,2087
322.512467,35.700875,35.167125,2088
322.853304,43.161125,42.588583,2089
323.217776,74.290125,73.521875,2090
323.344141,76.599250,75.964583,2091
323.407186,94.563876,93.589709,2092
323.499932,74.327458,73.719916,2093
323.554545,77.731500,77.136208,2094
323.834917,24.815291,24.475500,2095
323.961248,35.049583,34.578833,2096
324.180105,36.623125,36.178042,2097
324.313411,45.447500,44.910542,2098
324.526211,49.453834,48.899667,2099
324.589350,42.167708,41.804584,2100
324.650779,57.162875,56.535792,2101
324.841896,31.747917,31.278042,2102
325.188180,44.698500,44.130917,2103
325.503738,26.975959,26.650458,2104
325.852268,42.154291,41.434167,2105
326.175324,31.872459,31.409584,2106
326.522910,46.149542,45.374584,2107
326.844640,34.536542,33.986750,2108
327.132700,43.381334,42.681333,2109
327.191171,47.748167,47.237167,2110
327.519354,42.567000,41.968208,2111
327.837273,27.174875,26.872417,2112
328.188289,44.827708,44.170875,2113
328.538159,61.268375,60.613292,2114
328.615436,64.640334,64.175417,2115
328.845924,35.849334,35.249083,2116
328.939418,38.730416,38.065125,2117
329.171744,28.318500,27.678875,2118
329.241815,74.852459,74.070792,2119
329.523326,46.513833,45.792250,2120
329.684816,32.027917,31.550167,2121
329.845985,35.847292,35.378292,2122
329.882506,69.769584,69.314584,2123
330.017332,32.167042,31.689000,2124
330.183080,39.649750,39.328625,2125
330.218778,55.507958,55.030791,2126
330.524164,47.379208,46.660542,2127
330.876858,66.763375,66.255291,2128
330.940017,38.218250,37.600500,2130
330.945320,49.843791,49.242083,2129
331.175958,32.483792,31.950917,2131
331.515670,38.902208,38.352708,2132
331.554584,27.952750,27.290959,2133
331.708065,39.356333,38.671792,2134
331.868985,58.858041,58.344709,2135
331.929629,63.390542,62.686750,2136
332.216184,72.724458,72.151041,2137
332.433206,32.020333,31.521583,2138
332.518393,41.613542,41.132583,2139
332.837460,27.331791,26.950583,2140
333.190033,46.573626,45.908917,2141
333.348779,75.581917,74.774000,2142
333.548485,71.637125,70.917583,2143
333.635394,73.471417,72.624416,2144
333.735094,78.705375,78.120000,2145
333.834366,45.890250,45.097208,2146
333.851995,41.871084,41.279000,2147
334.001411,42.667625,42.151958,2148
334.171743,28.266000,27.773375,2149
334.335131,37.710750,37.029417,2150
334.476116,61.152292,60.440042,2151
334.518353,41.542667,41.074541,2152
334.702145,28.695917,28.193959,2153
334.731304,27.018250,26.714334,2154
334.857347,47.220250,46.751542,2155
335.190392,46.913417,46.413208,2156
335.437474,34.765209,34.231459,2158
335.446863,64.277791,63.752792,2157
335.528151,51.370375,50.825250,2159
335.848577,38.446333,37.956334,2160
335.981925,38.524792,38.028084,2161
336.068408,56.548042,56.095666,2162
336.201639,58.209958,57.780042,2163
336.548397,71.584625,70.881417,2164
336.628396,46.676875,46.196500,2165
336.868488,58.389333,57.779458,2166
337.179610,36.146833,35.450625,2167
337.547309,70.564958,69.855917,2168
337.566523,39.834958,39.426917,2169
337.609698,68.784625,68.359958,2170
337.806434,45.899875,45.413375,2171
337.855940,45.815000,45.483667,2172
337.889680,34.834042,34.210459,2173
338.056706,38.817917,38.131042,2174
338.209360,65.881375,65.400708,2175
338.542657,65.263042,64.306083,2176
338.838355,28.242375,27.639500,2177
338.910437,31.000958,30.383500,2178
338.933819,36.321833,35.616000,2179
339.218582,75.105042,74.408542,2180
339.515715,38.952084,38.552792,2181
339.666278,47.242708,46.585292,2182
339.772176,36.883583,36.478458,2183
339.846039,35.915250,35.290792,2184
340.183974,40.542541,40.233958,2185
340.550932,74.125042,73.477250,2186
340.846612,36.480792,35.984376,2187
341.128128,45.363209,44.682458,2188
341.194528,51.099125,50.618458,2189
341.530026,53.237333,52.713792,2190
341.846573,36.437625,35.958709,2191
341.974058,38.666542,38.269875,2192
342.191109,47.672625,47.068583,2193
342.250745,37.502209,37.041667,2194
342.434525,48.012417,47.341291,2195
342.519288,42.497875,41.786208,2196
342.867620,57.463583,56.837667,2197
343.222384,72.282583,71.580250,2199
343.239318,95.843708,94.889375,2198
343.300535,70.143208,69.588458,2200
343.352406,57.829334,57.121459,2201
343.546267,69.383417,68.494125,2202
343.851059,40.931625,40.334000,2203
343.880534,59.509333,58.878459,2204
344.182660,39.217500,38.611708,2206
344.192163,50.285666,49.713416,2205
344.299676,54.770334,54.050208,2207
344.520739,46.500416,46.052417,2208
344.524962,48.145708,47.472542,2209
344.858428,48.353083,47.727750,2210
345.188206,44.733500,44.249625,2211
345.521446,44.678959,44.254000,2212
345.813621,27.119750,26.794250,2213
345.859419,49.249084,48.611792,2214
345.929690,61.250875,60.708083,2215
345.956941,37.495500,36.955041,2216
346.010081,40.536125,40.047000,2217
346.184534,41.054416,40.504917,2218
346.275290,58.025042,57.368792,2219
346.337345,31.571750,31.017875,2220
346.510331,33.543417,33.178542,2221
346.541572,58.628500,57.887667,2222
346.851212,41.113041,40.651625,2223
346.900896,70.633500,69.892959,2224
347.189490,46.041334,45.534708,2225
347.522736,45.922625,45.270458,2226
347.621516,47.387667,46.920125,2227
347.858610,48.480542,47.917917,2228
347.861707,44.863583,44.242917,2229
348.017760,32.333292,31.867500,2230
348.239072,95.627291,95.147500,2231
348.296180,143.503208,142.880208,2232
348.320658,146.255375,145.426166,2233
348.353545,172.019750,171.231084,2234
348.416659,211.319792,210.349417,2235
348.493765,230.248375,229.740583,2236
348.563667,86.851917,85.994126,2237
348.580737,85.138667,84.438375,2238
348.849587,39.432166,38.810042,2239
349.147854,40.513083,39.978750,2240
349.200312,56.819875,56.020708,2241
349.517684,40.873000,40.219959,2242
349.613947,71.549625,70.878208,2243
349.745094,79.625583,78.888250,2244
349.879144,69.027292,68.493541,2245
349.953090,73.649625,73.001834,2246
350.064926,37.576875,37.092417,2247
350.162408,61.602333,61.065375,2248
350.189164,45.705041,45.209209,2249
350.434267,41.619083,41.150958,2250
350.517177,40.414500,39.989834,2252
350.518195,57.888833,57.402917,2251
350.578429,40.976250,40.532041,2253
350.856475,46.342917,45.734792,2254
350.901596,44.930083,44.374750,2255
351.182425,38.973667,38.565625,2256
351.205848,61.391166,60.639834,2257
351.215909,59.413375,58.674000,2258
351.271080,38.178000,37.597000,2259
351.324694,42.445667,41.945166,2260
351.512632,35.847583,35.200666,2261
351.697281,27.406458,27.088542,2262
351.761563,74.101125,73.273375,2263
351.842923,32.799958,32.287791,2264
352.130463,31.707958,31.231958,2265
352.187473,44.046042,43.554000,2266
352.522618,45.831917,45.347167,2267
352.619600,45.935167,45.483083,2268
352.859441,49.317333,48.797583,2269
352.986400,71.861708,71.317750,2270
353.224914,81.448791,80.880334,2271
353.345963,48.685583,47.915291,2272
353.476112,73.301375,72.490542,2273
353.539732,62.855042,62.106917,2274
353.618887,79.528458,78.718792,2275
353.721203,69.753250,68.244750,2276
353.783138,71.299958,70.529666,2277
353.882022,71.903125,71.377833,2278
354.185149,41.717375,41.326542,2279
354.500362,32.838167,32.303833,2280
354.532165,55.398000,54.654542,2281
354.675560,27.172541,26.704125,2282
354.850515,40.341584,39.694375,2283
355.185675,42.239458,41.722916,2284
355.419476,35.399875,34.750041,2285
355.463179,64.368792,63.556500,2286
355.511213,34.446125,33.917625,2287
355.852691,42.555916,42.046667,2288
355.919626,35.477459,34.805166,2289
356.168337,24.854666,24.371375,2290
356.270893,41.390125,40.755167,2291
356.482298,49.770875,49.032375,2292
356.517621,40.828375,40.061000,2293
356.855934,45.812083,45.325875,2294
357.190919,47.483917,47.197209,2295
357.276809,46.400666,45.927875,2296
357.522217,44.486750,43.857916,2298
357.543871,55.589333,54.798917,2299
357.546429,69.667208,69.168166,2297
357.756730,59.999917,59.474333,2300
357.763056,51.046917,50.486625,2301
357.776403,59.632417,59.105667,2302
357.857318,47.210625,46.770500,2303
358.038414,45.713208,45.254125,2304
358.217261,73.819375,73.281250,2305
358.322092,70.679000,69.958875,2306
358.580506,103.307167,102.366250,2307
358.589482,103.334000,102.780708,2308
358.651681,92.796083,92.068083,2309
358.864241,54.087250,53.350209,2310
359.175980,32.525792,32.200292,2311
359.204238,60.047458,59.464417,2312
359.511313,34.512625,33.869208,2314
359.521217,53.792959,53.137583,2313
359.654332,48.437375,47.885542,2315
359.684415,57.365584,56.749291,2316
359.846662,36.477583,36.021125,2317
359.918715,41.775125,41.313708,2318
359.979599,36.386584,35.930708,2319
360.185428,41.983375,41.506500,2320
360.233713,36.420125,35.944708,2321
360.295245,43.206917,42.745500,2322
360.425850,32.746292,32.062626,2323
360.480404,37.685375,37.036708,2324
360.502330,25.540083,24.963459,2325
360.724564,68.099792,67.597250,2326
360.844916,29.683500,28.898041,2328
360.866361,56.239458,55.708625,2327
361.201141,57.713541,57.349250,2329
361.516226,39.414083,38.893750,2330
361.865910,55.789709,55.409667,2331
362.113202,60.770208,60.158875,2332
362.196887,53.455500,52.951208,2333
362.315668,36.838958,36.323292,2334
362.463704,40.098917,39.794416,2335
362.536404,59.649042,59.136292,2336
362.691638,48.913959,48.190334,2337
362.825985,41.123542,40.555084,2338
362.850334,40.131583,39.549125,2339
363.222624,79.167375,78.540875,2340
363.278074,91.856334,90.965000,2341
363.321306,51.990750,51.507750,2342
363.479682,77.038500,76.615291,2343
363.549759,89.278292,88.849541,2344
363.572295,94.778542,93.718917,2345
363.797639,67.875791,67.155375,2346
363.855875,45.759291,45.305167,2347
364.186824,43.391542,42.835042,2348
364.202035,38.766292,38.203375,2349
364.518528,41.768417,41.030792,2350
364.592329,44.273542,43.730458,2351
364.665535,78.991501,78.224125,2352
364.835428,53.650042,52.958208,2353
364.847536,37.409167,36.801333,2354
365.115476,31.689292,31.081750,2355
365.156461,51.029709,50.244833,2356
365.180494,37.022708,36.325334,2357
365.227305,27.143375,26.842958,2358
365.359728,43.816500,43.302000,2359
365.509549,32.786541,32.104042,2360
365.633195,31.927000,31.452459,2361
365.848730,38.587791,37.997750,2362
365.864132,48.892958,48.129958,2363
365.962550,68.551000,67.903208,2364
366.110327,41.847167,41.385750,2365
366.185883,42.424958,41.807791,2366
366.308435,55.225042,54.803000,2367
366.475724,35.331334,34.670708,2368
366.508524,31.721083,31.230500,2369
366.666297,42.566708,41.974625,2370
366.715658,38.382459,37.869126,2371
366.773642,45.811209,45.248000,2373
366.782167,80.827250,80.104500,2372
366.810755,62.824708,62.423958,2374
366.871312,61.173875,60.387250,2375
367.042207,71.935500,71.405541,2376
367.126330,44.532250,44.074917,2377
367.198609,34.778917,34.307000,2379
367.210363,66.908042,66.309250,2378
367.379038,32.665500,32.227125,2381
367.392157,72.364542,71.844208,2380
367.522508,45.743833,45.276584,2382
367.557930,46.733458,45.987375,2383
367.587906,40.750500,40.049917,2384
367.638216,36.333792,35.726250,2385
367.834810,24.682292,24.377208,2386
368.061760,45.802750,45.488917,2387
368.206580,74.716542,74.218667,2388
368.224621,81.161792,80.422417,2389
368.317764,69.588167,68.867750,2390
368.418719,70.237125,68.828667,2391
368.514879,84.469583,83.644459,2392
368.554992,78.120584,77.427292,2393
368.593264,68.058958,67.594041,2394
368.813468,68.705001,67.821834,2395
368.852386,42.068250,41.441167,2397
368.854590,71.520167,70.605500,2396
368.921279,35.927500,35.345333,2398
368.983166,36.473792,35.445958,2399
369.123667,35.172667,34.631041,2400
369.179206,35.722459,35.084292,2401
369.244285,35.313542,34.750625,2402
369.298052,41.012125,40.445416,2403
369.318736,41.928833,41.097583,2404
369.421142,35.516250,34.707750,2405
369.550543,73.731292,72.681292,2406
369.623335,68.633833,67.921292,2407
369.748998,54.468750,53.694083,2408
369.750126,48.952167,48.479958,2409
369.883178,73.017292,72.421125,2410
369.890650,33.541959,33.088417,2411
369.966355,61.513958,60.762917,2412
370.149307,46.040166,45.574667,2413
370.194890,51.436875,50.783542,2414
370.327329,36.822625,36.358875,2415
370.544831,68.054875,67.540083,2416
370.622674,33.356459,32.880458,2417
370.730150,51.720667,51.118958,2418
370.745118,33.446000,32.848958,2419
370.845766,35.694167,35.116375,2420
371.050156,27.357167,26.829542,2421
371.140436,32.792667,32.165583,2422
371.171487,28.000583,27.332959,2423
371.318143,28.201834,27.422792,2424
371.409712,27.877792,27.321875,2425
371.504858,28.068250,27.379917,2426
371.837883,41.570084,41.209583,2427
371.870256,60.153625,59.586333,2428
372.107101,36.921208,36.411959,2429
372.151189,60.200875,59.289125,2430
372.182358,53.220125,52.845916,2431
372.203341,60.644500,59.782625,2432
372.216147,71.874834,71.331458,2433
372.418559,25.016250,24.536750,2434
372.508763,31.968708,31.464709,2435
372.654811,35.656834,34.983958,2436
372.768117,35.761250,35.193375,2437
372.824449,31.125500,30.456417,2438
372.858273,48.128500,47.469334,2439
373.237858,94.399667,93.384667,2441
373.249585,116.836708,115.782334,2440
373.292237,132.679750,131.822542,2442
373.366352,169.814750,167.319541,2443
373.385832,119.398417,118.704833,2444
373.429629,121.291333,120.425667,2445
373.448161,110.074708,109.580625,2446
373.536850,58.252250,57.552250,2447
373.839247,62.029333,61.134209,2448
373.854506,68.814958,67.876667,2449
373.876929,66.810917,66.174792,2450
374.018074,44.277042,43.729291,2451
374.035370,60.300042,59.696291,2452
374.181765,38.308375,37.842000,2453
374.240804,36.883292,36.132833,2454
374.533525,56.734125,56.137958,2455
374.535865,38.727208,38.178583,2456
374.615107,59.790791,59.253833,2457
374.694517,32.627000,31.917666,2458
374.742233,40.511625,40.121667,2459
374.843488,33.374542,32.978459,2460
375.187671,44.215791,43.692542,2461
375.193175,48.051500,47.477500,2462
375.490058,27.195875,26.716084,2463
375.526112,49.308000,48.481125,2464
375.710259,42.513917,41.957708,2465
375.757029,36.584625,35.932459,2466
375.828792,47.379209,46.626126,2467
375.849632,63.857500,63.251709,2469
375.864611,80.484542,79.788625,2468
375.886892,76.778041,76.073667,2470
375.996911,37.710166,37.191000,2471
376.068860,73.462375,72.686834,2472
376.180433,36.950084,36.436750,2473
376.356732,31.862833,31.353000,2474
376.482395,43.145666,42.410375,2475
376.549301,72.513876,71.764000,2476
376.562783,33.079083,32.673959,2477
376.684312,40.031541,39.357209,2478
376.857466,47.342750,46.861209,2479
377.041928,66.824334,66.460333,2480
377.071343,41.086500,40.370167,2481
377.084437,48.512333,47.852292,2482
377.209965,66.515458,65.981417,2483
377.291261,77.335709,76.613541,2484
377.517797,41.018542,40.616625,2485
377.586508,31.878875,31.412791,2486
377.634414,32.939666,32.349625,2487
377.842224,32.117167,31.612584,2488
378.075537,55.574458,54.849667,2489
378.202204,58.749541,57.949500,2490
378.352960,70.236250,69.473833,2491
378.537144,93.012791,92.272542,2492
378.588202,111.357458,110.432000,2493
378.614452,105.731209,105.024501,2494
378.666742,99.550209,99.120876,2495
378.724301,79.087750,78.063125,2496
378.835074,24.960250,24.517500,2497
378.875755,33.341583,32.825917,2498
378.968697,28.164792,27.806334,2499
379.140359,35.800625,35.095959,2500
379.180583,37.105834,36.645875,2501
379.530526,53.760875,53.016542,2502
379.543564,64.470000,63.985542,2503
379.554136,66.152625,65.396042,2504
379.621468,51.877583,51.277916,2505
379.861427,51.307375,50.734542,2506
379.904075,51.985208,51.345583,2507
379.941235,36.116209,35.463166,2508
380.174093,30.623542,30.191583,2509
380.214116,59.175375,58.482375,2510
380.520946,44.139959,43.636542,2511
380.788335,41.071334,40.515417,2512
380.837229,27.078042,26.593000,2513
380.917278,38.735667,38.021084,2514
381.175910,32.459000,31.980667,2515
381.377345,46.886000,46.512958,2516
381.555183,78.403208,77.879667,2517
381.703107,47.211500,46.901458,2518
381.802181,43.652583,42.985833,2519
381.844047,33.911792,33.209166,2520
382.043392,37.236208,36.558959,2521
382.141662,43.824083,43.354209,2522
382.202887,59.400833,58.712792,2523
382.306332,73.625416,73.144167,2524
382.337068,44.317583,43.703917,2525
382.555926,79.143458,78.433250,2526
382.853648,43.517834,43.082958,2527
382.992434,42.794500,42.254041,2528
383.107312,32.579459,32.117458,2529
383.154994,79.734667,79.163292,2530
383.217268,73.829875,73.160500,2531
383.263657,87.948000,87.366416,2532
383.540679,63.847875,63.459375,2533
383.681569,73.422708,72.582708,2534
383.846161,35.949084,35.139417,2535
383.885198,34.225333,33.829250,2536
383.915501,57.820000,57.072166,2537
384.176399,32.921583,32.193292,2538
384.505673,35.751917,34.997375,2539
384.528561,51.767917,51.130042,2540
384.788426,42.552125,41.794083,2541
384.839806,29.694584,29.076250,2543
384.876905,69.534500,68.971584,2542
385.164577,40.089000,39.446750,2544
385.189922,48.662833,47.833042,2545
385.208378,64.942500,64.040084,2546
385.377741,44.367750,43.904000,2547
385.521874,45.054917,44.397208,2548
385.856151,45.983292,45.438750,2549
385.995866,54.244458,53.632541,2550
386.032356,57.331458,56.605208,2551
386.189506,46.029375,45.367000,2552
386.508548,31.758416,31.380416,2553
386.852686,42.571375,41.917459,2554
387.174806,31.367583,31.045291,2555
387.550141,73.319458,72.486166,2556
387.877806,67.676292,67.014791,2557
388.201953,58.514750,57.967875,2558
388.546664,69.865833,69.215708,2559
388.849094,38.958792,38.555417,2560
389.176346,32.924791,32.492834,2561
389.514997,38.210083,37.719500,2562
389.865498,55.339666,54.644625,2563
389.957538,48.045084,47.364625,2564
390.192621,49.167709,48.522250,2565
390.518958,42.175875,41.687917,2566
390.848558,38.428542,37.709000,2567
390.982721,36.586084,36.108625,2568
391.187543,44.083084,43.567125,2569
391.490046,62.372333,61.873583,2570
391.526358,49.586833,49.100334,2571
391.679237,63.340666,62.630750,2572
391.743698,47.390583,46.934416,2573
391.842700,32.598417,32.038125,2574
392.128098,41.239916,40.638209,2575
392.181374,37.943792,37.418500,2576
392.519370,42.561167,41.874292,2577
392.605423,31.663625,31.200459,2578
392.848983,38.870709,38.409875,2579
392.875361,49.995458,49.418541,2580
393.206081,62.626375,61.854916,2581
393.386531,73.292333,72.551792,2582
393.521749,81.376166,80.450417,2583
393.557451,80.725750,79.972375,2584
393.758365,79.827125,79.287541,2585
393.780194,81.963875,81.341458,2586
393.837357,27.264708,26.967791,2587
394.165659,42.729750,42.051042,2588
394.185842,42.387625,41.831417,2589
394.240340,41.840458,41.387500,2590
394.374623,43.117958,42.654500,2591
394.409125,65.337125,64.714125,2592
394.450745,42.166250,41.591958,2593
394.519376,42.590041,41.881000,2594
394.858258,48.128209,47.410125,2595
395.185806,42.325500,41.684125,2596
395.217687,36.663375,35.891625,2597
395.246651,44.811083,44.146375,2598
395.521943,45.177125,44.645417,2599
395.537253,40.649583,40.175625,2600
395.878989,68.866583,68.310667,2601
396.140208,47.936000,47.481875,2602
396.184058,40.580459,40.066541,2603
396.200668,46.572167,45.960250,2604
396.542264,65.471291,64.995583,2605
396.851652,41.487833,40.827792,2606
397.179922,36.495667,36.179500,2607
397.290599,51.559375,50.896708,2608
397.514082,37.299500,36.690792,2609
397.534618,48.413458,47.658333,2610
397.837361,27.237000,26.754875,2611
397.918572,43.290917,42.770000,2612
398.210549,67.098500,66.298167,2613
398.280197,77.791583,77.153417,2614
398.483586,90.003375,88.359250,2615
398.508872,99.542916,98.830958,2616
398.557142,79.694417,79.048666,2617
398.788353,38.209209,37.749833,2618
398.859334,49.217583,48.737500,2619
399.017207,35.735000,35.268625,2620
399.049666,44.542167,43.863458,2621
399.177679,34.209000,33.679042,2622
399.385443,74.466584,73.770959,2623
399.492133,56.814041,56.142041,2624
399.509160,32.368875,32.009250,2625
399.703798,67.277000,66.733042,2626
399.847725,37.614208,37.213166,2627
400.181941,38.485417,37.987250,2628
400.212544,43.571792,42.840875,2629
400.389092,47.473709,47.072083,2630
400.556510,79.771708,79.212000,2631
400.641776,78.640917,77.978250,2632
400.855282,45.134542,44.480042,2633
400.988203,31.507584,30.834709,2634
401.149785,38.641459,38.096042,2635
401.212168,68.704708,68.038541,2636
401.331833,62.147459,61.486250,2637
401.538246,61.485667,60.929750,2638
401.843225,33.069167,32.568083,2639
401.925936,48.194416,47.488875,2640
402.171629,28.178792,27.488709,2641
402.302156,39.363333,38.863125,2642
402.334417,46.530167,45.894042,2643
402.484130,67.934416,67.430125,2644
402.551346,74.570708,73.836000,2645
402.630475,32.346416,31.885584,2646
402.840990,30.872334,30.183709,2647
402.891651,28.324041,27.751500,2648
403.104907,47.613709,47.012583,2649
403.203073,59.663625,59.088458,2650
403.409876,74.256292,73.624833,2651
403.553917,77.097708,76.428625,2652
403.852905,42.782250,42.181417,2653
404.048095,54.023959,53.306167,2654
404.177133,38.998750,38.580209,2655
404.198815,55.273167,54.613708,2656
404.433374,43.752041,43.325625,2657
404.514053,37.196250,36.775958,2658
404.846997,36.857917,36.137500,2659
404.880715,49.859542,49.053958,2660
404.936208,34.936125,34.293292,2661
404.989975,72.938250,72.180500,2662
405.091579,43.943084,43.467959,2663
405.170460,26.985000,26.513667,2664
405.265879,45.085250,44.524959,2665
405.550722,73.913000,73.213583,2666
405.816961,62.963250,62.291542,2667
405.850051,39.947542,39.454333,2668
405.870878,49.471625,48.939042,2669
405.890293,57.305500,56.534334,2670
406.189654,46.231208,45.717583,2671
406.398367,36.901375,36.313375,2673
406.421646,68.617792,68.121958,2672
406.533744,56.988166,56.476000,2674
406.690328,49.202417,48.529250,2675
406.853579,43.435875,42.766791,2676
407.171717,28.246750,27.553750,2677
407.256429,28.026834,27.406167,2678
407.504676,27.914250,27.381958,2679
407.716085,28.318500,27.535083,2680
407.843513,33.391167,32.931791,2681
408.058170,40.953792,40.551291,2682
408.227414,83.930875,83.276958,2683
408.486982,84.683667,84.032375,2684
408.550342,73.520125,71.869000,2685
408.853221,43.150625,42.578666,2686
409.121544,41.047416,40.586875,2687
409.184454,51.525250,51.001417,2688
409.188369,44.939416,44.348791,2689
409.520742,43.974000,43.462125,2690
409.872778,62.660500,61.954959,2691
410.137509,36.213333,35.580125,2692
410.178669,35.221083,34.837541,2693
410.260688,64.937250,64.274000,2694
410.273577,41.455750,40.836542,2695
410.540942,64.134875,63.425833,2696
410.739670,40.727167,40.207125,2697
410.849372,39.259208,38.807417,2698
411.036770,42.824250,42.350291,2700
411.040445,49.822500,49.163917,2699
411.186704,43.253875,42.671125,2701
411.273615,46.337667,45.662458,2702
411.518822,42.057166,41.533042,2703
411.624817,46.871125,46.167042,2704
411.842257,32.139916,31.558917,2705
412.177355,37.261292,36.810375,2706
412.211721,68.245917,67.547375,2707
412.468079,31.700375,31.386541,2708
412.509278,32.471833,32.048334,2709
412.536407,59.360875,58.715417,2710
412.691915,47.040291,46.384917,2711
412.863028,52.909500,52.346583,2712
413.214363,70.907958,69.681208,2713
413.432562,68.077625,67.528417,2714
413.556507,79.622376,79.056833,2715
413.745075,56.273583,55.430375,2716
413.837135,26.980334,26.497625,2717
413.931278,35.322292,34.596333,2718
414.197690,54.208000,53.515875,2719
414.513893,37.119542,36.529208,2720
414.534756,48.062000,47.346250,2721
414.617902,72.142292,71.636541,2722
414.660704,44.244667,43.775959,2723
414.851606,41.522250,40.924041,2724
414.865389,38.913875,38.364666,2725
415.179090,35.631458,35.131541,2727
415.199423,56.340375,55.768708,2726
415.296556,47.096875,46.649750,2728
415.518478,41.706875,41.274625,2729
415.536408,47.237167,46.696125,2730
415.612932,50.854125,50.357125,2731
415.835868,25.742500,25.228000,2732
416.185988,42.508375,41.896750,2733
416.520839,44.027667,43.512584,2734
416.641688,76.352792,75.852292,2735
416.863459,53.344084,52.695417,2736
417.036110,53.719750,53.173166,2737
417.189751,46.313750,45.756083,2738
417.356883,45.954125,45.258791,2739
417.518847,42.059791,41.567750,2740
417.751960,48.710375,48.149208,2741
417.790453,62.388375,61.838875,2742
417.804312,34.310500,33.923750,2743
417.852638,42.504291,41.850083,2744
418.081909,52.347458,51.883708,2745
418.152516,55.203750,54.717833,2746
418.215712,72.255458,71.357708,2747
418.519419,109.765833,109.119209,2748
418.519644,109.381126,108.358251,2749
418.585845,108.545208,107.902666,2750
418.599556,102.737250,102.001375,2751
418.783507,47.168917,46.677750,2752
418.838352,28.234500,27.502125,2753
418.879370,28.151083,27.495709,2754
419.138053,36.192917,35.868876,2755
419.188594,45.144167,44.613042,2756
419.286023,78.606500,78.096083,2757
419.472353,39.476792,38.957042,2758
419.513265,36.467958,35.755709,2759
419.603671,46.220125,45.710875,2760
419.684981,37.186334,36.764292,2761
419.727928,47.390000,46.905834,2763
419.750072,48.027875,47.635291,2764
419.752230,95.783333,95.139625,2762
419.807765,47.187875,46.629917,2765
419.847922,37.783084,37.117500,2766
420.181804,38.370500,37.796500,2767
420.217131,60.883084,60.152458,2768
420.368338,28.184917,27.629000,2769
420.429860,26.958167,26.641125,2770
420.516928,49.391417,48.901708,2771
420.522010,45.215916,44.658250,2772
420.581848,35.911750,35.205334,2773
420.843758,33.618375,33.249708,2774
420.900440,66.985334,66.454791,2775
420.941142,54.969250,54.503750,2776
421.056663,67.593167,66.878292,2777
421.074350,38.496208,37.935041,2778
421.194496,33.005875,32.538333,2780
421.225917,82.442500,81.763208,2779
421.441497,48.518458,47.816417,2781
421.517497,45.750542,45.014083,2782
421.521805,45.025750,44.402167,2783
421.608058,42.150500,41.597791,2784
421.740109,35.626500,35.204750,2785
421.821401,43.314250,42.710792,2786
421.851497,41.306709,40.624500,2787
421.959392,27.240792,26.781417,2788
422.131842,41.768708,41.311667,2789
422.185082,41.610917,41.001334,2791
422.205647,75.007625,74.074875,2790
422.223545,69.652625,66.385667,2793
422.229226,79.616542,79.016291,2792
422.282295,103.781708,102.972333,2794
422.316792,46.560500,46.158875,2796
422.336607,150.966083,150.275125,2795
422.369334,39.630500,39.244042,2797
422.417821,26.953792,26.532917,2798
422.509918,33.123416,32.413500,2799
422.854219,44.122750,43.640042,2800
422.997132,39.627583,39.023250,2801
423.038599,60.195042,59.625708,2802
423.155319,24.887625,24.489791,2803
423.225733,82.237458,81.583250,2804
423.333800,90.445542,89.749334,2805
423.378806,100.773459,98.704375,2806
423.413862,101.120251,100.599334,2807
423.554665,85.875708,85.386583,2808
423.565771,88.893000,87.916791,2809
423.662651,70.310334,69.703958,2810
423.816642,43.442583,42.783125,2811
423.839673,29.443750,28.765625,2812
423.899719,60.459875,59.675583,2813
424.105282,59.704750,59.158167,2814
424.184484,41.043041,40.372209,2815
424.257286,35.935666,35.370708,2816
424.435393,28.112000,27.591375,2817
424.513060,45.974542,45.422708,2818
424.514698,37.903250,37.271208,2819
424.585541,39.952208,39.463667,2820
424.624636,41.818875,41.255375,2821
424.851323,37.639292,36.965833,2823
424.861990,51.867375,51.390500,2822
425.151857,49.565250,48.869625,2824
425.171189,27.724083,27.177500,2825
425.234332,40.468750,39.989833,2826
425.530077,53.305291,52.753750,2827
425.532036,33.045541,32.478542,2828
425.602588,37.295417,36.640042,2829
425.675362,28.207375,27.650583,2830
425.741271,37.573958,37.072875,2831
425.780205,52.846791,52.079708,2832
425.796236,49.305375,48.609750,2833
425.824967,60.126500,59.650500,2834
425.858206,48.091167,47.539042,2835
425.885321,45.511084,44.767333,2836
425.924349,38.443708,37.750709,2837
426.197247,37.993375,37.415583,2839
426.205153,61.677000,61.019875,2838
426.278333,49.333084,48.605667,2840
426.500186,73.263459,72.496959,2841
426.510384,33.615166,33.153458,2842
426.693469,40.892833,40.422667,2843
426.855973,45.860792,45.352417,2844
427.179298,35.816667,35.112291,2845
427.214666,33.320875,32.691166,2846
427.260183,35.431958,34.957709,2847
427.341623,59.483959,58.958375,2848
427.377481,60.455500,59.888792,2849
427.512547,35.764750,35.206792,2850
427.542210,58.526126,57.767209,2851
427.681131,38.794583,38.307792,2852
427.730721,40.773542,40.175041,2853
427.839181,29.063125,28.490291,2855
427.869625,69.417250,68.805917,2854
428.046779,55.088250,54.480125,2856
428.149422,46.477083,45.940125,2857
428.215521,72.063250,71.399416,2858
428.613137,129.719917,129.051416,2860
428.618528,127.400000,126.551250,2861
428.621712,144.907583,144.266209,2859
428.749168,67.168500,66.315667,2862
428.851925,41.779500,41.320416,2863
428.958721,36.236667,35.774958,2864
429.005521,65.739917,65.026792,2865
429.050153,31.047042,30.573083,2866
429.082628,61.352959,60.622333,2867
429.090276,37.642500,37.266250,2868
429.177135,33.678458,33.247083,2869
429.339081,27.152417,26.588917,2870
429.518100,41.298834,40.637042,2871
429.560169,59.650791,58.745167,2872
429.589729,53.078666,52.493000,2873
429.606573,64.026958,63.424084,2874
429.738689,41.902000,41.146875,2875
429.763876,59.625125,58.747208,2876
429.781443,53.760291,53.284583,2877
429.832795,37.508041,36.937250,2878
429.854799,44.690334,44.060917,2879
430.098340,42.346208,41.774250,2880
430.211484,68.012875,67.496333,2881
430.406174,48.264417,47.698292,2882
430.439928,31.643792,31.348917,2883
430.508687,31.902792,31.408708,2884
430.576252,32.526959,32.052125,2885
430.634530,77.657125,76.890625,2886
430.785631,39.192416,38.754625,2887
430.808690,51.804959,51.142000,2888
430.866576,56.439833,55.813625,2889
430.934437,49.738208,49.076708,2890
431.066376,37.098833,36.565667,2891
431.180714,37.291333,36.627791,2892
431.311915,32.823292,32.306167,2893
431.519472,42.667041,42.156917,2894
431.534188,54.415958,53.581500,2895
431.634129,45.907458,45.377208,2896
431.722939,34.389834,33.769167,2898
431.734246,59.620167,58.947292,2897
431.796623,41.020000,40.570541,2899
431.853473,43.359167,42.714000,2900
431.944378,42.597625,41.857083,2901
431.964384,29.890000,29.323583,2903
431.984117,70.727709,70.198333,2902
432.034418,61.202750,60.766125,2904
432.064445,50.253000,49.254625,2906
432.074761,70.924292,70.269500,2905
432.175861,32.380542,31.850583,2907
432.400604,32.014792,31.711750,2908
432.500297,45.689875,45.342208,2909
432.526845,50.035417,49.272709,2910
432.846617,36.518708,35.825416,2911
433.178336,55.587000,54.692458,2912
433.234651,91.189292,90.460417,2913
433.328448,99.943375,98.870625,2914
433.338576,92.829333,92.029875,2915
433.377232,82.420917,81.609500,2916
433.567717,96.253208,95.541833,2917
433.573698,96.842083,94.341333,2918
433.785864,82.747875,81.984875,2919
433.808076,78.309292,77.084583,2920
433.853939,43.733375,43.017917,2921
433.885666,36.791709,36.024916,2922
433.926343,35.852542,35.352625,2923
434.179027,35.621541,35.086334,2924
434.504723,27.966458,27.442916,2925
434.566635,64.749417,64.113584,2926
434.857690,47.565000,47.096875,2927
434.968638,46.295083,45.788750,2928
435.192666,49.212917,48.531583,2929
435.291064,42.934500,42.301000,2930
435.322127,51.824208,51.152500,2931
435.385560,39.687084,39.035209,2932
435.504957,42.408625,41.880125,2933
435.527587,50.796958,50.228792,2934
435.670432,45.984750,45.610833,2935
435.711358,48.704250,48.098750,2936
435.861154,51.025625,50.479625,2937
436.037340,34.950708,34.602167,2938
436.075394,68.341292,67.520542,2939
436.173340,29.864917,29.344000,2940
436.377804,42.481541,41.765208,2941
436.495037,42.469875,42.058625,2942
436.542913,66.118209,65.408291,2943
436.700377,37.891875,37.415875,2944
436.840998,48.200250,47.699459,2945
436.877562,67.419041,66.857000,2946
436.948935,31.873625,31.416000,2947
437.134758,32.791500,32.107542,2948
437.179924,36.457750,35.839708,2949
437.228917,62.529542,61.988500,2950
437.239295,46.725000,46.046291,2951
437.467250,45.710875,45.238375,2952
437.543565,66.779125,66.085542,2953
437.574219,43.005959,42.285541,2954
437.845704,35.582167,35.062708,2955
438.023835,28.130376,27.616459,2956
438.228436,84.979416,84.580125,2957
438.242758,90.119750,89.710833,2958
438.556310,79.501333,78.663958,2959
438.663268,74.838459,73.879458,2960
438.822497,47.523291,46.790916,2961
438.854831,44.722125,44.237375,2962
438.906121,69.791166,68.991709,2963
439.173065,29.611750,29.078583,2964
439.229793,74.604250,73.861959,2965
439.549233,72.420542,71.775958,2966
439.570133,32.790625,32.368291,2967
439.620973,46.067583,45.670625,2968
439.716219,74.465125,73.760166,2969
439.863315,53.196500,52.462667,2970
440.193149,49.691833,49.149625,2971
440.272222,44.139667,43.480791,2972
440.313204,39.673666,39.202042,2973
440.517151,72.741083,71.933750,2974
440.517208,40.448625,40.162209,2975
440.564964,67.993625,67.466875,2976
440.854896,44.802916,44.515333,2977
441.214685,71.231709,70.528792,2978
441.513052,36.269917,35.565251,2979
441.845738,35.614834,35.091875,2980
442.085919,35.716916,35.089250,2981
442.175996,32.541541,32.078083,2982
442.188549,40.907417,40.267791,2983
442.327736,37.410042,36.938416,2984
442.443425,25.732000,25.214292,2985
442.505876,29.089084,28.413583,2986
442.567803,41.922709,41.547042,2987
442.876060,65.924542,65.433666,2988
442.886155,45.791083,45.369625,2989
442.964168,60.425750,59.745875,2990
443.193491,50.057291,49.567875,2991
443.551409,74.662875,73.996417,2992
443.714760,36.889708,36.141000,2993
443.852521,42.414750,41.969375,2994
443.873401,42.620083,42.069125,2995
444.185240,41.794666,41.296500,2996
444.522939,46.174041,45.698625,2997
444.859595,49.470458,48.782416,2998
445.173644,46.325417,45.816167,2999
445.194986,62.264708,61.786375,3000
445.223694,80.242750,79.607792,3001
445.228965,45.055209,44.426375,3002
445.471675,46.910500,46.297125,3003
445.536807,34.259166,33.806208,3005
445.538098,61.310667,60.828542,3004
445.846090,35.966875,35.394625,3006
445.950835,35.451208,34.943417,3007
445.990579,27.251000,26.957875,3008
446.178968,35.516250,34.809834,3009
446.202522,47.573458,46.868500,3010
446.533398,56.591209,55.954792,3011
446.862089,51.994250,51.461667,3012
447.148495,54.803584,54.055750,3013
447.174695,31.244209,30.635792,3015
447.211347,73.474917,72.806416,3014
447.516113,39.323666,38.645250,3016
447.749633,39.161792,38.717291,3017
447.802110,64.230250,63.381208,3018
447.841924,31.781750,31.269292,3019
447.916886,42.472208,41.810417,3020
448.194121,50.687000,50.032500,3021
448.551761,74.879292,74.309667,3022
448.642597,91.510417,90.728167,3023
448.651051,89.562667,88.813958,3024
448.854151,43.994416,43.384250,3025
448.890154,63.189584,62.589333,3026
449.179131,35.646334,34.969083,3027
449.512876,36.093750,35.416208,3028
449.667257,40.173292,39.567792,3029
449.711128,33.651333,33.111459,3030
449.845125,35.014292,34.304666,3031
449.894120,36.345750,35.872083,3032
450.184747,41.297375,40.856084,3033
450.513407,36.622250,36.089375,3034
450.794990,29.051167,28.642542,3035
450.856947,46.842250,46.267667,3036
451.179619,36.146541,35.484750,3037
451.524962,48.157375,47.603792,3038
451.862500,52.376625,51.888375,3039
452.183180,43.855583,43.259708,3040
452.193721,50.254750,49.615125,3041
452.297633,43.024917,42.380917,3042
452.451135,41.267625,40.526208,3043
452.507828,31.073875,30.625292,3044
452.855346,45.189958,44.688292,3045
453.141656,39.636917,39.056792,3046
453.202366,58.898583,58.293375,3047
453.564682,87.787000,87.006208,3049
453.566813,101.982416,101.188792,3048
453.846322,36.224125,35.423500,3050
454.133783,48.435334,47.851126,3051
454.176092,32.635750,31.930500,3052
454.230331,33.056042,32.353125,3053
454.523057,46.248417,45.477541,3054
454.857887,47.758666,47.224625,3055
455.137971,73.915917,73.108875,3056
455.168073,34.623750,34.111583,3057
455.199806,56.374500,55.996209,3058
455.521187,44.410917,43.786459,3059
455.583344,45.726625,45.273958,3060
455.883206,73.104792,72.572208,3061
456.119637,45.965500,45.340167,3062
456.168576,42.132417,41.776584,3063
456.193419,49.969500,49.363417,3064
456.514449,37.629959,37.069083,3065
456.531111,43.892625,43.171041,3066
456.845511,35.361667,34.885375,3067
457.190353,46.877250,46.305875,3068
457.517427,36.078000,35.474542,3070
457.540917,64.111542,63.473084,3069
457.845081,34.951292,34.244875,3071
457.902169,27.069875,26.601750,3072
458.194281,50.856750,50.164917,3073
458.559971,82.864833,82.249125,3075
458.570128,93.253416,92.218875,3074
458.762896,45.098959,44.461083,3076
458.851353,41.247209,40.720166,3077
459.187979,44.539250,44.097958,3078
459.196546,46.006917,45.570292,3079
459.371588,40.994625,40.511042,3080
459.510167,33.408083,33.032708,3081
459.551752,64.391542,63.635250,3082
459.850513,40.388250,39.619708,3084
459.853279,46.694375,46.209916,3083
459.912401,45.985333,45.512834,3085
459.959912,64.830791,64.285375,3086
460.190735,47.255250,46.627583,3087
460.317077,45.784959,45.278625,3088
460.510433,33.643458,32.876083,3089
460.861381,51.262458,50.718208,3090
461.147825,41.202000,40.705292,3091
461.185354,41.894416,41.359209,3092
461.273402,74.341459,73.732458,3093
461.547608,70.820167,70.075542,3094
461.561482,37.887500,37.261291,3095
461.638551,46.719167,46.103166,3096
461.667831,27.143084,26.766834,3097
461.848421,38.272209,37.680125,3098
461.858513,47.467875,46.982250,3099
462.193922,50.469125,49.979417,3100
462.263347,77.899208,77.143791,3101
462.509583,32.778084,32.055625,3102
462.629092,49.292833,48.791167,3103
462.847912,37.806125,37.490250,3104
462.859491,42.105583,41.508542,3105
463.190137,46.690000,46.056501,3106
463.548463,71.582583,70.844375,3107
463.842148,32.048916,31.512833,3108
464.185985,42.550959,41.927666,3109
464.289599,30.774333,30.096209,3110
464.515479,38.688125,38.196958,3111
464.630995,48.261209,47.498792,3112
464.725628,42.999541,42.403083,3113
464.792282,47.399917,46.713917,3114
464.846463,36.340500,35.871500,3115
465.201144,57.708583,57.140709,3116
465.518404,41.618500,41.129667,3117
465.873957,63.812875,63.358750,3118
466.186033,42.576625,42.063292,3119
466.504151,27.359500,26.984417,3120
466.623140,61.303958,60.716541,3121
466.694339,41.611209,41.323917,3122
466.815451,42.667334,41.966458,3123
466.856926,46.827375,46.255708,3124
466.972377,36.745042,36.326209,3125
467.177351,33.919375,33.474000,3126
467.236263,38.560667,37.788625,3127
467.512111,35.293125,34.744209,3128
467.756426,73.271333,72.743125,3129
467.880599,70.459375,69.839583,3130
467.907495,45.708833,45.155833,3131
467.955615,41.785625,41.340250,3132
468.022092,43.311042,42.583041,3133
468.124099,53.506834,52.905417,3134
468.169553,52.454208,51.885458,3135
468.203685,60.230625,59.468792,3136
468.550166,73.319459,72.766750,3137
468.651485,73.812084,73.250917,3138
468.803917,43.066917,42.406292,3139
468.852563,42.438958,41.840750,3140
468.981591,45.773292,45.080875,3141
469.175325,31.853500,31.383333,3142
469.518286,41.519917,41.213667,3143
469.883247,73.124333,72.396333,3144
469.961211,32.677750,32.227125,3146
469.961233,72.342958,71.634792,3145
470.055303,31.213292,30.929208,3147
470.181513,38.058125,37.482959,3148
470.523146,46.354291,45.653708,3149
470.853373,43.245416,42.485917,3150
471.190398,46.942292,46.466875,3151
471.379934,48.242542,47.729792,3152
471.510349,33.545167,33.077917,3153
471.781715,40.500833,39.977584,3154
471.845366,35.233333,34.769000,3155
472.011047,42.780500,42.119583,3156
472.175935,32.501875,31.970750,3157
472.477291,35.313833,34.649709,3158
472.507403,36.956791,36.329125,3159
472.533870,57.107459,56.570500,3160
472.715389,42.913500,42.532875,3161
472.748983,56.183167,55.442625,3162
472.851198,41.094375,40.509000,3163
472.899522,35.525583,34.811583,3164
473.202891,59.416000,58.733209,3165
473.376258,76.470916,74.936750,3166
473.544951,68.097750,67.476500,3167
473.819021,41.009500,40.420917,3168
473.876403,66.277166,65.526416,3169
474.075817,41.067542,40.421209,3170
474.187583,44.159209,43.783250,3171
474.272861,60.578875,59.920292,3172
474.467078,29.167542,28.420584,3173
474.504686,27.922416,27.421041,3174
474.851587,41.483750,40.873292,3175
474.889995,43.066917,42.460834,3176
474.928058,40.412458,39.805500,3177
475.162313,25.165000,24.754333,3178
475.212501,69.018250,68.254958,3179
475.424301,32.861208,32.477958,3180
475.521965,45.187625,44.537209,3181
475.686975,47.282375,46.601333,3182
475.756743,43.254459,42.584500,3183
475.859263,49.143500,48.683541,3184
476.017730,46.244334,45.478125,3185
476.178818,35.364292,34.849500,3186
476.251711,35.773209,35.075250,3187
476.501684,24.891708,24.391500,3188
476.677167,24.862542,24.347458,3189
476.748453,35.997792,35.492333,3190
476.846987,36.864916,36.402625,3192
476.850949,56.664708,55.820917,3191
476.892446,52.469083,51.743708,3193
477.171961,28.502542,27.971125,3194
477.516494,39.731709,39.216333,3195
477.840826,44.270625,43.693417,3196
477.861091,50.964959,50.213917,3197
478.222571,79.132375,78.551375,3198
478.460910,70.472792,69.771041,3199
478.545103,68.237458,67.418458,3200
478.728164,56.858958,56.203000,3201
478.853357,43.281292,42.773500,3202
479.000346,51.861250,50.750875,3203
479.014629,55.923000,54.981500,3205
479.034017,85.077709,84.582458,3204
479.072151,49.475417,48.724083,3206
479.079605,48.429792,47.586292,3207
479.100796,27.188875,26.742333,3208
479.156989,59.255875,58.764417,3209
479.191652,48.199667,47.390875,3210
479.214031,39.944042,39.263584,3211
479.527837,36.680875,36.160834,3213
479.536963,60.174334,59.630958,3212
479.661382,35.989917,35.254042,3214
479.750037,38.252667,37.502500,3215
479.803877,52.400541,51.758292,3216
479.805345,28.002625,27.484916,3217
479.864476,54.371916,53.758250,3218
479.894054,42.176459,41.689375,3219
480.186679,43.218000,42.566708,3220
480.392989,42.744625,42.268916,3221
480.456936,40.792791,40.266042,3222
480.523609,46.819208,46.195333,3223
480.645162,50.737459,50.183875,3224
480.744968,41.988916,41.462458,3225
480.845210,35.063292,34.571250,3226
480.976790,44.104958,43.404958,3227
481.095241,32.813958,32.256584,3228
481.173393,35.538416,34.983084,3229
481.187194,43.698083,43.052917,3230
481.382858,40.302208,39.773417,3231
481.511174,64.084125,63.386167,3232
481.532084,52.865750,52.166333,3234
481.536227,59.435542,58.764417,3233
481.569465,37.424917,36.901958,3235
481.859828,49.727417,49.188125,3236
481.897420,46.442375,46.016833,3237
481.937477,33.889333,33.420625,3239
481.946686,60.239375,59.505250,3238
482.181935,38.492708,37.938542,3240
482.346441,35.622709,35.114334,3241
482.379408,59.316542,58.572500,3242
482.427361,29.619917,29.095500,3244
482.459469,68.443375,67.818042,3243
482.518962,42.198333,41.632500,3245
482.792933,48.719417,48.211625,3246
482.841337,31.239250,30.952250,3247
482.915457,29.405833,28.867125,3248
483.058219,35.375666,34.981042,3249
483.081598,52.255291,51.769083,3250
483.213772,70.308875,68.719875,3252
483.222146,89.531459,89.082291,3251
483.370362,62.226209,61.365208,3253
483.475095,99.190001,98.570500,3254
483.533352,132.393625,130.516459,3255
483.533809,129.306625,128.648042,3256
483.582427,104.158541,103.085500,3257
483.751725,117.087250,116.140208,3258
483.772451,113.075083,112.245583,3259
483.784811,119.270667,118.480833,3260
483.864609,54.069167,53.534250,3261
483.938472,49.352917,48.987750,3263
483.938554,75.614875,74.875791,3262
483.967072,54.830416,54.147625,3264
484.183043,49.899792,49.393459,3265
484.189705,46.248709,45.663042,3266
484.506584,49.629709,49.272708,3267
484.519549,42.777875,42.408042,3268
484.772646,53.119500,52.512250,3269
484.860155,50.031334,49.727417,3270
484.969712,42.654792,42.153125,3271
485.182573,39.126208,38.644084,3272
485.226130,45.264333,44.498417,3273
485.386833,45.736541,45.269292,3274
485.428796,50.579084,49.885208,3275
485.513647,36.835458,36.360917,3276
485.715065,51.988417,51.553250,3277
485.743520,43.207500,42.653334,3278
485.848099,37.999209,37.474792,3280
485.852317,49.390250,48.745375,3279
485.968281,46.177250,45.637375,3281
486.036539,46.130292,45.631542,3282
486.113297,44.370375,43.871625,3283
486.208336,64.878917,64.344291,3284
486.258732,37.282876,36.768084,3285
486.413591,38.419208,37.869417,3287
486.413621,52.084375,51.643666,3286
486.532414,55.630458,55.093500,3288
486.582929,33.261667,32.709250,3289
486.617133,58.400708,57.883000,3290
486.727329,64.981583,64.421292,3291
486.847330,37.189542,36.795500,3292
486.984162,36.282167,35.723917,3293
487.174460,31.004750,30.319333,3294
487.417895,28.510125,27.791166,3295
487.531836,55.024083,54.490334,3296
487.731390,41.713000,41.222708,3297
487.870218,60.098792,59.509333,3298
487.895669,50.980125,50.441709,3299
488.063752,48.682083,48.039250,3300
488.192280,67.061166,66.241584,3301
488.217117,73.664792,71.526875,3302
488.368726,62.836084,62.083292,3303
488.507655,94.418333,93.744583,3304
488.571541,106.284792,105.396375,3305
488.580402,103.497042,102.812208,3306
488.644419,99.337875,98.622417,3307
488.671149,87.432917,86.744583,3308
488.843700,33.568792,33.035625,3309
488.907117,34.239042,33.918500,3310
489.046698,73.210959,72.530500,3311
489.087935,31.621625,31.109750,3312
489.171393,27.960917,27.435916,3313
489.243338,40.893709,40.204500,3314
489.358835,61.084625,60.510625,3315
489.359629,57.745625,57.319792,3316
489.413092,80.941000,80.357959,3317
489.518105,41.306125,40.787541,3318
489.531949,48.633375,48.047125,3319
489.572747,52.183250,51.503083,3320
489.674934,37.405084,36.884750,3321
489.857928,47.815541,47.240375,3322
489.870960,40.220250,39.675125,3323
489.927236,48.287750,47.636458,3324
489.954570,36.168125,35.484750,3325
490.001722,37.440375,36.986250,3326
490.113534,56.158375,55.534500,3327
490.171960,28.525875,28.009916,3328
490.318666,36.226458,35.660041,3329
490.473712,28.257833,27.685583,3330
490.508151,31.352708,30.948458,3331
490.726683,27.235542,26.931917,3332
490.856166,46.051834,45.357958,3333
490.965965,35.362250,35.006125,3334
491.009732,69.428042,68.676125,3335
491.043994,44.849292,44.447958,3336
491.123082,57.438500,56.959292,3337
491.161875,39.192125,38.643209,3338
491.217210,73.781458,73.206583,3339
491.309511,64.624875,64.005375,3340
491.333397,50.844500,50.495667,3341
491.398657,35.124834,34.536250,3342
491.513794,37.027375,36.514916,3343
491.564244,37.822750,37.286375,3344
491.689132,47.427917,46.947542,3345
491.862277,52.117625,51.834417,3346
492.127998,37.021250,36.442583,3347
492.178150,34.667500,34.204042,3348
492.335134,36.416334,36.106583,3349
492.396163,46.994209,46.361584,3350
492.523864,47.103000,46.629917,3351
492.640500,47.469625,46.805500,3352
492.845594,41.435916,40.805625,3353
492.875981,65.874667,65.209959,3354
492.997325,27.239625,26.774417,3355
493.210808,67.358667,66.561542,3356
493.262587,72.882542,72.057709,3357
493.598319,121.897708,121.361917,3358
493.605818,128.878458,127.969042,3359
493.613544,123.045709,122.269875,3360
493.683306,155.224125,154.529958,3361
493.774925,143.013791,140.411542,3363
493.789174,135.891000,134.900500,3364
493.794603,220.369042,216.265583,3362
493.860490,49.903584,49.138833,3365
493.908612,45.691333,45.058125,3366
493.918875,38.007667,37.370375,3367
493.978350,35.284084,34.829083,3368
494.180418,42.680750,42.042875,3369
494.209303,42.169167,41.490750,3371
494.211774,68.264000,67.644500,3370
494.527687,50.927334,50.191458,3372
494.590981,40.800958,40.347709,3373
494.643942,30.762958,30.303584,3374
494.681715,35.596167,35.036750,3375
494.847896,37.767333,37.082208,3376
494.889708,44.928333,44.285500,3377
494.913426,36.935500,36.457458,3378
494.974596,38.632708,38.121709,3379
495.179073,35.613083,35.095375,3380
495.199694,37.001417,36.350125,3381
495.311353,34.938167,34.459250,3382
495.464566,39.256000,38.647875,3384
495.465774,51.550625,51.126833,3383
495.517922,41.162625,40.665917,3385
495.680855,31.631541,31.036250,3387
495.707117,62.035750,61.374542,3386
495.785069,40.398458,39.826208,3388
495.847901,37.761208,37.236208,3389
495.898466,46.852750,46.203500,3390
495.956689,37.456125,36.955333,3391
496.182169,38.680542,38.083792,3392
496.222367,60.777500,60.167625,3393
496.445358,30.064708,29.589000,3394
496.507487,30.709292,30.268583,3395
496.580700,74.721792,73.953833,3396
496.812408,27.281625,26.975083,3397
496.873383,63.228375,62.442334,3398
497.019212,59.844750,59.268417,3399
497.189643,46.218958,45.516625,3400
497.519206,42.447125,41.696666,3401
497.765145,43.497417,42.959292,3402
497.851432,41.306708,40.774125,3403
497.889430,67.322500,66.570584,3404
498.231615,88.161209,87.446042,3405
498.271708,85.945417,85.344291,3406
498.387206,56.571375,55.917750,3407
498.546161,69.301167,68.539042,3408
498.698185,69.891209,68.736208,3409
498.837773,27.624334,27.078626,3410
499.168702,47.530875,47.020167,3411
499.197089,53.634000,53.016834,3412
499.397860,48.246625,47.571417,3413
499.444119,41.511750,40.864250,3414
499.501615,24.858167,24.389167,3415
499.551620,24.693666,24.189083,3416
499.692869,24.960833,24.421250,3417
499.798796,27.906375,27.241667,3418
499.840347,30.245542,29.947750,3419
500.180193,36.765167,36.286542,3420
500.204324,57.174833,56.522083,3421
500.471852,37.175250,36.387167,3422
500.509378,32.617084,32.099958,3423
500.702731,42.132125,41.469750,3424
500.753498,37.629958,37.071417,3425
500.848545,38.427084,37.746334,3426
500.974793,28.201542,27.490167,3427
501.150654,33.962541,33.468458,3428
501.183973,40.495291,39.715375,3429
501.426136,48.037792,47.356750,3430
501.454250,46.109292,45.502042,3431
501.517935,41.154166,40.511916,3432
501.568090,33.930458,33.521250,3433
501.624771,79.382917,78.693126,3434
501.798136,37.731167,37.069958,3435
501.858411,48.263541,47.758958,3436
501.907154,41.235542,40.546333,3437
502.180323,36.871333,36.395333,3438
502.347014,43.477292,42.945000,3439
502.520846,44.067625,43.581125,3440
502.846098,36.000709,35.456459,3441
503.223561,80.076792,79.538375,3442
503.555751,78.869292,78.022000,3443
503.593271,90.371167,89.641125,3444
503.856389,46.272917,45.591875,3445
504.185860,42.382375,41.671000,3446
504.441148,41.894125,41.355417,3447
504.529964,53.206709,52.553375,3448
504.609619,46.007208,45.436416,3449
504.736602,37.979667,37.498125,3450
504.857649,47.539625,46.843125,3451
505.215906,72.468084,71.936958,3452
505.511911,35.119875,34.623458,3453
505.681345,52.039459,51.468959,3454
505.787133,41.019125,40.581917,3455
505.865316,55.132292,54.425000,3456
506.207204,63.765625,63.151959,3457
506.507087,30.303584,29.864042,3458
506.637675,66.206292,65.462834,3459
506.834735,29.855875,29.339917,3460
506.885816,75.665041,74.852167,3461
507.065602,27.246334,26.788125,3462
507.186622,43.186500,42.439834,3463
507.252803,41.785334,41.486375,3464
507.524803,48.021167,47.271583,3465
507.607771,31.818209,31.284166,3466
507.851540,41.445541,41.124417,3467
508.228265,84.785459,83.507375,3468
508.271200,78.789375,78.113291,3469
508.351539,73.500875,72.038458,3470
508.544983,68.132459,67.366834,3471
508.666461,68.470500,67.638084,3472
508.838703,28.575458,27.990958,3473
508.873632,46.084500,45.466459,3474
509.208199,64.760208,64.211000,3475
509.463076,40.286166,39.825916,3476
509.521298,44.517375,44.106417,3477
509.843299,33.202459,32.803750,3479
509.870267,76.470333,76.046542,3478
510.107793,52.138041,51.637833,3480
510.177454,33.991125,33.481292,3482
510.213487,71.190292,70.614542,3481
510.513276,36.488083,35.730333,3483
510.571568,36.640042,36.076833,3484
510.760843,47.887875,47.359375,3485
510.850042,39.928875,39.500708,3486
510.950270,37.688875,36.967000,3487
510.968107,47.461750,46.785375,3488
511.006390,67.145459,66.287958,3489
511.182265,38.818792,38.347167,3490
511.445476,54.112625,53.433334,3491
511.522991,46.231500,45.528583,3492
511.852471,42.355834,41.725834,3493
511.978028,31.709125,31.381000,3494
512.194867,51.418500,50.888541,3495
512.426090,45.945083,45.448083,3496
512.516777,39.990417,39.470667,3497
512.645617,31.158458,30.728834,3498
512.664163,48.182750,47.709667,3499
512.856137,46.033750,45.489500,3500
513.037662,51.070542,50.717625,3501
513.204100,60.646833,59.913000,3502
513.264505,112.067375,111.179834,3503
513.285929,87.802167,87.255292,3504
513.401130,70.141750,69.477334,3505
513.553900,74.944917,74.152167,3506
513.869721,59.592458,58.983167,3507
514.116389,44.085416,43.325917,3508
514.196588,53.154500,52.487458,3509
514.515789,38.999916,38.498834,3510
514.884664,74.543583,73.818791,3511
515.188911,45.477250,44.881083,3512
515.508739,31.932833,31.301083,3513
515.737029,37.477417,37.158625,3514
515.883685,73.564459,72.859500,3515
516.171609,28.153125,27.612083,3516
516.402273,37.613917,36.872500,3517
516.504682,27.897625,27.378167,3518
516.599086,27.237000,26.712875,3519
516.837396,27.294167,26.787542,3520
517.191722,48.273459,47.563834,3521
517.407427,48.280750,47.550125,3522
517.522366,45.584292,45.073875,3523
517.655518,41.734000,41.297666,3524
517.851920,41.777458,41.304958,3525
518.206768,63.290791,62.599833,3526
518.547564,70.454708,69.564834,3527
518.731542,42.165666,41.424542,3528
518.845834,35.673166,34.984541,3529
518.922427,43.157042,42.436042,3530
519.184993,41.560458,41.127625,3531
519.550968,74.197666,73.670041,3532
519.656765,40.957000,40.456792,3533
519.857524,47.406625,46.707500,3534
520.003247,42.807625,42.303333,3535
520.047890,52.448375,51.759459,3536
520.185575,42.108208,41.661083,3537
520.518607,41.819750,41.288042,3538
520.841523,31.408417,30.773750,3539
521.144520,65.900333,65.386709,3540
521.179372,35.909416,35.431083,3541
521.408812,27.917458,27.365333,3542
521.511909,35.118125,34.636000,3543
521.852632,42.559708,41.965000,3544
522.085956,53.339417,52.655750,3545
522.177870,34.412583,34.129959,3546
522.522755,45.938959,45.406958,3547
522.844492,41.405292,40.791334,3548
522.858208,48.067833,47.356750,3549
523.207365,63.929250,63.433708,3550
523.324327,56.774959,55.920667,3551
523.429474,83.552583,82.864833,3552
523.543237,66.096917,65.429583,3553
523.846661,36.506458,35.956958,3554
524.127125,36.417792,35.888125,3555
524.184498,41.060542,40.695375,3556
524.286210,53.123291,52.577291,3557
524.422381,47.222291,46.939083,3558
524.524095,47.331375,46.995958,3559
524.835841,37.874375,37.404208,3560
524.858347,48.203750,47.560333,3561
525.170875,27.423667,26.869792,3562
525.512346,35.582167,35.027709,3563
525.852675,42.529667,41.987750,3564
526.168330,24.879167,24.390625,3565
526.503874,33.745541,33.356167,3566
526.548668,71.857625,71.065750,3567
526.873959,63.834750,63.298667,3568
527.151481,58.837041,58.098541,3569
527.187336,43.897000,43.299084,3570
527.526515,49.701167,48.986292,3571
527.562593,30.888375,30.346167,3572
527.838874,28.725667,28.263667,3573
527.881592,59.433208,58.638125,3574
528.053681,52.558625,52.093125,3575
528.143835,75.540500,74.963875,3576
528.205075,61.628292,61.112334,3577
528.547731,70.896291,69.857375,3578
528.757498,73.077667,72.312041,3579
528.854061,43.921792,43.208083,3580
528.882571,47.440750,46.840208,3581
528.972399,36.457167,35.971542,3582
529.047024,39.659958,39.034333,3583
529.182858,39.386084,39.099083,3584
529.522264,45.478125,44.888375,3585
529.544505,32.972625,32.318417,3586
529.841728,31.647291,31.275416,3587
530.186832,43.407292,42.828625,3588
530.195091,44.104083,43.600666,3589
530.445746,35.491459,34.996500,3590
530.545401,68.641708,68.159292,3591
530.852643,42.511875,41.947208,3592
531.186157,42.683958,42.032084,3593
531.519164,42.354083,41.725834,3594
531.852828,42.704959,42.013416,3595
532.184442,40.971292,40.440166,3596
532.512789,36.022584,35.703208,3597
532.668506,42.047250,41.567459,3598
532.745486,41.052667,40.647250,3599
532.872365,62.214834,61.610209,3600
533.114162,47.269542,46.649167,3601
533.219590,76.131125,75.340708,3602
533.227188,80.014667,79.377083,3603
533.518400,82.425584,81.657042,3604
533.555751,78.938708,78.148292,3605
533.854667,44.539833,43.781791,3606
534.010214,35.962208,35.303334,3607
534.184072,40.615167,40.007042,3608
534.438383,26.961083,26.652792,3609
534.519340,42.520626,41.777458,3610
534.568588,41.486667,41.025250,3611
534.787120,41.820917,41.260917,3612
534.862547,52.402291,51.872042,3613
534.984290,44.976458,44.567833,3614
535.149526,63.269208,62.548208,3615
535.175707,32.244917,31.712042,3616
535.324585,46.154500,45.784083,3617
535.424244,39.211667,38.535583,3619
535.429892,52.139208,51.570458,3618
535.503080,39.526375,39.156250,3620
535.532477,55.757917,55.137542,3621
535.737513,36.634208,36.125250,3622
535.882029,71.943667,71.311042,3623
536.015908,27.253334,26.779375,3624
536.115463,31.813250,31.334625,3625
536.180827,37.343250,36.688750,3626
536.223377,44.806708,44.019208,3627
536.259892,34.136667,33.678750,3628
536.538697,61.913833,61.392917,3629
536.851098,40.977417,40.286750,3630
536.999705,74.479708,73.794875,3631
537.184151,40.679042,40.263709,3632
537.525132,48.350458,47.806500,3633
537.765094,43.255333,42.541916,3634
537.838722,28.595583,28.128917,3635
537.881227,65.328667,64.407875,3636
537.888704,40.360541,39.773417,3637
537.957749,42.494375,41.823833,3638
538.203040,59.607041,59.246542,3639
538.494842,79.782500,79.141417,3640
538.568118,91.011958,90.294750,3641
538.735433,61.438417,60.924500,3642
538.837458,27.335875,26.841500,3643
539.023116,40.553625,39.950166,3644
539.175445,31.993792,31.493292,3645
539.274435,31.849708,31.546375,3646
539.388942,45.881792,45.178875,3647
539.443181,46.561375,46.034042,3648
539.514320,37.533125,36.815625,3649
539.562086,54.459125,53.547083,3650
539.736182,53.221584,52.677334,3651
539.846415,36.270500,35.678417,3652
539.890972,50.442000,49.849333,3653
540.016617,32.916042,32.373834,3654
540.101021,27.037209,26.726000,3655
540.179262,35.833875,35.247042,3656
540.512711,35.932167,35.492625,3658
540.525482,55.633375,55.026417,3657
540.662958,74.497500,73.823166,3659
540.856150,46.036959,45.395292,3660
540.928091,37.021541,36.347792,3661
541.190332,46.928875,46.362167,3662
541.266719,36.499750,36.029875,3663
541.500747,48.417833,47.715792,3664
541.518415,50.502959,50.001000,3665
541.551712,74.940834,74.296541,3666
541.724503,35.923708,35.407750,3667
541.770349,35.678125,35.085458,3668
541.844486,34.391584,33.726292,3669
541.857920,35.418542,34.819458,3670
542.000445,49.093333,48.334417,3671
542.191453,48.036334,47.389709,3672
542.223080,44.039917,43.544667,3673
542.384101,42.339208,41.744208,3674
542.504816,28.056875,27.540041,3675
542.631570,28.021584,27.363584,3676
542.698600,28.054834,27.540625,3677
542.757635,28.238292,27.540334,3678
542.844937,34.817125,34.391583,3680
542.851306,50.343416,49.767375,3679
543.048346,55.610625,55.026416,3681
543.138788,63.348542,62.720583,3682
543.208863,65.417041,64.819125,3683
543.455964,80.725459,79.629083,3684
543.524947,95.769333,94.996417,3685
543.591419,114.007250,113.152958,3686
543.595054,115.961709,115.410167,3687
543.663254,167.255083,165.732292,3688
543.746749,76.469459,75.551000,3689
543.842953,32.841083,32.137292,3690
544.143206,31.879458,31.398208,3691
544.181206,37.717167,37.177000,3692
544.309737,47.483626,46.992167,3693
544.409180,77.309750,76.699000,3694
544.456896,41.871375,41.510583,3695
544.532470,55.666625,55.044208,3696
544.564223,66.554542,65.956041,3697
544.565702,46.857125,46.258042,3698
544.602192,44.068500,43.283625,3699
544.651210,69.512917,68.785792,3700
544.879261,69.143083,68.492666,3701
544.892352,34.470042,33.911791,3702
545.091433,42.078166,41.641250,3703
545.201351,57.922084,57.488084,3704
545.283396,34.298250,33.857250,3705
545.509457,32.691458,32.107250,3706
545.611035,37.162125,36.437042,3707
545.731547,32.837000,32.320750,3708
545.784094,47.374542,46.887458,3709
545.865853,55.740417,55.167292,3710
545.912339,49.414458,48.922125,3711
545.984069,39.728792,39.163834,3713
546.008293,65.225417,64.479917,3712
546.042841,36.514041,35.960167,3714
546.197167,43.499750,42.952000,3716
546.204684,61.254667,60.728500,3715
546.228799,42.316458,41.763167,3717
546.319690,65.606625,64.944833,3718
546.521926,45.122583,44.596417,3719
546.551234,51.815750,51.253708,3720
546.769791,29.352459,28.889292,3721
546.834375,54.682541,54.077041,3722
546.844240,34.111291,33.496458,3723
546.927118,36.226167,35.674917,3724
547.057149,46.835250,46.195625,3725
547.150207,48.599833,48.013000,3726
547.190641,47.182625,46.395417,3727
547.199625,44.284625,43.822917,3728
547.255613,71.393583,70.842042,3729
547.271602,48.713583,48.184792,3730
547.350732,55.321875,54.842083,3731
547.461126,65.516791,64.827875,3732
547.514167,37.381167,36.700125,3733
547.678715,41.610042,40.940667,3734
547.859349,49.249375,48.680917,3735
547.882493,45.087875,44.427542,3736
547.910082,35.708166,35.010792,3737
547.955768,43.060209,42.717792,3738
548.082984,68.913833,68.388834,3739
548.211095,67.666083,66.957333,3740
548.418126,79.507459,78.290917,3741
548.485033,89.759250,89.072958,3742
548.563351,98.433417,97.700458,3743
548.572779,95.724417,95.308208,3744
548.635951,155.689041,155.169292,3745
548.849494,39.340584,38.593625,3746
548.923839,40.380375,39.954250,3747
548.947928,47.145000,46.563708,3748
549.199616,56.185792,55.509125,3749
549.218904,31.936041,31.553958,3750
549.523887,47.119916,46.717125,3751
549.670936,56.281458,55.953042,3752
549.688190,46.606000,46.072833,3753
549.709314,48.844541,48.262375,3754
549.845072,36.393292,35.706709,3755
549.857252,47.141792,46.720334,3756
550.041206,50.521917,49.999833,3757
550.078262,44.491417,43.897875,3758
550.085206,50.575292,49.984667,3759
550.197286,53.809875,53.373250,3760
550.526162,49.366333,48.941958,3761
550.681142,45.517500,44.870291,3762
550.846771,36.619625,36.138375,3763
550.907043,36.174250,35.854000,3764
551.171618,28.184334,27.598667,3765
551.211448,36.933750,36.466792,3766
551.258245,62.594584,61.936583,3767
551.273369,46.254833,45.789042,3768
551.293148,65.365709,64.888250,3769
551.518922,50.177166,49.682792,3770
551.529545,49.291958,48.376416,3772
551.562354,85.571500,84.844958,3771
551.696679,74.273500,73.616084,3773
551.776991,50.215084,49.399583,3774
551.798098,55.006875,54.447166,3775
551.850937,40.832458,40.308333,3776
552.084127,47.564125,46.928875,3777
552.114355,35.260750,34.582625,3778
552.175186,31.719916,31.239250,3780
552.214755,71.850917,71.301417,3779
552.228746,37.936500,37.290458,3781
552.256855,38.606458,37.846667,3782
552.513405,36.621375,36.032500,3783
552.542049,46.165000,45.528583,3784
552.696829,74.530167,73.855833,3785
552.865936,55.814208,55.143375,3786
552.886220,46.634000,46.028792,3787
552.929829,53.611833,52.859042,3788
553.030144,46.080125,45.528875,3789
553.097816,28.659459,28.365750,3790
553.146606,43.274875,42.486208,3791
553.209114,65.653875,64.988875,3792
553.427791,81.255125,80.658084,3793
553.437036,81.066417,80.233708,3794
553.563075,86.242041,85.541459,3795
553.578900,94.238958,93.393417,3796
553.783587,28.039375,27.456917,3797
553.848152,38.027792,37.473042,3798
553.878406,37.597583,37.096208,3799
553.975504,41.246334,40.758666,3800
554.185146,41.700166,41.108666,3801
554.249577,36.632750,36.096667,3802
554.282216,34.254208,33.731250,3803
554.341637,37.090084,36.606792,3804
554.381161,50.038042,49.412417,3805
554.399294,43.165791,42.503417,3806
554.438873,49.624459,49.086625,3807
554.477102,48.512625,47.822542,3808
554.513837,53.435667,52.760167,3809
554.530640,53.885125,53.182792,3810
554.550210,28.544542,27.990667,3811
554.608079,46.814542,46.155666,3812
554.721159,29.374333,28.813458,3813
554.850422,39.714500,39.229458,3815
554.859479,49.378875,48.967333,3814
555.135268,70.984084,70.316458,3816
555.183720,48.620250,47.958459,3817
555.198239,54.788125,54.206250,3818
555.224065,53.445583,52.658958,3819
555.276521,62.001625,61.392625,3820
555.530432,53.654416,53.026458,3821
555.676849,53.193583,52.841250,3822
555.737782,51.080458,50.633917,3823
555.744892,44.811375,44.107875,3824
555.851711,41.596042,40.978000,3825
555.901153,28.000292,27.359792,3826
555.976252,38.161083,37.618584,3827
556.115616,36.869292,36.215666,3829
556.116757,52.463833,51.844333,3828
556.219690,76.240792,75.727750,3830
556.224058,71.361792,70.583042,3831
556.224878,65.951083,65.090667,3832
556.398655,50.832541,50.126416,3833
556.505375,28.581292,28.016625,3834
556.584673,32.962709,32.311708,3835
556.728432,31.756959,31.286208,3836
556.800379,35.977666,35.463167,3837
556.848980,38.871000,38.500292,3838
556.889639,48.370876,47.621583,3839
556.940626,32.565458,32.184834,3840
557.091456,31.717584,31.250917,3841
557.217253,73.776792,73.242750,3842
557.515662,48.986875,48.406166,3843
557.518920,42.143500,41.595458,3844
557.851558,41.383708,40.744083,3845
558.037323,39.895917,39.421667,3846
558.219146,75.674084,74.860042,3848
558.237283,95.951333,95.476791,3847
558.294195,109.406209,108.752584,3849
558.319838,84.233333,83.308459,3850
558.498894,87.925833,87.258500,3851
558.555354,102.103167,100.699958,3852
558.569947,92.556333,90.742458,3853
558.651056,70.215250,69.685584,3854
558.874456,64.232875,63.461708,3857
558.874707,94.101000,93.706375,3855
558.889223,102.294792,101.341625,3856
558.907379,37.070542,36.276333,3858
559.202147,58.719500,58.175833,3859
559.286467,73.191125,72.690042,3860
559.513577,36.795792,36.296167,3861
559.845432,55.818291,55.056167,3863
559.853166,65.943792,65.454083,3862
559.867622,57.554875,57.048542,3864
560.067349,41.188291,40.889625,3865
560.181098,37.676333,37.116333,3866
560.505486,28.693292,28.336000,3867
560.690347,33.119625,32.656459,3868
560.849016,38.874500,38.170416,3870
560.856485,56.906208,56.345917,3869
560.900370,27.250125,26.790750,3871
561.186797,43.316292,42.749291,3872
561.550285,73.493875,72.877875,3873
561.856996,46.872875,46.203791,3874
562.156981,29.897583,29.364125,3875
562.218961,75.482167,74.727625,3876
562.516504,39.718291,39.151583,3877
562.532234,43.395333,42.648083,3878
562.585031,43.068083,42.567583,3879
562.641158,37.018333,36.369083,3880
562.830515,32.655000,32.247250,3881
562.891590,81.447917,80.679667,3882
563.217800,79.838792,79.160667,3883
563.222238,78.772750,77.945875,3884
563.544825,67.944625,67.104625,3885
563.721866,78.045042,77.219333,3886
563.760722,51.490833,50.944250,3887
563.801195,27.392458,26.812917,3888
563.856133,46.021792,45.511084,3889
564.004756,52.458583,51.951959,3890
564.064819,71.742125,71.113000,3891
564.179206,35.748417,35.200959,3892
564.518465,41.649125,40.993167,3893
564.862716,52.607625,51.761208,3894
564.883130,44.177875,43.451917,3895
564.894975,51.237666,50.480208,3896
565.168620,25.138458,24.675292,3897
565.516372,39.580917,39.076333,3898
565.686735,40.838292,40.220250,3899
565.773416,34.944291,34.467416,3900
565.846432,36.291500,35.823083,3901
566.208893,65.434250,64.909250,3902
566.271381,45.883250,45.411334,3903
566.511172,34.410833,33.955833,3904
566.605922,73.180041,72.435125,3905
566.740352,37.021833,36.535917,3906
566.851825,41.709208,41.214250,3907
567.193143,49.689500,49.119875,3908
567.545516,68.708500,67.942292,3909
567.843924,33.777625,33.306875,3910
568.207063,63.601125,63.049292,3911
568.548546,71.659000,70.685125,3912
568.857648,47.492958,46.957167,3913
568.987956,51.447667,50.890292,3914
569.067577,46.538333,45.905708,3915
569.180491,37.061792,36.545541,3916
569.454187,36.185042,35.868000,3917
569.504700,27.907541,27.345209,3918
569.837986,27.889458,27.366209,3919
570.121509,27.176333,26.698000,3920
570.182982,39.549709,38.975125,3921
570.348173,30.924250,30.270916,3922
570.524437,47.624500,46.956584,3923
570.837362,27.239917,26.754876,3924
570.947510,41.077750,40.685166,3925
571.152247,36.423916,35.842917,3926
571.191340,47.898959,47.315625,3927
571.424750,42.342709,41.781541,3928
571.524835,48.055291,47.416541,3929
571.856483,46.328916,45.661000,3930
571.900030,32.467167,31.767167,3931
572.176152,32.700500,32.050667,3932
572.426069,49.588291,49.096834,3933
572.527061,50.281000,49.558834,3934
572.646703,43.565375,42.890459,3935
572.688579,36.283042,35.824833,3936
572.875742,65.581833,64.973708,3937
573.226939,83.473833,82.101833,3938
573.546871,70.093333,69.358041,3939
573.803781,42.270084,41.723791,3940
573.850599,40.488875,39.900584,3941
573.871639,55.942542,55.440292,3942
573.995915,44.803500,44.289875,3943
574.190785,47.327000,46.818625,3944
574.319261,38.927875,38.518084,3945
574.484234,71.720833,71.109792,3946
574.533322,56.534041,55.875167,3947
574.782273,74.286042,73.560959,3948
574.877352,67.227416,66.668583,3949
575.217992,74.534833,74.019750,3950
575.482796,48.673625,48.049459,3951
575.526345,49.520625,48.889750,3952
575.582778,48.397416,47.724833,3953
575.852529,42.428167,41.849792,3954
576.171303,27.871375,27.531000,3956
576.195100,64.413709,63.827459,3955
576.369889,42.121041,41.414042,3957
576.518964,42.175583,41.662541,3958
576.844168,34.043917,33.467583,3959
576.918042,27.463917,26.964584,3960
577.101247,29.588125,29.069542,3961
577.133768,51.961875,51.245250,3962
577.192816,49.364291,48.745375,3963
577.509916,33.124292,32.622042,3965
577.535459,83.243416,82.539917,3964
577.550934,32.682708,32.360709,3966
577.720462,79.330708,78.743583,3967
577.864697,54.564708,53.886875,3968
577.881873,40.498208,39.929750,3969
577.899516,48.264708,47.732125,3970
578.230764,87.303708,86.202375,3971
578.299223,72.901500,72.075500,3972
578.557135,80.292625,79.237958,3973
578.767294,48.161458,47.543125,3974
578.804367,34.390417,33.907125,3975
578.845124,34.979292,34.491916,3976
579.174103,30.614791,30.075500,3977
579.375359,27.281625,26.789291,3978
579.441659,32.851000,32.131750,3979
579.509024,32.202625,31.574667,3980
579.685820,31.848833,31.322667,3981
579.872426,62.296500,61.762167,3982
580.216879,73.394125,72.698208,3983
580.414416,41.533042,41.031667,3984
580.512546,28.387041,27.983084,3986
580.552758,76.020000,75.442500,3985
580.719628,31.689875,31.203083,3987
580.847750,37.632875,36.816208,3988
581.204895,61.422375,60.656167,3989
581.525445,48.657875,47.919958,3990
581.852260,42.133000,41.405583,3991
582.179951,40.992583,40.548375,3992
582.202903,59.437583,58.650667,3993
582.215620,52.670042,52.124334,3994
582.444356,32.541542,32.074583,3995
582.519179,42.396083,41.543541,3996
582.549022,42.086042,41.286000,3997
582.853163,43.056125,42.502834,3998
582.881399,42.224000,41.507666,3999
583.126746,47.594166,46.744250,4000
583.174420,55.062875,54.242417,4001
583.216674,73.224375,72.385250,4002
583.320740,64.815916,62.484625,4003
583.473614,67.105792,66.234875,4004
583.548690,71.847125,71.424791,4005
583.847428,37.305042,36.773917,4006
584.203461,60.010417,58.967125,4007
584.215419,36.067208,35.506042,4008
584.286608,56.654208,56.121042,4009
584.441351,33.558875,32.991875,4010
584.513274,36.521333,35.872958,4011
584.656478,36.047667,35.365458,4012
584.763853,31.739459,31.257334,4013
584.787908,48.370000,47.787834,4014
584.856561,46.456083,46.095000,4015
585.219411,75.930750,75.399333,4016
585.327425,41.803417,41.330333,4017
585.537272,60.504500,60.144583,4018
585.594040,74.195625,73.488333,4019
585.859516,49.421750,48.989791,4020
586.185938,42.509833,42.051042,4021
586.326689,28.461709,27.778917,4022
586.512779,35.991083,35.481834,4023
586.730233,38.799834,38.267542,4024
586.852766,42.635250,42.117541,4025
587.051271,49.254625,48.703667,4026
587.170440,26.992291,26.523875,4027
587.515461,38.682000,38.030125,4028
587.538641,36.429458,35.872667,4029
587.689982,39.660833,39.183958,4030
587.863205,53.085083,52.511667,4031
588.209693,66.224083,65.545375,4032
588.305714,70.674917,70.058625,4033
588.541326,64.456292,63.570791,4034
588.724803,61.355000,60.071083,4035
588.837275,27.170208,26.835083,4036
589.185342,41.888875,41.383708,4037
589.452430,66.136875,65.618583,4038
589.509905,33.153167,32.757959,4039
589.845653,35.559709,35.278542,4040
590.198674,55.236417,54.717542,4041
590.504087,27.300000,26.986167,4042
590.607152,34.282500,33.766542,4043
590.859728,49.628250,49.087500,4044
590.883072,46.726166,46.079250,4045
591.186656,43.178625,42.703208,4046
591.502198,68.129542,67.467167,4047
591.510604,33.916458,33.364042,4048
591.622019,59.323250,58.809334,4049
591.852850,42.725083,42.377417,4050
592.202609,59.175375,58.588542,4051
592.259043,39.425167,39.124750,4052
592.338147,31.837166,31.348625,4053
592.533675,56.913209,56.492042,4054
592.842068,31.968416,31.458584,4055
592.990413,42.730333,42.046666,4056
593.211808,68.373084,67.714501,4057
593.426898,82.627125,82.172125,4058
593.493198,75.037666,74.586458,4059
593.565230,88.194458,87.330541,4060
593.590426,85.244833,84.651292,4061
593.838328,28.199500,27.618792,4062
594.081749,47.491500,46.822709,4063
594.182545,39.070209,38.389750,4064
594.523718,46.937625,46.421083,4065
594.853991,43.880959,43.502667,4066
594.951675,61.597375,60.896792,4067
595.204810,61.356750,60.786833,4068
595.225603,63.783708,63.019542,4069
595.229029,58.872917,58.439208,4070
595.525779,48.995334,48.444667,4071
595.533980,44.683334,44.032042,4072
595.633563,40.619541,39.930333,4073
595.807160,37.294250,36.517541,4074
595.845627,35.495250,34.815666,4075
595.893599,31.281250,30.692375,4076
595.999123,41.482292,40.840042,4077
596.179167,35.713417,35.010208,4078
596.516079,39.288958,38.683458,4079
596.666315,35.363708,34.635417,4080
596.691961,42.193666,41.488125,4081
596.744083,41.924167,41.424833,4082
596.850087,39.943750,39.272625,4083
597.120881,42.271833,41.555792,4084
597.185575,42.122500,41.618791,4085
597.519386,42.602875,42.102375,4086
597.842542,32.439166,32.062042,4087
598.190897,47.461167,46.979917,4088
598.430064,70.259584,69.482875,4089
598.557919,80.591875,79.915500,4090
598.698792,73.874791,72.373000,4091
598.838154,28.031792,27.300292,4092
599.174977,31.525083,30.835000,4093
599.501667,50.329417,49.658875,4094
599.512366,35.569042,35.081667,4095
599.591412,43.264084,42.921666,4096
599.629728,42.218750,41.770750,4097
599.673663,66.252667,65.718625,4098
599.760915,67.136416,66.421833,4099
599.852640,42.507500,41.844250,4100
599.964388,52.526250,51.826250,4101
599.992165,34.379917,33.836834,4102
600.115359,46.122125,45.621334,4103
600.178883,35.425542,35.072042,4104
600.246077,74.788000,73.976292,4105
600.515726,38.937791,38.214750,4106
600.670542,43.022875,42.446542,4107
600.862640,52.521292,51.963917,4108
601.117483,38.003000,37.314959,4109
601.194254,50.835167,50.446667,4110
601.487060,61.235125,60.653541,4111
601.507425,30.631417,30.065584,4112
601.650843,47.962541,47.474292,4113
601.842733,63.209709,62.487833,4114
601.842963,32.838459,32.515000,4115
601.950430,54.080834,53.477084,4116
602.180520,37.067625,36.385417,4117
602.292093,32.590250,32.045126,4118
602.332648,32.995958,32.367709,4119
602.406181,37.202375,36.539708,4120
602.454382,32.978750,32.276708,4121
602.512920,36.162000,35.807625,4122
602.571322,41.557250,41.096416,4123
602.847258,37.127708,36.580542,4124
603.048924,35.476875,34.952459,4125
603.203576,60.104625,58.615375,4126
603.285692,77.192791,76.343458,4127
603.319550,60.928292,60.195625,4128
603.374547,58.617416,58.221625,4129
603.467421,84.872958,84.127458,4130
603.522770,90.444084,89.376291,4131
603.558760,81.183084,80.664208,4132
603.855078,44.942333,44.372708,4133
603.978071,47.947667,47.379792,4134
604.149096,74.502458,73.767166,4135
604.192576,49.177041,48.749750,4136
604.194762,48.307000,47.656000,4137
604.294687,30.753333,30.387584,4138
604.501768,24.976875,24.477250,4139
604.851469,41.323334,40.634416,4140
605.179434,35.976209,35.466666,4141
605.222520,41.357167,40.681666,4142
605.397653,27.059958,26.583083,4143
605.500394,41.993583,41.309917,4144
605.518272,50.952708,50.251542,4145
605.554295,77.564958,77.025959,4146
605.602382,44.012500,43.374041,4147
605.680620,28.364292,27.849792,4148
605.862919,52.792834,52.293792,4149
606.014596,46.472416,45.886458,4150
606.107125,32.918375,32.247834,4151
606.130885,54.249125,53.511792,4152
606.180477,37.046917,36.548166,4153
606.270378,37.296000,36.597459,4154
606.426692,27.153291,26.850250,4155
606.513901,37.096792,36.420417,4156
606.852495,42.368083,41.666041,4157
607.007717,39.238792,38.579625,4158
607.085929,48.634833,48.042458,4159
607.185892,42.455584,41.941083,4160
607.218130,48.031084,47.475750,4161
607.370365,48.987167,48.477917,4162
607.437169,42.072042,41.515250,4163
607.525117,48.347250,47.789292,4164
607.576933,42.602584,42.097708,4165
607.731170,30.402459,29.991791,4167
607.771663,71.555459,70.987292,4166
607.849607,40.394958,39.978750,4168
607.872792,62.694334,62.174292,4169
607.926345,42.278542,41.749166,4170
608.096286,33.065083,32.483500,4171
608.135346,56.941500,56.327834,4172
608.204738,61.273625,60.571291,4173
608.555975,79.157750,78.307250,4174
608.730575,35.957833,35.272125,4175
608.837261,45.203667,44.587083,4176
608.858904,48.801083,48.341417,4177
608.910551,49.343875,48.825875,4179
608.931179,93.890708,52.995541,4178
609.182600,40.841208,40.267208,4180
609.192895,49.454417,48.862333,4181
609.248592,35.883750,35.588583,4182
609.522111,45.276583,44.821875,4183
609.563858,54.881458,54.258750,4184
609.721448,45.824625,45.139500,4185
609.831693,44.281417,43.823792,4186
609.872277,38.073000,37.495500,4188
609.881662,71.567125,71.157917,4187
609.918250,35.402209,34.776875,4190
609.939556,88.618833,88.016834,4189
609.959978,63.333084,62.600125,4191
610.001632,28.078750,27.429209,4192
610.036674,28.112291,27.655833,4193
610.082952,27.892667,27.220083,4194
610.120376,37.224541,36.532125,4195
610.171636,28.157500,27.444667,4196
610.249743,27.372917,26.904791,4197
610.508464,31.675291,31.140959,4198
610.695272,48.039542,47.477500,4199
610.772596,32.711584,31.991750,4200
610.847255,37.107875,36.467084,4201
610.943255,42.807042,42.170042,4202
611.049348,41.833167,41.123250,4203
611.218072,74.611833,73.912125,4204
611.491377,54.507542,54.020166,4205
611.528868,52.078250,51.370666,4206
611.766262,51.574834,51.105542,4207
611.833697,50.500333,49.746958,4208
611.859873,49.560875,49.262208,4210
611.875570,65.451750,64.821750,4209
612.076304,40.972750,40.412750,4211
612.087489,42.795376,42.182876,4212
612.134649,41.810708,41.134042,4213
612.174588,39.524916,38.962875,4214
612.185477,42.043167,41.399750,4215
612.484202,42.399291,42.042292,4216
612.510506,33.715500,33.084333,4217
612.709929,68.891375,68.210333,4218
612.880389,70.269208,69.548209,4219
613.134899,42.555333,41.907833,4220
613.147069,48.361542,47.793375,4221
613.254585,111.106333,110.360833,4222
613.295671,127.906334,126.700000,4223
613.310911,129.323833,128.791834,4224
613.361609,64.801917,64.358583,4225
613.555763,78.550500,77.725375,4226
613.600218,71.855000,71.104250,4227
613.675314,68.510458,67.991000,4228
613.734274,75.280042,74.632542,4229
613.840841,66.037125,65.440666,4230
613.856140,46.000792,45.487167,4231
613.892966,35.369250,34.965000,4232
613.935263,47.409833,46.622041,4233
614.007176,36.277208,35.559125,4234
614.108910,35.022167,34.543541,4235
614.202423,58.953126,58.456417,4236
614.203682,29.402917,28.918750,4237
614.319098,35.916417,35.137083,4238
614.461680,45.437583,44.810792,4239
614.476154,44.969459,44.225417,4240
614.517165,40.385041,39.846916,4241
614.536041,30.891292,30.296000,4243
614.552989,59.967542,59.412500,4242
614.729881,39.839041,39.370041,4244
614.845316,35.193667,34.728166,4245
614.931849,35.317333,34.842792,4246
615.186989,43.510834,43.011500,4247
615.518864,42.077292,41.569208,4248
615.553449,58.820709,58.195958,4249
615.644606,40.985583,40.368709,4250
615.792953,36.270500,35.810542,4251
615.846719,36.580250,36.085875,4252
615.965354,53.025000,52.507584,4253
616.075754,46.419917,45.937500,4254
616.180456,36.978667,36.338167,4255
616.246278,32.600750,32.049791,4256
616.509315,32.551458,32.003125,4257
616.662736,49.767375,49.236250,4258
616.852202,42.083125,41.383708,4259
616.860754,44.481500,43.770709,4260
616.914566,46.079250,45.414542,4261
616.980619,49.835917,49.229542,4262
617.031529,49.192208,48.648250,4263
617.053284,40.030958,39.548834,4264
617.101756,62.294750,61.699459,4265
617.175881,32.451125,31.833667,4267
617.221301,82.680209,81.850416,4266
617.243242,51.044000,50.668625,4268
617.256611,63.458500,62.914250,4269
617.352442,37.793875,37.331000,4271
617.376447,64.218584,63.734417,4270
617.519548,42.732084,42.261625,4272
617.856981,46.862667,46.341167,4273
618.101023,78.933166,78.402625,4274
618.212718,69.272000,68.869208,4275
618.292616,79.906750,79.348792,4276
618.452877,94.770375,94.348042,4277
618.465428,97.227667,96.619250,4278
618.548177,117.944459,117.369584,4279
618.584513,108.699792,108.245083,4280
618.601162,124.388542,122.704459,4281
618.667483,86.755083,85.139250,4282
618.718401,76.573584,75.775583,4283
618.772064,80.425042,79.707834,4284
618.861559,86.231250,85.515792,4285
618.909341,110.634125,109.463667,4286
618.932566,122.388292,121.670208,4287
618.968196,54.942125,54.374834,4288
619.179297,35.866250,35.156625,4289
619.507683,30.882542,30.451750,4290
619.555409,75.158125,74.404167,4291
619.852816,42.713417,42.188125,4292
620.185981,42.536959,41.834625,4293
620.247142,45.103917,44.584167,4294
620.394111,44.038167,43.572958,4295
620.526792,50.005666,46.537750,4296
620.544116,51.713375,50.840417,4298
620.566455,79.738167,79.089791,4297
620.574675,58.816042,58.152208,4299
620.647648,27.395667,26.933959,4300
620.856450,46.356917,45.833375,4301
620.993286,33.693333,33.030083,4302
621.029687,45.702709,45.065125,4303
621.149504,36.451333,35.771459,4305
621.164456,70.071750,69.524584,4304
621.208250,64.784709,63.974167,4306
621.515459,38.672084,38.112958,4307
621.847136,36.982750,36.422750,4308
622.003901,32.960375,32.214875,4309
622.180713,37.311750,37.010750,4310
622.316125,35.001750,34.699875,4311
622.507783,30.966834,30.456125,4312
622.665471,38.325000,37.807583,4313
622.860609,50.467958,49.776708,4314
623.001157,30.158917,29.466792,4315
623.083467,35.694459,35.041417,4316
623.219639,76.208708,75.573750,4317
623.280639,79.548876,78.921792,4318
623.431322,72.635792,72.030875,4319
623.562322,85.478459,84.781375,4320
623.628399,94.263167,93.409167,4321
623.639765,83.141625,82.418292,4322
623.824180,44.700250,43.885917,4323
623.872079,61.959917,61.131292,4324
624.179361,34.283083,33.817584,4326
624.191945,48.491333,48.024667,4325
624.519177,42.354084,41.782125,4327
624.619834,35.214667,34.695500,4328
624.810506,42.025375,41.492208,4329
624.842292,32.157709,31.665958,4330
625.076236,59.641167,59.094291,4331
625.178340,34.886834,34.408208,4332
625.336601,68.504625,67.946083,4333
625.441515,53.017708,52.351833,4334
625.545283,68.515125,67.971750,4335
625.799894,27.055292,26.548084,4336
625.851773,41.651459,41.366792,4337
626.185733,42.271542,41.663125,4338
626.299564,39.753584,39.257750,4339
626.463542,47.396708,46.923334,4340
626.536450,59.670916,58.942625,4341
626.857287,47.218792,46.918083,4342
627.186359,42.915541,42.496708,4343
627.215917,61.146458,60.368000,4344
627.510359,33.572000,33.051958,4345
627.676507,68.134500,67.466000,4346
627.855166,45.037708,44.540708,4348
627.858414,51.724166,51.185459,4347
628.212412,68.957875,68.602042,4349
628.448679,75.439875,74.631958,4350
628.548621,71.774500,71.218292,4351
628.884363,74.252209,73.710584,4352
628.931738,40.944750,40.684584,4353
629.019535,54.991125,54.318833,4354
629.183029,39.594916,39.027917,4355
629.197065,49.130666,48.563959,4356
629.503805,26.999875,26.490916,4357
629.628380,43.720542,42.998959,4358
629.687971,46.085375,45.527416,4359
629.847335,37.222208,36.735125,4360
630.191660,48.212792,47.661541,4361
630.477639,38.407250,37.846667,4362
630.508521,31.724292,31.109750,4363
630.852464,42.317625,41.612958,4364
631.013108,37.044583,36.631875,4365
631.166149,77.853417,77.151666,4366
631.187536,44.103208,43.474666,4367
631.489829,46.310834,45.618708,4368
631.520066,43.290334,42.466667,4369
631.642211,33.028041,32.505375,4370
631.845577,35.422916,34.868750,4371
632.030997,36.777708,36.260875,4372
632.132926,28.588875,28.085458,4373
632.182392,38.913292,38.447792,4374
632.517767,40.982375,40.672042,4375
632.862468,52.353292,51.857750,4376
633.217936,74.512375,73.790500,4377
633.393698,80.578458,79.781334,4378
633.549954,73.057541,72.217250,4379
633.861484,51.377083,50.748833,4380
634.031616,45.828709,45.113833,4381
634.170822,27.374083,26.898666,4382
634.305726,27.862333,27.285708,4383
634.467560,42.598792,42.078167,4384
634.503989,35.804709,35.291666,4385
634.552627,75.872708,75.187000,4386
634.848477,38.339583,37.926291,4387
634.896052,46.482625,45.772125,4388
635.219646,76.213959,75.641708,4389
635.508595,31.805083,31.304291,4390
635.843142,33.019292,32.583542,4391
636.184315,40.880292,40.345666,4392
636.286345,48.236416,47.551875,4393
636.523349,46.526084,45.806834,4394
636.854526,44.392833,43.910125,4395
636.969445,36.125250,35.656833,4396
637.193308,49.884041,49.340667,4397
637.263781,48.246333,47.744667,4398
637.508336,31.542000,31.031875,4399
637.687150,31.851750,31.368167,4400
637.831158,46.972333,46.271458,4401
637.843892,33.780250,33.150833,4402
637.912523,73.858166,73.086417,4403
638.037154,70.366917,69.822375,4404
638.202816,59.365250,58.748959,4405
638.538637,88.240833,87.342792,4406
638.575222,98.206208,97.755875,4407
638.705452,77.784292,76.484917,4408
638.856194,46.037542,45.233708,4409
639.033544,42.362250,41.673041,4410
639.178508,35.037916,34.650000,4411
639.518096,41.331208,41.008042,4412
639.833112,60.673375,59.941292,4413
639.861638,51.544500,50.982167,4414
640.111406,42.606667,41.953333,4415
640.185875,42.438375,41.909875,4416
640.216565,32.152167,31.624833,4417
640.355102,32.816875,32.255708,4418
640.504261,27.479375,26.929875,4419
640.534354,42.415042,41.764333,4420
640.560890,40.512208,39.985458,4421
640.853115,42.991667,42.254333,4422
641.187543,44.068500,43.503542,4423
641.196841,47.375125,46.750084,4424
641.265157,68.299875,27.558708,4425
641.527313,50.535042,49.898625,4426
641.853896,43.760500,43.391542,4427
642.180184,36.732791,36.230542,4428
642.512358,35.564958,35.137959,4429
642.863450,53.307333,52.656917,4430
643.005169,79.468375,78.799000,4431
643.211504,68.051375,67.575667,4432
643.475901,77.656542,76.942834,4433
643.540295,63.508084,62.989209,4434
643.675681,81.279625,80.691334,4435
643.754365,70.151084,69.605959,4436
643.795972,29.559541,29.153541,4437
643.851735,41.588459,41.110416,4438
644.016154,66.988250,66.455375,4439
644.208637,65.173792,64.751750,4440
644.471208,42.041416,41.464792,4441
644.509247,32.463084,31.920875,4442
644.724983,38.813541,38.430583,4443
644.858433,48.325959,47.809125,4444
645.186512,43.061959,42.383833,4445
645.533661,56.849917,56.296042,4446
645.885426,75.300458,74.436542,4447
645.898657,63.000000,62.575333,4448
645.902649,63.997500,63.417666,4449
646.027260,48.395959,47.799791,4450
646.180607,37.183709,36.673000,4451
646.522743,45.961708,45.238667,4452
646.640920,45.355042,44.663208,4453
646.843577,33.456500,32.985458,4454
646.905940,34.960041,34.460125,4455
647.094552,63.809375,63.298667,4456
647.184489,41.014459,40.307750,4457
647.485299,36.662500,36.153541,4458
647.542898,66.082625,65.316417,4459
647.659397,32.222166,31.705042,4460
647.846878,36.716167,36.242792,4461
648.197336,53.892125,53.283125,4462
648.551719,74.916334,74.048334,4463
648.851572,41.456334,41.052083,4465
648.875151,67.196792,66.507292,4464
649.194388,50.933750,50.456583,4466
649.287462,76.201125,75.524167,4467
649.513165,36.392417,35.995167,4468
649.846241,36.134000,35.720125,4469
649.986087,31.518375,30.841416,4471
649.992065,51.122459,50.411083,4470
650.135744,44.678083,44.310000,4472
650.180590,37.162125,36.432083,4473
650.224368,31.808000,31.341916,4474
650.519071,42.239750,41.651166,4475
650.749837,39.088875,38.638250,4476
650.790111,60.463084,59.808000,4477
650.870874,60.732875,60.044542,4478
650.891393,27.820917,27.280750,4479
651.171407,27.944292,27.453125,4480
651.527135,50.342833,49.721875,4481
651.591802,69.215416,68.516292,4482
651.659925,46.118042,45.615792,4483
651.816766,43.201375,42.721875,4484
651.849772,68.704708,68.134208,4485
651.859288,48.946625,48.323917,4487
651.896145,96.459125,95.585584,4486
652.087757,41.922125,41.412000,4488
652.170922,27.470916,27.008334,4489
652.519574,42.767959,42.217000,4490
652.701527,40.208875,39.562541,4491
652.732791,45.792833,45.149417,4492
652.856079,45.980667,45.347167,4493
653.177935,34.478500,33.729209,4494
