timestamp,response_ms,inference_ms,request_id
76.669156,144.423417,135.731167,1
76.711869,158.597542,156.863875,2
76.855357,123.425166,121.538666,3
76.960906,103.772375,100.957500,4
77.123109,128.913166,126.324916,5
77.335816,144.602500,141.551083,6
77.339852,126.762417,123.125917,7
77.649602,123.977584,122.348041,8
77.668413,130.759417,129.474917,9
78.003766,145.592709,143.789333,10
78.286917,94.785834,93.438916,11
78.696028,171.588958,169.834001,12
78.722820,172.289834,169.820875,14
78.729817,201.304250,199.408125,13
78.829119,197.159667,194.641125,15
78.971960,113.159375,112.657708,16
79.022779,131.901000,131.079084,17
79.289947,99.487208,97.497459,18
79.643678,117.867750,115.316542,19
79.797599,145.508125,144.258333,20
80.008458,149.723584,149.006958,21
80.099217,150.940709,149.197125,22
80.112786,157.656334,156.052459,23
80.144346,157.401126,156.651250,24
80.307647,294.137667,293.442917,25
80.316445,125.658750,125.057917,26
80.570072,162.507333,160.410833,27
80.659664,201.622167,200.721500,28
80.681449,170.835875,169.463000,29
80.765445,241.638250,239.110667,30
80.889501,162.779459,161.996334,34
80.901583,204.967292,203.635250,33
80.937911,311.183251,309.480501,31
81.059899,419.487251,419.016209,32
81.143541,194.788417,192.393833,39
81.178578,169.790250,167.204334,40
81.220501,457.418209,455.694167,35
81.301526,112.966292,111.661666,41
81.390363,199.335500,198.815167,42
81.408192,601.031084,599.655583,36
81.575080,716.701125,715.184167,37
81.664652,164.657791,164.125792,43
81.690556,175.667625,173.720750,44
81.708021,835.231542,832.449917,38
81.800992,276.860792,275.480916,45
81.937513,153.064333,152.364333,46
82.023526,165.986042,164.420667,47
82.053322,185.784958,185.084083,48
82.141582,145.094834,143.685208,49
82.187923,168.182292,167.301750,50
82.264284,207.433334,206.549000,51
82.406828,215.281500,213.330250,52
82.448974,229.051667,227.005041,53
82.530664,158.111042,154.509542,54
82.536216,156.737875,156.003750,55
82.666751,142.004042,141.040667,56
82.859847,139.014750,138.404000,57
82.998827,140.689792,140.133000,58
83.082440,117.791042,117.215584,59
83.343032,150.708834,149.427541,60
83.656973,131.253792,129.501167,61
83.812309,125.762292,124.573166,62
83.855140,151.023833,150.099541,63
83.935464,78.321833,76.863209,64
84.072779,135.457583,134.255042,65
84.156803,141.817083,139.889167,66
84.321305,129.489500,127.905167,67
84.598065,134.284791,129.054333,68
84.655083,130.004000,127.901375,69
84.768874,170.437750,169.435583,70
84.787916,168.889000,167.070167,71
84.804529,139.214541,137.932958,72
84.918814,208.457959,206.079417,73
84.961193,127.753500,125.882458,75
85.106429,353.959959,351.627209,74
85.150690,293.465083,292.737667,76
85.151336,187.143250,186.819208,78
85.262326,309.510834,308.025084,77
85.338982,148.235500,146.464792,80
85.343478,166.215000,165.620584,79
85.551207,130.783916,130.232666,81
85.648668,123.837583,123.006042,83
85.670678,161.147292,158.692333,82
85.734182,161.270667,159.751959,84
85.827463,219.276458,218.854709,85
86.033848,175.794208,172.223917,86
86.041807,148.708875,146.850959,88
86.114162,229.065667,228.451125,87
86.126562,190.670083,189.218166,89
86.245878,273.936542,272.541500,90
86.323634,132.538000,131.248250,93
86.330862,356.575333,355.022791,91
86.376859,146.058500,144.454334,94
86.492568,465.364375,464.479459,92
86.611379,151.023541,150.365833,95
86.701859,176.490709,173.954083,96
86.803663,126.408042,125.139875,97
86.977348,119.723041,118.262958,98
87.057875,108.791375,108.388584,99
87.081704,132.411417,129.231084,100
87.290634,100.170000,96.592417,101
87.553931,145.455042,144.009542,102
87.605051,120.134000,119.513042,103
87.646242,122.431167,121.742834,104
88.006804,148.867250,147.906208,105
88.081679,114.275291,112.692125,106
88.305961,115.495625,113.213333,107
88.350101,139.827916,138.551584,108
88.537220,127.184167,126.454417,109
88.633327,108.983292,108.367292,110
88.771675,153.308458,151.503333,111
88.911144,156.876417,155.232000,112
89.027529,169.946875,168.267750,113
89.132962,135.355500,134.736583,114
89.308077,125.372917,124.846458,115
89.368246,177.501917,176.631292,116
89.406636,140.146125,139.370875,117
89.486981,172.185416,169.111250,118
89.619551,125.751209,125.417542,119
89.662490,158.236458,157.340167,120
89.701130,175.193083,174.421917,121
89.758069,178.131625,177.202083,122
89.968085,110.707625,108.787875,123
90.065938,116.137291,114.515625,124
90.072420,118.665166,116.928583,125
90.165218,157.220875,156.388458,126
90.195150,108.167500,106.375209,127
90.318524,127.691959,126.217292,128
90.525238,138.574333,137.056209,129
90.579942,138.707334,137.932667,130
90.653415,129.638834,127.892625,131
90.695358,126.431959,124.986167,132
90.768627,102.270292,99.975750,133
91.005951,148.590750,147.280292,134
91.318277,128.470709,128.060042,135
91.380198,188.340250,185.921167,136
91.432382,153.309042,151.615917,137
91.478489,172.187166,171.667417,138
91.612864,260.941334,259.987875,139
91.653680,194.512500,191.875542,140
91.672581,147.252291,146.599542,141
91.984802,127.003917,124.487709,142
92.079341,116.428958,115.470542,144
92.103132,156.897417,155.010042,143
92.230341,191.254583,190.442583,145
92.262162,167.057333,166.286167,146
92.328730,138.251750,137.040750,148
92.369914,272.319542,270.861208,147
92.661056,147.067375,144.760584,149
92.686382,162.292667,159.722500,150
92.741164,209.484333,208.210625,151
92.945745,88.606292,87.703000,153
92.948971,119.688333,118.582333,152
93.065784,108.829291,106.328250,154
93.159887,137.353417,136.091083,155
93.220076,122.231083,121.594375,156
93.347337,155.468250,154.689792,157
93.654629,128.664667,127.656084,158
93.924992,147.702334,145.923458,159
93.941142,115.425917,114.699375,160
94.004632,146.958000,146.523417,161
94.054955,99.969917,98.546000,163
94.146829,269.102750,268.560251,162
94.321349,146.803125,144.934709,164
94.346418,155.008875,154.576625,166
94.367406,178.038291,176.556041,165
94.490062,120.563333,119.931875,167
94.530693,150.183833,148.556333,168
94.637790,125.448166,123.839917,169
94.661169,136.044708,134.318333,170
94.921339,62.922708,62.455167,172
94.927875,147.637583,147.133292,171
95.107354,128.618000,126.834167,173
95.253212,132.936125,131.254083,174
95.326563,136.005917,132.537708,175
95.547188,156.612458,155.833708,176
95.578757,123.920417,123.388125,177
95.714985,189.708458,187.845292,178
95.757718,165.057375,164.193458,179
95.812819,177.653875,175.658583,180
95.926504,280.627666,279.682084,181
96.034792,176.605625,174.134625,182
96.056340,161.688041,159.362292,184
96.076864,196.968333,194.550708,183
96.204789,292.340417,290.436417,185
96.308398,117.134500,116.605416,186
96.364477,140.910291,140.383542,187
96.495691,195.105458,193.515292,189
96.498544,184.385541,182.871500,190
96.531777,231.867708,228.915167,188
96.662721,239.451625,238.041125,191
96.707800,182.086625,179.958625,192
97.006525,149.222500,148.325042,193
97.056823,167.381375,164.756083,194
97.187942,138.021625,136.739167,195
97.311974,121.478000,120.244834,196
97.442469,157.883542,156.188667,199
97.449335,187.516292,186.389291,198
97.458468,198.980250,198.466333,197
97.663182,138.278292,136.945667,200
97.801384,155.670667,153.917750,201
98.006881,120.831959,115.441083,203
98.039697,181.186542,180.536709,202
98.127055,161.069709,158.948125,204
98.176690,150.413375,149.223084,205
98.228571,147.378875,145.770917,206
98.343944,151.047750,149.660001,207
98.432742,140.506041,139.851834,208
98.581483,184.594958,182.915542,210
98.581543,194.268958,192.845334,209
98.627184,104.735750,104.112459,211
98.762862,239.051750,237.365625,212
98.858789,99.810375,98.480375,214
98.893067,351.361208,350.236834,213
98.915146,136.028667,132.330334,215
98.983204,126.078750,123.503626,219
99.016820,206.230500,204.808917,216
99.141395,312.516459,310.837625,217
99.212509,107.300958,105.787500,220
99.272237,427.513917,426.849501,218
99.275521,123.609209,122.805083,221
99.399343,228.688834,227.626291,222
99.575302,383.051666,381.650792,223
99.642967,193.099667,188.778625,224
99.660293,174.920083,172.368292,225
99.763538,238.060375,237.328875,226
99.802304,142.982584,140.681333,227
99.870704,91.473666,89.935416,228
99.975528,118.400625,118.072792,229
100.060610,117.663875,116.052416,231
100.072409,176.725500,175.454416,230
100.167186,100.898292,99.754958,232
100.274674,146.962083,145.660959,233
100.337740,146.459542,145.873583,234
100.376110,142.674876,140.539875,235
100.466785,158.790917,158.028209,236
100.594627,266.152834,263.742500,237
100.678268,152.583375,149.934459,238
100.804810,103.886709,103.215292,239
100.951133,156.993084,154.823667,240
100.966499,109.004291,108.143292,241
101.064078,95.001376,93.354333,242
101.171877,156.624708,154.884042,243
101.284965,94.369916,93.062375,244
101.321067,126.421458,124.911500,245
101.496552,141.282167,140.673458,246
101.606988,127.311625,125.708333,247
101.724715,199.855833,199.004167,248
101.762263,167.119167,165.679792,249
101.817284,137.832625,136.698917,250
102.050108,192.961416,191.425208,252
102.055971,210.578958,209.804292,251
102.073409,202.975208,201.274791,253
102.216638,301.989334,299.491791,254
102.300914,256.217791,253.176875,255
102.346090,154.674334,153.101667,256
102.556163,133.013417,130.727042,257
102.693503,169.055834,167.788542,258
102.716941,150.879166,149.181666,259
102.733330,137.087708,135.573375,260
102.849207,241.802458,240.514166,261
102.952984,128.559667,127.049125,262
102.969346,111.185375,110.429958,263
103.321476,130.124167,128.766750,264
103.658681,133.036166,131.158709,265
103.744210,146.923292,146.524000,266
103.966889,109.280792,108.133375,267
104.047173,106.486041,105.242083,268
104.170155,101.147958,100.528750,270
104.188089,139.233208,137.455791,269
104.340833,149.088625,147.769708,271
104.406858,159.264291,157.549875,272
104.650594,125.658167,124.055458,273
104.672462,103.344792,102.781875,274
104.835631,123.025292,122.376625,275
104.848967,119.338042,118.172833,276
105.010703,151.757083,150.332583,277
105.033868,133.938000,131.396125,278
105.127712,147.976500,147.146708,279
105.312761,121.921626,120.634501,280
105.508106,131.642583,131.096583,281
105.641606,116.810167,114.903541,282
106.009134,151.654417,150.479292,283
106.230317,123.318708,119.826583,284
106.363935,171.514000,168.968041,285
106.386879,171.146209,169.753209,286
106.502289,151.054167,149.918416,287
106.670773,145.981501,145.338667,288
107.000518,142.519708,140.357000,289
107.027142,142.324291,140.184333,290
107.310073,119.266291,116.996833,291
107.672490,147.726541,144.995375,292
107.782037,127.755542,126.183458,293
107.952500,94.354167,90.447000,294
108.312359,121.902083,120.023166,295
108.407881,147.630583,146.966167,296
108.665597,140.828625,139.285125,297
108.806137,116.849251,115.641751,298
108.876816,145.576667,145.071501,299
108.934661,148.844209,146.709500,300
109.011386,153.846000,152.577542,301
109.301163,129.519542,127.721125,302
109.383932,192.577875,189.871792,303
109.467164,196.749292,194.899250,304
109.700330,215.213833,214.051834,305
109.780638,254.716000,253.759916,306
109.826164,204.198167,201.532041,307
110.013479,155.223542,153.163791,308
110.344787,152.985000,151.608917,309
110.631733,107.705208,105.177042,310
110.987758,129.873333,126.982625,311
111.293524,181.542666,180.953208,312
111.324080,131.372500,129.660125,313
111.479655,156.204417,155.848583,314
111.555062,128.585625,127.981876,315
111.588373,145.853167,143.016417,316
111.646904,162.299958,161.569042,317
111.736514,211.352459,210.676375,318
111.836429,118.769875,117.468750,319
111.958722,128.620625,127.547292,320
112.008672,150.731291,149.071417,321
112.214163,125.185958,124.311250,322
112.342657,150.311292,149.000251,323
112.622154,96.546625,94.827250,324
112.742772,105.312958,104.241959,325
112.958990,153.835500,153.175459,326
112.998764,141.618459,139.985417,327
113.147939,107.487625,106.185625,328
113.366516,175.928375,173.779375,329
113.616775,92.652875,91.051333,330
113.836315,120.359750,118.873709,331
113.939160,121.470417,119.315583,332
113.976564,119.436042,116.496917,333
114.096881,140.725083,138.323500,334
114.317588,126.638167,125.104583,335
114.668252,143.734208,143.046750,336
114.680343,114.638416,113.813000,337
114.851690,148.988000,147.514500,338
114.993454,152.662125,152.026292,339
115.011214,153.508542,152.073542,340
115.078476,120.021709,117.632084,341
115.331477,140.539875,138.406041,342
115.465355,84.752791,83.669541,343
115.654820,131.006750,129.599166,344
115.954243,139.419292,137.959500,345
115.979113,119.667917,117.266625,346
116.293283,100.775209,99.199042,347
116.416038,132.289792,130.933542,348
116.544534,112.799167,111.199375,349
116.648557,124.721625,121.985792,350
116.990434,132.298250,130.750666,351
117.312949,122.399667,120.926750,352
117.570918,140.523833,139.993291,353
117.721767,196.979417,194.854916,354
117.970184,111.513792,110.901000,355
118.240600,191.643084,189.376834,356
118.320757,129.866917,129.028958,357
118.496394,135.721833,134.256791,358
118.639155,112.999834,112.494959,359
118.734090,153.753250,151.221292,360
119.026259,168.311791,167.754417,361
119.317779,127.149750,124.586875,362
119.598348,74.413792,73.873333,363
119.720813,136.462958,135.783084,364
119.990690,90.357167,89.022209,366
120.044680,186.414376,183.823208,365
120.354559,172.368875,170.942625,367
120.384997,183.233750,182.619500,369
120.415127,224.369541,223.641834,368
120.666508,142.615667,141.003917,370
120.944046,145.978292,145.516291,371
121.019951,161.553000,158.023542,372
121.117783,171.973375,171.453625,373
121.325886,135.166500,133.315292,374
121.561681,145.956417,144.528416,375
121.650756,178.265208,177.437750,376
121.656280,131.050208,130.671625,377
121.730364,196.986709,195.376416,378
122.008496,150.594208,148.958833,379
122.354132,162.503542,160.983666,380
122.380900,136.001541,132.262375,381
122.549834,150.482500,148.764292,382
122.713083,187.225500,185.703000,383
122.857346,152.588917,151.953083,384
122.924981,122.182083,121.579791,385
123.043334,185.969875,144.992459,386
123.279642,151.194166,149.639000,387
123.296764,128.470125,126.360500,388
123.359544,167.713000,166.754583,389
123.426958,113.650250,111.903750,390
123.621715,97.594584,95.151583,391
124.039560,182.420875,181.044792,392
124.130996,113.767792,113.244250,393
124.269092,123.003416,121.474792,394
124.315206,122.922334,120.516666,395
124.657214,133.341250,131.058667,396
124.822715,122.882084,122.416001,397
124.964254,101.682583,99.166083,399
124.973470,114.895958,114.456125,398
125.166327,125.444083,124.216750,400
125.292456,143.819959,143.090792,401
125.314877,149.643083,149.030875,402
125.378394,187.028917,184.510667,403
125.639344,126.539292,124.986458,404
125.708183,184.256042,183.498583,405
125.787266,160.776292,159.193125,406
125.873071,161.412708,160.648833,407
125.950869,103.580458,102.125333,408
126.016107,157.763959,156.205875,409
126.285769,94.300500,92.324459,410
126.453082,109.267084,108.708250,411
126.648347,123.171125,121.145500,412
126.728228,109.764375,108.283292,413
126.976971,119.310334,115.879167,414
127.087833,125.040417,123.033167,415
127.105527,102.556416,101.602375,416
127.349996,158.946083,158.253084,417
127.630937,106.274584,104.037500,418
127.835048,136.313041,134.964083,419
127.977241,120.081209,119.447125,420
128.345609,155.117084,153.262958,421
128.385506,152.999292,151.300917,422
128.647184,123.008959,121.496667,423
128.803824,181.325958,179.853333,424
128.984378,127.240167,126.200667,425
129.326518,134.453375,133.088958,426
129.413634,134.124084,131.715208,427
129.602486,124.680209,123.899709,428
129.663330,139.515833,138.443667,429
129.966712,109.555833,107.909375,430
130.171222,103.459709,102.270584,431
130.301769,110.525917,108.063375,432
130.656260,132.368833,131.581334,433
130.996171,138.404584,135.345584,434
131.053062,118.633666,116.398042,435
131.293390,102.491083,101.811500,436
131.571199,161.345042,159.475167,437
131.612979,156.310583,155.172791,438
131.673094,148.057584,147.369833,439
131.994302,136.408125,135.883125,440
132.205697,140.315291,137.626416,441
132.371451,179.939959,179.062042,442
132.438366,160.807208,158.951625,443
132.565411,112.140875,111.593709,444
132.626822,102.254834,101.554834,445
132.957266,146.263833,144.935875,446
133.010471,151.532792,147.610458,447
133.016505,147.545417,146.694333,448
133.168813,135.883417,134.463584,449
133.236453,153.407042,152.686334,450
133.357499,165.082458,162.488084,451
133.711600,187.712000,185.366125,452
133.910743,109.933833,108.855834,453
134.005193,147.233625,146.509125,454
134.065149,140.976500,140.386750,455
134.282295,136.038875,135.607791,456
134.343067,151.688833,148.641792,457
134.597494,73.229625,71.806584,458
134.744743,152.124583,149.639583,459
134.911436,155.365292,154.108500,460
135.008227,150.105667,148.398541,461
135.306247,108.892292,107.312917,463
135.325484,134.178042,132.893251,462
135.673167,148.062250,145.649000,464
135.725168,139.406166,138.749917,465
135.998465,140.376833,139.211916,466
136.247933,143.997000,142.863000,467
136.327455,134.571500,133.779041,468
136.437375,175.770583,175.098875,469
136.559801,158.477958,157.387125,470
136.675992,152.043208,150.418917,471
137.016194,157.796625,156.091834,472
137.304443,112.754541,111.332083,473
137.648102,123.202333,121.806709,474
137.937222,135.044875,133.739667,475
137.974251,116.667250,114.915500,476
138.314781,124.160459,123.130875,477
138.426512,115.931958,114.604000,478
138.653183,129.100125,127.391834,479
138.671678,109.519083,107.319916,480
138.851276,134.982167,133.495250,482
138.857688,172.657042,171.300500,481
138.944118,139.594000,138.449792,483
138.973129,115.985334,112.518583,484
139.135996,117.564125,116.962417,485
139.361943,170.338875,169.691083,486
139.380900,106.639750,106.129042,487
139.682413,156.377084,155.008875,488
139.824822,149.130916,148.570916,489
139.995583,138.454750,134.178625,490
140.227081,129.358250,128.233292,491
140.327271,136.149417,134.729876,492
140.617526,70.364875,69.803125,494
140.696183,171.195500,168.757459,493
140.921742,116.355459,114.783375,495
141.015316,199.880626,198.167084,496
141.028969,170.902375,169.253583,497
141.058971,175.667334,175.015750,498
141.220228,269.486875,268.938250,499
141.232098,116.755333,114.886625,500
141.319451,128.536333,127.976916,501
141.659948,135.297459,133.582459,502
141.977038,119.805000,118.337625,503
142.327744,136.567376,135.361042,504
142.388822,91.782542,88.760875,506
142.416340,145.282376,141.965542,505
142.642862,118.350750,116.521708,507
142.739473,126.805000,125.443208,508
142.844729,133.822209,132.557542,509
143.007300,127.792584,127.351292,511
143.015586,158.211958,156.831792,510
143.162616,125.951292,124.494417,512
143.353927,163.191291,162.706834,513
143.558296,164.066000,163.519125,514
143.674478,150.147375,149.573958,515
143.737737,131.349458,130.653834,516
143.757675,126.562042,125.526334,517
143.923085,126.821625,125.320416,518
143.997392,135.048667,133.426416,520
144.022730,165.588208,163.239416,519
144.338149,145.102417,142.680708,521
144.509425,101.200459,100.755083,522
144.679967,155.355958,154.344458,523
144.694345,110.648708,108.318000,524
144.925368,128.794750,127.986250,525
144.980666,118.738083,117.194292,527
145.006392,148.892916,148.267291,526
145.178221,124.626833,123.740167,528
145.260434,129.286792,127.591625,529
145.294337,103.861333,102.855666,530
145.474275,126.891917,125.231750,531
145.611881,153.994458,153.392750,532
145.619360,141.284791,138.982667,533
145.699097,174.856791,173.870666,534
145.918367,107.331000,106.518709,535
145.938506,118.645042,118.005417,536
146.013533,155.110958,154.576041,537
146.341924,149.379125,147.188417,538
146.447425,130.809291,129.238375,539
146.696993,173.061000,172.620875,540
146.699638,153.591667,151.692334,541
146.792538,222.352083,221.793833,542
146.806317,137.580625,136.740625,543
146.901977,194.595042,192.715250,544
146.962168,234.019041,230.614125,545
146.998684,140.927209,139.685875,547
147.101907,315.591500,313.160458,546
147.160070,126.350000,124.928417,548
147.300900,115.328501,113.352458,549
147.341195,150.065709,148.590166,550
147.607645,176.981292,176.414000,551
147.726926,202.108375,198.862125,553
147.727886,231.160417,230.606250,552
147.774399,166.724542,124.702375,554
147.852621,80.199875,79.756542,555
147.897273,104.863501,103.089875,556
147.994023,136.862834,135.503083,557
148.321870,129.492417,127.303167,558
148.380858,168.392292,167.820625,560
148.396267,200.099083,198.467792,559
148.441475,152.879708,151.680083,561
148.609973,158.672500,158.283125,562
148.682458,157.989709,155.966709,564
148.707627,190.097542,189.526458,563
148.760609,219.188667,216.957125,565
148.841521,135.004042,132.406750,569
148.897626,306.980333,306.509875,566
148.982681,123.904083,123.116875,570
149.048169,386.827584,384.685292,567
149.157619,156.474500,154.850792,571
149.192217,528.976875,528.200459,568
149.244243,162.907792,161.307125,572
149.321947,130.448208,130.055625,574
149.343920,234.610542,234.073875,573
149.669089,145.281209,143.364958,575
149.720333,154.510708,153.944000,576
149.825782,131.354708,129.800125,577
149.909639,168.695917,166.630333,578
149.921882,160.069875,158.521416,580
149.973804,212.073167,208.992000,579
150.078710,228.262417,226.995125,581
150.102797,113.608250,112.217000,585
150.250152,396.006334,391.181000,582
150.401320,210.245583,208.774125,587
150.406432,218.170750,217.152834,586
150.412476,554.979250,553.537833,583
150.551724,681.243209,679.695917,584
150.658486,134.516666,133.326375,590
150.680332,451.316833,449.498291,588
150.791398,198.039042,197.131667,591
150.835831,466.481167,464.989292,589
150.882850,209.004833,207.338250,593
150.910714,103.600000,101.635042,594
150.946673,291.436251,291.007500,592
151.073509,216.388666,215.320583,595
151.187028,78.758167,75.952042,597
151.267061,161.013417,159.468458,596
151.304955,113.591042,111.056458,598
151.463865,116.813667,116.313167,599
151.518909,126.046083,124.562083,600
151.654541,129.830458,129.477834,602
151.698485,250.922292,250.494125,601
151.749139,176.415167,174.890625,603
151.768539,183.583750,183.036292,604
151.855080,246.148875,245.417084,605
151.998377,141.136625,140.426125,606
152.080851,186.487000,185.649625,607
152.095337,199.568542,196.319667,608
152.307954,193.438583,191.994833,609
152.324646,165.010417,162.725209,611
152.336978,198.597292,196.140291,610
152.490745,300.248375,298.321042,612
152.540419,141.468250,140.903292,615
152.671157,478.420834,477.527167,613
152.673537,220.651084,211.854416,616
152.804149,225.380167,224.622709,618
152.831468,608.300876,606.865000,614
152.864670,177.095334,175.849042,621
152.952801,428.141584,427.369250,617
153.006663,149.552083,148.239875,624
153.046371,465.752583,462.485625,619
153.167094,530.977417,527.781917,620
153.230037,167.271125,166.645208,625
153.250514,171.038583,169.957666,626
153.307246,552.743042,551.961959,622
153.406988,615.026125,614.218792,623
153.451098,149.634041,149.200625,631
153.477126,155.223250,153.832000,632
153.541919,350.639042,349.756750,627
153.695160,170.565500,169.082083,635
153.699977,180.873584,179.856250,634
153.701863,492.062375,491.372000,628
153.851684,631.890000,630.966292,629
153.988097,160.837542,160.268208,637
154.033164,174.863791,173.280625,638
154.049083,827.790250,827.368209,630
154.182521,763.708459,762.728750,633
154.313789,122.308375,120.747084,640
154.376755,773.443709,772.829167,636
154.471316,162.015583,161.380917,641
154.509916,183.161125,182.272708,642
154.521344,596.873084,595.760083,639
154.676152,337.572959,336.814625,643
154.686219,162.429458,160.975500,644
154.725081,170.172916,168.277375,645
154.980147,122.693375,120.176292,647
154.992543,139.936417,138.777625,646
155.291567,100.239125,98.177041,648
155.525712,153.638916,153.067542,649
155.624250,190.690500,189.842917,650
155.640691,116.859459,114.135584,651
155.836607,143.807125,143.225541,652
156.006245,148.901958,147.506042,653
156.235296,108.775334,108.103334,654
156.337570,145.787542,144.325125,655
156.432645,129.229333,128.512708,657
156.453781,157.908042,156.326916,656
156.664975,141.175416,140.730042,658
156.687138,127.579083,126.836208,659
156.754285,180.413916,178.961416,660
156.998957,140.324333,138.889626,661
157.333039,165.368292,163.772000,662
157.368691,177.517958,175.823083,663
157.404788,190.246875,188.602167,664
157.564860,166.147625,164.827542,667
157.566244,306.352083,305.953375,665
157.593453,179.711584,178.815291,668
157.699493,376.962834,375.879000,666
157.738413,164.661292,163.975875,671
157.832527,310.671084,308.387042,669
157.919967,141.066625,139.838416,673
157.995231,137.563417,133.902416,674
158.006062,481.507251,480.371792,670
158.080769,116.952209,113.891750,675
158.133897,108.012333,107.349083,677
158.142138,552.719709,551.292292,672
158.246453,142.004334,140.235958,678
158.282568,306.709958,305.248125,676
158.360267,169.769833,168.191334,679
158.477188,179.485834,177.033209,680
158.491796,172.058833,171.659251,681
158.607686,123.807833,122.902500,682
158.687925,164.117334,161.753375,684
158.693451,191.893917,191.355500,683
158.763943,147.838250,146.881000,685
158.801130,94.828416,94.040041,686
158.843297,73.153500,71.321834,687
159.021131,163.214042,162.415459,689
159.037259,183.218292,181.892083,688
159.085141,206.952375,205.612167,690
159.169337,185.838334,183.418667,691
159.341486,149.297458,147.095083,692
159.421430,167.768708,166.525916,693
159.426137,148.411959,147.910000,694
159.524777,158.198541,156.887500,695
159.633510,135.708708,134.056416,696
159.704313,179.515875,137.665500,697
159.719677,99.957083,98.520916,698
159.791797,158.997125,158.380542,699
159.861991,144.857125,144.384334,700
159.907753,162.905459,162.171917,701
159.956190,187.932208,184.587667,702
160.058557,209.240792,207.550292,703
160.219770,362.436375,361.356917,704
160.368119,176.984792,175.389958,706
160.389311,153.033708,151.459875,707
160.390252,532.909125,532.384417,705
160.546673,262.619584,261.958667,708
160.655840,130.656166,130.198542,709
160.798615,149.334500,147.280583,710
160.985785,127.952417,127.229375,711
161.143051,83.001625,79.627042,712
161.291608,100.492000,100.102333,713
161.331373,132.618208,130.593750,714
161.380096,126.680459,126.283209,715
161.501870,123.525792,123.006917,716
161.646689,122.137459,120.445791,717
161.995175,136.621334,133.385583,718
162.157950,148.859083,147.076708,719
162.278342,140.547750,139.873708,720
162.334447,143.519542,142.458459,721
162.447831,109.767584,107.872334,722
162.564214,142.450875,141.757000,723
162.640872,117.040584,115.178000,725
162.657685,165.718000,164.703584,724
163.030327,172.228000,171.114709,726
163.341541,150.493000,148.912750,727
163.622655,172.201458,170.618584,728
163.654139,184.783375,183.303750,729
163.750367,226.195375,225.426833,730
163.965721,107.970625,107.083375,731
164.042694,149.880500,148.743000,732
164.142303,110.772375,107.916666,733
164.341539,150.024583,148.705958,734
164.672952,149.119250,148.295583,735
164.794558,159.956709,158.723834,736
164.794822,129.220583,124.725417,737
164.978804,120.106583,118.733125,738
165.078635,100.877875,99.721417,739
165.292085,100.267417,99.327083,740
165.616738,92.245417,89.586584,741
165.775222,164.093417,162.801625,742
165.851266,115.755208,113.811834,743
165.924619,170.232708,169.813000,744
165.981465,123.613000,121.006958,746
166.019666,171.110041,168.281458,745
166.328222,137.741917,135.507750,747
166.459855,155.739791,154.120458,748
166.657256,138.492958,136.618125,749
166.669230,145.198958,142.296875,750
166.885311,145.880001,145.085792,751
166.933674,145.544000,145.026000,752
166.949246,91.161000,90.560750,753
167.061489,124.905375,124.067125,754
167.336195,144.843125,144.214875,755
167.657920,133.176750,130.927417,756
167.691130,142.642500,140.741417,757
167.995534,136.903667,135.564916,758
168.182602,110.978584,108.970167,759
168.270983,156.950209,153.806042,760
168.324295,133.789250,133.195709,761
168.392343,145.554209,143.028083,762
168.695717,171.629208,170.976458,763
168.829373,119.838250,119.407458,764
168.998326,139.917458,138.331084,765
169.303148,112.192791,110.568500,766
169.457883,149.053041,148.696333,767
169.567956,122.918542,121.369792,768
169.618024,93.487333,91.312667,769
169.764053,133.745209,131.726291,772
169.784702,178.743250,177.468083,770
169.791158,173.120209,132.486958,771
169.894359,202.140750,200.843125,773
170.000234,142.797083,140.354375,774
170.350890,159.535251,157.185584,775
170.487358,113.476417,111.664875,776
170.651168,126.640500,125.370583,777
170.953981,96.321458,95.620584,778
171.205347,121.855125,120.983333,779
171.304229,112.487084,110.916750,780
171.407592,119.681916,118.394208,781
171.676360,152.578417,151.026751,782
171.969776,111.960625,111.072208,783
172.319376,157.299041,156.354333,784
172.332322,140.235084,138.301625,785
172.538976,123.251917,122.269000,786
172.695993,170.454667,168.748709,787
172.696996,132.912500,132.036333,788
172.792758,111.084750,110.397291,789
172.979245,90.549084,89.570833,791
173.016267,159.105916,157.197250,790
173.213882,132.389250,130.077500,792
173.309656,188.622875,187.084042,793
173.369773,178.696000,177.724750,794
173.374293,104.873708,104.060834,795
173.527662,141.768958,137.272042,796
173.651522,126.040833,123.681250,797
173.847276,136.217667,134.660167,798
173.977217,123.299166,122.329667,799
174.017392,158.752417,156.884875,800
174.381592,190.651125,188.988625,801
174.671146,147.112584,144.515875,802
174.925431,145.432583,143.166042,803
174.997038,138.300166,137.216917,804
175.185773,119.610458,118.021459,805
175.330857,139.657584,137.971750,806
175.367943,118.915417,118.123541,807
175.461633,122.799833,121.503958,808
175.634237,109.965625,108.439917,809
175.949177,105.850209,104.411709,810
175.969217,111.143083,108.912417,811
176.184162,135.355791,134.682333,812
176.302315,110.665333,109.826208,814
176.309515,128.363083,127.437625,813
176.392155,152.236000,151.404167,815
176.497224,127.253584,125.195584,816
176.645900,119.918750,118.989501,817
176.752776,168.817834,166.579292,818
177.007265,148.628375,147.354083,819
177.339606,147.622125,146.961792,820
177.537253,123.014500,122.287375,821
177.705474,181.663416,180.332541,822
177.962877,110.024250,107.569292,823
177.993759,135.134126,133.493500,824
178.323638,133.167125,130.760291,825
178.655521,131.005001,128.699958,826
178.706385,119.171500,116.911084,827
178.903235,131.693625,130.154500,828
179.016053,157.328500,156.590291,829
179.351190,160.724667,160.095542,830
179.642732,117.504333,117.145291,831
179.967471,109.167916,106.721125,832
180.124792,109.371500,107.758000,833
180.336105,144.881917,144.312000,834
180.669454,143.644667,141.769250,835
180.993600,136.234875,135.038167,836
181.229945,94.738292,94.150875,837
181.321994,128.609542,125.409958,838
181.628203,103.611375,102.706625,839
182.010321,152.267792,149.513875,840
182.305301,113.519875,112.029750,841
182.643404,118.285708,116.749792,842
182.883014,107.864167,107.246125,843
182.930850,114.500751,113.143917,844
183.019615,161.890750,161.289334,845
183.312876,122.294083,120.808917,846
183.707636,182.844083,181.648542,847
184.051444,193.333000,191.739916,848
184.332933,142.070542,141.408459,850
184.391251,208.598834,207.801417,849
184.397487,137.967666,137.152459,851
184.632076,107.355792,105.765625,852
185.007061,149.279084,147.504875,853
185.135891,131.337208,129.987667,854
185.322374,129.368750,126.928083,855
185.502216,160.544416,158.731708,856
185.622675,152.501709,151.262417,857
185.665166,141.352459,140.871500,858
185.990565,132.925916,131.426458,859
186.287093,93.569291,91.942958,860
186.500358,170.405667,168.779042,861
186.538657,192.945667,190.872500,862
186.659347,134.794334,133.577500,863
186.841576,96.344208,95.047750,864
186.977955,120.193209,118.672167,865
187.156378,140.429917,137.898833,866
187.353374,161.903875,160.293000,867
187.638176,113.329708,110.505500,868
187.686629,150.458875,147.696208,869
187.970471,113.063125,112.578959,870
188.036898,128.882250,126.736458,871
188.117991,145.141500,143.277459,872
188.256715,111.622292,110.334292,873
188.308915,118.061708,117.273333,874
188.663518,137.916333,137.398334,875
188.783441,162.301708,160.284833,876
189.024880,167.726417,166.523584,877
189.327262,136.345709,135.104375,878
189.477319,118.051208,117.237167,879
189.661233,154.970959,149.755375,880
189.678261,153.136667,150.875375,881
189.692295,135.371542,133.527916,882
189.983056,124.992292,124.307167,883
190.035979,157.312167,155.136625,884
190.243353,116.050959,115.597709,885
190.373359,180.919667,180.351500,886
190.379308,132.506792,131.755458,887
190.437522,164.643500,163.843750,888
190.489261,139.938750,139.324791,889
190.680909,156.310875,155.830209,890
190.775821,149.849292,149.225416,891
191.003907,146.711542,145.437833,892
191.339120,148.036000,147.580417,893
191.630249,106.456000,105.962208,894
191.757831,155.028125,153.712125,895
192.030459,171.503792,168.834167,896
192.183252,130.452583,128.097375,898
192.205588,162.969333,162.606208,897
192.326410,135.331291,134.432084,899
192.369535,166.456209,166.035042,900
192.406532,79.029417,78.620208,901
192.577713,102.276708,101.115875,902
192.616039,90.455750,88.134375,903
192.834486,84.648375,84.021000,904
192.990902,132.950125,130.746000,905
193.311508,120.712958,118.799333,906
193.686941,162.649375,160.197333,907
193.977385,117.814667,117.054292,908
194.261754,120.244250,119.006416,909
194.333902,142.984917,142.237667,910
194.363150,157.343667,156.660292,911
194.457860,128.234458,126.909125,912
194.482782,124.880875,123.868209,913
194.578212,109.983708,108.383916,914
194.682666,158.858000,157.148250,915
194.891645,120.115625,117.477791,916
194.980835,122.594208,120.869875,917
195.280973,127.257083,125.888292,918
195.309538,117.565292,115.251792,919
195.689438,165.563417,164.168375,920
195.817028,134.995875,133.325792,921
195.983909,125.818000,124.316792,922
196.003159,96.176791,94.425625,923
196.270432,170.851042,168.739375,924
196.282272,90.684125,90.160875,925
196.619845,167.106334,165.920709,926
196.658585,134.365000,133.091583,927
196.714640,156.735833,155.106292,928
196.967694,122.337541,121.822458,929
196.990478,132.864959,132.160584,930
197.088995,160.504458,158.911666,931
197.099059,157.080292,155.738041,932
197.279211,142.363958,139.668666,933
197.353828,162.300250,160.209292,934
197.625062,99.401167,98.419125,935
197.813678,134.593083,133.659750,936
197.980285,121.540417,120.181833,937
198.283625,92.175417,91.318792,938
198.423329,127.832541,127.332917,939
198.699764,175.837375,174.297375,940
198.959484,100.444750,100.002876,941
199.043988,164.835709,163.261583,942
199.065831,158.337084,157.687833,943
199.341805,150.278333,149.540417,944
199.646676,121.159501,119.803833,945
199.964121,145.588625,144.374125,946
200.000974,143.229042,142.145792,947
200.283970,143.773292,143.266667,948
200.326662,135.503667,133.834167,949
200.661419,136.959375,135.319334,950
200.993828,117.267500,115.060167,952
201.046587,188.938459,186.926542,951
201.284466,93.921916,91.920791,953
201.508178,112.983792,112.539000,954
201.589937,120.274291,119.489708,955
201.667851,143.479000,141.031041,956
201.757025,108.082042,107.100001,957
201.991209,133.337458,130.621166,958
202.271404,170.054792,169.124375,959
202.312587,119.376250,118.055875,960
202.644304,120.422167,118.925916,961
202.835514,169.867833,166.997541,962
203.039345,181.844250,171.080292,963
203.096340,166.737666,163.956625,965
203.099617,206.068333,202.299125,964
203.166981,171.363792,170.528167,966
203.306807,115.930500,114.023000,967
203.497244,163.135291,160.559584,968
203.628704,104.352208,103.744666,969
203.752743,120.693709,120.176875,970
203.989185,132.060542,130.468334,971
204.314106,147.053667,146.622583,972
204.333205,142.518833,140.599375,973
204.585676,141.259125,139.100501,974
204.665381,139.877208,138.663292,975
204.840163,113.372875,112.980875,976
204.893421,156.613333,155.853250,977
205.011628,154.080208,153.395958,978
205.049361,136.135709,134.887083,979
205.090642,173.075000,171.805667,980
205.175411,204.609125,202.724084,981
205.218650,121.032334,118.946042,983
205.229379,173.541959,171.471417,982
205.325946,135.464292,133.952875,984
205.443088,95.114250,93.789791,986
205.469644,261.122751,260.480501,985
205.673986,122.784083,122.273667,988
205.683383,158.096166,157.677333,987
205.763696,175.908250,174.064625,989
205.802877,171.789334,170.890125,990
205.933303,150.856417,148.684667,992
205.940777,269.019917,267.932875,991
206.084458,226.129750,222.368417,993
206.108394,187.136542,186.699333,994
206.221811,170.434542,169.617291,995
206.233062,136.399959,135.596125,996
206.351707,160.632500,157.887042,997
206.551189,96.886125,94.679958,998
206.673531,149.695000,148.959709,999
206.822629,110.664166,108.800416,1000
206.878093,159.700625,157.955583,1001
206.988045,167.692292,165.561375,1002
207.036872,179.729667,177.888375,1003
207.353908,162.625750,161.637583,1004
207.424026,154.002333,153.293584,1005
207.636439,112.095375,111.521375,1006
208.019902,160.836667,158.986042,1007
208.069971,151.138167,150.070083,1008
208.322998,132.549667,131.607000,1009
208.598783,155.990625,155.133709,1010
208.630609,144.708958,143.651667,1011
208.676299,152.501417,151.762625,1012
208.750619,116.874042,115.072417,1013
209.016633,158.095000,156.887208,1014
209.135869,142.685958,139.739250,1015
209.251823,107.053333,106.245416,1016
209.321975,129.998458,129.248292,1017
209.456777,126.662667,125.070459,1018
209.617566,93.500167,90.323042,1019
209.839183,112.979125,112.056291,1020
210.013944,156.816917,154.672583,1021
210.321599,130.216625,129.409583,1022
210.410533,97.735458,95.769334,1023
210.571804,124.242125,122.578166,1024
210.643366,119.527625,117.480417,1025
210.934317,133.941792,131.581333,1026
210.995409,137.229458,136.429417,1027
211.090871,156.982292,154.641375,1028
211.295517,118.265291,115.841250,1029
211.316313,125.221250,123.407667,1030
211.422121,89.854333,88.288666,1031
211.615128,94.606750,93.067041,1032
211.660159,135.084542,133.698834,1033
211.831394,137.958625,137.376166,1034
211.988389,125.021750,124.422667,1037
212.002552,145.329917,144.530167,1035
212.060798,201.559459,200.329209,1036
212.140889,271.579292,270.964459,1038
212.184904,148.876583,148.145375,1040
212.266559,379.354792,377.968500,1039
212.329297,138.821084,138.445708,1041
212.353836,131.041458,130.471833,1042
212.578325,167.186250,166.488000,1043
212.588074,170.298334,169.470292,1044
212.614194,130.690875,128.681875,1045
212.724013,215.144417,211.690208,1046
212.823290,299.001792,297.280375,1047
212.985145,133.393167,132.090875,1048
213.012728,158.688542,158.324834,1049
213.043117,185.567375,184.482376,1050
213.183449,162.927042,162.169292,1051
213.231676,207.071958,205.599041,1052
213.251328,194.208875,192.714959,1053
213.340197,261.415292,259.431375,1054
213.407621,105.830083,104.221833,1060
213.492626,411.483625,409.991750,1055
213.633656,163.071708,162.565084,1061
213.665483,544.703833,541.843750,1057
213.678153,154.344459,152.605250,1062
213.820106,699.511167,697.580917,1056
213.965119,774.619417,773.220292,1058
213.986334,216.243708,215.259625,1063
213.988452,129.957917,128.226000,1064
214.108307,904.192333,860.445833,1059
214.194763,241.037125,237.997083,1065
214.321406,237.325667,236.635583,1067
214.326362,198.325167,195.820334,1068
214.332548,349.230584,348.389709,1066
214.524950,334.323209,332.773292,1069
214.538298,170.659125,170.090667,1070
214.617982,177.929208,176.479333,1071
214.696277,172.500417,170.181083,1072
214.939236,130.657625,129.553667,1074
214.963655,161.595291,160.276375,1073
215.039175,182.069125,179.206417,1075
215.155397,145.895167,144.587334,1076
215.298848,127.217125,126.512458,1077
215.325716,135.241459,133.708750,1078
215.413998,151.894458,149.974417,1079
215.471157,107.330125,104.618208,1080
215.649722,124.774709,123.439459,1081
215.753302,158.528417,157.188208,1082
215.778529,155.759917,153.884209,1083
215.832851,164.628334,162.928209,1084
215.966849,146.176334,145.516292,1085
216.054163,197.005084,194.132750,1086
216.076316,193.837292,192.785833,1087
216.095964,108.145333,106.080625,1088
216.280559,183.152083,172.974667,1089
216.308724,196.276208,195.242250,1090
216.395791,205.127417,202.505625,1091
216.409303,174.426584,173.766542,1092
216.526356,149.382042,147.847876,1094
216.617872,368.998292,367.272792,1093
216.691465,137.305875,135.733791,1098
216.715570,233.882250,232.292667,1095
216.760093,238.235375,237.477041,1096
216.878691,354.705459,353.195209,1097
217.020147,447.876917,446.466125,1099
217.036966,179.726166,177.408583,1100
217.037532,157.924958,157.108000,1101
217.290882,99.648792,98.511583,1102
217.383678,141.543209,140.975625,1103
217.569409,108.902792,108.232541,1104
217.630307,105.125709,102.893583,1105
217.702352,114.899750,114.496958,1106
217.815300,141.894959,140.235083,1107
217.919616,108.799834,107.200041,1108
218.004876,147.317042,146.514375,1109
218.144358,121.402166,120.257958,1110
218.317927,138.356750,137.251625,1112
218.321302,200.615625,199.035084,1111
218.348096,157.516334,155.236667,1113
218.529456,124.629751,123.245209,1114
218.628416,119.831542,118.708917,1115
218.691610,166.924625,165.380833,1116
218.838077,159.548666,157.773584,1117
218.923050,140.475125,138.593583,1118
218.976120,117.861917,116.785375,1119
219.301067,156.518834,155.555458,1120
219.354690,143.191125,142.553542,1122
219.369299,178.813834,176.436458,1121
219.494551,203.379167,202.443208,1123
219.547828,122.431750,119.282042,1124
219.636961,112.568167,112.003792,1125
219.746738,112.229834,110.430250,1126
219.991373,133.811417,133.202709,1127
220.104586,103.437250,102.845750,1129
220.120789,121.644542,119.995458,1128
220.317755,129.844458,128.900042,1130
220.325556,132.776584,131.980625,1131
220.625126,177.428125,176.650834,1132
220.715786,191.721251,191.283459,1133
220.726767,176.318917,175.689501,1134
220.804794,149.037875,147.660042,1135
220.917087,146.414916,144.963291,1136
220.978143,118.811291,116.728208,1137
221.150198,124.986750,124.271000,1138
221.198969,89.332542,87.734208,1139
221.339212,135.766750,134.540000,1141
221.370453,179.973208,177.515625,1140
221.576736,120.763125,120.258250,1142
221.705340,118.825292,117.540208,1145
221.735939,198.831792,197.856750,1144
221.747954,224.031500,223.268208,1143
221.814528,87.165166,85.903125,1146
221.979912,122.766292,121.834417,1147
222.288867,145.369584,143.103042,1148
222.309259,118.764625,118.227667,1149
222.499885,126.298958,124.977125,1150
222.613175,107.357250,106.409917,1151
222.649484,125.666625,124.244166,1152
222.765767,152.081709,149.498417,1153
222.819703,200.475334,198.155125,1154
222.968485,110.269250,109.701959,1155
223.296073,105.533750,104.875459,1156
223.398452,142.525250,139.987750,1157
223.436142,135.792417,133.810250,1158
223.640964,116.384917,115.549875,1159
223.830370,151.981375,150.701250,1160
224.021729,162.953000,162.399125,1161
224.205441,133.554458,131.166292,1163
224.243876,201.424126,200.231792,1162
224.410189,194.922000,193.416125,1165
224.414053,222.673208,221.569250,1164
224.437146,144.500709,144.085666,1166
224.540265,231.394916,229.050792,1167
224.605406,80.990875,79.470417,1168
225.007448,150.301375,149.289292,1169
225.053785,107.316417,105.115209,1170
225.104045,100.398084,99.506167,1171
225.298439,107.970625,107.068208,1172
225.673549,151.553500,147.204167,1173
225.682943,159.042625,157.622500,1174
225.980331,124.033875,123.314334,1176
226.002736,144.596666,142.142000,1177
226.005969,193.764958,192.368750,1175
226.111164,226.831500,224.768833,1178
226.252612,137.529875,137.046875,1179
226.298481,107.027375,104.521666,1180
226.529381,89.831292,88.189500,1181
226.660663,134.925000,133.733541,1182
226.717479,142.521750,140.126292,1183
226.951999,92.019667,91.535208,1184
227.149877,112.946167,111.348708,1185
227.309188,117.742917,116.388125,1186
227.557274,145.914416,144.776625,1187
227.735733,168.666167,166.276833,1190
227.736463,234.921167,234.052583,1188
227.786663,261.811083,261.020667,1189
228.009849,151.134375,150.545792,1191
228.311548,120.840709,120.275458,1192
228.467574,130.204083,129.379250,1193
228.655634,131.214708,130.525500,1194
228.747394,129.395875,126.125125,1195
228.971336,113.793166,112.190750,1196
229.117942,116.578583,115.512250,1197
229.197739,138.245916,137.740750,1198
229.296905,106.178625,104.152417,1199
229.397438,86.439792,85.006541,1200
229.450127,130.187750,128.998041,1201
229.662704,138.910917,136.572334,1202
229.763218,118.311959,117.635000,1203
229.890378,172.864125,172.075459,1204
229.979188,122.067750,120.768958,1206
229.993248,143.412208,142.947875,1205
230.188084,136.327042,134.310166,1207
230.327543,135.993958,133.714584,1208
230.691482,179.730833,177.233000,1210
230.703622,215.120500,214.044833,1209
230.717486,193.619417,191.807875,1211
231.015802,158.531625,156.306792,1212
231.320477,129.007084,127.686417,1213
231.639118,114.919291,114.375042,1214
231.756881,116.101417,115.416875,1215
231.987416,129.893750,128.193042,1216
232.188919,141.848583,139.539750,1217
232.298627,107.737000,106.236667,1218
232.662092,137.893292,136.720792,1219
232.761480,111.731375,110.133333,1220
233.039038,181.254208,180.546333,1221
233.053599,142.271500,141.577333,1222
233.287169,207.795000,205.520000,1223
233.322640,130.588500,129.094875,1224
233.557461,155.090833,153.138125,1225
233.671454,147.631750,146.131708,1226
233.966155,107.350834,106.897001,1227
234.035300,95.195042,94.362042,1229
234.058810,170.953125,169.953000,1228
234.271843,145.936292,144.828834,1230
234.341769,150.813250,148.860541,1231
234.372489,158.755917,156.616250,1232
234.507280,221.654417,220.648458,1233
234.665632,197.316875,196.791875,1235
234.687650,162.107751,161.570209,1236
234.687772,228.038709,227.049667,1234
234.835804,294.498751,293.806625,1237
234.984916,127.185041,125.745959,1238
235.109240,132.023208,130.948417,1239
235.255716,154.110250,151.874625,1240
235.304399,113.085584,111.543250,1241
235.361764,113.536501,112.359333,1242
235.657177,132.343166,131.537875,1243
235.945327,147.818709,146.987459,1244
236.036900,178.918251,177.041084,1245
236.069832,176.696917,173.824000,1246
236.370967,178.913875,178.450416,1247
236.411732,134.755833,133.142042,1248
236.445643,164.794875,163.682458,1249
236.613998,114.255750,112.850791,1250
236.680321,156.530501,155.337000,1251
236.971045,160.534208,159.268667,1252
237.033136,174.617042,173.240375,1253
237.088414,176.060208,174.953041,1254
237.319483,128.020667,126.582750,1255
237.445796,144.187167,143.500584,1256
237.578708,139.545875,137.956875,1257
237.640609,115.951500,113.918875,1258
237.974509,116.756209,116.057958,1259
238.285566,92.747959,90.453708,1260
238.671465,146.495125,145.292584,1261
239.035353,176.991792,176.360917,1262
239.293108,125.836084,125.289791,1263
239.335426,144.940542,143.492125,1264
239.406177,172.117750,170.351416,1265
239.476435,126.301000,125.272292,1266
239.687553,162.551959,160.595750,1267
239.832839,156.475958,154.209125,1268
239.958238,100.123042,98.682208,1269
240.087092,118.690541,118.174292,1270
240.263398,152.003250,150.647584,1271
240.320170,127.421875,126.600250,1272
240.669184,145.375709,143.231959,1273
240.992671,134.774792,133.169751,1274
241.034701,114.429291,112.823666,1275
241.242261,145.622750,143.710292,1276
241.323304,132.871666,131.901291,1277
241.513563,130.369458,128.841708,1278
241.570062,173.153459,171.394125,1279
241.605970,149.272375,148.107750,1280
241.663165,138.582209,137.012750,1281
241.842894,99.483417,98.436917,1282
242.012372,154.205625,152.841792,1283
242.303751,114.881959,114.388167,1284
242.323311,131.451250,129.038583,1285
242.465400,202.366209,201.982083,1287
242.465820,204.725500,204.272250,1286
242.523297,165.555250,164.937208,1288
242.598438,115.775334,113.305208,1289
242.660297,136.155542,134.800458,1290
242.989508,131.439876,130.121542,1291
243.266282,119.154583,118.355125,1292
243.345154,152.855208,151.626125,1293
243.523161,110.850833,109.601917,1294
243.652794,127.327666,125.563959,1295
243.994840,136.561250,134.405834,1296
244.329878,138.294917,135.286375,1297
244.432859,163.877875,163.275000,1298
244.512724,144.904083,141.575291,1299
244.662141,138.355584,137.204083,1300
244.978132,128.188084,126.821042,1301
244.983545,124.642875,121.260708,1302
245.209903,128.375042,127.050875,1303
245.308421,162.836042,160.218625,1304
245.352700,161.871792,160.727583,1305
245.670601,146.062875,145.209167,1306
245.756748,158.880750,158.074875,1307
245.960762,101.966084,101.492417,1308
246.309410,117.130709,114.987542,1309
246.440712,117.971292,117.322333,1310
246.555516,103.204209,102.451125,1311
246.646137,121.497542,120.886792,1313
246.649756,170.818375,168.199500,1312
247.001261,143.210958,139.841917,1314
247.310904,128.920750,128.192167,1315
247.311752,121.253708,119.553583,1316
247.661375,137.160625,136.285042,1317
248.037680,179.610084,178.878875,1318
248.115202,191.699667,190.878916,1319
248.337566,146.238750,143.656916,1320
248.586991,118.053833,115.525667,1321
248.624293,100.137917,98.331333,1322
248.982571,124.341875,123.719458,1323
249.075529,134.095208,132.708042,1324
249.269559,83.702500,82.816125,1325
249.293257,102.350792,100.952542,1326
249.701303,175.121042,174.561917,1327
249.863906,121.625584,121.173500,1328
249.943838,135.002292,133.953750,1329
250.009274,150.213876,149.503667,1330
250.113320,122.636500,120.083541,1331
250.321865,130.342042,128.202084,1332
250.659900,134.605626,132.821792,1333
250.957351,100.210250,98.436334,1334
251.335772,144.387833,143.711750,1335
251.343495,134.012375,131.479250,1336
251.712351,187.346250,184.766750,1337
251.796910,160.955959,157.374292,1338
251.840667,102.003416,99.381917,1340
251.892931,182.338041,179.771959,1339
251.960435,102.060292,101.635042,1342
251.975355,207.010417,206.054625,1341
252.288350,119.210292,116.105209,1343
252.338517,146.293875,144.929458,1344
252.645342,121.468666,119.721000,1345
252.685277,158.402125,157.767167,1346
252.841242,116.974375,115.479292,1347
252.929655,114.766750,113.447541,1348
252.979962,122.830750,122.127833,1349
253.039204,129.718167,129.163416,1350
253.387829,196.633208,195.381375,1351
253.675852,151.890667,148.497416,1352
253.814067,132.109833,130.386667,1353
253.964684,106.351291,105.879375,1354
254.317230,126.768833,125.611792,1355
254.711251,185.994375,184.706667,1356
254.801942,115.360583,114.744000,1357
254.877741,152.471375,150.032459,1358
255.029610,170.795917,169.647625,1359
255.341423,149.839375,148.162292,1360
255.648786,122.996708,121.013375,1361
255.996218,139.054125,138.567625,1362
256.110336,146.922125,145.443375,1363
256.323835,131.540792,129.861667,1364
256.681794,156.807291,155.350125,1365
256.994164,136.312167,135.701709,1366
257.081500,119.702917,119.077292,1367
257.354836,162.952417,159.964292,1368
257.656039,132.082417,129.547833,1369
257.844985,143.450125,142.879625,1370
258.014434,156.575417,154.836208,1371
258.131416,145.217625,143.726625,1372
258.156839,130.580042,126.775834,1373
258.306732,114.851625,114.357250,1374
258.396997,149.652708,147.223417,1375
258.508886,99.073917,98.386166,1376
258.568805,148.922375,147.706708,1377
258.671548,147.468417,145.749042,1378
258.673626,133.705250,132.181875,1379
258.969213,109.356625,107.782791,1380
258.987119,110.655417,109.028792,1381
259.368713,150.346000,149.737000,1383
259.379673,189.033250,188.394500,1382
259.477723,145.776750,145.106208,1384
259.632758,107.344125,106.943958,1385
260.009562,151.473292,149.041667,1386
260.031760,146.143084,145.742042,1387
260.133639,148.333500,145.329625,1388
260.345375,154.626208,152.483917,1389
260.713890,188.821208,187.986166,1390
260.722271,134.531542,132.653209,1391
260.975903,126.781958,123.720333,1393
260.987164,146.904917,146.094084,1392
261.012732,155.612916,153.480542,1394
261.314816,123.694083,122.969291,1395
261.388344,133.807625,133.193958,1396
261.663543,139.500959,137.097625,1397
261.990120,132.969375,130.172291,1398
262.022268,109.727625,108.557166,1399
262.146403,84.412125,82.882042,1400
262.314118,122.659250,120.760209,1401
262.448924,104.693459,104.168458,1402
262.639378,115.226709,113.855292,1404
262.644180,128.125376,127.696626,1403
262.795841,143.859042,141.679709,1405
262.848359,166.373667,165.211667,1406
262.951296,90.041000,88.755333,1408
263.034133,175.768542,175.004667,1407
263.040798,72.448833,70.740833,1409
263.236615,121.044584,120.593959,1410
263.348375,156.746042,154.505459,1411
263.419049,138.814083,137.834375,1412
263.435956,148.465917,147.720416,1413
263.656282,131.454167,131.163375,1414
263.708270,126.500791,124.187875,1415
263.956331,152.153167,150.808000,1416
263.987935,130.249584,128.340626,1417
264.097692,142.073166,141.473792,1418
264.205340,155.089666,153.277250,1419
264.208165,152.142667,151.598709,1420
264.302625,111.348708,109.784209,1421
264.471385,176.555750,174.816833,1422
264.500616,201.785500,200.460166,1423
264.501655,195.752667,194.306292,1424
264.661903,130.036958,128.566667,1426
264.710685,186.276125,185.469083,1425
264.785382,196.207667,194.875042,1427
264.837371,239.259417,238.057750,1428
264.916735,112.935958,112.397834,1429
265.000873,143.741208,140.642833,1430
265.068727,119.466667,117.155500,1431
265.175419,147.295458,144.608625,1432
265.268767,170.616541,168.982917,1433
265.337293,188.708334,186.185417,1434
265.352979,162.366750,161.459084,1435
265.417414,118.328292,116.634292,1437
265.497860,144.770208,144.413500,1438
265.612972,171.694833,171.022250,1439
265.624638,383.065084,381.581667,1436
265.706825,182.620667,182.193084,1440
265.853747,104.068125,102.845750,1441
265.937563,125.627834,125.024375,1442
266.009365,150.424167,148.386584,1443
266.140711,127.055251,126.457042,1444
266.218799,123.875500,122.539666,1445
266.319402,128.704333,128.084542,1446
266.327046,123.472125,122.442541,1447
266.538262,136.120834,133.664708,1448
266.616709,168.003792,166.840625,1449
266.649103,124.546333,123.886292,1450
266.756032,170.685084,169.411375,1451
266.863776,99.209833,98.474250,1452
266.971591,114.034959,112.938000,1453
267.024741,153.138125,150.977750,1454
267.107024,180.782292,180.010250,1455
267.353063,160.977833,160.364750,1456
267.419665,197.908959,197.349250,1458
267.420757,217.841750,215.352958,1457
267.524310,264.430250,263.429834,1459
267.571071,148.097542,145.509584,1461
267.713079,187.363750,186.469500,1462
267.716141,409.671501,409.051709,1460
267.802291,192.213000,191.612459,1463
267.929652,145.060417,144.537750,1464
268.007475,132.039250,130.965041,1466
268.006712,148.027834,146.393917,1465
268.199041,154.326376,153.585833,1467
268.244307,164.395292,163.114292,1468
268.272895,190.245126,187.914709,1469
268.364773,174.276667,173.734750,1470
268.477520,176.369083,175.761250,1471
268.499229,143.021084,140.043459,1473
268.571159,224.972416,223.468000,1472
268.669685,142.417333,141.040375,1474
268.744544,157.131333,155.646166,1475
268.796257,116.197083,115.640583,1476
268.853245,120.651417,119.364584,1477
268.962446,146.447583,145.014042,1478
269.010647,151.957750,150.539375,1479
269.099877,176.827584,176.231709,1480
269.277475,115.721084,112.199500,1481
269.326459,135.926875,135.276750,1482
269.590959,122.086709,120.808917,1484
269.597358,152.942126,150.431459,1483
269.644177,119.613375,117.195167,1485
269.695151,161.978250,160.331209,1486
269.756743,108.712334,107.496666,1487
269.832484,137.873458,136.383041,1488
269.935671,134.361792,133.016625,1489
270.006360,136.262875,135.619458,1491
270.035879,177.766750,176.274291,1490
270.385410,193.074583,190.747959,1494
270.396273,213.725167,211.427417,1492
270.404921,214.417292,213.544625,1493
270.500793,155.349541,153.570084,1495
270.629174,152.292000,151.356042,1496
270.640430,116.396584,115.818209,1497
270.801938,136.152916,134.365875,1498
271.005891,199.222626,196.221667,1499
271.025923,167.594583,166.400792,1500
271.041322,157.345708,155.622542,1501
271.207847,167.081833,164.614625,1502
271.338194,118.024375,116.480291,1504
271.338704,147.411250,146.734292,1503
271.671418,147.371000,144.956584,1507
271.671731,175.193667,172.013625,1505
271.678047,168.573708,166.303375,1506
271.790700,105.909416,104.815375,1512
271.887222,352.727667,352.167084,1508
271.906309,162.521916,161.352916,1513
272.035056,177.242042,172.334167,1514
272.050306,459.655875,457.251084,1509
272.122044,107.962750,105.895125,1516
272.210412,178.186458,176.903125,1517
272.211919,586.963416,584.358833,1510
272.322034,130.916625,130.525208,1519
272.372399,717.288251,715.491875,1511
272.388771,152.487125,150.885875,1520
272.459937,590.219292,588.855167,1515
272.599129,120.488375,119.583333,1523
272.627630,593.183500,592.503042,1518
272.632754,168.119000,167.208417,1522
272.769196,508.837000,506.034667,1521
272.781765,163.058292,161.511584,1525
272.808578,122.238667,121.726792,1526
272.874755,349.512625,348.391750,1524
272.920347,92.536208,91.437500,1527
272.991272,132.876334,131.513375,1528
273.102163,102.083334,99.530084,1529
273.146151,128.083084,127.101917,1530
273.294758,102.779250,100.818083,1531
273.488296,156.052750,154.844375,1532
273.625378,154.803541,152.845291,1533
273.676144,151.748917,150.911541,1534
273.733557,169.837209,167.931167,1535
273.859342,294.647209,293.112167,1536
273.899812,159.425584,158.936750,1538
273.931158,168.389959,166.312417,1539
274.040565,465.818209,464.996292,1537
274.130265,122.604416,121.824500,1542
274.190271,421.898167,420.548917,1540
274.300391,210.530542,209.848041,1543
274.344283,153.355416,152.247958,1544
274.381607,522.512667,521.570000,1541
274.551901,131.734750,130.148667,1545
274.679993,156.859208,154.352625,1546
274.732296,207.798792,206.939250,1547
274.771668,181.942250,180.299292,1548
274.918327,112.627958,111.032834,1549
274.958592,101.494167,100.093875,1550
275.155750,159.438417,156.659125,1551
275.191229,167.590792,165.428375,1552
275.208613,179.196792,176.574417,1553
275.285195,93.354917,92.867250,1555
275.346209,173.397875,169.568875,1554
275.420409,196.932458,195.458084,1556
275.489893,247.303875,246.072750,1557
275.499340,173.870375,173.125750,1558
275.626339,280.708459,277.249000,1559
275.727717,202.861166,201.400208,1560
275.768851,116.648583,116.081875,1561
275.954617,96.072959,94.884708,1563
276.023268,168.845833,166.703833,1562
276.206093,104.421917,101.129875,1564
276.324739,133.745500,131.168916,1565
276.637410,113.589291,111.323041,1567
276.648554,140.246751,138.552459,1566
276.881460,148.262333,145.370166,1568
277.005777,164.822000,162.872792,1569
277.031525,171.629792,170.731459,1570
277.045491,174.246041,173.657458,1571
277.218428,106.149167,104.721459,1572
277.332996,141.527167,139.960334,1573
277.630484,103.552459,102.053875,1575
277.636835,112.707000,111.213084,1574
277.777099,142.579209,141.528625,1576
277.796560,156.075500,155.544375,1577
277.871913,123.125333,121.953416,1578
277.987422,128.916958,127.638584,1579
278.102807,112.469000,111.055583,1580
278.205843,132.699292,131.075875,1581
278.353335,162.836042,160.318375,1582
278.617547,152.070626,151.644209,1583
278.619246,147.254625,144.859167,1584
278.656082,140.196583,138.460875,1585
278.742311,218.386292,215.432583,1586
278.884379,150.191709,149.283459,1587
278.919272,150.584584,148.526875,1588
279.002053,144.900875,143.561541,1589
279.123967,130.559917,128.231834,1590
279.355662,165.190083,164.483375,1591
279.665822,141.992667,141.188250,1592
279.707201,155.148584,152.884958,1593
279.977383,119.294291,118.062291,1594
280.239720,168.188708,166.820500,1595
280.358275,207.286041,205.696458,1596
280.380076,189.139417,186.768459,1597
280.578573,119.805000,117.825458,1598
280.673913,149.355209,146.988625,1599
280.754468,130.904958,128.756542,1600
280.792088,133.029750,132.311376,1601
280.947464,281.051750,280.529959,1602
280.977245,162.532125,161.868583,1603
280.998326,140.497584,139.892958,1604
281.190831,109.650917,107.242042,1605
281.331684,140.979125,139.367958,1606
281.494188,183.943083,183.067209,1607
281.524606,126.363417,123.452584,1608
281.647857,123.100833,122.537333,1609
281.817776,144.403292,141.793750,1610
281.983319,125.396541,124.867458,1611
282.019739,125.452542,124.831583,1612
282.186662,135.552083,134.806000,1613
282.231421,152.029792,150.020792,1614
282.270338,184.488501,183.844792,1615
282.346143,228.237333,227.635916,1616
282.490223,298.828250,297.978625,1617
282.624061,98.807333,98.109083,1618
282.955796,97.633959,96.786667,1619
283.156258,87.512542,85.144208,1620
283.324156,132.008625,129.245084,1621
283.670285,146.123542,142.787458,1622
283.712433,126.321709,125.320417,1623
283.994639,137.487875,137.091500,1624
284.036490,111.719417,109.270583,1625
284.146823,122.252667,119.209708,1626
284.334738,144.225667,142.879334,1627
284.544789,123.488458,121.924542,1628
284.645906,120.040959,118.586417,1629
284.754740,145.017834,143.585167,1630
284.995558,138.267500,135.838792,1631
285.066727,154.186667,153.330916,1632
285.280357,88.255416,87.740917,1634
285.292582,148.704792,146.850958,1633
285.523567,160.446125,158.853625,1635
285.635972,111.441167,109.979917,1636
285.949780,92.504708,90.302333,1637
286.343940,153.301750,152.793376,1638
286.487587,142.343542,140.898625,1639
286.677240,152.695666,151.365958,1640
286.996981,138.982084,138.110584,1642
287.002771,155.243959,152.448625,1641
287.272081,80.770083,80.070084,1644
287.357810,167.063458,164.769500,1643
287.370631,82.220834,80.765125,1645
287.673236,149.403625,148.134875,1646
287.958231,100.172333,99.038625,1647
288.157287,122.890542,120.616125,1648
288.246637,108.562417,107.286958,1649
288.311640,119.475416,118.205500,1650
288.677213,152.600292,151.929166,1651
289.050702,193.238500,192.202500,1652
289.191826,146.894417,145.680500,1653
289.305636,114.481792,113.138375,1654
289.438679,123.883667,120.789375,1655
289.511580,119.282334,117.070334,1656
289.643264,116.697583,115.108292,1657
289.997670,138.888167,136.818209,1658
290.038381,148.249208,146.971125,1659
290.277626,86.471291,84.651292,1660
290.644194,118.634833,117.504333,1661
290.660432,122.633584,122.134250,1662
290.996404,138.346833,137.032291,1663
291.054531,166.396125,165.760583,1664
291.325128,133.485917,132.846583,1665
291.449167,165.287791,162.876584,1666
291.615941,90.623459,88.919542,1667
291.742364,112.869750,112.188417,1668
291.969798,112.619500,111.661959,1669
292.295970,181.037208,178.716125,1670
292.325599,133.760958,131.722500,1671
292.635394,110.396417,108.945667,1672
292.714058,155.960000,154.313250,1673
292.764729,124.691292,122.537042,1674
292.922744,133.186375,132.014750,1675
293.020257,195.601000,194.896042,1676
293.026632,192.011458,191.261875,1677
293.037819,180.668833,179.994209,1678
293.110501,118.869333,116.911958,1679
293.336230,144.545625,143.543167,1680
293.666440,142.608083,141.246291,1681
293.687524,154.797708,153.363291,1682
293.765280,158.190083,156.459917,1683
293.991148,133.044917,132.078625,1684
294.208052,88.502167,85.382208,1685
294.307359,115.947708,114.711334,1686
294.456513,108.587792,105.829792,1687
294.507141,145.117875,144.652084,1688
294.687505,162.780625,160.241667,1689
295.002282,144.164708,142.733792,1690
295.335686,143.758125,142.107583,1691
295.594520,170.603416,168.666166,1692
295.655403,130.820667,129.088166,1693
295.885921,118.080375,115.772708,1694
295.951713,173.626542,172.210500,1695
295.999781,141.645583,140.931875,1696
296.099663,152.326417,149.937375,1697
296.331752,141.260875,139.880125,1698
296.654016,130.039875,127.648208,1699
297.023345,165.467459,163.930375,1700
297.321817,131.284709,129.796041,1701
297.657873,132.464792,131.846458,1702
297.784932,125.065209,123.595792,1703
297.839403,126.980000,126.191917,1704
297.945152,87.994375,87.381292,1705
298.286629,94.378666,93.659416,1706
298.613508,88.977292,87.621625,1707
298.977053,118.806917,116.435959,1708
299.318461,127.584917,126.237417,1709
299.487812,135.018916,133.529666,1710
299.606526,164.850584,164.260250,1711
299.652296,128.533125,128.126542,1713
299.670550,190.973417,190.027542,1712
299.761388,152.968958,152.445709,1714
299.787288,92.305791,90.398875,1715
299.953474,95.403584,94.195208,1716
300.203690,131.918500,131.077333,1717
300.279809,148.098708,147.408625,1718
300.361399,170.916375,170.018334,1719
300.695107,157.420959,156.761500,1722
300.696182,169.435875,168.606083,1721
300.718680,193.459584,192.210958,1720
300.821757,123.931208,122.710583,1723
300.896109,193.980500,193.114250,1724
300.979542,121.042250,118.125291,1725
301.316497,125.749167,125.219791,1726
301.665542,141.041834,140.363709,1727
301.956300,98.660042,97.479959,1728
302.081583,141.766333,139.498916,1729
302.141784,142.086292,141.292375,1730
302.366728,174.749750,172.705750,1731
302.462683,158.111042,157.656042,1732
302.641876,117.602334,116.395125,1733
302.686108,153.080958,151.581208,1734
302.955185,97.836959,97.260917,1735
303.275524,84.846709,84.204750,1736
303.654416,130.078375,129.194042,1737
303.949906,154.813167,154.208250,1738
303.990400,132.824417,132.259167,1739
304.015109,152.506667,150.787875,1740
304.313694,122.423584,121.744583,1741
304.337572,134.308709,132.344041,1742
304.600608,74.699334,74.193875,1743
304.878889,106.297042,104.433000,1744
304.971362,113.874833,112.473375,1745
305.205854,132.998542,131.377458,1746
305.321061,130.622625,130.101125,1747
305.524144,154.748125,153.351333,1748
305.660824,137.008083,134.544958,1749
305.996842,139.115084,137.743083,1750
306.321619,131.143250,130.616792,1752
306.351758,163.287542,162.670958,1751
306.591849,126.195125,125.409667,1753
306.651829,126.922542,126.383542,1754
306.701723,130.542709,130.136125,1755
306.798869,119.530542,118.034875,1756
306.815186,131.598542,131.035917,1757
307.005984,148.337584,147.814042,1758
307.358098,165.958042,164.864875,1759
307.410979,102.087417,100.906750,1760
307.657041,160.215416,157.647583,1761
307.677121,152.961083,151.388125,1762
307.962223,103.557417,101.804791,1763
308.334717,144.012750,142.431916,1764
308.368332,106.845083,106.325333,1765
308.583538,147.737625,146.358333,1766
308.713282,189.477751,187.532917,1767
308.728882,122.974250,121.513292,1768
308.953981,96.639083,96.275666,1769
309.319345,126.242375,125.509708,1770
309.434414,105.072042,102.894167,1771
309.579726,145.088416,143.054917,1772
309.657969,134.106583,133.095375,1773
310.004400,145.817875,143.705042,1774
310.333978,143.168666,139.671000,1775
310.643315,118.815375,117.743500,1777
310.647023,144.020917,143.468500,1776
310.978038,120.364416,118.657875,1779
311.004331,160.898500,160.239916,1778
311.017770,154.578084,153.927667,1780
311.152855,202.916584,202.478208,1781
311.207168,176.506167,175.274459,1782
311.228405,158.844583,156.124208,1783
311.329324,138.753125,138.127792,1784
311.457722,254.424042,253.147125,1785
311.692161,168.368083,166.706750,1786
311.783676,132.538875,130.031125,1787
312.016062,157.890833,155.413417,1788
312.037081,130.748625,129.498834,1789
312.300805,109.139333,108.527125,1790
312.481558,108.418625,107.473041,1791
312.698737,172.598709,170.792417,1792
312.784865,144.962125,143.839792,1793
313.027786,169.976334,168.086333,1794
313.309398,147.526458,147.102959,1795
313.351398,159.946209,159.116417,1796
313.549152,142.417333,141.528042,1797
313.617115,135.021250,133.677542,1799
313.624146,192.944501,190.423042,1798
313.679928,156.107583,155.145667,1800
313.768144,122.214167,121.729708,1801
313.995676,137.639542,135.598459,1802
314.349724,158.690292,158.111042,1803
314.620464,129.066292,128.674292,1804
314.684237,159.768875,159.112625,1805
314.849345,139.967625,138.454167,1806
314.955400,96.957875,94.802166,1807
315.307885,148.262625,145.369292,1808
315.344466,152.859000,152.280625,1809
315.396363,145.263708,144.578584,1810
315.489724,173.511625,171.594208,1811
315.545044,163.630833,162.718208,1812
315.704566,180.809708,178.921459,1813
315.977745,120.401459,119.829791,1814
316.077995,94.308667,91.895708,1815
316.182681,154.851958,153.757917,1816
316.334146,136.303709,135.646584,1818
316.339413,148.398833,148.050584,1817
316.702505,177.372708,176.010041,1819
316.742058,111.208709,109.689709,1820
316.965986,107.553833,106.456292,1821
317.068425,64.898751,64.470875,1822
317.206274,140.687458,138.227542,1823
317.342986,151.603083,150.427083,1824
317.648433,124.573166,123.910500,1825
317.916236,176.025792,175.097125,1827
317.927721,205.385542,204.048250,1826
318.007970,150.819375,147.917291,1828
318.300176,108.358542,106.707708,1829
318.443566,129.852333,127.020541,1830
318.542573,171.369334,169.137500,1831
318.655972,131.916167,130.246958,1832
318.677458,124.900708,123.861209,1833
318.837137,160.444958,158.757667,1834
318.957172,169.953000,167.984833,1835
318.999215,169.169000,167.370292,1836
319.029677,171.838625,170.914917,1837
319.117858,128.088625,127.547583,1838
319.128700,123.698167,123.018291,1839
319.311439,120.290042,118.339083,1840
319.691640,181.372625,180.921708,1841
319.717352,171.621334,170.072292,1843
319.718285,193.940834,191.674583,1842
320.011914,154.434584,152.371917,1844
320.326398,135.920750,134.772167,1845
320.666665,142.620042,140.192792,1846
321.013570,157.929917,157.111208,1847
321.033417,175.765625,174.261792,1848
321.147641,138.458833,136.806250,1849
321.304756,112.484459,111.224167,1850
321.447882,165.734625,164.171875,1851
321.684703,159.124875,158.172583,1852
321.742284,152.033583,150.769792,1853
321.855755,147.768833,146.490750,1854
321.946987,89.715209,88.311708,1856
321.953821,106.751167,105.965417,1855
322.334607,143.472583,141.620208,1857
322.653318,128.392542,125.784459,1858
322.699938,138.132167,135.667001,1859
322.875443,113.332333,112.744042,1861
322.947331,196.938875,194.906250,1860
322.958667,101.512833,100.932708,1862
323.031599,136.309833,133.810542,1863
323.285547,94.328792,93.569000,1864
323.345644,75.671166,74.239958,1866
323.350756,156.853667,155.351584,1865
323.597193,140.497292,140.058041,1867
323.653189,128.812541,128.261000,1868
323.793184,156.244666,154.671125,1869
323.896143,148.202833,146.871958,1870
323.958531,100.482375,98.701750,1871
324.314998,105.317625,103.837417,1873
324.328787,137.172292,135.745167,1872
324.656117,132.291250,130.587917,1874
324.755079,150.774459,148.980417,1875
324.763253,158.452000,157.208334,1876
324.991023,132.151833,131.029500,1877
325.168944,136.577875,134.915375,1878
325.314876,153.496584,151.725000,1881
325.316825,238.854584,236.365792,1879
325.369079,243.667667,241.536750,1880
325.401119,209.622292,209.122958,1882
325.520650,213.189084,211.471458,1883
325.575619,134.179208,132.792625,1884
325.636015,171.639417,169.154125,1885
325.660461,168.906792,166.974500,1886
325.809116,285.042042,284.535417,1887
325.986081,127.295875,125.565417,1888
326.072094,139.053834,138.196042,1889
326.328878,136.809459,134.372583,1890
326.365058,154.715750,153.056750,1891
326.508304,98.432542,97.855333,1892
326.585881,60.179000,59.752000,1894
326.635830,173.343625,170.738750,1893
326.762526,162.242500,161.681916,1895
326.883376,138.112625,137.504792,1896
327.005290,147.503708,145.779958,1897
327.179152,156.917250,156.161542,1898
327.182096,142.091541,138.351791,1900
327.216263,176.419833,174.803125,1899
327.297360,193.464250,192.476083,1901
327.305056,114.188667,112.571958,1902
327.463917,142.542459,140.573125,1903
327.578112,116.650626,115.672958,1904
327.608417,83.840167,80.683459,1905
327.788958,125.371750,123.692917,1906
327.890898,120.158792,119.131250,1907
327.914978,132.427458,131.538167,1908
327.995081,137.128833,135.679541,1909
328.086985,159.656292,157.740625,1911
328.115201,254.282583,253.687583,1910
328.222390,152.969250,151.826500,1912
328.355237,162.364125,161.351459,1913
328.378376,163.943500,161.946167,1914
328.393398,145.459708,144.580333,1915
328.486176,236.074125,233.946416,1916
328.626271,125.425125,123.374709,1917
328.686624,140.584208,140.009042,1919
328.708968,184.681000,183.339333,1918
328.855512,136.577000,135.457875,1920
328.978310,121.080167,118.341417,1921
329.118411,122.231958,121.839958,1922
329.155409,101.369625,100.808458,1924
329.171699,141.312791,139.899083,1923
329.295798,237.281333,234.306334,1925
329.338987,157.833667,156.016875,1927
329.358959,174.835792,174.232042,1928
329.446603,305.603375,304.376333,1926
329.562313,371.308291,370.771625,1929
329.611650,188.425708,187.788417,1932
329.717205,192.130750,191.226001,1933
329.767250,556.162542,555.223958,1930
329.879311,666.015000,665.122792,1931
329.897197,195.575917,194.866875,1935
329.927140,156.576000,155.834292,1936
330.028022,442.305209,440.533042,1934
330.130835,345.676041,341.527959,1937
330.199098,145.257000,143.466458,1941
330.286151,490.620667,490.035875,1938
330.348027,156.821584,156.235625,1942
330.377148,167.877792,166.086083,1944
330.446937,589.797250,587.540917,1939
330.588257,170.101458,169.283916,1947
330.615125,725.211375,724.259959,1940
330.639941,161.849333,160.297958,1948
330.746615,551.397292,550.908751,1943
330.872027,633.068917,630.923417,1945
330.950872,160.757625,159.311833,1950
330.957711,167.375250,166.015792,1951
331.017918,689.076792,687.371125,1946
331.140673,616.908834,615.261501,1949
331.189053,108.684333,106.164917,1953
331.347160,156.428417,154.438375,1954
331.364429,506.613625,504.802958,1952
331.437202,164.899000,164.247125,1955
331.481840,92.612334,89.191375,1956
331.670105,149.321375,147.508083,1958
331.693801,168.988166,167.128208,1959
331.695070,189.626208,187.033875,1957
332.006850,148.965541,148.076542,1960
332.084199,91.471917,90.032250,1962
332.102393,163.670500,162.211875,1961
332.215462,97.257125,96.720166,1963
332.343046,151.277000,150.632708,1964
332.585324,136.396167,135.256625,1965
332.647240,123.112209,122.464709,1966
332.675773,139.531875,137.216333,1967
332.926654,68.653667,66.522166,1968
333.239758,130.543876,129.234000,1969
333.263291,153.302626,151.175792,1970
333.354921,163.775208,163.366000,1971
333.360180,144.970000,142.597000,1972
333.450378,182.570209,181.837541,1974
333.490968,266.979416,265.476459,1973
333.617773,189.492042,189.042875,1975
333.642719,139.382541,138.748459,1976
333.673963,149.526416,147.146417,1977
333.768641,225.531250,225.114750,1978
334.015950,158.587042,156.068500,1979
334.022569,89.973041,88.817750,1980
334.337969,146.351041,145.679625,1981
334.391375,129.467042,128.853375,1983
334.425692,191.963625,186.427209,1982
334.480337,201.188167,200.423417,1984
334.620730,321.542959,315.726834,1985
334.690968,166.090458,164.420375,1987
334.700253,167.326833,165.856542,1988
334.745122,358.555459,357.951125,1986
334.888376,319.249583,307.419584,1989
334.983299,126.185500,125.047416,1993
334.993309,187.904209,185.528875,1992
334.994326,377.061416,376.340417,1990
335.153152,498.424208,495.677291,1991
335.211391,105.302750,103.692458,1995
335.287029,390.903042,390.184667,1994
335.324648,133.465209,131.792501,1996
335.463934,158.204083,156.806709,1997
335.490739,164.008541,161.793625,1998
335.558644,177.882250,177.305333,1999
335.648907,123.797625,122.704459,2000
335.919683,143.094292,142.012208,2001
335.993770,136.646417,135.852209,2002
336.215667,139.446417,137.498959,2003
336.276372,189.827167,188.292417,2004
336.375787,141.041541,140.117833,2006
336.381916,190.418083,189.915250,2005
336.463807,148.946584,148.327667,2007
336.633856,108.794584,107.036709,2008
336.681310,125.818876,124.537584,2009
336.822675,142.697625,142.214334,2010
337.038680,131.983250,131.534084,2012
337.042714,184.134709,182.229834,2011
337.333200,142.318459,141.093167,2013
337.665438,141.008875,139.063750,2014
337.845443,104.777750,103.088125,2015
337.971344,169.738625,168.277667,2016
337.988827,130.660250,129.473750,2017
338.140378,133.175875,131.861917,2018
338.251810,163.072000,162.208375,2019
338.367872,177.102917,176.286834,2020
338.413797,222.371041,222.029500,2021
338.457239,185.370209,183.390375,2022
338.586171,167.594000,166.200125,2023
338.636255,112.310334,110.100667,2024
338.755877,134.620501,133.709625,2025
338.967779,155.807167,154.708750,2026
339.039733,182.085750,181.617042,2028
339.041147,185.792833,184.445625,2027
339.102878,234.598292,231.432833,2029
339.256133,120.944834,118.781833,2031
339.262125,273.536667,272.011250,2030
339.359278,168.016917,166.117000,2032
339.400249,167.052084,165.480584,2033
339.504143,191.956626,190.788209,2034
339.669987,146.031084,144.414959,2035
339.789297,183.015583,180.313291,2036
339.936985,154.660917,152.508416,2037
339.957878,169.192916,166.564125,2038
340.003435,144.675416,143.718750,2039
340.066223,112.847292,111.831708,2040
340.129637,150.434959,149.131792,2041
340.290990,100.284625,99.809792,2042
340.377951,139.099625,136.920291,2043
340.522584,114.467792,113.381334,2044
340.667474,143.211542,142.009000,2045
340.751503,126.359916,125.241959,2046
340.886784,157.559500,155.004209,2047
340.948920,183.161417,181.286292,2048
340.987984,190.125251,188.434459,2049
341.053882,195.745375,192.873333,2050
341.183881,311.621916,310.528750,2051
341.297612,365.570917,362.851416,2052
341.341494,150.331708,149.443875,2053
341.468805,128.271500,127.016458,2054
341.673370,147.697959,145.172417,2056
341.680075,186.024125,183.645292,2055
341.721749,127.194375,122.509917,2057
341.800122,135.965666,134.550208,2058
342.009049,149.326042,147.922834,2059
342.345540,140.071459,139.404417,2062
342.347268,155.950084,154.547751,2060
342.381600,186.184250,185.618417,2061
342.636566,112.747834,111.845417,2063
342.958683,101.538500,99.176584,2064
343.006779,124.465834,122.546667,2065
343.367187,175.098583,174.716792,2066
343.449301,216.773375,214.930625,2067
343.470890,220.237500,218.192916,2068
343.481685,157.887625,155.604167,2069
343.654921,131.117876,129.944500,2070
343.978152,119.825709,119.308000,2071
344.073435,124.150833,123.637792,2072
344.084981,134.774500,133.135917,2073
344.104576,120.592500,117.535542,2074
344.222638,117.467000,117.006459,2078
344.239535,236.912666,236.227250,2075
344.305853,114.428125,113.653167,2079
344.372458,345.989001,345.592917,2076
344.423947,143.140083,141.557208,2080
344.460476,414.201667,411.844417,2077
344.654516,130.713042,129.817625,2081
344.751758,93.032041,90.856208,2082
344.972722,134.779458,131.510750,2083
345.003304,145.228708,143.804791,2084
345.335929,144.940250,144.110459,2085
345.567684,82.190791,80.724584,2086
345.675794,151.177250,149.293667,2087
346.022837,164.421834,163.003167,2088
346.352193,160.846000,159.981500,2089
346.703549,179.071958,176.897583,2090
346.783028,133.346792,131.425000,2091
346.807362,113.383958,112.654792,2092
346.977713,119.462875,118.783583,2094
346.978918,172.979625,170.771125,2093
347.328849,136.999917,134.603583,2095
347.426565,120.040958,119.100916,2096
347.691581,167.764334,166.968375,2097
347.834335,185.556292,185.006501,2098
348.031914,173.084625,172.347583,2099
348.091138,163.581542,163.001417,2100
348.109161,134.262041,132.755291,2101
348.327300,135.937083,134.853833,2102
348.648346,122.995833,121.995416,2103
349.033194,176.044458,174.501250,2104
349.288590,97.057334,96.754584,2105
349.633797,109.764084,107.874667,2106
350.000010,142.879042,142.517083,2107
350.361730,171.235458,170.255458,2108
350.580644,110.246208,108.603250,2109
350.672785,146.622875,144.923042,2110
350.979976,121.342667,120.733958,2111
351.341829,150.757834,148.907792,2112
351.645549,121.345875,119.896000,2113
351.994194,135.996584,135.112542,2114
352.062033,130.876084,128.534875,2115
352.323763,132.574167,132.039834,2116
352.410658,128.160666,126.366625,2117
352.640854,116.312875,114.597583,2118
352.677989,129.287084,127.420416,2119
352.976705,117.532625,116.311125,2120
353.204669,170.429875,168.924000,2121
353.337844,143.817333,142.437750,2123
353.337998,146.643292,145.893125,2122
353.531850,166.111750,165.460458,2124
353.661999,138.184667,137.366541,2125
353.670545,125.078041,122.248000,2126
354.012350,154.794209,153.583208,2127
354.348408,155.894375,154.504584,2128
354.386735,110.772666,110.005292,2129
354.436436,154.248792,151.234708,2130
354.642732,117.586000,116.312292,2131
354.997782,140.316750,138.845292,2132
355.044649,136.054916,134.164625,2133
355.187324,137.127084,136.799834,2134
355.347081,155.866375,154.689500,2135
355.406506,159.114666,158.424875,2136
355.661231,135.615667,133.877042,2137
355.891676,109.822125,108.584583,2138
355.985373,126.199792,124.686916,2139
356.328217,136.797209,135.229208,2140
356.701171,176.561292,174.761125,2141
356.796497,140.294292,139.896167,2142
356.970616,112.475709,111.849208,2143
357.065092,122.189666,121.581541,2144
357.169964,133.156042,131.037958,2145
357.316443,146.795833,144.616500,2146
357.338291,147.051917,145.413917,2147
357.476169,136.938375,135.622084,2148
357.666106,140.986125,139.052667,2149
357.818245,140.176750,138.369583,2150
357.964858,168.880541,167.517000,2151
358.006765,148.473209,145.485084,2152
358.181338,127.194083,126.427000,2153
358.244401,158.962417,157.896667,2154
358.305042,114.203251,113.077125,2155
358.642887,118.040125,116.467167,2156
358.919450,155.414000,154.725083,2157
358.948580,163.159208,162.603291,2158
358.970977,113.826125,112.404833,2159
359.339102,147.860417,144.610666,2160
359.434162,109.602500,108.072417,2161
359.503636,109.828250,106.201375,2162
359.671532,146.834334,145.720167,2163
359.991329,132.382250,128.642791,2164
360.090804,128.470125,127.317459,2165
360.273467,82.135958,81.648875,2166
360.630430,106.208084,103.634417,2167
360.943910,85.742708,84.991375,2168
361.027710,105.055125,104.332375,2170
361.050406,141.369959,139.241375,2169
361.313558,122.670916,120.513750,2172
361.324433,182.788666,181.055875,2171
361.347868,111.677708,110.004708,2173
361.498357,97.540917,97.017084,2174
361.614534,88.334167,86.544792,2175
362.002905,145.521833,144.811625,2176
362.305469,114.063250,112.258417,2177
362.367458,88.039291,86.226000,2179
362.414911,153.325958,152.260209,2178
362.670223,146.440000,144.914583,2180
362.966379,108.520709,108.041791,2181
363.126544,125.743625,123.093250,2182
363.195271,79.656209,78.028708,2183
363.283890,92.001000,90.713000,2184
363.673448,148.660750,147.156041,2185
363.990459,132.601583,131.262833,2186
364.316600,124.505792,122.588375,2187
364.592271,127.425375,125.098166,2188
364.663924,139.338500,137.973500,2189
365.009259,150.752000,148.570917,2190
365.365529,173.675542,170.921042,2191
365.475879,159.720750,157.090208,2192
365.636561,112.560291,110.740584,2193
365.726333,132.113917,131.530875,2194
365.909577,141.528625,140.926625,2195
365.990649,132.738083,131.066250,2196
366.357413,165.850709,164.249167,2197
366.639474,114.712500,113.254750,2198
366.713941,180.951750,177.890417,2199
366.715365,103.601751,100.972958,2200
366.802089,127.153542,125.313125,2201
367.017078,159.240375,158.458709,2202
367.329720,128.330125,126.567875,2204
367.336748,144.998291,143.580500,2203
367.663213,139.043334,138.584541,2206
367.700828,177.076667,174.884500,2205
367.784910,158.384042,157.078542,2207
367.959511,102.847500,102.035791,2208
368.004845,146.792917,144.075750,2209
368.349117,156.851042,154.321416,2210
368.625257,99.796083,96.740292,2211
368.971017,113.483708,111.285709,2212
369.312546,145.209167,144.474167,2213
369.332538,139.643583,138.302792,2214
369.414725,165.914000,164.459750,2215
369.456455,155.262625,154.570500,2216
369.489646,139.651167,137.744250,2217
369.665455,140.775542,138.432291,2218
369.714362,116.060292,114.365417,2219
369.822822,135.655625,133.420000,2220
369.954735,96.809708,96.289083,2221
370.005575,141.681458,139.601583,2222
370.326192,134.536792,133.282334,2223
370.402594,190.965834,189.198042,2224
370.682755,157.437000,155.639750,2225
370.972068,114.933875,112.562334,2226
371.040190,85.731333,82.597375,2227
371.303837,112.537250,109.950750,2228
371.328123,130.282542,127.652875,2229
371.493792,127.635375,127.151209,2230
371.708917,183.488667,177.855708,2231
371.732689,198.791250,196.531125,2232
371.748996,192.401417,191.694125,2233
371.867168,305.176667,303.564917,2234
372.001141,414.408750,413.681042,2235
372.036982,178.974542,178.087292,2237
372.061076,184.940875,183.666292,2238
372.159726,515.646542,513.969750,2236
372.343599,152.648417,150.730417,2239
372.632576,144.635166,143.899875,2240
372.659399,135.543041,133.114625,2241
372.988024,130.345542,129.016417,2242
373.071684,147.903875,146.610042,2243
373.191036,145.240084,144.060000,2244
373.330315,138.189334,136.273083,2245
373.400898,140.789250,139.204333,2246
373.539782,131.126916,130.441209,2247
373.610085,128.100875,126.743167,2248
373.656891,133.096250,131.264000,2249
373.897152,122.662750,120.141583,2250
373.971398,129.350375,128.723292,2251
373.994456,137.310541,135.657375,2252
374.037714,119.077292,117.843541,2253
374.329026,136.916209,134.724625,2254
374.331280,92.295291,91.521791,2255
374.676579,151.915458,149.596417,2256
374.707786,182.686875,180.897209,2257
374.742029,204.303459,203.479792,2258
374.871543,258.066084,256.397166,2259
374.970135,111.043625,109.547666,2261
374.987181,323.803083,322.795667,2260
375.154402,102.368584,101.160500,2262
375.162915,93.888959,93.084542,2263
375.364590,173.678459,171.613167,2264
375.602896,123.783917,122.083208,2265
375.675374,149.864166,147.562917,2266
376.019445,161.972708,161.291084,2267
376.081729,126.542791,125.149791,2268
376.315329,124.868041,123.100250,2269
376.447722,149.953416,149.012208,2270
376.659392,134.747958,134.300250,2271
376.777064,98.602291,96.868625,2272
376.975549,192.464125,191.541292,2273
377.099039,240.086291,238.319667,2274
377.128433,207.868792,205.207041,2275
377.163809,131.055750,130.591416,2276
377.276410,183.014708,182.442751,2277
377.327292,135.695292,132.893250,2278
377.646456,122.079708,121.518541,2279
377.939394,80.339584,79.863001,2281
378.032121,183.386000,181.078042,2280
378.166541,137.438875,135.480916,2282
378.303782,112.313833,111.463625,2283
378.640635,116.735209,115.180333,2284
378.915088,134.319208,133.874417,2286
378.922781,157.055500,156.485875,2285
378.998127,140.126875,138.340417,2287
379.277362,85.967292,85.129042,2288
379.395141,130.332708,129.589250,2289
379.664062,138.627708,137.113083,2290
379.781590,170.960708,166.184958,2291
379.963748,149.958083,149.509500,2292
380.000947,143.018167,141.185626,2293
380.334110,141.680292,138.779958,2294
380.664417,139.378750,138.017834,2295
380.690521,79.071709,77.504584,2296
381.002416,145.187292,143.539667,2297
381.011177,141.801333,139.797292,2299
381.016161,156.877583,155.538833,2298
381.244522,147.342417,145.056917,2302
381.293614,200.989250,200.018000,2301
381.298867,220.731292,218.994125,2300
381.407676,215.781417,214.052125,2303
381.488065,113.275167,111.019417,2304
381.614173,89.597375,88.807250,2305
381.750464,118.381375,117.634125,2306
382.033462,175.662375,174.785333,2307
382.057958,191.086292,189.433416,2308
382.139524,200.027042,199.479584,2309
382.360840,169.394458,168.792750,2310
382.667966,143.050542,140.141167,2311
382.673569,148.547292,146.883625,2312
383.019945,172.052417,171.173625,2313
383.029380,171.257917,169.327083,2314
383.102199,115.622209,114.921917,2315
383.155067,147.392000,145.818459,2316
383.329736,138.064500,137.417292,2317
383.395056,136.256750,135.105541,2318
383.493862,168.708167,167.503876,2319
383.628356,102.483500,102.102584,2320
383.681888,103.705292,101.254416,2321
383.762735,130.336208,128.531084,2322
383.915144,140.051625,139.627542,2323
383.976141,152.835375,150.798667,2324
383.985325,128.202958,127.417500,2325
384.168299,128.466625,127.049125,2326
384.277744,86.569583,86.167958,2327
384.347903,152.163375,149.982000,2328
384.677955,153.674500,153.170208,2329
385.025180,167.995625,165.005751,2330
385.316992,124.864542,124.321750,2331
385.579156,145.220250,143.566500,2332
385.651191,124.954376,123.624084,2333
385.777023,117.383000,116.209333,2334
385.932322,127.419833,124.864541,2335
385.964529,106.597167,105.255791,2336
386.149407,125.189167,123.268833,2337
386.296973,105.532876,104.321001,2339
386.309842,144.615334,144.237042,2338
386.626420,102.590833,101.205708,2340
386.712331,144.832041,143.582250,2341
386.739432,90.452833,88.123875,2342
386.952557,168.846125,167.622292,2343
386.975075,132.543834,130.316083,2344
386.988286,130.675709,129.113834,2345
387.232280,120.843917,118.978416,2346
387.263179,72.001125,71.400583,2347
387.628300,84.481542,83.586125,2349
387.660953,136.123459,135.243209,2348
387.999743,142.619750,139.949250,2350
388.057261,90.414333,88.538042,2352
388.083522,155.077125,153.711250,2351
388.342025,178.783500,176.057583,2353
388.350355,159.217917,157.621625,2354
388.660591,174.867000,174.393042,2356
388.664062,199.922916,198.398083,2355
388.681994,157.286792,154.843500,2357
388.776169,195.639208,193.419917,2358
388.852193,155.932584,154.938875,2359
388.978185,120.341375,118.674209,2360
389.160754,178.149708,177.571042,2361
389.297765,107.234166,105.913500,2362
389.353052,155.101625,154.342125,2363
389.368533,94.146500,93.052458,2364
389.589489,139.913958,139.279584,2365
389.629679,104.632792,104.050042,2366
389.787843,154.276792,151.978750,2367
389.958072,100.840542,98.016042,2369
389.966179,145.080833,141.466791,2368
390.174194,168.907375,167.321875,2370
390.233942,174.980750,173.223166,2371
390.259029,175.000291,173.651042,2372
390.327226,217.976792,216.816834,2373
390.493622,142.355209,141.765751,2376
390.507369,378.031792,376.912084,2374
390.643811,181.536541,180.655417,2377
390.651591,461.148626,458.887042,2375
390.713315,188.583209,186.543875,2378
390.794806,249.640708,248.080584,2379
390.829869,102.323375,101.385958,2381
390.860279,159.116708,157.383333,2380
391.052873,124.635583,122.852041,2384
391.073408,214.598708,212.615667,2382
391.082927,190.747083,188.185959,2383
391.175798,193.311709,190.941626,2385
391.297501,105.571667,102.185709,2386
391.517719,121.429875,119.228375,2387
391.640584,128.338875,127.392416,2388
391.658618,134.734833,134.396208,2389
391.756570,128.090083,124.916750,2390
391.840960,111.328292,110.537875,2391
391.971893,160.239334,159.345084,2392
392.019874,162.345458,161.768250,2393
392.051096,145.024250,143.346000,2394
392.243440,117.365208,116.831166,2395
392.325221,158.883958,157.077083,2396
392.329077,136.587208,136.016417,2397
392.449310,182.932750,179.829417,2398
392.481247,154.165667,151.596375,2399
392.630480,161.555334,160.786792,2400
392.707726,182.085458,181.490167,2401
392.748669,159.155500,156.824791,2402
392.752663,114.412084,112.576917,2403
392.877034,219.900625,218.119709,2404
392.878359,110.537291,109.551458,2405
393.010486,153.269959,152.751667,2406
393.040108,104.535083,103.462333,2407
393.211347,134.640625,133.261916,2408
393.217271,135.382916,134.951250,2409
393.379513,142.081334,140.551834,2411
393.405907,214.782459,213.450125,2410
393.415924,130.691750,128.119250,2412
393.616156,130.520250,129.806250,2413
393.669233,144.897083,144.224792,2414
393.782511,110.074125,109.601042,2415
393.996978,139.871959,138.545458,2416
394.148707,178.065417,175.491750,2417
394.166467,106.380167,104.439125,2418
394.259157,166.204791,163.851625,2419
394.315446,124.996083,124.487125,2420
394.562820,158.741333,156.190125,2421
394.623446,99.497708,98.171208,2423
394.656969,167.013292,165.595792,2422
394.785931,114.398959,112.982334,2424
394.908344,144.367125,143.145042,2425
395.008862,151.461916,150.899583,2426
395.284977,94.012625,93.372125,2428
395.321196,144.319292,141.750875,2427
395.596315,144.158292,141.367625,2429
395.632714,161.378292,160.825875,2430
395.666794,157.002416,156.463417,2431
395.710620,186.172000,184.757417,2433
395.840179,316.299375,314.089708,2432
395.932894,157.530042,155.629833,2434
396.011272,153.240208,151.611833,2435
396.159131,159.635875,158.513833,2436
396.264852,150.441958,149.023583,2437
396.297144,123.294209,122.023417,2438
396.302852,112.355250,110.702083,2439
396.672653,159.404583,152.413042,2440
396.682346,157.710583,157.302250,2441
396.704126,162.867833,161.193083,2442
396.820829,242.872584,241.275417,2443
396.868854,179.216626,177.207917,2445
396.895050,174.917167,173.421209,2446
396.959682,313.681958,312.997709,2444
397.071818,214.033750,211.670375,2447
397.349053,189.881125,189.355834,2448
397.395832,203.462583,202.123542,2450
397.420451,252.853125,250.425583,2449
397.486924,132.702209,131.416834,2451
397.689650,165.587916,163.935916,2453
397.700901,344.811250,343.099751,2452
397.737162,152.902167,151.849250,2454
397.983755,126.633500,124.314167,2455
398.075707,197.295000,196.600542,2456
398.123082,186.470959,185.776792,2457
398.216584,134.519001,132.894709,2459
398.239141,195.864084,194.418875,2458
398.321634,130.416417,129.001250,2460
398.661710,134.991208,133.083416,2462
398.670575,146.512042,145.418000,2461
398.954959,109.993626,107.310000,2463
398.992903,135.743709,134.300250,2464
399.212779,164.214459,161.686000,2465
399.270625,168.830375,167.365916,2466
399.303834,140.777583,139.198500,2467
399.379873,214.760292,212.028542,2468
399.491505,151.630500,149.744000,2471
399.546825,379.665417,371.177333,2469
399.616541,240.808458,239.108334,2472
399.678934,155.106000,154.198333,2473
399.735145,542.937500,540.861708,2470
399.867990,162.792875,161.521208,2474
399.954834,135.233291,134.586083,2475
400.018411,160.895291,159.633250,2476
400.073914,163.149583,161.184917,2477
400.133128,106.776250,106.006250,2478
400.342901,151.333584,150.035084,2479
400.498805,142.354041,141.720834,2480
400.551351,140.221375,138.732125,2481
400.584929,168.020708,166.632375,2482
400.691922,168.108791,167.186542,2483
400.745517,150.619875,149.241458,2484
401.011689,154.543667,153.672750,2485
401.082432,147.461126,144.095876,2486
401.111347,128.512125,126.600542,2487
401.326310,134.418958,133.768833,2488
401.508543,106.783541,105.251417,2489
401.662517,137.362167,135.173792,2490
401.784546,121.522916,120.300833,2491
401.969301,143.173916,141.712959,2492
402.021752,163.480917,161.738500,2493
402.083572,193.471833,189.997209,2494
402.104940,156.210542,154.928084,2495
402.205662,179.676000,177.651250,2496
402.292122,101.072417,100.184583,2497
402.383336,159.269834,157.683459,2498
402.501618,177.950500,175.706709,2499
402.650851,165.475333,163.767916,2500
402.663340,138.072959,136.582833,2501
403.012283,152.284708,151.867042,2503
403.016903,159.137125,158.504500,2502
403.038819,169.829917,166.310375,2504
403.155826,205.262750,203.965125,2505
403.312805,120.686125,118.934083,2506
403.384701,99.230541,96.544875,2508
403.428709,195.769875,194.395833,2507
403.642922,106.843625,105.024209,2510
403.661819,137.427791,135.436000,2509
404.000435,141.995583,139.299125,2511
404.267242,139.584666,138.130708,2512
404.316109,124.639084,121.776083,2513
404.379651,119.905333,117.234834,2514
404.620492,96.273625,95.926542,2515
404.807312,96.035916,95.365666,2516
404.956403,98.426417,96.742625,2517
405.152593,115.052875,113.211292,2518
405.222394,83.482583,82.940959,2519
405.336482,145.702375,145.077042,2520
405.535425,148.805125,148.267583,2521
405.621196,140.566417,138.791042,2522
405.674948,149.552083,147.805875,2523
405.759129,145.660084,144.223334,2524
405.851637,178.499126,175.158667,2525
406.001446,143.740917,143.382750,2526
406.340325,149.418208,148.289750,2527
406.468133,137.643333,136.188791,2528
406.630871,173.759251,168.343292,2530
406.654682,130.751834,128.299208,2531
406.661395,205.501625,204.941625,2529
406.780875,223.867583,222.406042,2532
407.001228,144.100250,142.011917,2533
407.135579,147.059208,145.766833,2534
407.356480,164.959959,163.874959,2535
407.408080,176.597751,175.074667,2536
407.409710,170.683333,169.693125,2537
407.625616,99.159375,98.072917,2538
407.993788,134.928209,133.668501,2540
407.997368,145.515417,143.937500,2539
408.304724,176.801625,174.917750,2541
408.355485,167.333833,165.771959,2542
408.358802,168.302750,166.203333,2543
408.643172,137.466584,136.864584,2544
408.668362,146.545001,144.916334,2545
408.697045,173.226084,172.331542,2546
408.853596,139.115959,137.588209,2547
409.012099,154.938291,153.256542,2548
409.311867,120.518125,118.262083,2549
409.432867,109.827667,107.981417,2550
409.511206,155.827875,154.313541,2551
409.632969,108.749959,107.641042,2552
410.009849,150.432334,149.889250,2553
410.302496,110.116417,108.337541,2554
410.671107,146.443792,144.839917,2555
410.999773,142.142000,140.457625,2556
411.311689,121.252250,120.006250,2557
411.678344,153.155625,152.034750,2558
411.980577,122.210959,120.536792,2559
412.352887,161.386750,159.753125,2560
412.636544,111.644167,108.801292,2561
412.962805,104.751209,103.428208,2562
413.317801,127.164625,126.693583,2563
413.426353,135.839375,135.381458,2564
413.625104,100.299209,98.073792,2565
414.036766,179.171417,177.488500,2566
414.348121,155.092875,153.746834,2567
414.471103,143.545500,142.450584,2568
414.710794,185.098375,182.442166,2569
414.951117,141.244542,137.936751,2570
414.961659,103.274209,102.087417,2571
415.133599,137.340000,136.006792,2572
415.215987,137.657625,136.108292,2573
415.301261,110.266333,108.449250,2574
415.630494,161.434875,160.309042,2575
415.714501,188.934958,187.566167,2576
415.976936,119.044917,117.490333,2577
416.046685,91.858958,90.915709,2578
416.351896,161.328417,160.022917,2579
416.377841,171.181792,170.202375,2580
416.655902,132.136959,131.355583,2581
416.804891,109.560791,107.792125,2582
416.920782,99.597459,98.020708,2583
416.939553,81.983709,79.919292,2584
417.160156,100.936791,99.654334,2585
417.227834,148.488375,147.251417,2586
417.322795,131.419167,130.393375,2587
417.647182,143.652833,141.846250,2588
417.660830,136.121416,133.338333,2589
417.766395,187.530000,186.757667,2590
417.856711,143.113542,141.372001,2591
417.914150,124.567625,124.110875,2593
417.947154,222.070042,220.500875,2592
418.015226,158.069625,155.536208,2594
418.338635,148.114458,146.522250,2595
418.641679,117.395250,116.950459,2596
418.732563,171.010583,170.445625,2597
418.744170,161.099750,160.500375,2598
418.970766,112.426417,110.338083,2599
419.034461,157.147666,154.595583,2600
419.335821,145.077625,144.402708,2601
419.617472,144.050375,142.195084,2602
419.654754,129.390625,128.686833,2603
419.700392,165.937333,163.524083,2604
420.020805,163.260416,161.836791,2605
420.305369,113.454833,111.255375,2606
420.629597,105.445666,103.607000,2607
420.716625,96.104458,94.983291,2608
420.981889,122.756959,121.233292,2609
421.015035,146.830250,146.278417,2610
421.323474,132.028167,130.768459,2611
421.385199,128.612750,127.332042,2612
421.653665,129.178875,127.821750,2613
421.707654,124.699750,123.476209,2614
421.941502,166.713458,165.418458,2615
421.973908,184.964500,183.591334,2616
422.032649,174.402959,172.639251,2617
422.265865,135.302709,133.870333,2618
422.313611,121.825083,121.265084,2619
422.513921,151.139625,149.755958,2620
422.520575,134.388334,132.597791,2621
422.660103,135.002292,133.499917,2622
422.862163,169.357708,167.883917,2623
422.927723,69.821209,68.508708,2625
422.938297,120.527459,119.204750,2624
423.124249,106.882125,106.433833,2626
423.350596,158.401251,157.305750,2627
423.639537,114.186333,113.766041,2628
423.683261,133.963667,131.275375,2629
423.865445,142.597875,140.984667,2630
424.001670,143.687833,141.880084,2631
424.094061,150.537625,147.298959,2632
424.323970,133.108792,131.169208,2633
424.471611,132.997375,131.173583,2634
424.663052,137.364791,136.901917,2636
424.675409,182.503709,180.712000,2635
424.815401,164.252375,162.540584,2637
424.994644,136.419208,134.974583,2638
425.335056,143.860791,142.617416,2639
425.392244,132.759375,130.802875,2640
425.664652,138.838000,138.397292,2641
425.757438,88.491667,88.096166,2643
425.804067,159.954084,157.066875,2642
425.904357,107.401875,106.214208,2644
426.027607,168.823958,166.369875,2645
426.115214,136.721375,136.058126,2646
426.326368,135.006958,134.614958,2647
426.334839,91.139417,89.627708,2648
426.574688,136.593917,135.049834,2649
426.696402,171.495625,169.390667,2650
426.871755,156.438334,155.033084,2651
426.967795,109.589958,108.379541,2652
427.298927,107.232417,103.393500,2653
427.468700,93.949334,92.399125,2654
427.681427,161.431667,160.451083,2655
427.694525,170.084250,169.107167,2656
427.908538,137.886000,135.618875,2657
427.992464,135.303291,133.891916,2658
428.352627,140.968625,138.999292,2660
428.384391,193.530750,191.823625,2659
428.425451,143.219416,142.048667,2661
428.536412,237.996209,235.274375,2662
428.586779,158.812791,157.822584,2663
428.668530,144.577709,142.681875,2664
428.767673,166.502875,165.440917,2665
428.984635,127.499167,126.830959,2666
429.226237,91.462875,90.753833,2667
429.344608,142.815458,142.081042,2669
429.346322,153.936416,152.436667,2668
429.366298,152.706167,151.981958,2670
429.647151,121.601959,119.762708,2671
429.853911,119.633791,117.896916,2672
429.887186,144.890375,142.436000,2673
429.994463,137.118041,136.545791,2674
430.141136,119.066208,118.109833,2675
430.311028,118.853292,116.721792,2676
430.628944,103.507250,100.921625,2677
430.721559,111.036625,110.446875,2678
430.935956,78.424208,77.494959,2679
431.171943,101.682875,100.421417,2680
431.340668,148.628375,147.965417,2681
431.574796,176.913916,174.250125,2682
431.670191,145.965167,143.967541,2683
431.903281,119.035875,117.586583,2684
431.962739,104.192958,101.152334,2685
432.310421,118.607416,117.018708,2686
432.623839,162.407583,161.894250,2687
432.669990,156.484708,155.803083,2688
432.713889,189.609875,187.733875,2689
432.969831,110.879125,109.665209,2690
433.355381,163.300375,161.072334,2691
433.625498,143.925833,141.389500,2692
433.663698,139.621709,139.141333,2693
433.721309,108.221458,106.500042,2695
433.722158,145.008792,143.684333,2694
433.983303,124.630042,123.384625,2696
434.256781,174.942542,172.800541,2697
434.314404,122.059583,121.490834,2698
434.448781,76.760250,76.367959,2699
434.541966,167.660792,166.096584,2700
434.656539,131.762750,131.231625,2701
434.723897,114.961291,114.307958,2702
435.025668,167.491916,166.842375,2703
435.132079,173.724250,171.878292,2704
435.346883,156.404792,154.283208,2705
435.683097,157.217375,155.375791,2707
435.684488,163.639000,163.073167,2706
435.963873,145.297833,143.618417,2708
435.998461,139.916876,138.028334,2710
436.069878,212.072876,209.951876,2709
436.205796,179.014208,177.587375,2711
436.313177,122.361750,121.775792,2712
436.675053,151.263292,148.223833,2713
436.876551,131.436083,129.932833,2714
437.004135,146.255958,144.118916,2715
437.246125,176.026084,175.436625,2716
437.310214,118.566875,116.450542,2717
437.418857,140.832708,139.693458,2718
437.673057,148.363250,147.000000,2719
438.012500,144.321917,142.811375,2721
438.014062,155.880084,154.934209,2720
438.063319,136.405792,135.045750,2722
438.132638,134.372000,133.704666,2723
438.310898,120.049125,118.984250,2724
438.354897,147.950250,145.591250,2725
438.624216,100.755959,100.191000,2726
438.705971,180.376292,179.894459,2727
438.777399,146.029334,145.376584,2728
438.998638,141.166375,139.266166,2729
439.064626,195.059084,194.171250,2730
439.121117,178.415125,176.930250,2731
439.347771,157.297292,156.683625,2732
439.626601,102.570125,100.268292,2733
440.023639,166.079958,164.738000,2734
440.131591,185.042958,184.571042,2735
440.291786,100.294541,99.616125,2736
440.482956,119.764458,118.331208,2737
440.652532,127.144792,126.256959,2738
440.806952,114.564917,114.167375,2739
441.003186,145.532333,144.759416,2740
441.220623,135.818959,131.670875,2741
441.237031,127.312208,124.016084,2742
441.313823,163.506583,162.797542,2743
441.389615,198.997750,196.754250,2744
441.595049,184.003167,182.517709,2745
441.638466,160.778042,157.501167,2746
441.669784,145.950292,143.466167,2747
441.934175,143.329375,141.354792,2748
441.950074,159.203625,157.026041,2749
442.021528,162.565667,161.338625,2750
442.077584,200.495167,199.189958,2751
442.236797,119.135625,118.437958,2752
442.339604,149.119542,147.942959,2753
442.387511,155.594542,154.018083,2754
442.636675,152.658333,151.287208,2755
442.645631,121.824500,121.312916,2756
442.703246,115.419500,114.835291,2757
442.958779,144.817167,143.570876,2758
443.014352,156.646000,156.078417,2759
443.127588,189.377417,188.701042,2760
443.176034,147.142042,146.358917,2761
443.198331,160.125584,158.837292,2762
443.283642,222.593584,221.737834,2763
443.312403,171.468792,168.287875,2765
443.415015,331.356958,330.596875,2764
443.575346,384.016500,383.267500,2766
443.690444,164.775625,164.186459,2767
443.709164,172.562834,169.649375,2768
443.875527,153.979875,153.455750,2769
443.966961,181.091166,179.382583,2770
444.041699,193.832917,192.557167,2771
444.058355,201.039125,198.316708,2772
444.205570,278.991708,278.308625,2773
444.343164,151.654417,150.044417,2774
444.351054,135.676625,134.423626,2775
444.431529,163.828292,163.174667,2776
444.509687,138.507541,136.267250,2777
444.535232,118.036333,117.623625,2778
444.669042,144.508875,142.590000,2779
444.684074,140.542792,139.098750,2780
444.873037,99.416334,99.020834,2781
444.946803,89.031541,86.389042,2783
445.008298,154.567583,152.247375,2782
445.053560,107.242042,106.299667,2784
445.188413,102.889792,100.737583,2785
445.259679,100.727958,99.774791,2786
445.288202,97.652625,95.958917,2787
445.397113,82.388250,80.797208,2788
445.605835,133.347667,132.827625,2789
445.644276,131.624500,129.728084,2790
445.724603,200.528126,199.608500,2791
445.743034,212.232417,210.917001,2792
445.764297,112.295167,111.770751,2796
445.836801,302.569750,301.621834,2793
445.867778,96.272458,95.879000,2798
445.979877,420.969500,420.225751,2794
445.995076,137.933250,135.026209,2799
446.067477,500.654000,499.663500,2795
446.163864,452.707208,452.221291,2797
446.372115,180.958750,179.330958,2800
446.456126,118.036917,117.503459,2801
446.468867,109.023542,108.347167,2802
446.642561,130.824750,130.333583,2803
446.722583,198.503959,196.153708,2804
446.731899,106.627500,104.256250,2805
446.814340,155.678542,154.540750,2806
446.965959,273.323750,271.417125,2807
446.980149,122.518375,120.077125,2809
447.030870,181.019125,180.525625,2808
447.115054,141.500917,140.968333,2810
447.350737,195.884208,194.581625,2811
447.356721,164.656042,163.140250,2812
447.415555,195.015041,193.981375,2813
447.585491,158.110750,156.720667,2814
447.681060,155.985083,153.421042,2815
447.711317,108.712917,107.426666,2816
447.942822,154.254042,152.401375,2817
447.996087,146.951584,144.115417,2818
448.034196,177.049833,174.455166,2819
448.056771,130.180167,129.520417,2820
448.125334,160.799916,158.696125,2821
448.290817,95.351667,92.491000,2823
448.309495,118.776875,118.241958,2822
448.600780,118.157083,116.122708,2824
448.651833,127.510541,126.867125,2825
448.728639,153.619958,152.053416,2826
448.989437,132.287750,131.658334,2827
449.002790,123.443833,122.567375,2828
449.151061,204.064292,202.393625,2829
449.195925,167.869042,166.346542,2830
449.287440,202.910167,201.756334,2831
449.312050,202.799334,202.115376,2832
449.359789,169.308125,166.852584,2835
449.413289,286.016792,284.352250,2833
449.552208,406.542792,406.019542,2834
449.666479,126.061250,125.420750,2839
449.673487,149.406542,148.811542,2838
449.713048,492.893916,490.580709,2836
449.850958,584.668292,584.008833,2837
449.976224,167.645042,164.641167,2841
450.004791,147.667917,145.170084,2842
450.052646,442.219751,441.573125,2840
450.188206,155.040958,152.352958,2843
450.346424,153.269958,151.130000,2844
450.645128,120.679417,118.777751,2845
450.688776,125.576500,124.866292,2846
450.785632,88.197083,87.414834,2849
450.791323,186.211375,185.429125,2847
450.828306,165.160625,163.112834,2848
450.966198,108.508458,107.124792,2850
451.017037,152.958166,152.269250,2851
451.153175,130.425167,129.774750,2852
451.223612,152.681667,150.711458,2853
451.303067,121.869417,119.682500,2854
451.356335,165.838167,165.006626,2855
451.539743,167.496875,165.358375,2856
451.607036,123.736084,122.071542,2857
451.660020,136.232833,134.311041,2858
452.014235,156.713959,154.723917,2859
452.026936,154.312083,153.577376,2861
452.043292,179.628458,177.504834,2860
452.233665,173.886416,171.818208,2862
452.345591,154.237708,153.553750,2863
452.458089,155.250083,150.924084,2864
452.505224,184.973250,184.034958,2865
452.593030,193.554084,191.636666,2866
452.640762,239.178042,238.079041,2867
452.694609,170.818084,168.652459,2869
452.797330,104.703375,103.262541,2870
452.804394,371.388792,367.820542,2868
452.936685,79.324000,76.380208,2871
453.005748,86.842000,86.430459,2873
453.029425,147.478042,146.812458,2872
453.081977,157.043542,156.549459,2874
453.179359,94.014667,92.426250,2876
453.278281,200.919250,199.391500,2875
453.288881,180.834208,178.478709,2877
453.362561,186.429542,184.702583,2878
453.511495,321.005709,319.561375,2879
453.559692,122.169833,121.062083,2880
453.651173,125.695792,122.442250,2881
453.888334,149.652709,148.016167,2882
453.949465,160.349583,159.656584,2883
453.999994,142.770250,141.103666,2884
454.065391,141.005375,139.203167,2885
454.241615,304.432625,302.505584,2886
454.301628,173.804750,173.105333,2887
454.351340,212.718916,209.919500,2888
454.391817,201.211792,199.733334,2889
454.519239,254.042542,250.756917,2890
454.546573,134.882125,133.188708,2891
454.682423,157.222625,154.711375,2892
454.790344,129.196376,127.919167,2893
455.029486,168.721291,167.615292,2895
455.031340,172.917500,172.206708,2894
455.073245,104.702208,99.109792,2896
455.185063,116.141667,114.710458,2898
455.243522,187.912375,186.503042,2897
455.294903,158.170834,156.632875,2899
455.324824,133.638750,133.030916,2900
455.418549,136.419208,135.470708,2901
455.463224,169.496250,167.937292,2902
455.493072,139.521084,138.782583,2904
455.579417,264.268376,262.670625,2903
455.666168,139.558125,139.084458,2907
455.687157,302.295584,301.474542,2905
455.818781,423.509626,422.284333,2906
455.880667,130.985167,129.731584,2908
455.978304,120.083833,119.233042,2910
455.988598,152.852875,151.452875,2909
456.285693,94.561250,93.873792,2911
456.663749,139.893542,137.382000,2913
456.697365,193.583250,189.697083,2912
456.834423,224.862458,223.304375,2914
456.848605,223.047125,221.822708,2915
456.887822,210.487376,207.896209,2916
456.989644,131.829833,131.201001,2918
457.013483,160.388376,159.806500,2917
457.203222,118.700167,117.655708,2919
457.251095,138.682542,137.104625,2920
457.368401,177.605166,176.597166,2921
457.381730,151.646542,150.206000,2922
457.458480,186.702833,184.981708,2923
457.648230,123.657042,123.030250,2924
457.988782,131.001792,130.337375,2925
458.046148,162.235792,159.814375,2926
458.352932,161.729458,160.797292,2927
458.453688,150.880625,149.713083,2928
458.620436,94.878292,94.303125,2929
458.760536,131.986458,131.296666,2930
458.785611,133.319666,132.760250,2931
458.904752,177.919000,176.109792,2932
458.975104,132.220084,130.867042,2933
459.007764,150.612000,147.791000,2934
459.164172,159.100666,157.730125,2935
459.171861,128.579500,127.192917,2936
459.315879,124.026292,122.777958,2937
459.502864,115.147667,113.573250,2939
459.516324,133.005833,131.766250,2938
459.724703,200.264750,198.920459,2940
459.826991,110.276833,108.780000,2941
459.965177,130.892125,129.934292,2942
460.028165,170.096500,166.734167,2943
460.217969,174.191500,171.163417,2944
460.291310,117.364916,116.769334,2945
460.368067,177.222209,175.216126,2946
460.432135,134.047375,132.252751,2947
460.616097,131.671458,129.926125,2948
460.707218,182.840000,182.256959,2949
460.720795,173.047000,172.156542,2950
460.771570,195.651750,194.448625,2951
460.954535,151.215458,149.665250,2952
461.045463,188.299416,185.884416,2953
461.063800,152.205083,150.451292,2954
461.342634,152.128666,151.169958,2955
461.502470,125.509708,124.057209,2956
461.614564,79.833833,78.557791,2958
461.623157,97.669542,96.622167,2957
461.941711,82.882333,80.977750,2959
462.135832,167.048875,166.422375,2960
462.306817,149.647458,148.080917,2961
462.345769,129.142417,128.712500,2963
462.352090,161.508667,159.147917,2962
462.649678,112.932167,111.531292,2965
462.677723,153.110125,151.822125,2964
463.021576,164.462375,162.675333,2966
463.087125,167.554333,165.029666,2967
463.133780,178.516916,177.723875,2968
463.204089,182.002333,180.040001,2969
463.340731,149.974417,148.746792,2970
463.699094,174.535958,172.274083,2971
463.734753,125.037209,124.317958,2972
463.811872,157.975125,154.734708,2973
464.025622,147.584209,146.916875,2976
464.029763,203.942084,202.070751,2974
464.066200,207.396583,204.993250,2975
464.343649,152.413625,151.795583,2977
464.661364,135.499292,134.073626,2978
464.960894,103.626833,101.570583,2979
465.323616,132.754709,129.812084,2980
465.553828,123.295667,121.938833,2981
465.683917,155.335250,142.350250,2983
465.685910,160.626667,159.130125,2982
465.829668,158.607166,156.678375,2984
465.900141,101.155250,99.729584,2985
466.024848,167.338501,165.155667,2986
466.037489,130.965334,129.710000,2987
466.335089,112.653042,112.176459,2989
466.338903,148.192334,145.580459,2988
466.412704,128.605458,127.168708,2990
466.638657,114.282583,112.806750,2991
466.995397,138.243875,137.248125,2992
467.168530,110.270125,109.743667,2993
467.328031,137.448208,135.836458,2994
467.368939,157.628042,155.715583,2995
467.682985,158.262417,155.793458,2996
467.959238,102.100834,100.745458,2997
468.356137,163.879333,162.891750,2998
468.647417,134.316875,133.277667,3000
468.662223,152.775875,152.030958,2999
468.677223,153.110125,152.367834,3001
468.810105,244.982500,243.318833,3002
468.927421,121.491125,119.739375,3003
468.983537,125.337042,124.253500,3004
469.066682,181.922709,181.095833,3005
469.348546,156.448542,154.637584,3006
469.414422,117.257584,115.866041,3007
469.501111,157.259375,156.804667,3008
469.637660,102.072833,100.452625,3010
469.644155,119.243541,118.620834,3009
470.013782,156.508625,155.884167,3011
470.320445,128.521166,125.554625,3012
470.648841,174.782417,173.184958,3013
470.679745,160.976084,159.639667,3014
470.682585,157.911541,156.588250,3015
470.982233,123.267667,121.935042,3016
471.229193,109.128834,108.244208,3018
471.242354,151.519083,149.237375,3017
471.296124,104.596917,103.562375,3019
471.371892,116.706916,114.528167,3020
471.665500,141.200209,139.657876,3021
472.005087,146.517875,144.574500,3022
472.083969,152.756041,151.901750,3023
472.089415,148.164042,146.273750,3024
472.307384,114.951958,114.180792,3025
472.336694,128.204708,126.820459,3026
472.641581,117.779084,115.727500,3027
473.005420,148.042709,147.439542,3028
473.147697,138.564125,136.984750,3029
473.224759,164.413958,162.523667,3030
473.347380,155.572958,154.987583,3031
473.381875,142.488792,141.221792,3032
473.636496,111.774541,110.756334,3033
473.991763,133.599084,132.075417,3034
474.311811,164.586625,163.872333,3035
474.315760,124.865416,124.007333,3036
474.685423,160.825875,158.139333,3037
474.958853,99.981292,98.370125,3038
475.315318,123.030541,121.728833,3039
475.667674,146.301750,144.828833,3040
475.681222,156.822459,156.088333,3041
475.814542,179.643917,178.349209,3042
475.872352,82.149375,80.661584,3043
476.030371,172.259500,170.218125,3044
476.328232,137.036375,135.138500,3045
476.615628,132.382833,129.733916,3046
476.673739,148.843625,147.947333,3047
476.919585,73.518083,73.002416,3048
477.004915,147.690959,147.198917,3049
477.271084,80.046750,79.471000,3050
477.625529,158.997417,158.429542,3051
477.707118,182.469875,180.071500,3052
477.754953,176.529208,174.245458,3053
477.992584,134.320958,131.613417,3054
478.352781,161.537833,160.067250,3055
478.572594,127.351875,126.245292,3056
478.631539,116.305000,115.059292,3057
478.662158,137.606292,135.298333,3058
478.992588,134.121459,133.323167,3059
479.067150,148.370833,147.655375,3060
479.338603,146.921542,145.055459,3061
479.607269,153.085041,151.655292,3062
479.627599,102.678625,101.777667,3064
479.657239,150.436125,148.328542,3063
479.955348,97.480542,93.887208,3065
480.006566,138.408375,137.481750,3066
480.298674,107.804083,105.833584,3067
480.625132,101.176834,99.986250,3068
481.003805,142.104667,140.678125,3070
481.010526,152.712583,152.131584,3069
481.341468,150.319458,149.822751,3071
481.377106,120.010917,118.237875,3072
481.663510,137.982542,136.582250,3073
481.971712,113.689625,110.957000,3074
481.999406,141.346042,140.767959,3075
482.237743,138.654542,137.548542,3076
482.310428,118.635708,116.142834,3077
482.644842,113.617584,111.853584,3079
482.685543,161.160125,159.787250,3078
482.889994,178.747625,177.783375,3080
483.035191,176.340500,173.798916,3081
483.057886,190.164333,188.091167,3082
483.314036,127.110375,126.304208,3083
483.361622,170.069375,166.982083,3084
483.374875,128.130916,126.598208,3085
483.438818,162.479626,161.753084,3086
483.640589,115.428250,113.196125,3087
483.759966,106.046792,105.501083,3088
484.015083,157.929041,155.174833,3089
484.309245,118.271125,117.966333,3090
484.659722,172.747459,170.264500,3091
484.678093,153.293875,152.748458,3092
484.741564,160.546167,159.558000,3093
484.986613,128.154542,126.782250,3094
485.097740,191.999500,191.179042,3095
485.128650,156.402459,153.704542,3096
485.189221,167.273750,166.135375,3097
485.322748,131.209459,130.554083,3099
485.357925,167.444958,166.838292,3098
485.666473,142.317584,141.690792,3100
485.745162,178.703000,176.809792,3101
486.023439,165.321625,163.203542,3102
486.114931,153.332375,152.408083,3103
486.271308,80.813834,80.265500,3104
486.335311,136.174500,134.879209,3105
486.645760,120.824958,120.391833,3106
487.005301,146.067542,145.296667,3107
487.339852,148.387750,146.986584,3108
487.634693,109.590834,107.235042,3109
487.741732,101.295833,100.375042,3110
487.980184,122.147959,120.846542,3111
488.091881,128.380000,127.340500,3112
488.181367,116.760875,114.818959,3113
488.273661,148.386875,147.789542,3114
488.290841,98.758625,97.289500,3115
488.665609,139.967917,138.386792,3116
488.969572,110.851708,109.764083,3117
489.343131,150.841833,150.192875,3118
489.634660,110.854333,109.611541,3119
489.998793,140.963958,139.198792,3120
490.036866,94.631833,94.089917,3121
490.177117,142.692084,140.916417,3122
490.274338,119.450042,118.028167,3123
490.343442,152.954375,151.440042,3124
490.496684,180.688083,179.601042,3125
490.696983,117.807375,116.931792,3127
490.708389,183.713833,181.816833,3126
491.044317,186.449666,184.676625,3128
491.214460,149.754209,148.452792,3129
491.330297,138.478375,135.975292,3130
491.344068,101.797500,100.075500,3131
491.453986,159.612250,158.959500,3132
491.533104,171.991750,170.065292,3133
491.577781,126.696208,125.322458,3134
491.653590,128.702875,128.006375,3136
491.660285,162.808917,161.033833,3135
491.944243,86.239125,85.086458,3137
492.048775,90.508833,89.346541,3138
492.291085,148.023750,146.679458,3139
492.361349,170.256916,169.679417,3140
492.442075,125.123834,122.829583,3141
492.711492,186.449666,184.305625,3142
492.959478,101.143583,99.794333,3143
493.316938,125.691126,125.134917,3144
493.391254,121.294250,119.226333,3145
493.447199,137.802291,136.992041,3146
493.533245,128.014542,127.177750,3147
493.695146,170.077542,168.819875,3148
494.046524,188.655834,187.375125,3149
494.324863,133.361375,131.016959,3150
494.649258,125.117709,122.595375,3151
494.856831,144.251917,142.549750,3152
494.972630,112.943834,112.427584,3153
495.227395,105.086333,104.529250,3154
495.337898,146.376708,144.198833,3155
495.497965,148.284792,146.296792,3156
495.676722,152.774708,151.110167,3157
495.945250,121.390209,120.362083,3158
495.975064,116.856250,116.229750,3160
496.012859,161.812292,159.617500,3159
496.183699,130.755333,128.661458,3161
496.229122,154.074959,153.237875,3162
496.312633,122.080583,120.432666,3163
496.371498,127.142458,124.765666,3164
496.640915,117.035625,116.563417,3165
496.855279,174.954209,173.283834,3166
496.995099,136.584875,134.532125,3167
497.279342,119.187834,118.224750,3168
497.323170,132.419000,130.643916,3169
497.562829,147.497584,144.841375,3170
497.674082,148.928500,146.682375,3171
497.701448,107.980833,105.857209,3172
497.946432,127.665417,127.236666,3173
498.015949,157.390625,156.598166,3174
498.349682,157.813834,156.246125,3175
498.390725,162.626042,160.687625,3176
498.406477,137.686209,135.592625,3177
498.651487,133.716042,133.189292,3178
498.677605,152.795708,152.182917,3179
498.900883,128.466042,127.527751,3180
498.981916,123.818333,120.604750,3181
499.135104,113.053209,110.743500,3182
499.198234,103.669125,102.080709,3183
499.315944,123.697583,121.148125,3184
499.494485,140.951708,138.855500,3185
499.716251,191.497250,189.591209,3186
499.738183,140.620083,138.649875,3187
500.043998,186.339708,183.943083,3188
500.156603,123.765833,121.801459,3189
500.185679,92.862000,91.089834,3190
500.336707,161.205917,160.370292,3191
500.347579,157.150001,154.682208,3192
500.389490,168.265708,165.725875,3193
500.683301,157.424458,155.283333,3194
500.992948,134.651125,132.278709,3195
501.315683,137.694959,136.301083,3196
501.340774,148.735125,147.328709,3197
501.601380,77.581584,76.482875,3198
501.897790,125.643583,124.502583,3199
502.013501,155.545834,154.363125,3200
502.151853,99.284500,97.702208,3201
502.319168,127.667751,125.856501,3202
502.472854,143.894334,141.537958,3203
502.490471,151.398333,150.970750,3205
502.519098,187.912959,186.598125,3204
502.595780,191.807584,190.065458,3206
502.678541,154.761542,151.684750,3210
502.681638,126.590333,126.189875,3211
502.682709,269.289125,268.490833,3207
502.801247,345.662042,343.740250,3208
502.953069,473.394834,472.768042,3209
503.048361,189.100625,187.347709,3212
503.052571,179.138750,177.625875,3213
503.164386,158.599583,158.102292,3214
503.212672,120.277500,119.376833,3215
503.361783,229.194292,228.657042,3216
503.380113,219.809334,217.869458,3217
503.406300,174.047417,173.149667,3219
503.540119,348.663000,347.765542,3218
503.618240,93.816917,92.151500,3220
503.880762,149.194208,146.856792,3221
503.935980,137.801417,136.148834,3222
504.031716,171.852333,170.001417,3223
504.169956,194.339833,192.371667,3224
504.201838,117.701792,114.658542,3225
504.298468,107.420833,106.661333,3226
504.416462,102.265917,100.669333,3227
504.600192,156.965958,155.586375,3228
504.698424,178.894042,176.811833,3229
504.708492,184.170583,181.468000,3230
504.886369,161.883750,160.358625,3231
504.978852,120.770416,120.106292,3233
505.027941,166.861333,164.152042,3234
505.032925,204.958834,203.063291,3232
505.184841,271.846750,270.999167,3235
505.375662,184.562000,182.274750,3236
505.418214,186.865000,186.307041,3237
505.433365,165.919250,165.149250,3238
505.542458,258.008625,257.340709,3239
505.662883,139.068416,138.345666,3240
505.813090,119.578959,118.377875,3241
505.903797,202.139292,201.333417,3242
505.940533,168.786334,168.165084,3243
505.941457,163.388750,161.817542,3244
506.059572,201.582791,201.214417,3245
506.243838,117.328750,116.721500,3246
506.381118,190.440250,188.910167,3247
506.413752,146.673334,146.002792,3248
506.584804,181.241667,178.985917,3249
506.610650,200.141667,196.106458,3250
506.653827,139.121792,137.314917,3251
506.833842,310.021542,307.915709,3252
506.846320,156.651833,154.822208,3253
507.036147,279.871666,278.598250,3254
507.037026,254.866208,254.392542,3256
507.047260,190.105708,188.403250,3257
507.149409,110.431125,108.732166,3259
507.210113,427.956375,425.872417,3255
507.364877,348.186417,344.775667,3258
507.381953,189.492625,186.856250,3261
507.438333,193.134958,191.856583,3262
507.491567,446.540208,445.067292,3260
507.612142,340.808708,340.378208,3263
507.661335,146.832584,144.367708,3265
507.674578,149.147542,145.593875,3266
507.758346,465.353291,462.791583,3264
507.976824,118.487542,117.230167,3268
507.990991,151.442667,149.006375,3267
508.229390,128.758000,128.261584,3269
508.319420,128.389334,127.440833,3270
508.426162,117.100375,114.783375,3271
508.664754,140.966000,139.226500,3272
508.667604,105.996917,104.719709,3273
508.797272,75.865417,74.146334,3274
508.946304,186.891542,185.771250,3275
508.995589,137.284292,134.982167,3276
509.169881,124.650459,123.033458,3277
509.252233,170.834417,169.623125,3278
509.358115,167.288333,166.139751,3280
509.364241,180.368417,179.528125,3279
509.443358,139.661375,138.625958,3281
509.504950,133.501958,132.553167,3282
509.580758,131.336625,130.788583,3283
509.659732,134.990917,133.969500,3284
509.708545,106.561000,106.057000,3285
509.836240,94.037708,92.703917,3286
509.863145,106.896417,106.327375,3287
509.967817,110.640833,109.718583,3288
510.070934,131.817583,130.933542,3290
510.117166,186.382875,184.792417,3289
510.215379,171.954709,171.077667,3291
510.339629,148.538833,146.212500,3292
510.496499,167.244000,165.922458,3293
510.628511,103.176208,102.064667,3294
510.906625,135.237375,132.875458,3295
510.986233,128.621792,128.034667,3296
511.205161,134.122916,131.909750,3297
511.349639,158.197959,156.976750,3298
511.382885,156.240583,155.065167,3299
511.525466,128.595833,127.954750,3300
511.663313,139.394792,137.776333,3302
511.683683,177.438333,176.112416,3301
511.820648,133.387917,132.631625,3303
511.976853,182.429042,179.508875,3304
511.986609,129.450417,127.704500,3306
512.021365,175.392000,174.030500,3305
512.146198,220.807709,219.181083,3307
512.261756,296.503083,294.765042,3308
512.307517,116.085084,113.906334,3309
512.417224,163.335667,162.645000,3310
512.494320,140.466958,139.130250,3311
512.550394,112.630584,110.393791,3312
512.674910,150.663333,147.605208,3313
512.749800,164.949167,164.068625,3314
512.824798,140.857792,139.303792,3316
512.881295,201.383583,199.589834,3315
512.942753,84.863334,83.718542,3318
513.012889,148.580250,147.852250,3319
513.109585,396.093250,394.455251,3317
513.170933,153.031667,152.270125,3321
513.231605,330.557208,329.491459,3320
513.331989,141.329709,139.096708,3322
513.389542,129.965792,129.496500,3324
513.415332,203.928667,201.704417,3323
513.524042,224.241500,223.555209,3325
513.596264,251.622584,250.984126,3326
513.618684,180.506667,179.603375,3327
513.673491,148.903708,147.313542,3328
513.816351,153.170500,151.569834,3329
513.963099,136.521583,135.882250,3330
513.976406,118.580583,117.145000,3331
514.230275,148.610875,146.188875,3332
514.351393,159.850250,158.826500,3333
514.443353,132.311666,129.323541,3334
514.516201,136.242167,134.801041,3336
514.518054,197.366750,196.546583,3335
514.600975,154.490583,150.222333,3337
514.670922,144.915167,144.403875,3339
514.735194,229.594459,228.855375,3338
514.757483,131.301625,129.561250,3340
514.879876,135.983458,132.843375,3342
514.887468,224.185208,222.984125,3341
514.967261,109.883376,106.983334,3343
515.019163,110.808833,109.075458,3344
515.159815,137.047167,136.339875,3345
515.284349,92.809209,92.302292,3346
515.581334,108.810042,108.164292,3347
515.685445,160.825875,159.249709,3348
515.810029,80.484250,78.762542,3350
515.854159,174.701917,172.845750,3349
515.962903,104.772792,104.108958,3351
516.096154,121.564916,119.158667,3352
516.337337,151.251042,149.683626,3353
516.369551,178.693083,176.864625,3354
516.527328,175.453250,174.331208,3355
516.652485,127.674750,127.121459,3356
516.751617,181.152708,178.631542,3357
516.991152,134.941626,133.295750,3358
516.998625,140.734417,139.181000,3359
517.022931,153.106625,152.383583,3360
517.164307,255.976000,254.217833,3361
517.215452,202.778333,201.792792,3363
517.269374,234.942459,233.274709,3364
517.376208,421.248333,412.560167,3362
517.440422,197.171917,196.046959,3366
517.488518,164.420084,162.382500,3368
517.497897,307.190333,306.207125,3365
517.667234,405.179250,404.389708,3367
517.672793,154.554750,153.794958,3369
517.714399,190.221792,187.612251,3370
517.769654,222.092501,220.519250,3371
518.006348,148.387750,145.940375,3372
518.102862,170.782209,170.334792,3373
518.133504,138.640250,138.091625,3374
518.199962,172.978458,170.508334,3375
518.353052,162.268750,161.304792,3376
518.379083,153.209584,151.251041,3377
518.462656,204.605917,203.380042,3378
518.530909,213.558625,212.132375,3379
518.655467,130.551459,129.159917,3380
518.713908,170.873500,168.849334,3381
518.776526,117.983542,116.166167,3382
518.947956,152.857541,151.521125,3383
518.961688,155.523959,152.915875,3384
518.999887,141.938708,140.659750,3385
519.141633,114.669917,111.997375,3386
519.174802,143.842708,142.608959,3387
519.303733,178.643791,177.167958,3388
519.339851,149.328958,147.881417,3389
519.385608,152.815250,152.146459,3390
519.440244,140.629125,140.031209,3391
519.658855,114.998334,114.436875,3393
519.670280,146.408792,144.767875,3392
519.966577,170.724458,169.944834,3394
519.990518,131.365500,129.625125,3395
520.052385,165.999458,164.307792,3396
520.290239,124.746708,123.258042,3397
520.316116,124.641417,122.881500,3398
520.420803,79.725334,78.375792,3399
520.686195,162.294125,161.596167,3400
520.999681,141.913625,140.342708,3401
521.208583,106.198750,104.099626,3402
521.334025,131.065958,129.594792,3404
521.339247,146.519041,145.880291,3403
521.692518,167.768416,167.203167,3405
521.697893,129.778542,128.227166,3406
521.851173,140.467834,138.778791,3407
521.979183,120.124959,118.605376,3408
522.153429,144.652959,142.302417,3409
522.354147,163.196834,160.701042,3410
522.632804,130.432458,129.845917,3411
522.644673,120.181834,118.815084,3412
522.916315,132.426000,130.950167,3414
522.929275,197.507041,195.967917,3413
522.992833,134.698667,133.826583,3415
523.046425,138.187000,137.520250,3416
523.187969,137.689709,137.096750,3417
523.308742,155.940459,155.259709,3418
523.333439,142.970334,140.226626,3419
523.668660,144.572166,143.313334,3420
523.670779,143.294083,142.836166,3421
523.935935,78.791125,77.954917,3423
523.966673,150.936042,150.258500,3422
524.148048,104.673916,102.955709,3424
524.238552,140.719834,138.907708,3425
524.335943,145.214125,143.057541,3426
524.451320,124.387375,122.066584,3427
524.658935,134.507625,132.400625,3429
524.662084,164.410750,163.300083,3428
524.918868,159.658625,159.024833,3430
524.968897,180.358500,176.960875,3431
525.027913,170.145500,168.379750,3432
525.088906,173.509292,172.749208,3433
525.239142,313.406916,311.624542,3434
525.289878,148.073917,146.027583,3435
525.396881,149.975875,148.975751,3437
525.418592,226.851917,225.253292,3436
525.641769,117.367541,116.053583,3438
525.792880,107.611000,106.211875,3439
526.014355,157.193750,156.044000,3440
526.306282,114.926000,113.272542,3441
526.669527,143.866625,140.718375,3442
527.020701,136.009416,135.188083,3444
527.031486,173.877375,171.299333,3443
527.317736,126.665583,125.327417,3445
527.658848,133.886667,132.414917,3446
527.915358,135.224250,133.586542,3447
527.977864,119.775250,118.378750,3448
528.055972,111.140459,108.748500,3449
528.183678,103.894000,100.814292,3450
528.369750,178.120250,176.947459,3451
528.632758,108.126375,105.827458,3452
528.971979,114.673417,112.899501,3453
529.122093,111.168166,109.683292,3454
529.255265,126.839417,125.402667,3455
529.315796,125.051208,124.238625,3456
529.645137,120.656959,119.929542,3457
530.043540,185.202209,184.392541,3458
530.086811,134.988291,132.605667,3459
530.296563,109.945209,108.439917,3460
530.320316,129.842125,128.316417,3461
530.562992,143.195208,142.142583,3462
530.642349,117.876500,116.508291,3463
530.706379,113.584917,111.378458,3464
530.976948,119.405708,117.001209,3465
531.095679,139.330042,137.804625,3466
531.324440,133.973875,131.559458,3467
531.660078,134.135167,132.350458,3468
531.710708,136.016709,135.182250,3469
531.806397,147.732959,146.524584,3470
531.967466,108.675875,106.924417,3471
532.121932,141.958542,140.359917,3472
532.319278,127.665125,126.940042,3473
532.323761,115.793417,114.288416,3474
532.654992,130.333000,128.570458,3475
532.958465,154.571667,152.950583,3476
532.975487,115.960542,114.510958,3477
533.304266,112.669958,111.246916,3479
533.324516,149.333333,148.663667,3478
533.578197,142.208792,140.613084,3480
533.628506,105.432542,105.029458,3481
533.665594,140.909125,139.850083,3482
533.984772,126.786625,124.600292,3483
534.076375,160.028750,159.092792,3484
534.245399,151.709250,150.567375,3485
534.312502,120.461250,119.915542,3486
534.422228,129.260834,128.444166,3487
534.462488,141.171625,140.241792,3489
534.492424,191.381459,190.592792,3488
534.683834,156.599625,156.103791,3490
534.904996,132.814500,131.961083,3491
534.996433,136.352125,135.430750,3492
535.356431,163.667292,163.058292,3493
535.454031,126.363709,125.368250,3494
535.686792,162.525708,160.578833,3495
535.883330,121.942626,121.110500,3496
536.017497,160.346084,157.682584,3497
536.118727,121.809334,119.929833,3498
536.133368,135.439792,135.139959,3499
536.329882,138.502000,138.109708,3500
536.545874,178.235167,177.013667,3501
536.668232,142.583584,140.366917,3502
536.681814,149.053042,148.528917,3503
536.703231,124.280917,122.142709,3504
536.842299,130.675416,129.369042,3505
536.992061,133.442750,132.086792,3506
537.283177,91.721583,90.151542,3507
537.599019,145.470208,143.095750,3508
537.622444,98.646625,97.776000,3509
537.993387,135.134709,133.770875,3510
538.343295,152.015209,150.055791,3511
538.665375,141.589875,140.285250,3512
539.015840,158.099666,155.813875,3513
539.231590,150.423584,149.705791,3514
539.326939,136.027791,133.250542,3515
539.652163,128.346750,124.684292,3516
539.869874,124.464959,123.955416,3517
539.995190,136.567667,136.045583,3518
540.059703,107.510667,105.677542,3519
540.338134,146.795250,145.318541,3520
540.637401,112.727125,112.043458,3521
540.846321,105.137959,103.664458,3522
540.977835,119.839416,117.554792,3523
541.120690,126.488834,124.977125,3524
541.328206,136.475209,135.648917,3525
541.668075,143.045292,141.879500,3526
541.999801,141.982459,141.334667,3527
542.167938,96.551000,95.287792,3528
542.342630,150.723416,150.153500,3529
542.343955,83.689958,82.337208,3530
542.676837,151.489625,150.281834,3531
542.969327,111.858250,109.683583,3532
543.085381,89.182917,88.340291,3533
543.314446,123.345541,122.121417,3534
543.482923,141.317459,139.946334,3535
543.533243,155.404958,153.918625,3536
543.632791,108.615208,107.508625,3537
543.974225,116.820958,115.888208,3538
544.306941,114.748667,114.451459,3539
544.630803,170.587084,169.285958,3540
544.701433,177.472167,175.470458,3541
544.875625,113.283334,111.090292,3542
544.967915,108.774167,107.549167,3543
545.344937,153.547334,151.184834,3544
545.540789,127.361500,125.104583,3545
545.641944,118.154458,116.105500,3546
545.994878,137.533375,136.926125,3547
546.284948,94.063959,92.454833,3549
546.311202,126.968916,126.523542,3548
546.656999,132.188583,130.700791,3550
546.780357,131.072666,129.750834,3551
546.840559,112.646625,109.753583,3552
546.989118,130.961250,129.589250,3553
547.312745,121.032916,119.819875,3554
547.582820,111.701041,110.735042,3555
547.663891,137.851583,134.506458,3556
547.747444,133.091292,130.720334,3557
547.912101,155.714709,154.599958,3558
547.986997,129.360875,127.619334,3559
548.323193,131.308625,129.920584,3561
548.334673,153.912792,152.547500,3560
548.657733,132.116250,130.532209,3562
549.047492,190.346625,188.217750,3563
549.318496,127.083833,124.080250,3564
549.653052,128.413541,127.687583,3565
549.977188,124.830708,122.427083,3566
550.004620,147.501375,145.560334,3567
550.334961,143.257625,141.826417,3568
550.586110,113.066042,111.509709,3569
550.679038,155.241917,154.409209,3570
551.008279,150.899875,149.187209,3571
551.060069,146.898792,146.030500,3572
551.333281,130.181626,128.971208,3574
551.333572,143.102750,142.738459,3573
551.558720,176.212750,174.451084,3575
551.596127,146.180417,144.746000,3576
551.667275,143.030125,141.250375,3577
552.048481,191.315250,190.668334,3578
552.221291,156.570750,154.948792,3579
552.310068,119.259000,116.719750,3580
552.331647,116.207583,115.595375,3581
552.465679,148.362083,146.287458,3582
552.525069,136.302250,134.096666,3583
552.710206,185.120834,143.207167,3584
552.973563,80.315959,78.821167,3586
552.998605,140.774667,139.907542,3585
553.341775,150.521583,150.001542,3587
553.654803,122.617542,121.145209,3589
553.668824,143.730125,142.510375,3588
553.919984,127.562166,126.499625,3590
554.011223,152.126041,150.788167,3591
554.278863,88.388125,86.907917,3592
554.615826,90.871375,89.518917,3593
555.011470,154.349708,153.844542,3594
555.313819,122.327334,120.352750,3595
555.674585,150.766000,149.202667,3596
555.950556,91.624167,91.109666,3597
556.095269,87.429125,86.351125,3598
556.256433,169.589875,167.305542,3599
556.321219,130.186000,129.241000,3600
556.615392,168.131833,166.235416,3601
556.669893,141.367333,139.368833,3603
556.673590,148.857333,147.649250,3602
556.990123,173.471667,170.972959,3604
556.992214,133.957250,133.419125,3605
557.295128,103.563833,102.494875,3606
557.504388,149.458167,148.877167,3607
557.648380,124.571709,122.271042,3608
557.917274,124.282083,122.544333,3609
557.974229,115.424458,114.090083,3610
558.051548,143.316250,141.890583,3611
558.264737,138.633251,136.060458,3612
558.340955,148.617583,147.965126,3613
558.437324,116.790041,114.447375,3614
558.615631,148.813875,148.113000,3615
558.630464,104.899666,104.310500,3616
558.786643,126.388791,124.604667,3617
558.855619,97.091167,96.597958,3618
558.906888,141.122042,140.074959,3619
558.977580,132.804583,131.266626,3620
558.993163,135.022708,134.095792,3621
559.199624,117.339542,115.968416,3622
559.325218,133.144667,132.116542,3623
559.529592,160.090875,158.546500,3624
559.600894,136.886750,134.479917,3625
559.693737,133.828334,132.582917,3627
559.704317,180.110292,179.165000,3626
559.748398,142.334500,141.001292,3628
560.027921,169.090833,167.885375,3629
560.307621,116.899708,115.592750,3630
560.450871,144.991584,143.682876,3631
560.679247,154.365167,152.327583,3632
561.038404,180.884084,179.742792,3633
561.255111,152.917916,152.369000,3634
561.350516,158.083334,156.606042,3635
561.376617,179.122417,175.923417,3636
561.413973,185.250917,182.380041,3637
561.562639,266.094208,263.656166,3638
561.634182,109.612416,108.640292,3639
561.913123,116.951917,115.244500,3640
561.995347,136.639708,134.362667,3641
562.169357,114.792709,113.372000,3642
562.314151,122.797792,121.225125,3643
562.494416,131.422667,129.947417,3644
562.644936,120.604458,117.915584,3645
562.743984,119.175584,118.598083,3646
562.882864,105.230708,104.550542,3648
562.930813,207.389583,206.515459,3647
563.005627,147.491167,146.363000,3649
563.037324,149.215792,147.868875,3650
563.198193,134.067209,132.784751,3651
563.295431,104.239333,100.547125,3652
563.356299,135.110500,134.676500,3653
563.506630,141.866375,141.353625,3654
563.624346,168.308584,166.712875,3655
563.675165,149.791833,148.061666,3656
563.956545,97.256833,96.184084,3658
564.001819,149.568708,148.029875,3657
564.112114,143.091959,140.935083,3659
564.326089,133.816375,132.290667,3660
564.415903,143.002417,142.283750,3661
564.654661,130.744833,129.726917,3662
564.747325,136.071541,135.093000,3663
564.979251,130.321042,129.646708,3665
565.008276,174.967916,174.455750,3664
565.056535,199.421833,198.852500,3666
565.209425,138.776750,138.233083,3667
565.287214,171.766584,171.043542,3668
565.366330,175.191917,173.616917,3669
565.395863,192.630667,191.734084,3670
565.529942,198.209958,196.367500,3671
565.656712,131.739125,130.883958,3672
565.661202,100.721250,98.264250,3673
565.862414,139.590500,138.613125,3674
565.963612,104.491626,104.031958,3675
566.100362,115.504958,113.950958,3676
566.140309,88.570125,87.354166,3677
566.207923,97.903167,96.840625,3678
566.318067,126.869458,126.289916,3680
566.339926,157.821417,156.800583,3679
566.497062,123.971166,121.589708,3681
566.599541,142.369208,141.156167,3682
566.616141,90.996208,90.396542,3683
566.901581,145.138000,141.520750,3684
566.964587,154.548625,152.726875,3685
567.048803,191.651250,189.913209,3686
567.062964,199.787000,198.580958,3687
567.176225,300.774541,300.307291,3688
567.225836,175.262792,173.823125,3689
567.309737,119.255500,118.174000,3690
567.561518,68.600292,67.275541,3691
567.692122,167.767250,166.023667,3692
567.768471,124.293750,123.719459,3693
567.836502,124.219083,122.536459,3694
567.929987,133.320250,131.955250,3695
567.999666,141.538250,140.562042,3696
568.030569,131.369292,128.907625,3698
568.040034,160.083292,159.357917,3697
568.160866,221.363917,220.120834,3699
568.323319,360.271042,358.838375,3700
568.351545,159.780542,158.216041,3701
568.429052,190.536792,189.293417,3702
568.588091,158.343209,156.632291,3703
568.697779,173.174750,172.356041,3704
568.778366,147.915250,147.363708,3705
569.039470,181.631333,181.063458,3706
569.089413,135.200334,134.000708,3707
569.234883,155.245125,154.534625,3708
569.269799,151.966208,149.647750,3709
569.416759,172.537167,171.714667,3711
569.417614,227.124042,223.489000,3710
569.500906,176.476709,174.251292,3712
569.556918,232.223542,230.623750,3713
569.666122,132.147167,131.639958,3716
569.697857,173.453875,172.572458,3715
569.704962,317.689751,317.118375,3714
569.813470,246.628667,244.191500,3717
569.984752,349.796709,347.655000,3718
569.986580,129.436125,127.934917,3719
570.030952,150.451875,149.770250,3720
570.266979,145.658625,144.944333,3721
570.302278,141.353041,138.948833,3722
570.391336,199.168375,198.267125,3723
570.412075,139.041000,138.332250,3724
570.475987,84.890750,84.412417,3725
570.639094,156.976167,155.425375,3726
570.697778,172.205834,171.400542,3727
570.697778,160.189459,158.746583,3728
570.790307,225.269334,224.480958,3729
570.942236,338.295417,337.679709,3730
570.965918,188.146292,186.581500,3732
571.026524,169.344875,167.286875,3733
571.091339,415.566958,413.863042,3731
571.174320,156.037875,154.685125,3734
571.399158,206.854959,205.936792,3735
571.408679,190.307250,188.948375,3736
571.429175,172.890667,171.221458,3737
571.514792,220.827833,219.688000,3738
571.621680,227.224084,224.469000,3739
571.680849,156.125084,154.968625,3740
571.890488,170.253125,169.467666,3741
571.952218,175.868291,175.341541,3742
571.997751,152.414208,151.671333,3743
572.078148,220.739458,219.003166,3744
572.251377,390.587459,389.379375,3745
572.307214,115.829584,114.587959,3746
572.393370,128.932417,127.844792,3747
572.415423,134.049417,132.183333,3748
572.618873,94.204542,92.871916,3749
572.721247,152.644916,150.231667,3750
572.965503,108.000959,107.551792,3751
573.177938,182.700000,180.152875,3752
573.215386,173.516000,171.787000,3754
573.217197,193.715375,191.997459,3753
573.342656,152.292875,151.533375,3755
573.507145,316.677959,311.630083,3756
573.533057,160.513500,158.653250,3757
573.565503,150.765125,150.089333,3758
573.631460,215.647834,215.068292,3759
573.740743,215.947667,214.227126,3760
573.998738,140.961042,139.106042,3761
574.159947,143.979209,143.042375,3762
574.297238,105.478042,104.182458,3763
574.383611,129.517792,128.948167,3764
574.708848,183.143042,179.524625,3765
574.727750,151.768167,150.880041,3767
574.739052,183.130500,182.286708,3766
574.826056,217.676667,216.345209,3769
574.968309,360.271041,359.133250,3768
575.017967,160.368542,159.215876,3771
575.034364,184.292792,182.728875,3770
575.083964,222.882625,221.376459,3772
575.254558,251.083584,242.901167,3773
575.270845,147.391416,146.024083,3775
575.274374,165.804917,163.557917,3774
575.369038,178.603542,178.225541,3776
575.580495,162.693416,160.689959,3777
575.612100,152.276833,150.682875,3778
575.696458,171.968708,171.194333,3780
575.740737,216.951875,215.980626,3779
575.825301,253.770417,253.001292,3781
575.993766,394.066459,392.543667,3782
576.006293,149.093584,148.520167,3783
576.060284,183.015292,180.477500,3784
576.124141,120.628667,119.337750,3785
576.312439,91.728583,90.379333,3787
576.314431,123.360417,119.853417,3786
576.354935,98.425833,97.279584,3788
576.463488,98.991375,97.890917,3789
576.624731,139.781250,138.597958,3791
576.634015,183.915084,182.508084,3790
576.696104,172.286333,170.126250,3792
576.857341,120.890584,119.277667,3794
576.910593,183.772750,183.225875,3793
577.022417,156.763833,156.111375,3796
577.054338,197.107458,196.095375,3795
577.266585,130.528416,129.184709,3797
577.346245,155.773625,153.235250,3798
577.391773,170.650375,168.244708,3799
577.453421,138.524750,135.735833,3800
577.692316,168.478625,166.808250,3801
577.759463,165.848084,164.924083,3802
577.763137,134.313959,133.059500,3803
577.813282,127.230250,126.503709,3804
577.926579,157.015833,155.355083,3807
577.960518,150.324708,148.463000,3808
577.988419,276.460625,275.088042,3805
578.088369,146.735167,144.993334,3812
578.143356,405.201417,392.820167,3806
578.182582,108.979208,108.377792,3813
578.292065,451.243625,448.837959,3809
578.359642,168.327250,165.876667,3814
578.359791,167.523708,166.525333,3815
578.450744,591.618416,590.634916,3810
578.570989,668.618417,668.073000,3811
578.637799,191.555583,190.961167,3816
578.684171,168.527917,166.459125,3817
578.719989,195.356875,192.955292,3818
578.834608,282.624125,281.250375,3819
578.986619,128.008125,126.744333,3821
579.012815,416.569709,415.525833,3820
579.165919,161.021875,159.489750,3822
579.266434,197.198750,189.450334,3823
579.305775,225.355375,224.452084,3824
579.379555,187.949125,185.188500,3825
579.442447,188.547625,187.118167,3826
579.474802,155.744458,154.039958,3827
579.560773,116.125625,114.612166,3828
579.638725,179.167041,176.786167,3829
579.710320,185.856125,184.955458,3830
579.739449,206.422709,204.047375,3831
579.842035,302.775959,300.128500,3832
579.871061,142.532250,140.648958,3833
579.989316,131.447167,130.924209,3834
580.058814,124.913833,124.031541,3835
580.233439,156.344708,154.838542,3836
580.315743,170.210250,168.335709,3837
580.373680,180.923750,179.308209,3838
580.377119,155.315708,154.501958,3839
580.499670,211.283917,210.346500,3840
580.572066,130.609791,129.318292,3841
580.644163,120.237542,116.820375,3842
580.949905,102.293916,100.835583,3843
581.025490,166.839459,165.600167,3844
581.304229,112.707875,111.435042,3845
581.513838,135.102625,133.550959,3846
581.626635,104.810125,104.449041,3847
581.670841,146.607708,145.170375,3848
581.772123,156.097375,155.665417,3850
581.777470,211.542334,208.798916,3849
581.954421,162.287125,160.887708,3851
582.000443,167.066667,165.466000,3852
582.028323,170.145792,169.552834,3853
582.095248,133.332792,130.827667,3854
582.280376,119.208250,118.628125,3855
582.351630,183.431792,182.737042,3856
582.366885,176.326208,174.171375,3857
582.428807,177.253125,176.194375,3858
582.660812,137.009833,135.704625,3859
582.736046,142.103500,140.259875,3860
583.010502,152.028917,150.493000,3861
583.316122,148.164917,146.532167,3862
583.316348,145.390875,144.056792,3863
583.357474,166.272458,164.913000,3864
583.530426,123.373833,121.984916,3865
583.661191,136.778250,136.373708,3866
583.967792,110.511334,108.853791,3867
584.176641,138.880875,137.900584,3868
584.301286,110.806791,110.321750,3870
584.302818,120.349250,119.916416,3869
584.383896,130.455209,127.917709,3871
584.670380,146.479959,143.985041,3872
585.005322,147.429334,144.791791,3873
585.357927,166.989959,166.358208,3874
585.644082,136.684625,136.065417,3875
585.668741,143.344542,141.975166,3876
586.011415,141.313667,140.764459,3878
586.022813,165.129417,163.309125,3877
586.094400,171.459459,168.389666,3879
586.140494,155.180083,153.721167,3880
586.343310,152.350042,150.559792,3882
586.355703,176.821750,174.491042,3881
586.630111,110.126625,109.292458,3883
586.635248,110.678750,108.758125,3884
586.983404,124.949708,124.558875,3885
587.151906,127.581125,125.864083,3886
587.225802,136.862833,134.669500,3887
587.290713,136.633000,134.671834,3888
587.359764,168.450625,166.035916,3889
587.457919,125.144834,124.296083,3890
587.461756,87.017583,86.630250,3891
587.648232,122.168084,120.140709,3892
587.975960,116.817458,114.826250,3893
588.355423,163.648334,162.534459,3894
588.370608,151.329792,150.820542,3895
588.407527,182.971542,182.543959,3896
588.617664,93.419083,92.036875,3897
588.986175,126.710209,125.309916,3898
589.130712,104.457208,103.621584,3899
589.249306,129.453334,128.781334,3900
589.322392,130.984583,128.133541,3901
589.673996,148.717625,147.281166,3902
589.738178,131.177667,130.463376,3903
589.974785,116.600167,115.277750,3904
590.049545,135.189833,133.585958,3905
590.212889,128.847542,125.312834,3906
590.293547,101.760750,99.142458,3907
590.618429,94.504375,91.622417,3908
591.007523,149.773458,146.465667,3909
591.321303,130.358667,129.253542,3910
591.668073,143.755500,142.107584,3911
591.992239,134.423916,132.359209,3912
592.322779,132.294750,130.027917,3913
592.398586,81.066417,80.659250,3914
592.511046,109.261834,107.928625,3915
592.639245,114.338000,112.653625,3916
592.925704,125.180417,124.361709,3917
593.029893,171.116167,168.046959,3918
593.348504,157.605000,155.386875,3919
593.607406,129.957334,129.321500,3920
593.657453,131.083166,129.852334,3921
593.815943,117.504042,117.010250,3922
593.962344,103.860167,102.466583,3923
594.290392,99.252125,98.627375,3924
594.409476,122.605875,122.091375,3925
594.619504,121.877584,121.107584,3926
594.651199,126.006126,124.861626,3927
594.902221,138.697125,137.775167,3928
594.967164,108.828125,108.269000,3929
595.328171,136.962292,135.647459,3930
595.405458,155.950667,153.678876,3931
595.661263,136.780875,135.041958,3932
595.912526,153.746541,152.314750,3933
596.005655,147.481251,145.620417,3934
596.114733,129.482791,128.006959,3935
596.124777,91.283500,89.072375,3936
596.334566,144.099958,141.895541,3937
596.669305,143.809167,140.527917,3938
596.984074,126.017208,125.249542,3939
597.320852,177.096500,175.397250,3940
597.365780,173.784041,171.721666,3941
597.366462,169.738333,167.345208,3942
597.466457,134.289167,132.192959,3943
597.670363,144.608042,142.463125,3944
597.795066,134.355667,132.234083,3945
597.953747,159.361416,158.519083,3946
597.987644,130.500708,129.926125,3947
598.211855,123.517625,121.946417,3948
598.327834,137.327458,135.156292,3949
598.642315,118.503292,117.967792,3950
598.977553,161.899208,160.528083,3951
599.038827,180.971583,179.676292,3952
599.094824,178.267834,177.911416,3953
599.351325,159.357625,158.060584,3954
599.666165,140.565250,139.497166,3956
599.701948,188.640958,186.766709,3955
599.861435,152.726000,151.916333,3957
600.009158,150.943917,147.833000,3958
600.324682,134.073042,132.806042,3959
600.388472,117.538750,115.445459,3960
600.550097,86.947292,86.176709,3962
600.565972,113.411375,112.926334,3961
600.672867,148.785000,147.586250,3963
600.941223,107.894209,106.863167,3964
601.018851,120.175125,118.981625,3966
601.021867,163.217542,162.390667,3965
601.176698,153.992417,152.655708,3967
601.311095,119.913208,119.283208,3968
601.357294,134.103958,133.374792,3969
601.396766,164.147084,162.915375,3970
601.637635,113.690792,112.052792,3971
601.749399,143.121125,142.442709,3972
601.990797,133.625625,132.132875,3973
602.261359,160.751208,159.163375,3974
602.326601,175.355834,173.368417,3975
602.361479,168.985542,166.875625,3976
602.659124,135.096792,134.598333,3977
602.843075,113.821750,112.534917,3978
602.937057,146.830250,143.430584,3979
602.962036,104.504167,102.370917,3980
603.177057,139.865250,139.378167,3981
603.298742,108.287958,107.888083,3982
603.664722,139.773958,138.359375,3983
603.906549,151.352833,150.983000,3984
603.995122,129.892000,127.526584,3986
604.017428,159.180292,158.657334,3985
604.157705,88.351959,87.153208,3987
604.319760,128.116625,126.326083,3988
604.637514,113.158500,110.733875,3989
604.986976,128.485000,127.186208,3990
605.333225,142.416458,141.689333,3991
605.684914,165.560208,164.044708,3992
605.692695,168.868292,167.078333,3993
605.702270,158.235000,157.665083,3994
605.933137,139.915125,138.921708,3995
606.003876,145.545458,144.049500,3996
606.005836,117.752833,116.447625,3997
606.330590,139.012125,137.247250,3998
606.378988,157.467333,154.977084,3999
606.650551,189.554167,187.802417,4000
606.683653,157.098083,156.384666,4002
606.703759,202.596042,198.737583,4001
606.761479,124.699458,122.549000,4003
606.920276,132.619375,128.472458,4004
607.007337,149.282875,147.862167,4005
607.319804,129.124625,127.031625,4006
607.686380,126.107042,124.118750,4008
607.689360,163.827125,162.453667,4007
607.775339,162.926750,162.152375,4009
607.910622,122.476959,120.456292,4010
608.039155,179.694959,177.668458,4011
608.127204,126.342708,125.502125,4012
608.251966,138.975375,138.185542,4013
608.278913,159.082875,158.606583,4014
608.341541,149.751292,148.208667,4015
608.656854,132.137833,130.463376,4016
608.803882,137.904375,136.930791,4017
608.982987,124.830416,124.170375,4018
609.041251,140.149041,139.494542,4019
609.318126,125.847167,124.201584,4020
609.672400,148.181833,145.889625,4021
609.865157,184.518833,182.624750,4022
609.996367,138.364333,137.042501,4023
610.236693,164.347167,161.534917,4024
610.301755,111.300292,110.758083,4025
610.503545,119.138541,117.222000,4026
610.635086,110.047291,109.433917,4027
610.974947,116.920125,115.401708,4028
611.014239,130.114250,129.498833,4029
611.168933,137.793833,135.951375,4030
611.325659,134.517833,134.085000,4031
611.650798,126.388209,123.810750,4032
611.760812,144.873458,142.562292,4033
612.002834,144.759708,143.004167,4034
612.124171,80.098667,79.639584,4035
612.270705,80.117625,78.581708,4036
612.642122,116.565167,115.167208,4037
612.903547,136.881208,135.793000,4038
612.961784,103.874167,102.119208,4039
613.311389,120.783541,119.499334,4040
613.664311,139.675083,138.162792,4041
613.986711,128.019500,125.861459,4042
614.069851,115.796916,114.956625,4043
614.330292,139.812750,139.085625,4044
614.349606,131.517459,129.773000,4045
614.648988,124.685750,122.182083,4046
614.912620,96.405750,94.246833,4047
615.016829,159.470209,157.160208,4048
615.070336,124.880583,124.110292,4049
615.324133,133.639041,131.947958,4050
615.647619,122.238667,121.650084,4051
615.717762,117.174167,115.313042,4052
615.796377,109.040167,107.758875,4053
616.012942,154.837084,153.505917,4054
616.339930,148.444334,147.077583,4055
616.428659,99.813000,97.612375,4056
616.655732,130.937042,130.599000,4057
616.944647,144.358375,142.978500,4059
616.952651,227.766583,226.089500,4058
617.047193,189.553583,187.679626,4060
617.078884,193.753000,193.008375,4061
617.285322,93.112541,91.073791,4062
617.566835,151.244333,149.131792,4063
617.652219,127.665708,126.450042,4064
618.020494,161.753667,160.268792,4065
618.311319,119.375375,118.149500,4066
618.412711,141.845376,141.136334,4067
618.699374,175.030917,171.996125,4068
618.721287,170.446208,169.518125,4070
618.732388,189.608125,188.055000,4069
618.969828,98.393459,96.121667,4072
618.985780,127.384250,125.225625,4071
619.090074,116.349333,113.705959,4073
619.280019,128.811958,126.385875,4074
619.330040,138.722500,137.928291,4075
619.378321,135.616250,133.390542,4076
619.455665,117.662125,117.013750,4077
619.656670,131.599125,131.314750,4078
620.010174,151.259500,149.653583,4079
620.170497,158.426625,157.345416,4080
620.180047,149.095625,148.503250,4081
620.258583,176.062542,173.108833,4082
620.312408,121.932417,119.340666,4083
620.536205,77.180834,76.529833,4084
620.622120,97.854458,96.127791,4085
620.987765,130.624958,130.110750,4086
621.324039,132.690833,132.244292,4087
621.674759,149.986666,148.583459,4088
621.875606,135.215500,133.740834,4089
621.966328,109.181042,107.971208,4090
622.123434,116.749792,116.152167,4091
622.348609,158.054459,156.034666,4092
622.666104,142.268292,139.694042,4093
622.973153,139.538000,137.395417,4094
623.048599,189.778750,188.344625,4095
623.138222,209.465375,207.851875,4096
623.142092,173.752833,172.850125,4097
623.224391,235.976125,235.426333,4098
623.232148,157.390333,156.512125,4099
623.316110,124.276834,123.655292,4100
623.431358,90.930875,90.196458,4102
623.499303,206.964916,205.736125,4101
623.581395,130.415250,129.460042,4103
623.644619,119.744334,119.193667,4104
623.713366,159.829834,159.096584,4105
623.985863,126.690959,125.503000,4106
624.118840,109.941125,108.910083,4107
624.319497,129.035958,125.329750,4108
624.581539,120.065166,118.812458,4109
624.661656,137.843125,137.270000,4110
624.943961,137.794417,136.705625,4111
624.987884,130.027625,129.430584,4112
625.124771,141.282750,139.813333,4113
625.268596,108.719042,107.727958,4114
625.342036,149.256042,147.959292,4115
625.344869,66.876542,65.985792,4116
625.644964,120.506459,119.930709,4117
625.750611,109.361875,106.586959,4118
625.787852,107.065000,105.203583,4119
625.881712,131.063916,89.814958,4120
625.951303,147.870625,147.296625,4121
625.995065,137.931500,137.102000,4122
626.021944,110.845292,110.189334,4123
626.287923,95.763500,94.749958,4124
626.485902,91.125708,90.673917,4125
626.649153,125.349584,124.742625,4126
626.711474,122.712042,121.701417,4127
626.809932,169.582875,166.628583,4128
626.825972,129.079417,128.613042,4129
626.911072,149.086584,147.753667,4130
626.971204,158.598417,155.780333,4131
627.026748,168.768250,167.271708,4132
627.339988,148.199625,147.656542,4133
627.420387,109.894166,108.705334,4134
627.621020,164.800708,164.294958,4135
627.707101,180.187875,179.178125,4137
627.734438,209.577083,208.954083,4136
627.794866,150.574375,149.908500,4138
628.000158,141.061375,140.653042,4139
628.299848,107.717458,107.090959,4140
628.658233,133.577209,132.249541,4141
628.689440,127.515500,125.927958,4142
628.887738,136.183834,135.469833,4143
628.978396,137.396292,135.786000,4144
629.046925,188.747417,187.338083,4146
629.069775,221.556708,220.653417,4145
629.155830,216.946042,215.447750,4147
629.182482,148.849750,147.707875,4148
629.285224,94.170416,91.940042,4149
629.497993,148.165209,146.696667,4150
629.625672,169.178917,166.706459,4151
629.663798,205.098834,203.610459,4152
629.704953,179.874625,178.117917,4153
629.831321,216.794667,215.324959,4154
629.918871,138.322042,136.119375,4155
629.991079,133.932166,131.199833,4156
630.308413,116.883959,114.628792,4157
630.501715,152.823416,152.030084,4158
630.575183,157.547541,156.926292,4159
630.693495,168.955792,167.256250,4160
630.743722,192.389750,191.501333,4161
630.780724,78.446959,77.678125,4162
630.913700,138.325250,136.852042,4163
630.978709,121.576876,119.227792,4164
631.049634,134.956208,131.898959,4165
631.241438,159.883500,157.223791,4167
631.280846,199.320625,198.958666,4166
631.368473,178.855834,178.063667,4168
631.429363,164.918542,163.768500,4170
631.433142,241.969875,240.550625,4169
631.588074,129.033916,128.282583,4172
631.618586,173.480125,171.464125,4171
631.752758,227.906584,227.147375,4173
631.983648,124.740292,123.888625,4174
632.254311,178.474041,176.701000,4175
632.341369,168.900667,168.327250,4176
632.351920,161.160125,160.501542,4177
632.414374,195.622000,193.032875,4178
632.544307,301.836500,300.493375,4179
632.700689,178.574666,175.470750,4180
632.743190,148.792000,146.424833,4182
632.752048,226.956625,225.856750,4181
633.034814,176.289167,174.778334,4183
633.055255,164.501751,162.207208,4184
633.213040,155.834000,155.159375,4185
633.328441,160.522541,159.046417,4186
633.352439,137.891834,137.008375,4188
633.434016,241.035084,239.467375,4187
633.474906,242.652084,241.945083,4189
633.532400,177.602250,177.012500,4192
633.597520,160.807500,160.175167,4194
633.610517,347.276125,345.256917,4190
633.746890,143.820834,141.747667,4197
633.770696,493.632125,492.227751,4191
633.916180,525.659167,525.002917,4193
633.972741,114.865917,112.464333,4198
634.017525,553.634959,552.504167,4195
634.112687,83.408208,80.929333,4199
634.160911,636.200250,635.201001,4196
634.213707,93.135291,90.997375,4200
634.324680,133.077292,132.586708,4201
634.417491,135.704041,135.136166,4202
634.528554,140.212333,137.963000,4203
634.602896,77.407458,75.886417,4204
634.917854,99.203416,97.903166,4205
634.962400,105.210000,104.676250,4206
635.240794,144.696125,144.180750,4207
635.270319,104.768417,103.512209,4208
635.335716,144.071375,141.857917,4209
635.384386,192.732166,192.192875,4210
635.550693,134.344875,133.602875,4211
635.575997,150.942458,148.569750,4212
635.614993,140.637584,139.365917,4213
635.667165,151.179584,149.983750,4214
635.814936,290.611125,289.141125,4215
635.958384,134.664250,133.128917,4216
635.983668,125.797584,123.573917,4217
636.164282,142.524667,140.706708,4218
636.316870,126.336000,123.031708,4219
636.617188,143.502333,142.506292,4220
636.633964,153.787959,153.053834,4221
636.719561,195.253042,194.718125,4222
636.740480,192.327917,190.910125,4223
636.816631,140.459958,138.968083,4225
636.907883,347.368583,345.552666,4224
637.014556,106.068084,103.355291,4227
637.015881,158.810167,158.367125,4226
637.118872,78.999958,78.047084,4229
637.172225,185.132208,184.587667,4228
637.333809,175.994001,174.735459,4230
637.396538,205.066458,202.753251,4231
637.427579,189.609583,188.088250,4232
637.460912,191.784833,189.906208,4233
637.612801,261.533125,259.058917,4234
637.648171,193.344958,191.172333,4235
637.676811,152.195167,150.588958,4236
637.760233,204.719958,204.005084,4237
637.784655,120.653166,118.455459,4238
637.959873,162.006250,160.933792,4239
637.967676,155.860251,155.003334,4240
638.035826,161.599959,160.806626,4242
638.063160,203.337750,201.879126,4241
638.120361,234.076792,232.465917,4243
638.196234,125.865833,124.159291,4244
638.298923,106.430917,104.872542,4245
638.429534,152.005584,151.244042,4246
638.676488,150.983292,149.538667,4247
638.984326,107.828875,107.038750,4249
638.995880,138.055167,135.564333,4248
639.152221,167.867875,125.297083,4250
639.231752,94.216500,91.878500,4251
639.326162,135.126834,134.544375,4252
639.452213,158.188042,156.552667,4253
639.522290,111.453416,110.796875,4254
639.677122,152.582500,151.632542,4255
639.750858,156.222792,154.596750,4256
639.983824,124.972750,123.284291,4257
640.119949,126.135042,124.926667,4258
640.363386,172.892125,172.015667,4259
640.427140,229.710834,228.902625,4260
640.463497,213.803625,212.905875,4261
640.555180,243.154625,241.359416,4262
640.708872,187.865708,187.012292,4266
640.739538,215.448333,214.728792,4267
640.757131,393.959125,391.869917,4263
640.904134,195.229709,153.240209,4271
640.921727,528.073584,526.073333,4264
641.017398,159.530292,158.222458,4272
641.052995,633.164001,632.464584,4265
641.189248,615.786501,614.951751,4268
641.306242,730.960708,729.994125,4269
641.376373,185.195792,184.438625,4273
641.391386,698.798334,695.767917,4270
641.539502,136.121125,134.845084,4274
641.644882,120.485458,119.812000,4275
641.724684,132.413750,131.709958,4276
641.909930,171.468208,170.939125,4277
641.936909,188.337916,185.422709,4278
642.002641,191.555292,190.971375,4279
642.119420,262.388000,261.500167,4280
642.162403,199.824625,198.952250,4282
642.225906,203.971834,203.259292,4283
642.286969,429.381167,428.146833,4281
642.341164,161.250542,160.655250,4286
642.414976,120.282750,119.770583,4288
642.470837,398.302042,397.035042,4284
642.612526,456.713541,453.329625,4285
642.633891,108.607041,106.902833,4289
642.763308,572.207125,569.851334,4287
642.975097,114.495500,112.782833,4291
642.990915,132.927375,132.501542,4290
643.284790,93.377083,91.605500,4292
643.662170,78.645292,75.739125,4294
643.668218,143.649625,142.394000,4293
643.849428,118.370583,117.547791,4295
644.000135,141.732208,139.171375,4296
644.041120,173.618083,170.893042,4297
644.050272,177.057708,175.028875,4298
644.125319,228.496042,226.831791,4299
644.232192,229.472834,228.912250,4300
644.344746,154.039959,153.547625,4301
644.472927,107.087458,105.373916,4303
644.503606,160.862917,159.987042,4302
644.621665,146.475292,144.092667,4304
644.670383,176.437625,174.242833,4305
644.691367,167.548792,165.680667,4306
645.035536,178.098375,177.261001,4307
645.316374,125.603916,125.002500,4308
645.479402,126.911167,125.599833,4309
645.662248,137.297126,135.423459,4310
645.809128,146.864375,104.443208,4311
645.964844,107.233583,106.644125,4312
646.108846,100.537792,98.638458,4313
646.327158,136.700084,134.481959,4314
646.475994,122.838042,121.565500,4315
646.573394,142.438042,141.803667,4316
646.669462,144.561667,143.815000,4317
646.672679,90.484917,88.013916,4318
646.886328,146.584083,144.938500,4319
646.997483,139.772500,136.950916,4320
647.064325,148.082375,146.885959,4321
647.109861,172.615917,171.869542,4322
647.263156,101.869541,99.185042,4323
647.318316,126.146417,125.683541,4324
647.643840,119.306834,118.702500,4325
647.694146,168.343875,166.945625,4326
647.980426,121.605167,121.090083,4327
648.093172,126.205333,125.529250,4328
648.271645,122.714959,121.571041,4329
648.298695,106.331166,104.232333,4330
648.491996,92.068083,91.556209,4331
648.646196,122.241000,120.622833,4332
648.756937,108.521000,108.089333,4333
648.930435,161.547750,159.425875,4334
648.976159,118.418708,117.561500,4335
649.278762,124.329334,123.325709,4336
649.348334,156.477125,155.117667,4337
649.681958,158.161500,156.572208,4338
649.793551,152.149667,149.962458,4339
649.907245,109.194167,107.893917,4340
650.002390,144.061459,141.845958,4341
650.333177,140.805875,139.032834,4342
650.656949,131.223458,130.725000,4343
650.681007,145.026291,143.776500,4344
650.974238,117.106208,116.359833,4345
651.122929,132.764625,131.844708,4346
651.304572,117.504042,116.477667,4347
651.315832,125.351334,124.735333,4348
651.660218,134.092292,132.035166,4349
651.885241,129.199875,126.639334,4350
651.990704,133.050167,130.576834,4351
652.342441,151.146334,149.860666,4352
652.416627,144.657917,142.048667,4353
652.465782,120.888250,119.512750,4354
652.627890,98.408917,97.140458,4356
652.661647,137.016542,133.654792,4355
652.955375,97.202875,96.663292,4357
653.086284,120.112125,118.861750,4358
653.153907,131.109417,128.517958,4359
653.321147,130.360417,128.662625,4360
653.661075,136.024583,134.476708,4361
653.938866,119.223125,117.042333,4362
654.033065,175.902126,173.217626,4363
654.343255,151.004000,148.486916,4364
654.465142,107.700834,106.160542,4365
654.613578,144.309375,143.232834,4366
654.638364,114.155417,113.196417,4367
654.981881,157.176542,156.602250,4368
654.987674,130.382583,129.942458,4369
655.082038,92.483708,90.505917,4370
655.352616,160.852417,158.423125,4371
655.536737,161.279125,160.709792,4372
655.632369,146.829375,145.568500,4373
655.688591,163.831208,163.324000,4374
656.039559,181.180417,179.833500,4375
656.309338,117.977417,116.385208,4376
656.672644,147.787208,147.116084,4377
656.820412,124.788125,122.675292,4378
656.963622,106.488958,105.162167,4379
657.287944,96.674375,95.122417,4380
657.497027,128.936792,126.593250,4381
657.662113,136.470250,135.018042,4382
657.818181,158.229750,157.319167,4383
657.984341,134.616416,134.015000,4385
657.986197,178.514583,176.315125,4384
658.019077,161.287291,159.849375,4386
658.287142,96.563833,95.307625,4387
658.373256,141.828167,140.324625,4388
658.667271,142.666125,140.956375,4389
658.991448,131.707625,129.777375,4390
659.326882,135.310875,134.784125,4391
659.674919,149.498417,147.742292,4392
659.769868,149.618292,148.873667,4393
659.955829,97.956250,96.644625,4394
660.321679,129.085251,127.238709,4395
660.460584,146.852417,144.438291,4396
660.644977,120.801041,118.702792,4397
660.758947,163.035834,160.051792,4398
661.020062,162.936084,160.692292,4399
661.152823,115.575833,113.256500,4400
661.314785,149.987250,149.422584,4401
661.326706,134.441125,133.926333,4402
661.374474,154.057458,153.587875,4403
661.456241,108.476958,107.940292,4404
661.640622,115.543167,114.908208,4405
661.937942,107.317291,106.466209,4406
661.981651,124.427625,122.807125,4407
662.153828,144.043958,142.244958,4408
662.341941,150.090209,147.718375,4409
662.526244,152.297251,151.594333,4410
662.651757,127.631292,126.473959,4411
663.038974,180.418000,176.915083,4412
663.289595,136.506708,136.022834,4413
663.374211,181.252750,180.271000,4414
663.610845,159.127208,158.712458,4415
663.659518,135.618292,134.977209,4416
663.733286,168.558834,167.125291,4417
663.841940,139.311083,137.565167,4418
664.031570,171.693958,170.941167,4419
664.049464,147.961625,147.474541,4421
664.050300,176.381042,174.423084,4420
664.363803,172.135250,169.640917,4422
664.661305,131.146458,129.621916,4424
664.689499,165.353417,164.575833,4423
664.731617,153.071041,151.433333,4425
664.982219,124.898959,123.306458,4426
665.363904,171.655166,170.263917,4427
665.655038,131.231917,128.821292,4428
666.025598,168.363125,166.921125,4429
666.272527,82.070333,81.456083,4430
666.401632,94.753750,92.644417,4431
666.698574,174.762292,172.588500,4432
666.886462,106.829625,105.210000,4433
666.988774,130.667250,129.386542,4434
667.115104,140.324041,139.472375,4435
667.185813,119.371000,117.966625,4436
667.297177,105.201251,103.273625,4438
667.297814,150.139208,146.828501,4437
667.479977,149.508042,148.440250,4439
667.641979,117.849375,116.395416,4440
667.925025,114.638708,114.012791,4441
667.953424,95.322792,94.210958,4442
668.215629,148.651417,146.920375,4443
668.335474,144.133209,142.596125,4444
668.679331,154.493208,152.212375,4445
668.980657,123.518500,121.966833,4446
669.319040,127.711500,127.231125,4447
669.408619,187.858417,185.149417,4449
669.421914,205.151333,203.564084,4448
669.464081,104.517584,103.758083,4450
669.611869,86.584167,86.062959,4451
669.997713,140.550667,137.962417,4452
670.118190,142.293084,140.628250,4453
670.362169,170.834708,168.715458,4454
670.399210,146.818000,144.412333,4455
670.552234,140.275625,139.182750,4456
670.696253,172.323084,170.137041,4457
670.988776,159.440167,156.536042,4458
671.004752,147.602584,147.049292,4459
671.135584,126.673750,125.498917,4460
671.324713,133.626500,131.986458,4461
671.598470,74.661417,74.125042,4462
671.995287,136.412792,135.255166,4463
672.315827,127.538542,126.016042,4464
672.340442,148.954167,148.323292,4465
672.677500,153.094375,151.493125,4466
672.753281,160.998542,158.979917,4467
673.008787,151.034333,150.008834,4468
673.324284,132.719417,132.220958,4469
673.451251,128.720958,127.779458,4470
673.480627,145.677292,144.721792,4471
673.605019,133.588292,130.634584,4472
673.664875,91.119000,90.690250,4474
673.691776,166.898375,165.186875,4473
673.977504,119.911459,119.517709,4475
674.228120,136.500292,134.657541,4476
674.229750,119.812000,118.684417,4477
674.353547,161.998376,161.357000,4478
674.397643,152.699751,152.054584,4479
674.669862,145.239208,144.534542,4480
674.987614,130.474458,128.171167,4481
675.015640,112.239750,111.862333,4482
675.144169,149.942041,149.304750,4483
675.340910,160.524000,159.838000,4486
675.347934,193.059417,192.549291,4484
675.383205,220.938375,220.253541,4485
675.544698,354.217791,353.305166,4487
675.583644,156.859208,154.510709,4488
675.672453,148.375500,145.558000,4489
675.978402,120.752041,119.375083,4490
676.148582,105.349708,104.852709,4491
676.263123,194.955542,193.329500,4492
676.338194,147.434584,145.996375,4493
676.628126,103.446583,102.584416,4494
